sample_index,score,is_prototype,true_dominant_type,pred_dominant_type,true_Luminal_Macrophages,pred_Luminal_Macrophages,true_Type 2 alveolar,pred_Type 2 alveolar,true_Fibroblasts,pred_Fibroblasts,true_Dendritic cells,pred_Dendritic cells
2717,0.9994785,True,Luminal_Macrophages,Luminal_Macrophages,0.32258064,0.32283172,0.16129032,0.16206184,0.29032257,0.28927964,0.22580644,0.22582686
4547,0.9994365,True,Type 2 alveolar,Type 2 alveolar,0.16666667,0.1673272,0.4,0.39906362,0.36666667,0.36647606,0.06666667,0.06713306
1940,0.99929214,True,Dendritic cells,Dendritic cells,0.29032257,0.28901392,0.09677419,0.09683045,0.032258064,0.03215108,0.58064514,0.5820046
4602,0.99919504,True,Luminal_Macrophages,Luminal_Macrophages,0.33333334,0.3349432,0.26666668,0.2666168,0.3,0.2991452,0.1,0.099294804
1480,0.99916816,True,Dendritic cells,Dendritic cells,0.06666667,0.06732068,0.33333334,0.33359602,0.23333333,0.23408027,0.36666667,0.365003
3382,0.9991598,True,Luminal_Macrophages,Luminal_Macrophages,0.3448276,0.34650797,0.31034482,0.31010762,0.31034482,0.31017846,0.03448276,0.03320591
215,0.99912477,True,Luminal_Macrophages,Luminal_Macrophages,0.3,0.30086556,0.1,0.10088489,0.3,0.2990923,0.3,0.2991573
2502,0.9991233,True,Dendritic cells,Dendritic cells,0.38709676,0.3885746,0.12903225,0.12869063,0.032258064,0.03084631,0.4516129,0.45188847
1189,0.9991009,True,Luminal_Macrophages,Luminal_Macrophages,0.44827586,0.44814244,0.06896552,0.067300804,0.10344828,0.103641726,0.37931034,0.3809151
3789,0.99908644,True,Dendritic cells,Dendritic cells,0.23333333,0.23326118,0.23333333,0.23482561,0.23333333,0.23157838,0.3,0.3003348
690,0.99908113,True,Luminal_Macrophages,Luminal_Macrophages,0.36666667,0.36679137,0.26666668,0.26482892,0.033333335,0.033441648,0.33333334,0.3349381
1557,0.9990466,True,Type 2 alveolar,Dendritic cells,0.1,0.10126097,0.3,0.30005342,0.3,0.29809323,0.3,0.3005924
1281,0.99904495,True,Luminal_Macrophages,Luminal_Macrophages,0.32258064,0.32256392,0.32258064,0.32145503,0.19354838,0.19278064,0.16129032,0.16320041
4338,0.9990064,True,Luminal_Macrophages,Luminal_Macrophages,0.31034482,0.30962187,0.27586207,0.27539596,0.13793103,0.13713287,0.27586207,0.27784935
3289,0.9989538,True,Luminal_Macrophages,Luminal_Macrophages,0.36666667,0.36457428,0.33333334,0.33380994,0.16666667,0.1669494,0.13333334,0.13466638
1058,0.9989431,True,Type 2 alveolar,Type 2 alveolar,0.06451613,0.06304574,0.32258064,0.3237378,0.29032257,0.2912792,0.32258064,0.3219372
945,0.99894255,True,Luminal_Macrophages,Luminal_Macrophages,0.36666667,0.3669585,0.16666667,0.16763514,0.36666667,0.36455172,0.1,0.10085458
2691,0.99886066,True,Luminal_Macrophages,Luminal_Macrophages,0.4516129,0.45208818,0.09677419,0.09672566,0.06451613,0.062285997,0.38709676,0.38890016
4644,0.9988368,True,Dendritic cells,Dendritic cells,0.10344828,0.10558461,0.2413793,0.24069484,0.31034482,0.31053486,0.3448276,0.34318572
1770,0.99882853,True,Luminal_Macrophages,Luminal_Macrophages,0.4,0.39981797,0.1,0.09852182,0.33333334,0.3326506,0.16666667,0.16900955
62,0.9988012,True,Luminal_Macrophages,Luminal_Macrophages,0.36666667,0.36653003,0.26666668,0.2644056,0.2,0.20093796,0.16666667,0.16812642
1865,0.99875116,True,Luminal_Macrophages,Luminal_Macrophages,0.53333336,0.53359395,0.33333334,0.33557042,0.033333335,0.03123406,0.1,0.0996016
878,0.9987147,True,Type 2 alveolar,Dendritic cells,0.06896552,0.069957644,0.37931034,0.3787715,0.1724138,0.17038204,0.37931034,0.38088882
656,0.99869996,True,Dendritic cells,Dendritic cells,0.2,0.20083468,0.23333333,0.23232266,0.26666668,0.26507726,0.3,0.30176547
4556,0.9986197,True,Type 2 alveolar,Type 2 alveolar,0.29032257,0.28876933,0.32258064,0.32164112,0.16129032,0.16102242,0.22580644,0.22856711
236,0.99860257,True,Dendritic cells,Dendritic cells,0.06666667,0.066146314,0.3,0.3014054,0.3,0.30138946,0.33333334,0.33105883
432,0.9986013,True,Luminal_Macrophages,Luminal_Macrophages,0.3448276,0.34207943,0.13793103,0.13840339,0.31034482,0.31029558,0.20689656,0.20922159
3477,0.9985375,True,Fibroblasts,Fibroblasts,0.16129032,0.16253832,0.032258064,0.033105236,0.4516129,0.44868785,0.3548387,0.35566857
1410,0.99852747,True,Dendritic cells,Dendritic cells,0.12903225,0.12963414,0.19354838,0.19254108,0.32258064,0.3249238,0.3548387,0.3529009
4510,0.9984935,True,Type 2 alveolar,Type 2 alveolar,0.23333333,0.23535693,0.33333334,0.33432272,0.3,0.29888073,0.13333334,0.1314396
661,0.99848306,True,Type 2 alveolar,Type 2 alveolar,0.2,0.19997066,0.3,0.3030339,0.26666668,0.2664959,0.23333333,0.23049948
417,0.99848235,True,Fibroblasts,Dendritic cells,0.16666667,0.16739015,0.23333333,0.2356452,0.3,0.29831067,0.3,0.298654
1016,0.9984578,True,Luminal_Macrophages,Luminal_Macrophages,0.33333334,0.33599472,0.33333334,0.33366543,0.2,0.20009094,0.13333334,0.1302489
1964,0.99844086,True,Dendritic cells,Dendritic cells,0.10344828,0.10069739,0.1724138,0.17366628,0.3448276,0.34669346,0.37931034,0.37894294
3560,0.9984217,True,Type 2 alveolar,Type 2 alveolar,0.23333333,0.23617591,0.26666668,0.26698068,0.23333333,0.23124613,0.26666668,0.26559734
3776,0.99841845,True,Luminal_Macrophages,Luminal_Macrophages,0.53333336,0.5302912,0.13333334,0.13321239,0.033333335,0.035591744,0.3,0.3009047
2439,0.9984146,True,Fibroblasts,Fibroblasts,0.06666667,0.0698075,0.06666667,0.06669663,0.6666667,0.6660783,0.2,0.19741751
1985,0.99838865,True,Dendritic cells,Dendritic cells,0.22580644,0.22768104,0.22580644,0.22505099,0.2580645,0.25941262,0.29032257,0.2878554
4073,0.9983881,True,Type 2 alveolar,Type 2 alveolar,0.41379312,0.41056934,0.44827586,0.45082253,0.10344828,0.10403827,0.03448276,0.03456985
2273,0.9983783,True,Luminal_Macrophages,Luminal_Macrophages,0.41379312,0.41627285,0.20689656,0.20555954,0.1724138,0.17050734,0.20689656,0.20766026
3080,0.9983353,True,Luminal_Macrophages,Luminal_Macrophages,0.56666666,0.565787,0.36666667,0.36962458,0.033333335,0.030883534,0.033333335,0.033704843
1691,0.99832606,True,Dendritic cells,Dendritic cells,0.4,0.40006232,0.033333335,0.03183517,0.13333334,0.1314836,0.43333334,0.43661895
3131,0.9983239,True,Luminal_Macrophages,Luminal_Macrophages,0.3,0.3032742,0.26666668,0.26674455,0.3,0.29843152,0.13333334,0.1315497
1696,0.9983208,True,Fibroblasts,Fibroblasts,0.033333335,0.03296399,0.1,0.09728366,0.6666667,0.666394,0.2,0.20335835
2522,0.99831855,True,Type 2 alveolar,Dendritic cells,0.1724138,0.1757767,0.31034482,0.30955833,0.20689656,0.20482817,0.31034482,0.3098368
4610,0.99830943,True,Dendritic cells,Dendritic cells,0.06666667,0.06361928,0.2,0.20124242,0.33333334,0.33547202,0.4,0.3996663
3314,0.9982807,True,Luminal_Macrophages,Luminal_Macrophages,0.33333334,0.3364947,0.33333334,0.33361056,0.23333333,0.23252037,0.1,0.09737436
3447,0.9982553,True,Luminal_Macrophages,Dendritic cells,0.27586207,0.27525115,0.2413793,0.23916134,0.20689656,0.20623602,0.27586207,0.2793514
3472,0.99824446,True,Dendritic cells,Dendritic cells,0.2,0.19869725,0.23333333,0.23559284,0.26666668,0.2679183,0.3,0.29779163
3670,0.9982363,True,Type 2 alveolar,Type 2 alveolar,0.22580644,0.22420472,0.32258064,0.324795,0.29032257,0.2883969,0.16129032,0.16260338
2293,0.99823177,False,Luminal_Macrophages,Luminal_Macrophages,0.27586207,0.2792752,0.2413793,0.24150261,0.27586207,0.27353686,0.20689656,0.20568533
2910,0.998229,False,Luminal_Macrophages,Type 2 alveolar,0.3,0.29993725,0.3,0.30354196,0.26666668,0.2662036,0.13333334,0.13031712
1418,0.9982236,False,Luminal_Macrophages,Luminal_Macrophages,0.3548387,0.35291907,0.09677419,0.10032697,0.22580644,0.22549844,0.32258064,0.3212555
2494,0.9982064,False,Luminal_Macrophages,Luminal_Macrophages,0.3,0.30084577,0.23333333,0.23607473,0.16666667,0.16554646,0.3,0.29753298
371,0.99820596,False,Luminal_Macrophages,Luminal_Macrophages,0.7,0.7012888,0.16666667,0.1689659,0.033333335,0.031129058,0.1,0.098616116
1177,0.99820036,False,Dendritic cells,Dendritic cells,0.1,0.09668601,0.033333335,0.03653468,0.4,0.39971465,0.46666667,0.46706465
2210,0.9981698,False,Dendritic cells,Dendritic cells,0.06451613,0.06556056,0.3548387,0.35485816,0.12903225,0.12537177,0.4516129,0.4542095
1699,0.99816287,False,Luminal_Macrophages,Type 2 alveolar,0.3448276,0.34198096,0.3448276,0.34634954,0.2413793,0.24055165,0.06896552,0.07111786
910,0.9981603,False,Luminal_Macrophages,Luminal_Macrophages,0.67741936,0.6808684,0.09677419,0.095616214,0.09677419,0.09425273,0.12903225,0.12926269
1087,0.998151,False,Dendritic cells,Dendritic cells,0.033333335,0.03287221,0.36666667,0.36544085,0.13333334,0.13132234,0.46666667,0.47036463
489,0.99814373,False,Type 2 alveolar,Type 2 alveolar,0.3448276,0.3471836,0.4827586,0.47934535,0.03448276,0.035839304,0.13793103,0.13763176
2017,0.99813884,False,Luminal_Macrophages,Luminal_Macrophages,0.33333334,0.33598632,0.1,0.10106934,0.26666668,0.26638576,0.3,0.29655862
47,0.99813354,False,Fibroblasts,Fibroblasts,0.033333335,0.033058148,0.4,0.4017006,0.5,0.49654233,0.06666667,0.068698965
1849,0.99811995,False,Dendritic cells,Dendritic cells,0.36666667,0.36957303,0.1,0.096239835,0.033333335,0.033596687,0.5,0.50059044
1371,0.99811953,False,Type 2 alveolar,Type 2 alveolar,0.06666667,0.06331901,0.53333336,0.5358223,0.2,0.20127206,0.2,0.19958673
1291,0.9981142,False,Luminal_Macrophages,Luminal_Macrophages,0.3448276,0.34501582,0.1724138,0.16884205,0.20689656,0.20669681,0.27586207,0.27944532
213,0.99810255,False,Dendritic cells,Dendritic cells,0.3,0.30222532,0.3,0.2982264,0.033333335,0.034902886,0.36666667,0.36464542
485,0.99809426,False,Luminal_Macrophages,Luminal_Macrophages,0.44827586,0.45125315,0.06896552,0.06963139,0.10344828,0.09963675,0.37931034,0.37947872
2647,0.998088,False,Type 2 alveolar,Type 2 alveolar,0.1,0.10060004,0.3,0.30322394,0.3,0.2961908,0.3,0.29998523
3940,0.9980873,False,Type 2 alveolar,Type 2 alveolar,0.032258064,0.03517277,0.7096774,0.70726573,0.16129032,0.15987663,0.09677419,0.097684905
1356,0.9980746,False,Luminal_Macrophages,Luminal_Macrophages,0.33333334,0.33692086,0.23333333,0.23359667,0.2,0.19679904,0.23333333,0.23268344
2113,0.9980664,False,Dendritic cells,Dendritic cells,0.33333334,0.33453965,0.1,0.09754215,0.033333335,0.03192406,0.53333336,0.5359941
3444,0.9980403,False,Type 2 alveolar,Type 2 alveolar,0.1724138,0.17230657,0.3448276,0.34101546,0.31034482,0.31230724,0.1724138,0.17437075
2530,0.9980301,False,Fibroblasts,Fibroblasts,0.03448276,0.035756137,0.13793103,0.13553138,0.44827586,0.45094225,0.37931034,0.3777702
3684,0.99802786,False,Dendritic cells,Dendritic cells,0.2,0.1976632,0.26666668,0.26550344,0.2,0.20394433,0.33333334,0.33288905
2883,0.99802667,False,Type 2 alveolar,Type 2 alveolar,0.1724138,0.17636049,0.31034482,0.31031898,0.20689656,0.2049578,0.31034482,0.3083628
517,0.9980256,False,Dendritic cells,Dendritic cells,0.36666667,0.36472607,0.033333335,0.037095703,0.13333334,0.13132516,0.46666667,0.46685305
1574,0.99801075,False,Luminal_Macrophages,Luminal_Macrophages,0.5,0.50109136,0.033333335,0.033749044,0.33333334,0.32935488,0.13333334,0.1358047
697,0.99799985,False,Type 2 alveolar,Type 2 alveolar,0.16129032,0.16202801,0.61290324,0.6107613,0.12903225,0.13229483,0.09677419,0.09491592
3713,0.99799365,False,Luminal_Macrophages,Luminal_Macrophages,0.32258064,0.32234344,0.29032257,0.2943353,0.06451613,0.0634176,0.32258064,0.3199037
1626,0.9979904,False,Fibroblasts,Fibroblasts,0.13333334,0.13293199,0.1,0.09638217,0.4,0.4002131,0.36666667,0.37047276
3613,0.9979881,False,Luminal_Macrophages,Luminal_Macrophages,0.32258064,0.3243979,0.32258064,0.32223275,0.29032257,0.29252917,0.06451613,0.060840186
3214,0.9979424,False,Type 2 alveolar,Type 2 alveolar,0.16666667,0.1667891,0.43333334,0.43023878,0.36666667,0.36564595,0.033333335,0.03732617
4130,0.9979357,False,Dendritic cells,Dendritic cells,0.06666667,0.067422606,0.3,0.29587135,0.3,0.30328044,0.33333334,0.33342555
4620,0.997934,False,Fibroblasts,Dendritic cells,0.13333334,0.13361807,0.2,0.19765927,0.33333334,0.331542,0.33333334,0.3371807
4674,0.9979316,False,Luminal_Macrophages,Luminal_Macrophages,0.3,0.29775393,0.2,0.20369877,0.23333333,0.23377144,0.26666668,0.26477593
1204,0.99790394,False,Fibroblasts,Fibroblasts,0.10344828,0.102410026,0.37931034,0.38350248,0.4827586,0.47983375,0.03448276,0.034253716
3316,0.99790037,False,Luminal_Macrophages,Type 2 alveolar,0.32258064,0.32218954,0.32258064,0.3250315,0.16129032,0.15748213,0.19354838,0.19529684
4938,0.9978991,False,Luminal_Macrophages,Luminal_Macrophages,0.36666667,0.36961892,0.36666667,0.36535576,0.13333334,0.13044243,0.13333334,0.13458288
469,0.997894,False,Dendritic cells,Dendritic cells,0.3,0.3028658,0.3,0.29638475,0.06666667,0.066069834,0.33333334,0.3346796
3864,0.99788123,False,Type 2 alveolar,Type 2 alveolar,0.06666667,0.063285485,0.46666667,0.46581036,0.033333335,0.034076113,0.43333334,0.43682802
3292,0.9978803,False,Type 2 alveolar,Type 2 alveolar,0.12903225,0.12955357,0.48387095,0.4863618,0.19354838,0.18930894,0.19354838,0.1947757
1415,0.9978716,False,Luminal_Macrophages,Luminal_Macrophages,0.33333334,0.33556402,0.13333334,0.13014862,0.2,0.1989279,0.33333334,0.33535942
463,0.99785894,False,Type 2 alveolar,Type 2 alveolar,0.10344828,0.10479325,0.31034482,0.3103674,0.27586207,0.27877662,0.31034482,0.30606276
1485,0.9978534,False,Luminal_Macrophages,Luminal_Macrophages,0.41379312,0.4105387,0.13793103,0.13761984,0.3448276,0.34410003,0.10344828,0.107741445
4490,0.9978514,False,Type 2 alveolar,Type 2 alveolar,0.09677419,0.09953546,0.4516129,0.45314893,0.3548387,0.35481855,0.09677419,0.09249702
1180,0.99784803,False,Luminal_Macrophages,Luminal_Macrophages,0.32258064,0.3221443,0.12903225,0.126677,0.2580645,0.25655216,0.29032257,0.29462653
1450,0.99784535,False,Luminal_Macrophages,Luminal_Macrophages,0.4516129,0.45521525,0.16129032,0.15974508,0.3548387,0.3520747,0.032258064,0.032964982
2025,0.99784374,False,Dendritic cells,Dendritic cells,0.29032257,0.28915143,0.29032257,0.29126024,0.032258064,0.035632983,0.38709676,0.3839554
1270,0.9978423,False,Luminal_Macrophages,Luminal_Macrophages,0.33333334,0.33341786,0.13333334,0.1290179,0.23333333,0.23337859,0.3,0.30418566
2120,0.9978372,False,Type 2 alveolar,Type 2 alveolar,0.033333335,0.035380628,0.6,0.60083646,0.33333334,0.32900777,0.033333335,0.03477518
279,0.9978343,False,Type 2 alveolar,Type 2 alveolar,0.20689656,0.20783825,0.27586207,0.27885187,0.27586207,0.27153078,0.2413793,0.24177916
3692,0.9978217,False,Dendritic cells,Dendritic cells,0.37931034,0.3761276,0.03448276,0.037918326,0.06896552,0.06779169,0.51724136,0.51816237
4648,0.99781567,False,Luminal_Macrophages,Type 2 alveolar,0.36666667,0.36771402,0.36666667,0.36921236,0.16666667,0.16744232,0.1,0.09563128
1914,0.9977975,False,Fibroblasts,Dendritic cells,0.10344828,0.102786705,0.13793103,0.13683012,0.37931034,0.37666774,0.37931034,0.3837154
4980,0.9977952,False,Type 2 alveolar,Type 2 alveolar,0.10344828,0.10785781,0.3448276,0.3439231,0.3448276,0.3425543,0.20689656,0.20566477
2819,0.99779356,False,Luminal_Macrophages,Luminal_Macrophages,0.33333334,0.33518302,0.3,0.3025632,0.2,0.19838864,0.16666667,0.1638652
1461,0.9977774,False,Luminal_Macrophages,Luminal_Macrophages,0.33333334,0.33570424,0.26666668,0.2678282,0.2,0.19555476,0.2,0.20091282
2597,0.99776524,False,Luminal_Macrophages,Luminal_Macrophages,0.46666667,0.46455783,0.033333335,0.037802912,0.36666667,0.36465248,0.13333334,0.13298683
1831,0.9977557,False,Fibroblasts,Dendritic cells,0.16666667,0.16772513,0.033333335,0.03440149,0.4,0.39551142,0.4,0.402362
1111,0.99773926,False,Luminal_Macrophages,Luminal_Macrophages,0.36666667,0.3649799,0.16666667,0.16576695,0.3,0.30452147,0.16666667,0.16473174
819,0.9977367,False,Luminal_Macrophages,Luminal_Macrophages,0.7419355,0.7422772,0.06451613,0.060987663,0.16129032,0.16029224,0.032258064,0.03644297
940,0.997728,False,Type 2 alveolar,Type 2 alveolar,0.06451613,0.06364753,0.41935483,0.42212135,0.3548387,0.35661623,0.16129032,0.1576149
3024,0.99772686,False,Type 2 alveolar,Type 2 alveolar,0.09677419,0.09243062,0.38709676,0.3896542,0.3548387,0.35682762,0.16129032,0.1610876
4629,0.9977266,False,Luminal_Macrophages,Luminal_Macrophages,0.29032257,0.2948693,0.22580644,0.22474875,0.2580645,0.25522757,0.22580644,0.22515434
2484,0.9977246,False,Fibroblasts,Fibroblasts,0.033333335,0.03290345,0.26666668,0.26565465,0.36666667,0.3635577,0.33333334,0.33788416
1878,0.9977239,False,Luminal_Macrophages,Luminal_Macrophages,0.4,0.39544773,0.23333333,0.23495547,0.23333333,0.23586176,0.13333334,0.13373506
193,0.99772274,False,Luminal_Macrophages,Luminal_Macrophages,0.4,0.40455446,0.16666667,0.16281308,0.36666667,0.3661198,0.06666667,0.06651259
1462,0.99772155,False,Luminal_Macrophages,Dendritic cells,0.38709676,0.3855595,0.16129032,0.16584715,0.06451613,0.061610997,0.38709676,0.38698232
2455,0.99772036,False,Luminal_Macrophages,Luminal_Macrophages,0.26666668,0.26623583,0.26666668,0.2641624,0.23333333,0.23170912,0.23333333,0.23789266
1822,0.9977156,False,Dendritic cells,Dendritic cells,0.33333334,0.33613652,0.2,0.20062472,0.033333335,0.03447417,0.43333334,0.42876455
1471,0.9977018,False,Type 2 alveolar,Type 2 alveolar,0.13333334,0.12873694,0.3,0.3027345,0.26666668,0.2672829,0.3,0.30124566
4435,0.99769276,False,Dendritic cells,Dendritic cells,0.12903225,0.13364674,0.19354838,0.19295754,0.32258064,0.3220564,0.3548387,0.35133937
1526,0.9976918,False,Luminal_Macrophages,Luminal_Macrophages,0.5,0.50359327,0.06666667,0.06608123,0.33333334,0.33435646,0.1,0.095969096
242,0.9976695,False,Luminal_Macrophages,Luminal_Macrophages,0.4,0.39775887,0.3,0.30240765,0.2,0.19758013,0.1,0.10225338
4655,0.9976542,False,Fibroblasts,Fibroblasts,0.032258064,0.031324547,0.12903225,0.1309671,0.6451613,0.64791805,0.19354838,0.18979028
4494,0.99764806,False,Dendritic cells,Dendritic cells,0.16666667,0.17137054,0.26666668,0.26241013,0.26666668,0.26632372,0.3,0.2998956
4034,0.9976362,False,Luminal_Macrophages,Luminal_Macrophages,0.3,0.30217442,0.13333334,0.13201505,0.3,0.2965907,0.26666668,0.26921982
1537,0.9976304,False,Dendritic cells,Dendritic cells,0.1,0.09828872,0.13333334,0.1337662,0.33333334,0.33763963,0.43333334,0.4303055
1283,0.9976272,False,Luminal_Macrophages,Luminal_Macrophages,0.36666667,0.3624213,0.033333335,0.035464782,0.3,0.2994998,0.3,0.3026141
4245,0.9976079,False,Luminal_Macrophages,Type 2 alveolar,0.27586207,0.27762026,0.27586207,0.27888817,0.27586207,0.27507058,0.1724138,0.16842103
3987,0.99759436,False,Type 2 alveolar,Type 2 alveolar,0.033333335,0.03334254,0.43333334,0.4378105,0.4,0.39518872,0.13333334,0.13365822
2671,0.99758995,False,Luminal_Macrophages,Luminal_Macrophages,0.5,0.49807352,0.033333335,0.036661536,0.3,0.3014919,0.16666667,0.16377306
2188,0.9975686,False,Luminal_Macrophages,Luminal_Macrophages,0.43333334,0.43547347,0.16666667,0.16180392,0.033333335,0.033660665,0.36666667,0.36906192
176,0.9975652,False,Luminal_Macrophages,Luminal_Macrophages,0.33333334,0.3316175,0.3,0.30187434,0.2,0.19684628,0.16666667,0.1696619
923,0.99756455,False,Luminal_Macrophages,Luminal_Macrophages,0.32258064,0.32100698,0.12903225,0.13184722,0.22580644,0.22786236,0.32258064,0.31928343
1847,0.9975638,False,Luminal_Macrophages,Luminal_Macrophages,0.33333334,0.33576107,0.16666667,0.16400228,0.26666668,0.26911137,0.23333333,0.23112528
984,0.9975618,False,Fibroblasts,Dendritic cells,0.20689656,0.211638,0.1724138,0.16977373,0.31034482,0.3081085,0.31034482,0.31047976
1722,0.99754786,False,Luminal_Macrophages,Type 2 alveolar,0.43333334,0.43015665,0.43333334,0.4316058,0.1,0.10199253,0.033333335,0.036245067
2128,0.9975448,False,Fibroblasts,Fibroblasts,0.2,0.20169602,0.06666667,0.06811901,0.6666667,0.6684286,0.06666667,0.06175628
3076,0.99754405,False,Type 2 alveolar,Type 2 alveolar,0.23333333,0.22880922,0.3,0.30065534,0.26666668,0.26627886,0.2,0.20425653
4909,0.9975254,False,Dendritic cells,Dendritic cells,0.16666667,0.1676229,0.26666668,0.2673231,0.26666668,0.27000323,0.3,0.29505077
4136,0.99752355,False,Type 2 alveolar,Type 2 alveolar,0.033333335,0.036403667,0.46666667,0.46854925,0.36666667,0.36608523,0.13333334,0.12896189
2111,0.99751174,False,Luminal_Macrophages,Luminal_Macrophages,0.33333334,0.32920927,0.23333333,0.23599485,0.26666668,0.26898167,0.16666667,0.16581428
394,0.9974615,False,Dendritic cells,Dendritic cells,0.033333335,0.03625601,0.36666667,0.3615897,0.16666667,0.1669524,0.43333334,0.43520194
3656,0.99745405,False,Luminal_Macrophages,Luminal_Macrophages,0.3,0.30169192,0.3,0.30024168,0.23333333,0.22824144,0.16666667,0.16982496
1936,0.9974493,False,Luminal_Macrophages,Luminal_Macrophages,0.33333334,0.33843473,0.16666667,0.16514477,0.16666667,0.16563702,0.33333334,0.3307835
4429,0.9974447,False,Type 2 alveolar,Type 2 alveolar,0.06666667,0.0691628,0.43333334,0.43368196,0.13333334,0.12822275,0.36666667,0.36893246
3245,0.99744153,False,Type 2 alveolar,Type 2 alveolar,0.23333333,0.22846366,0.3,0.30476132,0.26666668,0.26641947,0.2,0.2003556
3145,0.9974387,False,Type 2 alveolar,Dendritic cells,0.13333334,0.13107839,0.4,0.40130782,0.06666667,0.06379907,0.4,0.40381467
3488,0.9974369,False,Luminal_Macrophages,Luminal_Macrophages,0.3448276,0.34624928,0.1724138,0.17319614,0.1724138,0.1672875,0.31034482,0.31326708
477,0.99743336,False,Luminal_Macrophages,Luminal_Macrophages,0.36666667,0.3641427,0.13333334,0.13498084,0.16666667,0.16405737,0.33333334,0.33681905
2377,0.99742866,False,Type 2 alveolar,Type 2 alveolar,0.1,0.09633807,0.4,0.40253627,0.36666667,0.36927307,0.13333334,0.13185261
4383,0.99742305,False,Type 2 alveolar,Type 2 alveolar,0.3,0.30483508,0.33333334,0.33365217,0.16666667,0.16174482,0.2,0.19976799
4973,0.997414,False,Dendritic cells,Dendritic cells,0.2,0.19612095,0.16666667,0.16805552,0.3,0.30378315,0.33333334,0.3320404
4767,0.997411,False,Type 2 alveolar,Type 2 alveolar,0.13333334,0.13851129,0.36666667,0.36377487,0.33333334,0.3328809,0.16666667,0.16483288
951,0.997409,False,Luminal_Macrophages,Luminal_Macrophages,0.41935483,0.42148602,0.06451613,0.06696898,0.12903225,0.1296303,0.38709676,0.38191468
980,0.99740684,False,Luminal_Macrophages,Luminal_Macrophages,0.26666668,0.26862475,0.26666668,0.26818946,0.23333333,0.228147,0.23333333,0.23503876
4223,0.99740636,False,Fibroblasts,Fibroblasts,0.16666667,0.16277099,0.033333335,0.036782928,0.76666665,0.7653751,0.033333335,0.03507096
128,0.99740064,False,Fibroblasts,Fibroblasts,0.1,0.099346444,0.16666667,0.16986775,0.53333336,0.5287882,0.2,0.20199762
745,0.99739915,False,Type 2 alveolar,Type 2 alveolar,0.1,0.10520173,0.3,0.29982835,0.3,0.29752886,0.3,0.2974411
2087,0.9973708,False,Dendritic cells,Dendritic cells,0.1,0.10500407,0.16666667,0.16363615,0.33333334,0.33358765,0.4,0.3977721
3631,0.99737054,False,Luminal_Macrophages,Luminal_Macrophages,0.36666667,0.36458632,0.16666667,0.16348815,0.3,0.30331334,0.16666667,0.16861221
2688,0.99736947,False,Type 2 alveolar,Type 2 alveolar,0.16666667,0.17189522,0.3,0.30003253,0.23333333,0.23324089,0.3,0.29483137
2770,0.99736327,False,Type 2 alveolar,Dendritic cells,0.16129032,0.1617972,0.32258064,0.32431492,0.19354838,0.18827496,0.32258064,0.32561287
4716,0.99735826,False,Luminal_Macrophages,Dendritic cells,0.36666667,0.36709154,0.1,0.09769117,0.16666667,0.16369206,0.36666667,0.37152526
1926,0.99735135,False,Fibroblasts,Fibroblasts,0.13333334,0.13372481,0.16666667,0.16299301,0.5,0.4983763,0.2,0.2049059
3991,0.9973487,False,Dendritic cells,Dendritic cells,0.1,0.10193556,0.33333334,0.3367003,0.2,0.19755395,0.36666667,0.3638102
393,0.997333,False,Dendritic cells,Dendritic cells,0.2,0.2009401,0.2,0.20340025,0.16666667,0.16766039,0.43333334,0.42799926
2323,0.9973265,False,Type 2 alveolar,Dendritic cells,0.12903225,0.13379082,0.3548387,0.3503894,0.16129032,0.16187875,0.3548387,0.353941
1084,0.997312,False,Type 2 alveolar,Dendritic cells,0.13333334,0.13830297,0.33333334,0.3300107,0.2,0.19794664,0.33333334,0.3337396
226,0.99731153,False,Luminal_Macrophages,Luminal_Macrophages,0.33333334,0.33871028,0.26666668,0.26603505,0.3,0.29956034,0.1,0.09569429
802,0.99729806,False,Luminal_Macrophages,Luminal_Macrophages,0.33333334,0.32948166,0.2,0.19844781,0.3,0.30302912,0.16666667,0.16904141
2540,0.99727094,False,Type 2 alveolar,Type 2 alveolar,0.2,0.20002748,0.3,0.29781535,0.26666668,0.26339325,0.23333333,0.23876393
3921,0.9972698,False,Type 2 alveolar,Type 2 alveolar,0.03448276,0.03505698,0.4827586,0.48012814,0.31034482,0.31523097,0.1724138,0.16958384
3563,0.9972517,False,Dendritic cells,Dendritic cells,0.36666667,0.3662787,0.2,0.19721745,0.033333335,0.038829874,0.4,0.39767393
1776,0.9972505,False,Type 2 alveolar,Type 2 alveolar,0.1,0.101291426,0.43333334,0.42831293,0.33333334,0.33754092,0.13333334,0.1328547
585,0.9972504,False,Luminal_Macrophages,Luminal_Macrophages,0.36666667,0.37029317,0.13333334,0.13084817,0.13333334,0.13031928,0.36666667,0.36853942
4937,0.99724835,False,Fibroblasts,Dendritic cells,0.2,0.19496168,0.2,0.20379704,0.3,0.29953504,0.3,0.30170622
1171,0.99724287,False,Luminal_Macrophages,Luminal_Macrophages,0.3,0.3055143,0.3,0.29962483,0.16666667,0.1622735,0.23333333,0.23258735
1034,0.99724,False,Type 2 alveolar,Type 2 alveolar,0.1724138,0.17650208,0.3448276,0.33930758,0.31034482,0.31170905,0.1724138,0.17248133
692,0.997232,False,Fibroblasts,Fibroblasts,0.16666667,0.17063653,0.033333335,0.03117062,0.7,0.7015661,0.1,0.096626736
293,0.99722594,False,Type 2 alveolar,Type 2 alveolar,0.06666667,0.06669587,0.4,0.40312815,0.4,0.39445183,0.13333334,0.13572408
1512,0.997223,False,Dendritic cells,Dendritic cells,0.16666667,0.1666639,0.26666668,0.26789072,0.23333333,0.23766321,0.33333334,0.3277822
1952,0.9972172,False,Luminal_Macrophages,Luminal_Macrophages,0.33333334,0.3346127,0.3,0.30428633,0.23333333,0.23083384,0.13333334,0.13026711
3305,0.99721414,False,Luminal_Macrophages,Luminal_Macrophages,0.4,0.39812613,0.06666667,0.0629688,0.3,0.30057096,0.23333333,0.23833413
618,0.99721146,False,Luminal_Macrophages,Luminal_Macrophages,0.3,0.3016247,0.3,0.2999983,0.2,0.19442457,0.2,0.20395237
3725,0.99720615,False,Luminal_Macrophages,Type 2 alveolar,0.3,0.30201516,0.3,0.30263653,0.23333333,0.2342693,0.16666667,0.161079
97,0.99720216,False,Luminal_Macrophages,Luminal_Macrophages,0.44827586,0.44980824,0.31034482,0.3144081,0.13793103,0.13302584,0.10344828,0.10275783
4221,0.99720186,False,Dendritic cells,Dendritic cells,0.36666667,0.36851698,0.06666667,0.070412636,0.13333334,0.12887013,0.43333334,0.43220028
3954,0.99719983,False,Fibroblasts,Fibroblasts,0.09677419,0.09624729,0.032258064,0.032625753,0.48387095,0.47879755,0.38709676,0.39232934
1984,0.9971972,False,Type 2 alveolar,Type 2 alveolar,0.033333335,0.03466081,0.56666666,0.5611518,0.2,0.19990924,0.2,0.20427817
1249,0.99719495,False,Type 2 alveolar,Type 2 alveolar,0.22580644,0.22789015,0.32258064,0.32127777,0.2580645,0.25375733,0.19354838,0.19707476
1541,0.99718654,False,Luminal_Macrophages,Luminal_Macrophages,0.5,0.49866235,0.13333334,0.12904409,0.33333334,0.337909,0.033333335,0.034384567
4174,0.9971796,False,Luminal_Macrophages,Luminal_Macrophages,0.37931034,0.3767112,0.2413793,0.24488138,0.2413793,0.243518,0.13793103,0.13488948
1035,0.9971741,False,Type 2 alveolar,Type 2 alveolar,0.3,0.302215,0.33333334,0.32768154,0.26666668,0.26878202,0.1,0.101321444
1290,0.99716634,False,Dendritic cells,Dendritic cells,0.033333335,0.03684424,0.4,0.3943908,0.13333334,0.13327517,0.43333334,0.43548977
4753,0.9971663,False,Luminal_Macrophages,Luminal_Macrophages,0.3,0.3056675,0.1,0.09713388,0.3,0.29805326,0.3,0.29914534
4388,0.9971591,False,Luminal_Macrophages,Luminal_Macrophages,0.44827586,0.4536184,0.1724138,0.17275298,0.3448276,0.3408794,0.03448276,0.032749258
1680,0.99714565,False,Dendritic cells,Dendritic cells,0.22580644,0.22547962,0.2580645,0.2539202,0.22580644,0.22456893,0.29032257,0.2960313
1948,0.99714446,False,Dendritic cells,Dendritic cells,0.06666667,0.06316621,0.3,0.30284026,0.3,0.30287087,0.33333334,0.33112264
2117,0.9971327,False,Type 2 alveolar,Type 2 alveolar,0.2,0.19789352,0.6333333,0.63667333,0.033333335,0.029705293,0.13333334,0.13572784
574,0.99712944,False,Luminal_Macrophages,Dendritic cells,0.36666667,0.3670487,0.2,0.20356902,0.06666667,0.060925595,0.36666667,0.36845666
237,0.9971236,False,Luminal_Macrophages,Luminal_Macrophages,0.46666667,0.4714745,0.46666667,0.46196395,0.033333335,0.03228326,0.033333335,0.034278277
3887,0.99712276,False,Type 2 alveolar,Type 2 alveolar,0.1,0.10242626,0.36666667,0.36261794,0.33333334,0.3366615,0.2,0.1982943
2108,0.9971044,False,Type 2 alveolar,Type 2 alveolar,0.2413793,0.23939644,0.31034482,0.3123728,0.27586207,0.27962533,0.1724138,0.16860542
104,0.9971031,False,Dendritic cells,Dendritic cells,0.06896552,0.06393036,0.10344828,0.10276729,0.3448276,0.34474996,0.4827586,0.48855236
4693,0.9970921,False,Luminal_Macrophages,Luminal_Macrophages,0.3448276,0.34646726,0.27586207,0.2800382,0.31034482,0.30696,0.06896552,0.06653456
2952,0.9970907,False,Type 2 alveolar,Type 2 alveolar,0.033333335,0.03046778,0.4,0.3978613,0.2,0.19918565,0.36666667,0.37248522
17,0.9970876,False,Luminal_Macrophages,Luminal_Macrophages,0.53333336,0.53159916,0.06666667,0.06257607,0.16666667,0.16733839,0.23333333,0.23848638
14,0.99707764,False,Type 2 alveolar,Type 2 alveolar,0.26666668,0.2716954,0.3,0.300816,0.26666668,0.26621124,0.16666667,0.1612774
2036,0.99707216,False,Type 2 alveolar,Type 2 alveolar,0.41379312,0.40989736,0.44827586,0.44631594,0.03448276,0.036286525,0.10344828,0.107500225
2728,0.9970672,False,Luminal_Macrophages,Luminal_Macrophages,0.4516129,0.44970497,0.09677419,0.102639765,0.06451613,0.06312665,0.38709676,0.3845286
3715,0.9970592,False,Luminal_Macrophages,Luminal_Macrophages,0.41379312,0.41505268,0.13793103,0.1343798,0.3448276,0.34944955,0.10344828,0.10111795
1191,0.9970429,False,Luminal_Macrophages,Luminal_Macrophages,0.33333334,0.33619556,0.33333334,0.3322204,0.1,0.09519871,0.23333333,0.23638524
2129,0.99704075,False,Luminal_Macrophages,Fibroblasts,0.33333334,0.3296448,0.3,0.30384842,0.33333334,0.33540347,0.033333335,0.031103332
3930,0.997032,False,Fibroblasts,Fibroblasts,0.23333333,0.23532593,0.26666668,0.2706101,0.3,0.29502556,0.2,0.19903848
2179,0.997028,False,Luminal_Macrophages,Luminal_Macrophages,0.29032257,0.29357365,0.29032257,0.29301554,0.16129032,0.15645522,0.2580645,0.25695556
2214,0.9970216,False,Type 2 alveolar,Type 2 alveolar,0.06666667,0.063888215,0.33333334,0.33015496,0.3,0.30046093,0.3,0.3054959
1235,0.99700844,False,Type 2 alveolar,Dendritic cells,0.2,0.2059831,0.3,0.2972648,0.2,0.19839922,0.3,0.2983529
706,0.9970062,False,Luminal_Macrophages,Luminal_Macrophages,0.3548387,0.3566785,0.06451613,0.061728556,0.22580644,0.22995427,0.3548387,0.35163864
612,0.9970052,False,Dendritic cells,Dendritic cells,0.23333333,0.23076198,0.2,0.20407684,0.23333333,0.23524608,0.33333334,0.32991514
845,0.9970031,False,Luminal_Macrophages,Luminal_Macrophages,0.516129,0.5136761,0.032258064,0.03825188,0.06451613,0.064431764,0.38709676,0.38364026
1632,0.9969973,False,Type 2 alveolar,Type 2 alveolar,0.2,0.19754699,0.36666667,0.36845943,0.33333334,0.329781,0.1,0.104212664
1286,0.99699116,False,Luminal_Macrophages,Luminal_Macrophages,0.33333334,0.32731572,0.23333333,0.2351658,0.26666668,0.26936322,0.16666667,0.16815531
3048,0.99698997,False,Luminal_Macrophages,Luminal_Macrophages,0.33333334,0.3353594,0.3,0.30192068,0.33333334,0.32731327,0.033333335,0.035406686
99,0.99698657,False,Fibroblasts,Fibroblasts,0.03448276,0.03674059,0.06896552,0.06901207,0.7241379,0.72786033,0.1724138,0.16638698
3110,0.99697876,False,Luminal_Macrophages,Dendritic cells,0.33333334,0.33037934,0.16666667,0.16432552,0.16666667,0.16591929,0.33333334,0.33937588
4201,0.9969773,False,Luminal_Macrophages,Luminal_Macrophages,0.33333334,0.3328212,0.26666668,0.27271202,0.3,0.29981738,0.1,0.094649345
2547,0.99697673,False,Fibroblasts,Fibroblasts,0.33333334,0.3315698,0.033333335,0.039379872,0.6,0.59585816,0.033333335,0.033192236
4523,0.99697644,False,Luminal_Macrophages,Luminal_Macrophages,0.37931034,0.37355247,0.20689656,0.21270488,0.1724138,0.17212455,0.2413793,0.24161817
1367,0.99696755,False,Fibroblasts,Fibroblasts,0.16666667,0.17145066,0.2,0.20111872,0.46666667,0.46060175,0.16666667,0.1668288
3009,0.9969664,False,Dendritic cells,Dendritic cells,0.16666667,0.17273387,0.16666667,0.16173112,0.2,0.19899096,0.46666667,0.46654406
4210,0.9969534,False,Luminal_Macrophages,Luminal_Macrophages,0.37931034,0.37963945,0.03448276,0.034412146,0.2413793,0.24714339,0.3448276,0.338805
4406,0.9969463,False,Type 2 alveolar,Fibroblasts,0.2413793,0.2474868,0.27586207,0.27313638,0.27586207,0.27551803,0.20689656,0.2038588
3798,0.99694365,False,Luminal_Macrophages,Luminal_Macrophages,0.44827586,0.4539403,0.1724138,0.1676217,0.20689656,0.20734479,0.1724138,0.17109324
2182,0.9969428,False,Luminal_Macrophages,Luminal_Macrophages,0.36666667,0.37278107,0.033333335,0.032989394,0.3,0.29597217,0.3,0.2982574
797,0.99694073,False,Luminal_Macrophages,Luminal_Macrophages,0.32258064,0.31700474,0.22580644,0.22780198,0.2580645,0.25752187,0.19354838,0.19767144
996,0.99693835,False,Dendritic cells,Dendritic cells,0.32258064,0.32789516,0.032258064,0.03306685,0.09677419,0.09509768,0.5483871,0.54394025
731,0.9969379,False,Type 2 alveolar,Type 2 alveolar,0.16666667,0.1707412,0.36666667,0.36871648,0.1,0.09464571,0.36666667,0.36589667
882,0.99693704,False,Dendritic cells,Dendritic cells,0.26666668,0.27143586,0.16666667,0.16802342,0.26666668,0.26411432,0.3,0.2964264
375,0.9969363,False,Luminal_Macrophages,Luminal_Macrophages,0.3448276,0.3438205,0.27586207,0.27863756,0.3448276,0.33970734,0.03448276,0.037834555
2981,0.9969331,False,Luminal_Macrophages,Luminal_Macrophages,0.4,0.40190467,0.33333334,0.3375624,0.2,0.1992673,0.06666667,0.06126564
4022,0.99692553,False,Luminal_Macrophages,Luminal_Macrophages,0.56666666,0.5654536,0.13333334,0.1283975,0.16666667,0.16960894,0.13333334,0.13653998
724,0.9969221,False,Dendritic cells,Dendritic cells,0.06666667,0.06733271,0.36666667,0.3673311,0.06666667,0.060510874,0.5,0.50482535
4188,0.9969213,False,Luminal_Macrophages,Dendritic cells,0.3548387,0.3514697,0.19354838,0.19646646,0.09677419,0.093985796,0.3548387,0.3580781
2354,0.9969212,False,Type 2 alveolar,Type 2 alveolar,0.36666667,0.37282428,0.5,0.4986793,0.06666667,0.062297504,0.06666667,0.06619889
875,0.9969155,False,Luminal_Macrophages,Luminal_Macrophages,0.36666667,0.36676845,0.23333333,0.23320672,0.16666667,0.16062431,0.23333333,0.23940058
3153,0.9969148,False,Dendritic cells,Dendritic cells,0.033333335,0.039503746,0.36666667,0.3657384,0.2,0.19964488,0.4,0.39511296
3955,0.99690473,False,Luminal_Macrophages,Luminal_Macrophages,0.46666667,0.46707654,0.1,0.09380946,0.36666667,0.3721701,0.06666667,0.066943884
2333,0.99690044,False,Fibroblasts,Fibroblasts,0.23333333,0.23061374,0.26666668,0.27174374,0.3,0.29652044,0.2,0.20112206
3052,0.99689853,False,Fibroblasts,Fibroblasts,0.1,0.0986889,0.26666668,0.27068403,0.43333334,0.42844155,0.2,0.20218554
644,0.9968964,False,Luminal_Macrophages,Luminal_Macrophages,0.3,0.29953215,0.26666668,0.27273595,0.23333333,0.22759396,0.2,0.20013796
2523,0.9968731,False,Type 2 alveolar,Type 2 alveolar,0.1,0.09575118,0.7,0.6996118,0.16666667,0.17292051,0.033333335,0.031716485
1920,0.9968725,False,Fibroblasts,Fibroblasts,0.33333334,0.32901496,0.13333334,0.13483596,0.5,0.49806342,0.033333335,0.038085718
1260,0.9968715,False,Luminal_Macrophages,Luminal_Macrophages,0.33333334,0.32937247,0.26666668,0.269701,0.3,0.29770383,0.1,0.10322266
3635,0.99686825,False,Luminal_Macrophages,Luminal_Macrophages,0.7,0.6947706,0.033333335,0.03323143,0.033333335,0.032401174,0.23333333,0.23959684
1815,0.9968571,False,Luminal_Macrophages,Luminal_Macrophages,0.3,0.30493894,0.16666667,0.16801347,0.23333333,0.23074856,0.3,0.29629904
4082,0.9968567,False,Dendritic cells,Dendritic cells,0.1,0.097363666,0.23333333,0.2344652,0.16666667,0.16301635,0.5,0.5051547
2630,0.99685055,False,Luminal_Macrophages,Luminal_Macrophages,0.4,0.4045738,0.4,0.39566424,0.13333334,0.13137016,0.06666667,0.06839177
4929,0.9968481,False,Dendritic cells,Dendritic cells,0.37931034,0.38147786,0.03448276,0.03861903,0.06896552,0.06467298,0.51724136,0.5152301
968,0.99684095,False,Luminal_Macrophages,Luminal_Macrophages,0.32258064,0.32263774,0.22580644,0.22927348,0.19354838,0.18723036,0.2580645,0.26085842
4396,0.9968351,False,Luminal_Macrophages,Luminal_Macrophages,0.3,0.30078676,0.26666668,0.2695776,0.26666668,0.26929873,0.16666667,0.16033691
1544,0.9968348,False,Type 2 alveolar,Type 2 alveolar,0.23333333,0.22929737,0.3,0.30408475,0.26666668,0.2689123,0.2,0.19770557
4818,0.996832,False,Fibroblasts,Fibroblasts,0.23333333,0.23283425,0.16666667,0.17300266,0.3,0.29738274,0.3,0.29678032
2426,0.99683,False,Fibroblasts,Dendritic cells,0.10344828,0.102965616,0.27586207,0.28220206,0.31034482,0.30709088,0.31034482,0.30774146
3758,0.99682826,False,Type 2 alveolar,Type 2 alveolar,0.16666667,0.17115174,0.36666667,0.36032316,0.23333333,0.23401783,0.23333333,0.23450723
1579,0.9968243,False,Luminal_Macrophages,Luminal_Macrophages,0.4,0.40496656,0.13333334,0.13338941,0.4,0.39364865,0.06666667,0.06799536
3366,0.99682397,False,Type 2 alveolar,Type 2 alveolar,0.06896552,0.07139384,0.41379312,0.4074411,0.31034482,0.3134553,0.20689656,0.20770977
2493,0.9968239,False,Fibroblasts,Fibroblasts,0.13333334,0.13874443,0.26666668,0.2644977,0.56666666,0.5624835,0.033333335,0.03427435
4684,0.99682057,False,Luminal_Macrophages,Luminal_Macrophages,0.33333334,0.33126765,0.16666667,0.16446188,0.23333333,0.23124492,0.26666668,0.2730255
2376,0.9968195,False,Type 2 alveolar,Type 2 alveolar,0.19354838,0.19510826,0.32258064,0.32190067,0.32258064,0.3168997,0.16129032,0.16609141
3812,0.9968145,False,Luminal_Macrophages,Luminal_Macrophages,0.4827586,0.48453897,0.10344828,0.10364542,0.06896552,0.06259457,0.3448276,0.34922108
2897,0.99680406,False,Dendritic cells,Dendritic cells,0.1,0.10235476,0.2,0.19527644,0.33333334,0.33737049,0.36666667,0.36499828
369,0.99680096,False,Luminal_Macrophages,Luminal_Macrophages,0.43333334,0.4376505,0.1,0.09624912,0.1,0.09735279,0.36666667,0.36874756
4261,0.9967989,False,Luminal_Macrophages,Luminal_Macrophages,0.29032257,0.29605097,0.2580645,0.25732392,0.22580644,0.22014478,0.22580644,0.2264803
4630,0.9967987,False,Luminal_Macrophages,Luminal_Macrophages,0.3548387,0.3590579,0.32258064,0.32476404,0.19354838,0.19083,0.12903225,0.1253481
2852,0.99679303,False,Dendritic cells,Dendritic cells,0.16666667,0.17086536,0.13333334,0.13091572,0.33333334,0.32933706,0.36666667,0.36888188
4521,0.99679166,False,Luminal_Macrophages,Luminal_Macrophages,0.38709676,0.38606673,0.22580644,0.2282232,0.2580645,0.2620644,0.12903225,0.12364561
2329,0.9967793,False,Luminal_Macrophages,Luminal_Macrophages,0.53333336,0.53497237,0.16666667,0.16786534,0.2,0.20360364,0.1,0.09355866
118,0.99677616,False,Luminal_Macrophages,Dendritic cells,0.27586207,0.2777384,0.2413793,0.23659149,0.20689656,0.2052367,0.27586207,0.28043342
232,0.9967738,False,Type 2 alveolar,Type 2 alveolar,0.033333335,0.032980353,0.4,0.39390057,0.23333333,0.23738903,0.33333334,0.33573005
4806,0.99677247,False,Luminal_Macrophages,Luminal_Macrophages,0.33333334,0.3293719,0.26666668,0.27107927,0.2,0.19750643,0.2,0.20204243
3608,0.9967629,False,Type 2 alveolar,Type 2 alveolar,0.13333334,0.13006383,0.4,0.40277678,0.36666667,0.36346188,0.1,0.103697546
1011,0.99675846,False,Luminal_Macrophages,Luminal_Macrophages,0.33333334,0.3286848,0.26666668,0.27220866,0.2,0.19816549,0.2,0.20094103
794,0.99675745,False,Luminal_Macrophages,Luminal_Macrophages,0.33333334,0.33597863,0.2,0.20383981,0.3,0.29636377,0.16666667,0.16381776
1186,0.99675477,False,Type 2 alveolar,Type 2 alveolar,0.23333333,0.23423657,0.33333334,0.33542243,0.26666668,0.27016485,0.16666667,0.1601762
2080,0.9967539,False,Fibroblasts,Fibroblasts,0.4,0.401243,0.033333335,0.034253698,0.53333336,0.5268411,0.033333335,0.037662175
1582,0.99674994,False,Type 2 alveolar,Type 2 alveolar,0.12903225,0.13013479,0.3548387,0.36023635,0.3548387,0.3544473,0.16129032,0.15518156
2305,0.9967418,False,Luminal_Macrophages,Luminal_Macrophages,0.3,0.3042401,0.26666668,0.26450428,0.23333333,0.23560973,0.2,0.19564596
2365,0.9967386,False,Type 2 alveolar,Type 2 alveolar,0.1,0.09957769,0.4,0.39389956,0.13333334,0.13410777,0.36666667,0.372415
3569,0.9967349,False,Luminal_Macrophages,Type 2 alveolar,0.33333334,0.33152837,0.33333334,0.33986357,0.2,0.19930132,0.13333334,0.1293068
3219,0.9967258,False,Dendritic cells,Dendritic cells,0.1724138,0.1733221,0.27586207,0.27721316,0.2413793,0.24566834,0.31034482,0.30379644
1432,0.9967231,False,Fibroblasts,Fibroblasts,0.32258064,0.32504773,0.032258064,0.03166787,0.58064514,0.5847318,0.06451613,0.058552586
4649,0.9967136,False,Luminal_Macrophages,Type 2 alveolar,0.3,0.3027232,0.3,0.30384967,0.2,0.1977269,0.2,0.19570023
3359,0.9967098,False,Luminal_Macrophages,Luminal_Macrophages,0.33333334,0.3361827,0.16666667,0.1606556,0.2,0.19943069,0.3,0.30373096
955,0.99670607,False,Type 2 alveolar,Type 2 alveolar,0.3548387,0.35300165,0.38709676,0.382346,0.19354838,0.19869761,0.06451613,0.06595472
1297,0.996704,False,Fibroblasts,Dendritic cells,0.2413793,0.24133588,0.20689656,0.20459822,0.27586207,0.2716118,0.27586207,0.2824541
1136,0.99670255,False,Luminal_Macrophages,Luminal_Macrophages,0.3,0.29746765,0.26666668,0.2673897,0.23333333,0.22927082,0.2,0.2058718
1243,0.99669886,False,Type 2 alveolar,Type 2 alveolar,0.1,0.101354145,0.46666667,0.47191477,0.4,0.39505893,0.033333335,0.031672087
1816,0.99669147,False,Luminal_Macrophages,Luminal_Macrophages,0.4,0.39695168,0.033333335,0.03551869,0.3,0.2964313,0.26666668,0.2710984
1477,0.99668735,False,Luminal_Macrophages,Luminal_Macrophages,0.33333334,0.33752942,0.3,0.30242926,0.33333334,0.32875964,0.033333335,0.031281676
1301,0.9966809,False,Luminal_Macrophages,Luminal_Macrophages,0.33333334,0.33731347,0.26666668,0.2683241,0.06666667,0.06002844,0.33333334,0.334334
384,0.9966794,False,Type 2 alveolar,Type 2 alveolar,0.13333334,0.13211696,0.33333334,0.32790855,0.3,0.30071267,0.23333333,0.23926184
1743,0.9966784,False,Luminal_Macrophages,Luminal_Macrophages,0.37931034,0.37636864,0.20689656,0.20416236,0.27586207,0.2825052,0.13793103,0.13696378
4162,0.99667794,False,Luminal_Macrophages,Luminal_Macrophages,0.3,0.30351755,0.26666668,0.26979324,0.3,0.2966721,0.13333334,0.13001715
4137,0.9966728,False,Fibroblasts,Fibroblasts,0.032258064,0.032604706,0.3548387,0.36105224,0.48387095,0.47721666,0.12903225,0.12912644
2199,0.9966579,False,Luminal_Macrophages,Luminal_Macrophages,0.43333334,0.43121418,0.26666668,0.26728043,0.13333334,0.12876828,0.16666667,0.17273709
55,0.99665433,False,Dendritic cells,Dendritic cells,0.13333334,0.13758211,0.33333334,0.33577588,0.16666667,0.16272609,0.36666667,0.36391598
3621,0.99665076,False,Luminal_Macrophages,Luminal_Macrophages,0.33333334,0.33162698,0.23333333,0.23528743,0.33333334,0.32834128,0.1,0.10474437
3070,0.99664986,False,Luminal_Macrophages,Luminal_Macrophages,0.33333334,0.32913575,0.06666667,0.064792834,0.3,0.30670032,0.3,0.2993711
2962,0.9966448,False,Luminal_Macrophages,Luminal_Macrophages,0.32258064,0.3159326,0.29032257,0.2937453,0.29032257,0.2902602,0.09677419,0.10006184
3213,0.99664074,False,Luminal_Macrophages,Luminal_Macrophages,0.37931034,0.38336408,0.06896552,0.066495985,0.1724138,0.16816482,0.37931034,0.3819751
2172,0.9966355,False,Dendritic cells,Dendritic cells,0.33333334,0.3380147,0.16666667,0.16577525,0.033333335,0.03538094,0.46666667,0.4608291
3943,0.99663496,False,Type 2 alveolar,Type 2 alveolar,0.06666667,0.061183054,0.6,0.60583615,0.2,0.20089391,0.13333334,0.13208693
4335,0.9966285,False,Type 2 alveolar,Type 2 alveolar,0.26666668,0.26690412,0.3,0.2932687,0.26666668,0.26665503,0.16666667,0.17317213
1324,0.99662817,False,Dendritic cells,Dendritic cells,0.2,0.20418103,0.26666668,0.26732963,0.2,0.20189963,0.33333334,0.32658964
1447,0.99662316,False,Luminal_Macrophages,Luminal_Macrophages,0.36666667,0.3615958,0.16666667,0.16498381,0.2,0.20213582,0.26666668,0.27128452
3541,0.99661595,False,Luminal_Macrophages,Luminal_Macrophages,0.53333336,0.52656525,0.1,0.1014941,0.33333334,0.33472905,0.033333335,0.037211556
4077,0.996613,False,Luminal_Macrophages,Luminal_Macrophages,0.4,0.39612365,0.2,0.19710241,0.33333334,0.33982036,0.06666667,0.0669536
4972,0.9966079,False,Luminal_Macrophages,Dendritic cells,0.36666667,0.3598825,0.23333333,0.23626852,0.033333335,0.036032535,0.36666667,0.36781648
1404,0.9966075,False,Fibroblasts,Fibroblasts,0.033333335,0.03740693,0.13333334,0.13593867,0.6333333,0.6265483,0.2,0.20010607
4743,0.9966038,False,Type 2 alveolar,Type 2 alveolar,0.13333334,0.14012569,0.33333334,0.33202285,0.2,0.19731948,0.33333334,0.33053192
4499,0.996601,False,Luminal_Macrophages,Luminal_Macrophages,0.44827586,0.4535383,0.03448276,0.033731904,0.44827586,0.44222862,0.06896552,0.070501156
1578,0.9965944,False,Luminal_Macrophages,Luminal_Macrophages,0.3448276,0.34197426,0.1724138,0.17851725,0.2413793,0.24208692,0.2413793,0.23742153
625,0.99658597,False,Dendritic cells,Dendritic cells,0.26666668,0.27349472,0.2,0.19964406,0.23333333,0.23238309,0.3,0.29447812
1873,0.99658537,False,Luminal_Macrophages,Luminal_Macrophages,0.3,0.2931707,0.26666668,0.26902744,0.16666667,0.16700186,0.26666668,0.2708
1063,0.99658513,False,Luminal_Macrophages,Luminal_Macrophages,0.36666667,0.3684769,0.23333333,0.23484068,0.3,0.30351213,0.1,0.09317029
2153,0.9965834,False,Type 2 alveolar,Type 2 alveolar,0.32258064,0.3276776,0.3548387,0.35196865,0.19354838,0.1952846,0.12903225,0.12506908
695,0.996578,False,Luminal_Macrophages,Luminal_Macrophages,0.3,0.30290866,0.3,0.29939985,0.26666668,0.27060205,0.13333334,0.12708946
3928,0.9965761,False,Dendritic cells,Dendritic cells,0.16666667,0.17308103,0.2,0.19895923,0.2,0.20043358,0.43333334,0.4275262
3306,0.99657404,False,Type 2 alveolar,Type 2 alveolar,0.23333333,0.23467351,0.33333334,0.3315801,0.3,0.2949013,0.13333334,0.13884504
4033,0.99657,False,Luminal_Macrophages,Luminal_Macrophages,0.33333334,0.33824483,0.33333334,0.33528188,0.2,0.19533318,0.13333334,0.13114017
3003,0.9965655,False,Fibroblasts,Fibroblasts,0.36666667,0.3671796,0.033333335,0.031632584,0.53333336,0.5281651,0.06666667,0.07302268
4899,0.99656236,False,Luminal_Macrophages,Luminal_Macrophages,0.46666667,0.46229592,0.1,0.09946039,0.23333333,0.24020864,0.2,0.19803509
1218,0.99655914,False,Fibroblasts,Fibroblasts,0.06666667,0.06004061,0.16666667,0.16910957,0.6666667,0.6711055,0.1,0.0997443
64,0.99655867,False,Luminal_Macrophages,Luminal_Macrophages,0.33333334,0.3303484,0.16666667,0.16276899,0.3,0.30236006,0.2,0.2045226
1054,0.9965527,False,Luminal_Macrophages,Luminal_Macrophages,0.4516129,0.45445698,0.3548387,0.3479713,0.16129032,0.1612632,0.032258064,0.03630853
2733,0.99655205,False,Type 2 alveolar,Type 2 alveolar,0.16129032,0.16458309,0.29032257,0.28979954,0.29032257,0.2839497,0.2580645,0.2616677
1003,0.99654025,False,Dendritic cells,Dendritic cells,0.16666667,0.17089291,0.16666667,0.16935998,0.1,0.09672264,0.56666666,0.5630245
137,0.99653965,False,Luminal_Macrophages,Luminal_Macrophages,0.5483871,0.54837847,0.19354838,0.19622569,0.12903225,0.12212019,0.12903225,0.1332757
1982,0.9965348,False,Luminal_Macrophages,Dendritic cells,0.33333334,0.32640293,0.033333335,0.03799484,0.3,0.30017063,0.33333334,0.3354316
4352,0.9965325,False,Type 2 alveolar,Type 2 alveolar,0.16666667,0.16942973,0.33333334,0.32859096,0.2,0.1978074,0.3,0.3041719
31,0.9965317,False,Luminal_Macrophages,Luminal_Macrophages,0.33333334,0.33584467,0.16666667,0.15973003,0.26666668,0.26868796,0.23333333,0.23573731
821,0.99652976,False,Type 2 alveolar,Type 2 alveolar,0.3,0.3002336,0.33333334,0.32639286,0.23333333,0.2396513,0.13333334,0.13372225
850,0.9965156,False,Luminal_Macrophages,Luminal_Macrophages,0.3548387,0.3565067,0.29032257,0.28817022,0.2580645,0.2633654,0.09677419,0.091957614
2456,0.99651206,False,Luminal_Macrophages,Luminal_Macrophages,0.43333334,0.43686053,0.4,0.39730552,0.1,0.09571861,0.06666667,0.07011533
1999,0.9965085,False,Type 2 alveolar,Dendritic cells,0.13333334,0.12715334,0.3,0.29919693,0.26666668,0.27100202,0.3,0.30264768
4228,0.9964976,False,Luminal_Macrophages,Luminal_Macrophages,0.36666667,0.37354708,0.16666667,0.16471715,0.1,0.09494473,0.36666667,0.3667911
10,0.996494,False,Type 2 alveolar,Type 2 alveolar,0.2,0.20423838,0.3,0.30277362,0.2,0.19346845,0.3,0.2995195
1777,0.99649286,False,Dendritic cells,Dendritic cells,0.06666667,0.063075826,0.23333333,0.23518124,0.33333334,0.33849972,0.36666667,0.36324316
4798,0.99649006,False,Luminal_Macrophages,Luminal_Macrophages,0.3,0.3028013,0.23333333,0.2375519,0.23333333,0.22829996,0.23333333,0.23134686
3107,0.9964894,False,Luminal_Macrophages,Luminal_Macrophages,0.4,0.39923277,0.06666667,0.070235796,0.16666667,0.16041276,0.36666667,0.37011868
1066,0.9964877,False,Dendritic cells,Dendritic cells,0.09677419,0.09667844,0.29032257,0.2973472,0.29032257,0.28686586,0.32258064,0.3191085
1518,0.99648535,False,Dendritic cells,Dendritic cells,0.1,0.09844355,0.26666668,0.27369595,0.3,0.297098,0.33333334,0.33076254
380,0.9964803,False,Type 2 alveolar,Type 2 alveolar,0.27586207,0.27658048,0.37931034,0.37425345,0.1724138,0.17043129,0.1724138,0.17873476
3389,0.996477,False,Type 2 alveolar,Type 2 alveolar,0.2,0.20208,0.3,0.30402583,0.3,0.29295406,0.2,0.20094012
4738,0.99646807,False,Luminal_Macrophages,Luminal_Macrophages,0.3,0.30638093,0.3,0.30068293,0.23333333,0.22907595,0.16666667,0.16386013
525,0.9964653,False,Luminal_Macrophages,Type 2 alveolar,0.33333334,0.3353493,0.33333334,0.336791,0.13333334,0.12626393,0.2,0.20159574
4882,0.9964631,False,Type 2 alveolar,Type 2 alveolar,0.23333333,0.22839917,0.33333334,0.33560315,0.23333333,0.23813725,0.2,0.19786043
1814,0.9964626,False,Luminal_Macrophages,Luminal_Macrophages,0.43333334,0.43903774,0.43333334,0.43470377,0.06666667,0.06297139,0.06666667,0.06328711
3746,0.9964616,False,Type 2 alveolar,Type 2 alveolar,0.13333334,0.13240331,0.6333333,0.64041024,0.16666667,0.16191483,0.06666667,0.06527168
4800,0.9964582,False,Luminal_Macrophages,Dendritic cells,0.3,0.29907155,0.26666668,0.27051002,0.13333334,0.12717807,0.3,0.30324036
648,0.996454,False,Type 2 alveolar,Type 2 alveolar,0.033333335,0.03472472,0.46666667,0.4694435,0.46666667,0.4595747,0.033333335,0.03625707
39,0.99645174,False,Type 2 alveolar,Type 2 alveolar,0.06666667,0.06698523,0.36666667,0.36389714,0.33333334,0.3290063,0.23333333,0.24011129
4239,0.9964511,False,Luminal_Macrophages,Luminal_Macrophages,0.4,0.40709785,0.4,0.39963052,0.033333335,0.033186786,0.16666667,0.16008487
292,0.99645066,False,Type 2 alveolar,Type 2 alveolar,0.06666667,0.060514655,0.4,0.4054217,0.36666667,0.36572,0.16666667,0.16834366
2065,0.99644995,False,Fibroblasts,Fibroblasts,0.38709676,0.3941969,0.06451613,0.063049674,0.48387095,0.4803804,0.06451613,0.06237299
1005,0.99644846,False,Dendritic cells,Dendritic cells,0.033333335,0.04043648,0.1,0.09441476,0.36666667,0.36664584,0.5,0.49850294
1036,0.99644846,False,Dendritic cells,Dendritic cells,0.033333335,0.035377648,0.3,0.30153608,0.1,0.09289686,0.56666666,0.5701894
2601,0.99643886,False,Luminal_Macrophages,Luminal_Macrophages,0.4,0.4071223,0.1,0.09789992,0.36666667,0.36254725,0.13333334,0.1324305
3364,0.99643487,False,Luminal_Macrophages,Luminal_Macrophages,0.36666667,0.35953638,0.23333333,0.23367123,0.23333333,0.23393565,0.16666667,0.17285669
813,0.996432,False,Type 2 alveolar,Fibroblasts,0.032258064,0.039394148,0.38709676,0.38227174,0.38709676,0.3859692,0.19354838,0.19236498
1530,0.99642944,False,Luminal_Macrophages,Luminal_Macrophages,0.3,0.29593492,0.16666667,0.1649071,0.26666668,0.2653502,0.26666668,0.27380776
2470,0.9964255,False,Luminal_Macrophages,Luminal_Macrophages,0.46666667,0.4706808,0.1,0.092850976,0.16666667,0.16757354,0.26666668,0.26889467
2531,0.9964212,False,Fibroblasts,Fibroblasts,0.22580644,0.22828792,0.22580644,0.2260425,0.29032257,0.28316507,0.2580645,0.26250452
1359,0.996421,False,Luminal_Macrophages,Luminal_Macrophages,0.32258064,0.3154226,0.2580645,0.25944513,0.2580645,0.26322722,0.16129032,0.161905
1950,0.9964154,False,Luminal_Macrophages,Luminal_Macrophages,0.33333334,0.33304662,0.3,0.30148032,0.16666667,0.15978418,0.2,0.20568891
4002,0.99641275,False,Dendritic cells,Dendritic cells,0.26666668,0.27384114,0.23333333,0.2295785,0.2,0.1978651,0.3,0.29871526
1880,0.9964123,False,Type 2 alveolar,Type 2 alveolar,0.16666667,0.1679842,0.36666667,0.36054924,0.3,0.305858,0.16666667,0.16560863
370,0.99641174,False,Luminal_Macrophages,Luminal_Macrophages,0.36666667,0.36343837,0.16666667,0.16271842,0.26666668,0.27160004,0.2,0.20224312
3045,0.9964071,False,Fibroblasts,Dendritic cells,0.16666667,0.17112528,0.1,0.10272723,0.36666667,0.3612162,0.36666667,0.36493134
616,0.9964069,False,Luminal_Macrophages,Luminal_Macrophages,0.36666667,0.37385285,0.13333334,0.13035412,0.16666667,0.16371898,0.33333334,0.33207402
2197,0.99640685,False,Dendritic cells,Dendritic cells,0.1,0.09729668,0.4,0.3987404,0.06666667,0.06344326,0.43333334,0.44051966
1583,0.9964047,False,Luminal_Macrophages,Luminal_Macrophages,0.4,0.3980856,0.2,0.20507005,0.06666667,0.06139046,0.33333334,0.3354538
4125,0.99639887,False,Luminal_Macrophages,Luminal_Macrophages,0.32258064,0.32495266,0.29032257,0.29515284,0.29032257,0.2879715,0.09677419,0.091923
2693,0.99639446,False,Dendritic cells,Dendritic cells,0.32258064,0.3284801,0.09677419,0.09148161,0.22580644,0.22711807,0.3548387,0.35292026
4654,0.9963933,False,Fibroblasts,Fibroblasts,0.16666667,0.17058493,0.13333334,0.12611996,0.53333336,0.535921,0.16666667,0.16737412
2413,0.9963897,False,Luminal_Macrophages,Luminal_Macrophages,0.4,0.40722057,0.4,0.39711416,0.1,0.09834631,0.1,0.09731897
2401,0.9963886,False,Dendritic cells,Dendritic cells,0.2580645,0.25823122,0.032258064,0.031226749,0.12903225,0.12284079,0.58064514,0.58770126
3144,0.9963885,False,Dendritic cells,Dendritic cells,0.26666668,0.26423177,0.033333335,0.031810172,0.033333335,0.030068431,0.6666667,0.67388964
4858,0.9963879,False,Dendritic cells,Dendritic cells,0.13333334,0.1373231,0.13333334,0.1329781,0.2,0.20323439,0.53333336,0.5264644
668,0.99638546,False,Luminal_Macrophages,Luminal_Macrophages,0.41379312,0.42050546,0.41379312,0.41430977,0.10344828,0.09783734,0.06896552,0.0673474
309,0.9963841,False,Type 2 alveolar,Type 2 alveolar,0.36666667,0.37351695,0.43333334,0.43228078,0.06666667,0.060487352,0.13333334,0.13371496
2487,0.9963782,False,Luminal_Macrophages,Luminal_Macrophages,0.33333334,0.33738956,0.23333333,0.23320746,0.3,0.30318743,0.13333334,0.12621553
894,0.99636835,False,Luminal_Macrophages,Luminal_Macrophages,0.41935483,0.42079237,0.16129032,0.15402704,0.06451613,0.06801823,0.3548387,0.35716233
267,0.9963627,False,Dendritic cells,Dendritic cells,0.1,0.09858373,0.26666668,0.27394134,0.3,0.2995621,0.33333334,0.32791287
2063,0.9963617,False,Luminal_Macrophages,Luminal_Macrophages,0.5,0.4931587,0.1,0.099564664,0.36666667,0.36726913,0.033333335,0.0400075
2148,0.9963606,False,Luminal_Macrophages,Luminal_Macrophages,0.33333334,0.33206838,0.3,0.3022349,0.06666667,0.060652845,0.3,0.30504385
2572,0.9963543,False,Type 2 alveolar,Dendritic cells,0.13333334,0.1403149,0.33333334,0.32864213,0.2,0.20030993,0.33333334,0.3307331
3868,0.99635273,False,Dendritic cells,Dendritic cells,0.38709676,0.39171824,0.06451613,0.067175955,0.12903225,0.121737786,0.41935483,0.41936803
2267,0.9963507,False,Luminal_Macrophages,Luminal_Macrophages,0.43333334,0.43461677,0.2,0.19270143,0.16666667,0.16759701,0.2,0.20508479
3125,0.9963496,False,Dendritic cells,Dendritic cells,0.1,0.09582908,0.3,0.29687,0.033333335,0.035469353,0.56666666,0.5718315
1148,0.9963446,False,Luminal_Macrophages,Luminal_Macrophages,0.7,0.69268924,0.033333335,0.034683798,0.23333333,0.23751606,0.033333335,0.035110872
66,0.9963428,False,Type 2 alveolar,Type 2 alveolar,0.3,0.30110162,0.33333334,0.33822533,0.23333333,0.23465416,0.13333334,0.12601885
1185,0.996341,False,Luminal_Macrophages,Luminal_Macrophages,0.33333334,0.33212113,0.26666668,0.2739847,0.23333333,0.22817762,0.16666667,0.16571656
1581,0.99633837,False,Type 2 alveolar,Type 2 alveolar,0.16666667,0.16933493,0.33333334,0.32601008,0.26666668,0.26713303,0.23333333,0.23752198
1664,0.99633616,False,Luminal_Macrophages,Luminal_Macrophages,0.36666667,0.37005463,0.06666667,0.06248446,0.3,0.29685453,0.26666668,0.27060643
4101,0.9963338,False,Luminal_Macrophages,Luminal_Macrophages,0.33333334,0.3323752,0.26666668,0.26911855,0.1,0.093625695,0.3,0.30488056
4558,0.99633235,False,Luminal_Macrophages,Luminal_Macrophages,0.6,0.59590644,0.06666667,0.06429756,0.06666667,0.06579408,0.26666668,0.27400193
3704,0.99633014,False,Dendritic cells,Dendritic cells,0.06896552,0.07195249,0.13793103,0.13059138,0.3448276,0.3480014,0.44827586,0.44945475
3800,0.996326,False,Fibroblasts,Fibroblasts,0.033333335,0.034101874,0.2,0.19597964,0.6,0.6065794,0.16666667,0.16333912
1373,0.9963199,False,Type 2 alveolar,Type 2 alveolar,0.1,0.10687608,0.3,0.30034336,0.3,0.29263973,0.3,0.30014083
2825,0.9963195,False,Luminal_Macrophages,Luminal_Macrophages,0.3548387,0.35046664,0.29032257,0.29702884,0.032258064,0.03291284,0.32258064,0.3195917
201,0.9963144,False,Dendritic cells,Dendritic cells,0.033333335,0.03387033,0.13333334,0.14016753,0.33333334,0.3314136,0.5,0.49454856
3721,0.99631345,False,Type 2 alveolar,Type 2 alveolar,0.1,0.09751721,0.43333334,0.42844304,0.33333334,0.33952665,0.13333334,0.13451314
2069,0.9963103,False,Luminal_Macrophages,Luminal_Macrophages,0.4,0.39922795,0.2,0.193395,0.23333333,0.24071276,0.16666667,0.16666432
3140,0.99630946,False,Luminal_Macrophages,Luminal_Macrophages,0.43333334,0.4385266,0.16666667,0.16885442,0.36666667,0.3608856,0.033333335,0.03173337
113,0.9962975,False,Luminal_Macrophages,Luminal_Macrophages,0.26666668,0.27391908,0.23333333,0.22976278,0.26666668,0.26283222,0.23333333,0.23348598
4127,0.99629366,False,Dendritic cells,Dendritic cells,0.20689656,0.2092922,0.31034482,0.31536183,0.13793103,0.13184181,0.3448276,0.3435042
1756,0.9962803,False,Dendritic cells,Dendritic cells,0.06666667,0.067345075,0.16666667,0.15922733,0.3,0.30604106,0.46666667,0.46738654
851,0.9962796,False,Fibroblasts,Dendritic cells,0.10344828,0.09976613,0.13793103,0.14121379,0.37931034,0.37555167,0.37931034,0.38346842
2939,0.99627864,False,Type 2 alveolar,Type 2 alveolar,0.20689656,0.20791276,0.31034482,0.3167714,0.1724138,0.16758828,0.31034482,0.30772758
65,0.9962736,False,Fibroblasts,Fibroblasts,0.33333334,0.33566052,0.033333335,0.036145445,0.56666666,0.56898016,0.06666667,0.05921383
1104,0.99627286,False,Type 2 alveolar,Type 2 alveolar,0.033333335,0.040787563,0.46666667,0.4649751,0.36666667,0.36506703,0.13333334,0.12917033
189,0.9962617,False,Type 2 alveolar,Type 2 alveolar,0.38709676,0.38414297,0.41935483,0.4149677,0.09677419,0.096638545,0.09677419,0.10425082
3284,0.9962589,False,Luminal_Macrophages,Luminal_Macrophages,0.31034482,0.3166075,0.13793103,0.13291936,0.2413793,0.24259882,0.31034482,0.30787432
2052,0.99625885,False,Fibroblasts,Fibroblasts,0.033333335,0.031741135,0.36666667,0.37414902,0.5,0.49704957,0.1,0.0970603
138,0.9962557,False,Type 2 alveolar,Type 2 alveolar,0.033333335,0.038960297,0.46666667,0.46852833,0.36666667,0.36418855,0.13333334,0.1283228
1468,0.99625254,False,Luminal_Macrophages,Luminal_Macrophages,0.33333334,0.3408283,0.13333334,0.13322076,0.2,0.19525631,0.33333334,0.33069465
4389,0.9962524,False,Fibroblasts,Fibroblasts,0.1,0.09816386,0.1,0.09434097,0.6,0.60483676,0.2,0.20265846
2685,0.99625075,False,Type 2 alveolar,Dendritic cells,0.06666667,0.061237797,0.33333334,0.3312637,0.26666668,0.27190456,0.33333334,0.33559388
2954,0.99624294,False,Fibroblasts,Fibroblasts,0.16129032,0.16857207,0.38709676,0.3862478,0.41935483,0.4126897,0.032258064,0.03249043
3508,0.9962425,False,Luminal_Macrophages,Luminal_Macrophages,0.33333334,0.34084824,0.13333334,0.12990871,0.23333333,0.23016976,0.3,0.29907325
2747,0.996242,False,Type 2 alveolar,Type 2 alveolar,0.06666667,0.06825337,0.4,0.40533006,0.36666667,0.36726588,0.16666667,0.15915069
634,0.9962413,False,Type 2 alveolar,Type 2 alveolar,0.20689656,0.2050083,0.31034482,0.31226715,0.2413793,0.23575011,0.2413793,0.24697445
3377,0.9962394,False,Dendritic cells,Dendritic cells,0.19354838,0.19782914,0.032258064,0.035498455,0.32258064,0.3184852,0.4516129,0.44818717
4053,0.9962316,False,Type 2 alveolar,Type 2 alveolar,0.2,0.19924425,0.33333334,0.3270165,0.23333333,0.23286918,0.23333333,0.24087007
1618,0.9962279,False,Luminal_Macrophages,Type 2 alveolar,0.4,0.39351094,0.4,0.40011227,0.16666667,0.17409852,0.033333335,0.032278232
3768,0.9962258,False,Dendritic cells,Dendritic cells,0.2,0.20636351,0.033333335,0.034518234,0.36666667,0.36243227,0.4,0.39668602
4256,0.99622566,False,Dendritic cells,Dendritic cells,0.16666667,0.17421538,0.13333334,0.13140929,0.33333334,0.33105424,0.36666667,0.36332113
4732,0.9962243,False,Luminal_Macrophages,Luminal_Macrophages,0.43333334,0.4406887,0.06666667,0.06633994,0.06666667,0.06686272,0.43333334,0.42610863
1828,0.99621725,False,Fibroblasts,Fibroblasts,0.033333335,0.03523331,0.06666667,0.06034654,0.46666667,0.46542138,0.43333334,0.43899882
1498,0.9962151,False,Type 2 alveolar,Type 2 alveolar,0.26666668,0.26904818,0.3,0.30253625,0.2,0.1924302,0.23333333,0.23598532
1444,0.9962143,False,Luminal_Macrophages,Luminal_Macrophages,0.41935483,0.4208747,0.06451613,0.064602345,0.38709676,0.37952527,0.12903225,0.13499764
4625,0.9962076,False,Luminal_Macrophages,Luminal_Macrophages,0.3,0.30758482,0.26666668,0.2657971,0.3,0.2955825,0.13333334,0.13103561
4117,0.99620545,False,Luminal_Macrophages,Luminal_Macrophages,0.36666667,0.37009954,0.23333333,0.22613536,0.23333333,0.23748949,0.16666667,0.16627555
322,0.9962036,False,Type 2 alveolar,Type 2 alveolar,0.23333333,0.23400624,0.3,0.2978244,0.23333333,0.22791614,0.23333333,0.24025324
2734,0.9962013,False,Luminal_Macrophages,Luminal_Macrophages,0.4,0.3995343,0.033333335,0.040930826,0.16666667,0.16554594,0.4,0.39398897
599,0.9961917,False,Dendritic cells,Dendritic cells,0.27586207,0.28347877,0.2413793,0.2388789,0.1724138,0.17071034,0.31034482,0.30693203
3722,0.99618995,False,Dendritic cells,Dendritic cells,0.23333333,0.2275466,0.2,0.19816661,0.26666668,0.27299768,0.3,0.30128914
2942,0.9961742,False,Dendritic cells,Dendritic cells,0.06896552,0.06141718,0.31034482,0.31546172,0.27586207,0.27839673,0.3448276,0.3447244
1028,0.9961739,False,Luminal_Macrophages,Luminal_Macrophages,0.36666667,0.36663207,0.3,0.30765212,0.26666668,0.26505098,0.06666667,0.06066477
994,0.99617344,False,Dendritic cells,Dendritic cells,0.2,0.19807547,0.26666668,0.2737167,0.2,0.20060304,0.33333334,0.32760477
1350,0.99617004,False,Luminal_Macrophages,Luminal_Macrophages,0.36666667,0.37142348,0.3,0.30034125,0.06666667,0.059006743,0.26666668,0.26922855
2251,0.99616414,False,Luminal_Macrophages,Luminal_Macrophages,0.4516129,0.45197335,0.09677419,0.091928676,0.32258064,0.32989198,0.12903225,0.12620606
3938,0.996162,False,Dendritic cells,Dendritic cells,0.06666667,0.068951085,0.3,0.30539158,0.3,0.29775405,0.33333334,0.32790327
333,0.9961583,False,Dendritic cells,Dendritic cells,0.26666668,0.2743501,0.3,0.29892924,0.06666667,0.06666638,0.36666667,0.36005425
2476,0.9961569,False,Dendritic cells,Dendritic cells,0.26666668,0.2684411,0.23333333,0.23814774,0.2,0.19231369,0.3,0.30109748
3082,0.9961542,False,Luminal_Macrophages,Luminal_Macrophages,0.6333333,0.6342188,0.1,0.09345816,0.06666667,0.065516904,0.2,0.20680611
3200,0.9961505,False,Type 2 alveolar,Type 2 alveolar,0.3,0.30059528,0.33333334,0.32977775,0.26666668,0.2737704,0.1,0.09585654
2652,0.99614775,False,Type 2 alveolar,Type 2 alveolar,0.22580644,0.23343202,0.516129,0.51620793,0.12903225,0.12300491,0.12903225,0.12735513
3056,0.9961453,False,Luminal_Macrophages,Luminal_Macrophages,0.32258064,0.31791925,0.29032257,0.29803196,0.29032257,0.2888204,0.09677419,0.09522841
3400,0.99614483,False,Type 2 alveolar,Type 2 alveolar,0.10344828,0.1091698,0.41379312,0.415782,0.37931034,0.372552,0.10344828,0.10249625
842,0.9961414,False,Fibroblasts,Fibroblasts,0.2,0.20771722,0.26666668,0.2655644,0.3,0.29877362,0.23333333,0.22794473
2569,0.9961379,False,Luminal_Macrophages,Luminal_Macrophages,0.3548387,0.35360074,0.19354838,0.1937948,0.29032257,0.2978004,0.16129032,0.15480414
3266,0.99613756,False,Luminal_Macrophages,Luminal_Macrophages,0.4,0.4009657,0.16666667,0.17342588,0.4,0.39555067,0.033333335,0.030057732
3345,0.99613583,False,Type 2 alveolar,Type 2 alveolar,0.033333335,0.037614934,0.43333334,0.42762488,0.33333334,0.3313134,0.2,0.20344679
4048,0.9961319,False,Fibroblasts,Fibroblasts,0.2,0.20773624,0.2,0.19866897,0.3,0.2968023,0.3,0.2967925
3450,0.9961231,False,Luminal_Macrophages,Dendritic cells,0.33333334,0.33589938,0.16666667,0.16913258,0.16666667,0.15891278,0.33333334,0.33605528
2019,0.9961224,False,Luminal_Macrophages,Luminal_Macrophages,0.43333334,0.42839846,0.33333334,0.33716828,0.16666667,0.16384634,0.06666667,0.07058696
3570,0.9961219,False,Luminal_Macrophages,Luminal_Macrophages,0.33333334,0.34108952,0.2,0.19978514,0.13333334,0.12620398,0.33333334,0.33292133
93,0.9961181,False,Type 2 alveolar,Type 2 alveolar,0.06896552,0.074968494,0.37931034,0.37313133,0.20689656,0.20865728,0.3448276,0.34324288
4320,0.9961122,False,Luminal_Macrophages,Luminal_Macrophages,0.29032257,0.28791603,0.2580645,0.25778797,0.19354838,0.18845595,0.2580645,0.26584005
3204,0.99611175,False,Luminal_Macrophages,Luminal_Macrophages,0.4,0.3979021,0.06666667,0.0635782,0.3,0.29740992,0.23333333,0.24110976
30,0.9961083,False,Luminal_Macrophages,Luminal_Macrophages,0.3,0.3040868,0.2,0.19654319,0.2,0.19567338,0.3,0.30369663
567,0.9961028,False,Luminal_Macrophages,Luminal_Macrophages,0.4516129,0.45940724,0.06451613,0.05804251,0.38709676,0.3867844,0.09677419,0.09576587
18,0.9961002,False,Type 2 alveolar,Type 2 alveolar,0.26666668,0.27294466,0.3,0.30152166,0.26666668,0.26124328,0.16666667,0.1642904
1467,0.996099,False,Fibroblasts,Dendritic cells,0.032258064,0.03566714,0.06451613,0.06343331,0.4516129,0.44489366,0.4516129,0.4560059
1839,0.9960934,False,Luminal_Macrophages,Luminal_Macrophages,0.3548387,0.35869378,0.3548387,0.350938,0.19354838,0.19750656,0.09677419,0.09286162
2760,0.99608797,False,Dendritic cells,Dendritic cells,0.27586207,0.28284335,0.06896552,0.064974345,0.10344828,0.099615335,0.55172414,0.55256695
1181,0.99608773,False,Luminal_Macrophages,Dendritic cells,0.26666668,0.26934004,0.26666668,0.26858813,0.2,0.19217543,0.26666668,0.26989642
963,0.996087,False,Fibroblasts,Dendritic cells,0.13333334,0.1400557,0.2,0.19605847,0.33333334,0.3294489,0.33333334,0.3344369
4656,0.99608564,False,Type 2 alveolar,Type 2 alveolar,0.2,0.20467082,0.3,0.30315787,0.2,0.19511674,0.3,0.29705462
3744,0.9960849,False,Luminal_Macrophages,Luminal_Macrophages,0.31034482,0.31464076,0.2413793,0.2449135,0.13793103,0.1358036,0.31034482,0.3046421
431,0.9960764,False,Type 2 alveolar,Type 2 alveolar,0.1,0.09561675,0.6,0.6015014,0.1,0.096536115,0.2,0.20634578
2994,0.99607265,False,Fibroblasts,Fibroblasts,0.12903225,0.13688695,0.09677419,0.08928896,0.38709676,0.3870619,0.38709676,0.3867622
2749,0.9960715,False,Dendritic cells,Dendritic cells,0.19354838,0.19393711,0.09677419,0.09132308,0.32258064,0.33004892,0.38709676,0.3846909
2125,0.9960678,False,Luminal_Macrophages,Luminal_Macrophages,0.3448276,0.34641802,0.20689656,0.21317045,0.3448276,0.33721375,0.10344828,0.10319776
1174,0.99606645,False,Fibroblasts,Fibroblasts,0.06666667,0.060671516,0.23333333,0.23685427,0.6,0.5981281,0.1,0.10434615
1190,0.99606335,False,Luminal_Macrophages,Luminal_Macrophages,0.33333334,0.3308539,0.23333333,0.23308304,0.26666668,0.27453992,0.16666667,0.16152312
3706,0.9960601,False,Luminal_Macrophages,Luminal_Macrophages,0.33333334,0.3342065,0.26666668,0.27176112,0.26666668,0.26857892,0.13333334,0.12545343
1791,0.9960556,False,Dendritic cells,Dendritic cells,0.20689656,0.21156406,0.27586207,0.27758065,0.20689656,0.20839919,0.31034482,0.30245605
115,0.99605244,False,Type 2 alveolar,Type 2 alveolar,0.3,0.3056134,0.33333334,0.3297765,0.26666668,0.26894835,0.1,0.09566171
2887,0.9960479,False,Type 2 alveolar,Type 2 alveolar,0.033333335,0.04123749,0.46666667,0.46499678,0.13333334,0.13134106,0.36666667,0.3624247
2200,0.9960474,False,Luminal_Macrophages,Luminal_Macrophages,0.3,0.30790526,0.23333333,0.23116864,0.16666667,0.16144685,0.3,0.29947925
3362,0.99603784,False,Dendritic cells,Dendritic cells,0.26666668,0.27459103,0.23333333,0.23241347,0.2,0.19509813,0.3,0.29789737
4530,0.99603766,False,Luminal_Macrophages,Luminal_Macrophages,0.3,0.29359895,0.16666667,0.16514304,0.26666668,0.2680115,0.26666668,0.27324647
1595,0.99603724,False,Type 2 alveolar,Type 2 alveolar,0.20689656,0.20621374,0.3448276,0.3375849,0.20689656,0.2070757,0.2413793,0.24912567
1407,0.9960356,False,Dendritic cells,Dendritic cells,0.2,0.19207111,0.3,0.30206835,0.16666667,0.17157702,0.33333334,0.3342835
122,0.99603343,False,Fibroblasts,Fibroblasts,0.16666667,0.16404693,0.033333335,0.029819641,0.6666667,0.67459977,0.13333334,0.13153368
79,0.9960325,False,Luminal_Macrophages,Luminal_Macrophages,0.4,0.39468822,0.23333333,0.23071003,0.23333333,0.23629993,0.13333334,0.13830182
3263,0.99603087,False,Dendritic cells,Dendritic cells,0.06666667,0.06303312,0.23333333,0.23770966,0.33333334,0.33689532,0.36666667,0.36236194
58,0.9960236,False,Luminal_Macrophages,Luminal_Macrophages,0.38709676,0.38701805,0.032258064,0.040210873,0.19354838,0.19169325,0.38709676,0.3810778
314,0.9960234,False,Fibroblasts,Fibroblasts,0.33333334,0.33311105,0.13333334,0.12560248,0.5,0.5050598,0.033333335,0.036226626
3440,0.99602264,False,Luminal_Macrophages,Dendritic cells,0.37931034,0.372293,0.1724138,0.17718178,0.06896552,0.0680281,0.37931034,0.3824971
803,0.99602246,False,Dendritic cells,Dendritic cells,0.2413793,0.24926354,0.2413793,0.24145016,0.2413793,0.23586008,0.27586207,0.2734262
2391,0.99602234,False,Luminal_Macrophages,Luminal_Macrophages,0.3448276,0.34663892,0.3448276,0.34128526,0.2413793,0.2475233,0.06896552,0.06455257
4271,0.99602175,False,Luminal_Macrophages,Luminal_Macrophages,0.32258064,0.33053717,0.32258064,0.3166459,0.2580645,0.2571512,0.09677419,0.09566573
1050,0.99601334,False,Luminal_Macrophages,Dendritic cells,0.33333334,0.32536003,0.3,0.30012104,0.033333335,0.033992052,0.33333334,0.34052697
684,0.9960132,False,Luminal_Macrophages,Luminal_Macrophages,0.36666667,0.36454606,0.16666667,0.16499062,0.3,0.30797356,0.16666667,0.16248976
387,0.9960107,False,Luminal_Macrophages,Dendritic cells,0.31034482,0.30687338,0.06896552,0.06962717,0.31034482,0.30583766,0.31034482,0.31766173
4463,0.9960106,False,Luminal_Macrophages,Luminal_Macrophages,0.38709676,0.38262638,0.22580644,0.222298,0.19354838,0.19424962,0.19354838,0.20082599
4386,0.9960085,False,Luminal_Macrophages,Luminal_Macrophages,0.4,0.40294516,0.033333335,0.032786038,0.3,0.2925644,0.26666668,0.27170447
2103,0.99600816,False,Luminal_Macrophages,Luminal_Macrophages,0.31034482,0.31745896,0.31034482,0.3102997,0.06896552,0.06102704,0.31034482,0.31121433
2811,0.99600255,False,Dendritic cells,Dendritic cells,0.03448276,0.03805258,0.13793103,0.1423561,0.3448276,0.34061104,0.4827586,0.4789803
4893,0.9959938,False,Luminal_Macrophages,Luminal_Macrophages,0.3,0.30065054,0.26666668,0.26207152,0.23333333,0.22991613,0.2,0.20736185
1636,0.99599224,False,Fibroblasts,Dendritic cells,0.26666668,0.27468216,0.13333334,0.13030289,0.3,0.29705003,0.3,0.2979649
3064,0.9959861,False,Luminal_Macrophages,Luminal_Macrophages,0.26666668,0.26575568,0.23333333,0.22834834,0.26666668,0.26453483,0.23333333,0.24136116
3040,0.9959797,False,Dendritic cells,Dendritic cells,0.1,0.09978856,0.26666668,0.27470726,0.3,0.29998395,0.33333334,0.32552025
2552,0.99597925,False,Type 2 alveolar,Type 2 alveolar,0.3,0.30804148,0.33333334,0.33281,0.16666667,0.1633443,0.2,0.19580416
2441,0.9959777,False,Dendritic cells,Dendritic cells,0.26666668,0.27471128,0.1,0.09972898,0.3,0.29799518,0.33333334,0.32756454
3166,0.9959771,False,Type 2 alveolar,Type 2 alveolar,0.033333335,0.0349277,0.5,0.49778223,0.16666667,0.16083871,0.3,0.3064514
1322,0.9959755,False,Luminal_Macrophages,Luminal_Macrophages,0.43333334,0.42688575,0.033333335,0.0408175,0.3,0.30056483,0.23333333,0.2317319
577,0.99596614,False,Luminal_Macrophages,Luminal_Macrophages,0.41935483,0.41128707,0.19354838,0.19665661,0.32258064,0.32586288,0.06451613,0.06619338
2900,0.9959639,False,Luminal_Macrophages,Luminal_Macrophages,0.37931034,0.3715267,0.2413793,0.24870485,0.20689656,0.20660794,0.1724138,0.17316055
2826,0.9959604,False,Luminal_Macrophages,Luminal_Macrophages,0.6,0.59476626,0.26666668,0.27413023,0.1,0.097154595,0.033333335,0.033948958
3859,0.99595904,False,Luminal_Macrophages,Luminal_Macrophages,0.6,0.60259545,0.06666667,0.05858474,0.3,0.30117983,0.033333335,0.037639953
1102,0.9959587,False,Fibroblasts,Fibroblasts,0.03448276,0.04235457,0.03448276,0.034693595,0.55172414,0.54416233,0.37931034,0.37878948
4780,0.9959539,False,Type 2 alveolar,Type 2 alveolar,0.20689656,0.19880432,0.27586207,0.27923658,0.27586207,0.27920586,0.2413793,0.24275321
3396,0.9959531,False,Fibroblasts,Fibroblasts,0.10344828,0.106957525,0.13793103,0.13907246,0.41379312,0.40569922,0.3448276,0.34827077
4993,0.99595165,False,Fibroblasts,Dendritic cells,0.23333333,0.23026982,0.16666667,0.17476335,0.3,0.2973198,0.3,0.29764703
4076,0.99595064,False,Luminal_Macrophages,Luminal_Macrophages,0.26666668,0.27476197,0.23333333,0.23333675,0.26666668,0.26135126,0.23333333,0.23054998
3782,0.9959499,False,Type 2 alveolar,Type 2 alveolar,0.12903225,0.1295249,0.32258064,0.31448045,0.2580645,0.25858945,0.29032257,0.29740518
893,0.99594957,False,Type 2 alveolar,Type 2 alveolar,0.033333335,0.039203517,0.4,0.39307445,0.2,0.2022306,0.36666667,0.3654914
2831,0.9959457,False,Luminal_Macrophages,Luminal_Macrophages,0.3,0.3038769,0.23333333,0.22840562,0.3,0.29681912,0.16666667,0.17089833
4645,0.9959447,False,Luminal_Macrophages,Luminal_Macrophages,0.3548387,0.35304007,0.16129032,0.15497826,0.2580645,0.2635862,0.22580644,0.22839543
1563,0.9959411,False,Dendritic cells,Dendritic cells,0.19354838,0.19577898,0.19354838,0.1984791,0.29032257,0.29127908,0.32258064,0.31446287
3414,0.9959383,False,Type 2 alveolar,Type 2 alveolar,0.22580644,0.23360576,0.3548387,0.35516283,0.32258064,0.31623122,0.09677419,0.09500015
3236,0.9959343,False,Luminal_Macrophages,Luminal_Macrophages,0.37931034,0.37535146,0.3448276,0.34065506,0.20689656,0.21090733,0.06896552,0.07308613
1939,0.9959316,False,Fibroblasts,Fibroblasts,0.1,0.09310396,0.33333334,0.33996364,0.53333336,0.5348398,0.033333335,0.032092575
4327,0.9959279,False,Fibroblasts,Fibroblasts,0.03448276,0.036423817,0.10344828,0.0963389,0.44827586,0.44724092,0.41379312,0.41999632
2099,0.99592775,False,Luminal_Macrophages,Type 2 alveolar,0.3,0.29931647,0.3,0.30247575,0.13333334,0.12587242,0.26666668,0.27233538
1654,0.9959181,False,Type 2 alveolar,Type 2 alveolar,0.33333334,0.34149718,0.43333334,0.4322843,0.16666667,0.1638526,0.06666667,0.06236591
2832,0.99591255,False,Dendritic cells,Dendritic cells,0.16666667,0.17101818,0.13333334,0.12773265,0.33333334,0.33715674,0.36666667,0.36409244
4121,0.9959119,False,Dendritic cells,Dendritic cells,0.16666667,0.17274389,0.033333335,0.035432357,0.33333334,0.3331852,0.46666667,0.45863858
2511,0.99591094,False,Type 2 alveolar,Type 2 alveolar,0.06666667,0.070867665,0.4,0.40397707,0.4,0.39346293,0.13333334,0.1316923
3935,0.99590915,False,Fibroblasts,Fibroblasts,0.2,0.19870538,0.26666668,0.27484837,0.3,0.29569086,0.23333333,0.23075537
2627,0.99589884,False,Luminal_Macrophages,Luminal_Macrophages,0.4516129,0.4480919,0.12903225,0.124351054,0.22580644,0.23345813,0.19354838,0.19409901
2972,0.9958921,False,Fibroblasts,Fibroblasts,0.06666667,0.071348965,0.16666667,0.16749172,0.4,0.39178422,0.36666667,0.36937514
1083,0.99589175,False,Fibroblasts,Fibroblasts,0.20689656,0.21240024,0.20689656,0.2096094,0.51724136,0.5109507,0.06896552,0.06703972
1549,0.9958911,False,Type 2 alveolar,Type 2 alveolar,0.31034482,0.31856263,0.44827586,0.4460269,0.10344828,0.0995365,0.13793103,0.13587391
930,0.99589086,False,Type 2 alveolar,Type 2 alveolar,0.16666667,0.17442295,0.33333334,0.33379537,0.16666667,0.16264687,0.33333334,0.3291348
4305,0.99588996,False,Luminal_Macrophages,Luminal_Macrophages,0.3548387,0.35898837,0.32258064,0.32665104,0.12903225,0.12330734,0.19354838,0.19105321
177,0.99588865,False,Type 2 alveolar,Fibroblasts,0.16666667,0.17335612,0.3,0.29307434,0.3,0.29870299,0.23333333,0.23486656
4878,0.99588376,False,Fibroblasts,Fibroblasts,0.2413793,0.24834344,0.2413793,0.23951803,0.31034482,0.3039736,0.20689656,0.20816495
1726,0.99588346,False,Dendritic cells,Dendritic cells,0.13333334,0.13763754,0.2,0.20392896,0.16666667,0.16441067,0.5,0.49402294
1250,0.9958773,False,Luminal_Macrophages,Luminal_Macrophages,0.33333334,0.32678095,0.16666667,0.17250437,0.23333333,0.23574103,0.26666668,0.2649737
3222,0.9958764,False,Dendritic cells,Dendritic cells,0.22580644,0.22514442,0.2580645,0.26631176,0.22580644,0.22016773,0.29032257,0.28837612
2458,0.99587065,False,Luminal_Macrophages,Type 2 alveolar,0.4,0.3971175,0.4,0.40005586,0.1,0.094623856,0.1,0.108202845
887,0.99587053,False,Fibroblasts,Dendritic cells,0.13333334,0.14159228,0.26666668,0.26664656,0.3,0.29430613,0.3,0.29745504
2492,0.9958691,False,Fibroblasts,Fibroblasts,0.1,0.094328515,0.2,0.1989153,0.36666667,0.36516106,0.33333334,0.34159508
2857,0.99586636,False,Luminal_Macrophages,Luminal_Macrophages,0.46666667,0.4583994,0.3,0.30127394,0.2,0.20300567,0.033333335,0.037321042
4273,0.99585736,False,Fibroblasts,Dendritic cells,0.10344828,0.10599229,0.20689656,0.2111246,0.3448276,0.33654222,0.3448276,0.34634084
3863,0.99585354,False,Luminal_Macrophages,Luminal_Macrophages,0.26666668,0.27017757,0.26666668,0.26424363,0.26666668,0.26079676,0.2,0.20478205
3694,0.99584883,False,Type 2 alveolar,Type 2 alveolar,0.033333335,0.03847388,0.56666666,0.5583644,0.033333335,0.033528958,0.36666667,0.3696328
23,0.99584186,False,Type 2 alveolar,Type 2 alveolar,0.09677419,0.100810885,0.4516129,0.44343054,0.032258064,0.03212411,0.41935483,0.42363438
4728,0.99583447,False,Fibroblasts,Fibroblasts,0.1724138,0.17947118,0.03448276,0.035756424,0.41379312,0.40680274,0.37931034,0.37796962
1763,0.99583215,False,Fibroblasts,Fibroblasts,0.19354838,0.19514146,0.2580645,0.26480716,0.29032257,0.28375387,0.2580645,0.25629753
4900,0.9958321,False,Luminal_Macrophages,Luminal_Macrophages,0.33333334,0.3367412,0.23333333,0.23406771,0.2,0.19166419,0.23333333,0.23752691
3926,0.9958214,False,Luminal_Macrophages,Luminal_Macrophages,0.33333334,0.33190805,0.23333333,0.23380454,0.16666667,0.15973477,0.26666668,0.27455267
2132,0.99581975,False,Luminal_Macrophages,Luminal_Macrophages,0.3,0.30576798,0.23333333,0.2303322,0.3,0.2946406,0.16666667,0.16925915
839,0.99581873,False,Fibroblasts,Fibroblasts,0.2,0.19715612,0.26666668,0.27414033,0.3,0.29448137,0.23333333,0.23422217
2466,0.9958139,False,Dendritic cells,Dendritic cells,0.1,0.10266881,0.16666667,0.16866581,0.13333334,0.124961175,0.6,0.6037042
1255,0.99580824,False,Type 2 alveolar,Type 2 alveolar,0.16666667,0.16828017,0.3,0.29472265,0.26666668,0.26356053,0.26666668,0.27343667
3341,0.99580544,False,Fibroblasts,Fibroblasts,0.06666667,0.06722381,0.4,0.40783203,0.43333334,0.42952633,0.1,0.09541792
3403,0.9958024,False,Luminal_Macrophages,Luminal_Macrophages,0.3448276,0.34191886,0.1724138,0.17303911,0.2413793,0.23589285,0.2413793,0.24914917
3152,0.9958019,False,Dendritic cells,Dendritic cells,0.13333334,0.13562456,0.033333335,0.03943829,0.4,0.3932221,0.43333334,0.4317151
4044,0.9958,False,Fibroblasts,Fibroblasts,0.26666668,0.2723184,0.26666668,0.2667762,0.3,0.29160002,0.16666667,0.16930538
990,0.99579734,False,Luminal_Macrophages,Luminal_Macrophages,0.33333334,0.33691052,0.3,0.30117252,0.06666667,0.058261428,0.3,0.30365562
3506,0.995791,False,Type 2 alveolar,Type 2 alveolar,0.26666668,0.27030414,0.5,0.49316832,0.1,0.09841368,0.13333334,0.13811389
2992,0.99578935,False,Dendritic cells,Dendritic cells,0.16666667,0.17446858,0.26666668,0.26728606,0.2,0.19858332,0.36666667,0.3596621
799,0.99578923,False,Luminal_Macrophages,Luminal_Macrophages,0.36666667,0.3737215,0.2,0.19808996,0.1,0.0934885,0.33333334,0.33470005
4967,0.99577224,False,Type 2 alveolar,Type 2 alveolar,0.09677419,0.10187087,0.4516129,0.45388627,0.3548387,0.35592413,0.09677419,0.08831877
2633,0.9957717,False,Type 2 alveolar,Type 2 alveolar,0.19354838,0.19355533,0.38709676,0.37864017,0.29032257,0.29814264,0.12903225,0.12966184
2885,0.99576664,False,Fibroblasts,Fibroblasts,0.032258064,0.040724862,0.09677419,0.09648298,0.48387095,0.47799677,0.38709676,0.3847955
2326,0.9957649,False,Luminal_Macrophages,Luminal_Macrophages,0.31034482,0.31266037,0.2413793,0.24543613,0.31034482,0.30187467,0.13793103,0.14002883
1697,0.99576306,False,Fibroblasts,Dendritic cells,0.16666667,0.1751405,0.23333333,0.23101145,0.3,0.29565093,0.3,0.29819712
2497,0.9957619,False,Fibroblasts,Fibroblasts,0.033333335,0.0332676,0.1,0.09158943,0.6666667,0.67491204,0.2,0.20023094
423,0.9957618,False,Dendritic cells,Dendritic cells,0.37931034,0.3830064,0.03448276,0.03926307,0.13793103,0.13441491,0.44827586,0.44331554
4040,0.995756,False,Luminal_Macrophages,Luminal_Macrophages,0.33333334,0.3388894,0.33333334,0.32912198,0.26666668,0.26959863,0.06666667,0.062389985
116,0.9957524,False,Luminal_Macrophages,Luminal_Macrophages,0.33333334,0.3418285,0.1,0.09302502,0.3,0.2988157,0.26666668,0.26633078
3207,0.9957438,False,Type 2 alveolar,Type 2 alveolar,0.20689656,0.21530733,0.3448276,0.3411872,0.10344828,0.10354986,0.3448276,0.33995563
59,0.9957375,False,Dendritic cells,Dendritic cells,0.033333335,0.041858364,0.13333334,0.13152425,0.33333334,0.33171928,0.5,0.49489817
3258,0.9957366,False,Luminal_Macrophages,Luminal_Macrophages,0.3,0.2963013,0.23333333,0.23928791,0.23333333,0.22850516,0.23333333,0.23590559
1550,0.99573314,False,Fibroblasts,Fibroblasts,0.23333333,0.23917742,0.26666668,0.26935634,0.3,0.2951669,0.2,0.19629934
4534,0.9957317,False,Luminal_Macrophages,Luminal_Macrophages,0.36666667,0.37341028,0.2,0.1937142,0.1,0.09774928,0.33333334,0.33512625
223,0.99572974,False,Fibroblasts,Dendritic cells,0.16129032,0.16983084,0.19354838,0.19255234,0.32258064,0.31542337,0.32258064,0.3221934
3212,0.9957259,False,Luminal_Macrophages,Type 2 alveolar,0.33333334,0.33141905,0.33333334,0.33157885,0.26666668,0.27521482,0.06666667,0.06178736
3157,0.99572515,False,Fibroblasts,Fibroblasts,0.03448276,0.04116893,0.37931034,0.37959367,0.55172414,0.5431744,0.03448276,0.036063004
1332,0.9957198,False,Luminal_Macrophages,Dendritic cells,0.33333334,0.3280404,0.033333335,0.041605413,0.3,0.29673252,0.33333334,0.33362168
4107,0.9957191,False,Type 2 alveolar,Type 2 alveolar,0.23333333,0.2266757,0.3,0.299017,0.26666668,0.26574546,0.2,0.20856181
4631,0.9957169,False,Luminal_Macrophages,Luminal_Macrophages,0.56666666,0.5615495,0.23333333,0.24138719,0.13333334,0.1298844,0.06666667,0.06717891
767,0.9957129,False,Luminal_Macrophages,Luminal_Macrophages,0.3448276,0.34417135,0.13793103,0.13001308,0.27586207,0.28171557,0.2413793,0.24409997
3872,0.99570924,False,Luminal_Macrophages,Luminal_Macrophages,0.36666667,0.3650951,0.2,0.20858155,0.06666667,0.06258353,0.36666667,0.36373985
1305,0.9957079,False,Luminal_Macrophages,Luminal_Macrophages,0.33333334,0.3260997,0.1,0.10779491,0.3,0.30078924,0.26666668,0.26531616
445,0.9957075,False,Luminal_Macrophages,Luminal_Macrophages,0.43333334,0.42479467,0.06666667,0.07114475,0.16666667,0.16662036,0.33333334,0.33744022
1274,0.99570614,False,Luminal_Macrophages,Dendritic cells,0.33333334,0.33073848,0.3,0.2940071,0.033333335,0.03952295,0.33333334,0.33573142
41,0.99570495,False,Type 2 alveolar,Type 2 alveolar,0.23333333,0.24192348,0.3,0.29837725,0.16666667,0.16374111,0.3,0.2959582
3053,0.9957035,False,Type 2 alveolar,Type 2 alveolar,0.23333333,0.22665793,0.3,0.30385533,0.2,0.19808242,0.26666668,0.27140436
4640,0.995703,False,Luminal_Macrophages,Luminal_Macrophages,0.43333334,0.43881634,0.06666667,0.069777675,0.1,0.09666302,0.4,0.39474294
484,0.9956983,False,Luminal_Macrophages,Luminal_Macrophages,0.3,0.30655456,0.3,0.2994909,0.1,0.09190567,0.3,0.30204883
2397,0.995697,False,Type 2 alveolar,Type 2 alveolar,0.2413793,0.24480145,0.3448276,0.33925468,0.27586207,0.2810459,0.13793103,0.13489792
507,0.9956965,False,Luminal_Macrophages,Luminal_Macrophages,0.4,0.3987962,0.13333334,0.13303785,0.13333334,0.12622555,0.33333334,0.3419404
760,0.9956891,False,Fibroblasts,Fibroblasts,0.16666667,0.17374022,0.033333335,0.03205964,0.43333334,0.42598525,0.36666667,0.3682149
886,0.9956773,False,Type 2 alveolar,Type 2 alveolar,0.06666667,0.05802121,0.4,0.40072772,0.3,0.30152667,0.23333333,0.23972438
982,0.99567246,False,Type 2 alveolar,Type 2 alveolar,0.16666667,0.17524457,0.4,0.40007722,0.36666667,0.35930675,0.06666667,0.06537151
2556,0.9956722,False,Luminal_Macrophages,Luminal_Macrophages,0.4,0.4086556,0.36666667,0.36599272,0.13333334,0.13014498,0.1,0.09520671
3241,0.99566984,False,Luminal_Macrophages,Luminal_Macrophages,0.33333334,0.3347567,0.33333334,0.3298925,0.26666668,0.27390355,0.06666667,0.061447226
4555,0.99565965,False,Dendritic cells,Dendritic cells,0.16666667,0.16910425,0.23333333,0.23255566,0.26666668,0.27290985,0.33333334,0.32543027
4274,0.99565893,False,Dendritic cells,Dendritic cells,0.1,0.10451817,0.33333334,0.3374973,0.13333334,0.1264338,0.43333334,0.43155077
209,0.9956585,False,Dendritic cells,Dendritic cells,0.19354838,0.19925188,0.19354838,0.1941633,0.29032257,0.2926872,0.32258064,0.31389764
837,0.9956585,False,Dendritic cells,Dendritic cells,0.36666667,0.37534967,0.13333334,0.1308686,0.06666667,0.06577848,0.43333334,0.42800325
550,0.9956567,False,Dendritic cells,Dendritic cells,0.033333335,0.037655506,0.13333334,0.12734725,0.2,0.1972995,0.6333333,0.63769776
2207,0.99565566,False,Type 2 alveolar,Type 2 alveolar,0.2,0.20155358,0.46666667,0.45797804,0.16666667,0.1737054,0.16666667,0.166763
817,0.9956534,False,Type 2 alveolar,Type 2 alveolar,0.23333333,0.23435795,0.3,0.30188933,0.23333333,0.22464015,0.23333333,0.23911257
905,0.9956533,False,Luminal_Macrophages,Luminal_Macrophages,0.67741936,0.67566955,0.09677419,0.09348744,0.09677419,0.09311732,0.12903225,0.13772568
2624,0.99565154,False,Type 2 alveolar,Type 2 alveolar,0.3,0.30792928,0.33333334,0.33247915,0.23333333,0.23410097,0.13333334,0.12549059
2841,0.99564517,False,Type 2 alveolar,Type 2 alveolar,0.1,0.103240006,0.46666667,0.46759027,0.33333334,0.33787942,0.1,0.09129033
415,0.995638,False,Fibroblasts,Fibroblasts,0.06896552,0.06930385,0.37931034,0.387696,0.41379312,0.4081826,0.13793103,0.1348176
4829,0.99563646,False,Type 2 alveolar,Type 2 alveolar,0.09677419,0.10009833,0.4516129,0.45045418,0.06451613,0.056947734,0.38709676,0.3924997
3123,0.99563617,False,Dendritic cells,Dendritic cells,0.26666668,0.27185407,0.33333334,0.32568693,0.033333335,0.036873683,0.36666667,0.3655854
2871,0.99563485,False,Type 2 alveolar,Type 2 alveolar,0.033333335,0.041560914,0.4,0.40050265,0.16666667,0.16251205,0.4,0.39542434
2126,0.9956288,False,Fibroblasts,Fibroblasts,0.13333334,0.14207579,0.2,0.19604966,0.53333336,0.52980274,0.13333334,0.13207178
3774,0.99562466,False,Luminal_Macrophages,Luminal_Macrophages,0.36666667,0.36852852,0.2,0.20504884,0.36666667,0.35791606,0.06666667,0.06850665
1786,0.9956189,False,Luminal_Macrophages,Luminal_Macrophages,0.33333334,0.33439285,0.13333334,0.13723257,0.2,0.20380358,0.33333334,0.32457107
1971,0.9956184,False,Fibroblasts,Dendritic cells,0.13793103,0.14220475,0.2413793,0.24099547,0.31034482,0.30196548,0.31034482,0.31483436
2587,0.9956123,False,Luminal_Macrophages,Luminal_Macrophages,0.38709676,0.39546722,0.32258064,0.31742337,0.22580644,0.2262113,0.06451613,0.06089808
318,0.99561024,False,Type 2 alveolar,Type 2 alveolar,0.2,0.20382197,0.43333334,0.42455375,0.33333334,0.33639798,0.033333335,0.03522627
3538,0.99560905,False,Fibroblasts,Fibroblasts,0.20689656,0.2063817,0.27586207,0.28386673,0.31034482,0.30207777,0.20689656,0.20767385
4166,0.9956065,False,Luminal_Macrophages,Luminal_Macrophages,0.33333334,0.33080336,0.23333333,0.22707623,0.26666668,0.2748702,0.16666667,0.1672502
3719,0.9955979,False,Luminal_Macrophages,Luminal_Macrophages,0.3448276,0.346749,0.10344828,0.094644055,0.27586207,0.28057563,0.27586207,0.27803132
2778,0.9955952,False,Dendritic cells,Dendritic cells,0.06666667,0.061090533,0.1,0.1030338,0.36666667,0.3634332,0.46666667,0.4724425
3959,0.9955937,False,Luminal_Macrophages,Luminal_Macrophages,0.3,0.30263528,0.23333333,0.22562195,0.26666668,0.2655655,0.2,0.20617723
4219,0.9955928,False,Dendritic cells,Dendritic cells,0.10344828,0.0970272,0.10344828,0.10105492,0.3448276,0.34818,0.44827586,0.45373788
4681,0.99559176,False,Fibroblasts,Fibroblasts,0.13333334,0.14075965,0.23333333,0.22821212,0.56666666,0.56805676,0.06666667,0.062971435
1430,0.9955907,False,Dendritic cells,Dendritic cells,0.06666667,0.061318845,0.36666667,0.3709407,0.13333334,0.12986246,0.43333334,0.43787798
1202,0.99558014,False,Luminal_Macrophages,Luminal_Macrophages,0.46666667,0.46557575,0.3,0.3088397,0.16666667,0.16232489,0.06666667,0.06325964
1516,0.99557656,False,Type 2 alveolar,Type 2 alveolar,0.23333333,0.23659305,0.3,0.30558723,0.23333333,0.22991917,0.23333333,0.2279006
3328,0.9955748,False,Fibroblasts,Fibroblasts,0.033333335,0.039996024,0.033333335,0.035521116,0.53333336,0.52518815,0.4,0.3992947
4240,0.9955735,False,Luminal_Macrophages,Luminal_Macrophages,0.33333334,0.34218636,0.33333334,0.3311723,0.23333333,0.2312167,0.1,0.09542469
1667,0.9955727,False,Dendritic cells,Dendritic cells,0.16666667,0.17022437,0.3,0.305297,0.033333335,0.029482592,0.5,0.49499604
1386,0.9955707,False,Type 2 alveolar,Type 2 alveolar,0.06896552,0.07019161,0.41379312,0.40801543,0.1724138,0.16933292,0.3448276,0.35246003
515,0.995563,False,Type 2 alveolar,Type 2 alveolar,0.23333333,0.241075,0.3,0.3008994,0.3,0.29112595,0.16666667,0.16689964
2858,0.9955621,False,Luminal_Macrophages,Luminal_Macrophages,0.36666667,0.36380792,0.16666667,0.1606496,0.26666668,0.2748879,0.2,0.2006546
1226,0.99556035,False,Luminal_Macrophages,Luminal_Macrophages,0.31034482,0.3188467,0.1724138,0.16918844,0.20689656,0.207274,0.31034482,0.3046908
4176,0.99556017,False,Type 2 alveolar,Type 2 alveolar,0.2580645,0.2636559,0.61290324,0.6040236,0.032258064,0.03244846,0.09677419,0.099872105
4249,0.9955492,False,Type 2 alveolar,Type 2 alveolar,0.13333334,0.14223494,0.43333334,0.42773587,0.4,0.39893553,0.033333335,0.031093678
2231,0.99554724,False,Dendritic cells,Dendritic cells,0.1,0.10890559,0.36666667,0.3639229,0.06666667,0.0618835,0.46666667,0.46528807
4458,0.9955441,False,Fibroblasts,Fibroblasts,0.033333335,0.03502995,0.3,0.30721518,0.6,0.59565413,0.06666667,0.06210076
4374,0.9955412,False,Fibroblasts,Fibroblasts,0.26666668,0.2712916,0.26666668,0.2669317,0.3,0.29108235,0.16666667,0.17069426
4122,0.99554026,False,Type 2 alveolar,Type 2 alveolar,0.22580644,0.22799382,0.32258064,0.3163088,0.16129032,0.15864265,0.29032257,0.29705468
276,0.99553907,False,Fibroblasts,Fibroblasts,0.1,0.105784945,0.2,0.19573987,0.36666667,0.3620049,0.33333334,0.33647028
2893,0.9955359,False,Fibroblasts,Fibroblasts,0.26666668,0.27559486,0.23333333,0.23189415,0.3,0.2931493,0.2,0.19936164
1647,0.9955346,False,Dendritic cells,Dendritic cells,0.12903225,0.13796303,0.06451613,0.058007255,0.38709676,0.38486037,0.41935483,0.41916934
3516,0.9955312,False,Luminal_Macrophages,Luminal_Macrophages,0.3448276,0.35081005,0.31034482,0.31168765,0.1724138,0.17402613,0.1724138,0.16347615
43,0.99552405,False,Luminal_Macrophages,Dendritic cells,0.33333334,0.33581463,0.13333334,0.12529297,0.2,0.19908842,0.33333334,0.339804
1979,0.99551725,False,Dendritic cells,Dendritic cells,0.13333334,0.1389405,0.33333334,0.33669168,0.16666667,0.15901779,0.36666667,0.36534998
2590,0.9955168,False,Fibroblasts,Fibroblasts,0.2,0.20554791,0.1,0.09851337,0.5,0.49252015,0.2,0.20341855
1077,0.99551255,False,Type 2 alveolar,Type 2 alveolar,0.09677419,0.102749154,0.61290324,0.6086015,0.12903225,0.124359,0.16129032,0.1642903
2206,0.9955087,False,Luminal_Macrophages,Luminal_Macrophages,0.46666667,0.4715732,0.13333334,0.124644995,0.36666667,0.36637238,0.033333335,0.03740941
315,0.9955079,False,Luminal_Macrophages,Luminal_Macrophages,0.33333334,0.32524714,0.16666667,0.1700024,0.26666668,0.26576865,0.23333333,0.2389818
1052,0.9955073,False,Dendritic cells,Dendritic cells,0.1724138,0.18139918,0.1724138,0.17158718,0.31034482,0.30861863,0.3448276,0.33839497
1571,0.99550563,False,Luminal_Macrophages,Luminal_Macrophages,0.36666667,0.3754774,0.13333334,0.13167393,0.33333334,0.326004,0.16666667,0.16684473
1555,0.9955055,False,Luminal_Macrophages,Luminal_Macrophages,0.3,0.30525696,0.23333333,0.23058619,0.26666668,0.27039862,0.2,0.19375819
3185,0.99550396,False,Luminal_Macrophages,Dendritic cells,0.3,0.30358523,0.26666668,0.26712257,0.13333334,0.12434124,0.3,0.304951
2415,0.9954882,False,Fibroblasts,Fibroblasts,0.1724138,0.17079921,0.3448276,0.35385117,0.41379312,0.4067443,0.06896552,0.06860532
4014,0.99548626,False,Luminal_Macrophages,Luminal_Macrophages,0.32258064,0.32207906,0.29032257,0.29036614,0.09677419,0.08824827,0.29032257,0.29930654
4873,0.99548167,False,Luminal_Macrophages,Luminal_Macrophages,0.4,0.39506933,0.36666667,0.36632654,0.2,0.19623415,0.033333335,0.04236997
4731,0.995481,False,Luminal_Macrophages,Luminal_Macrophages,0.33333334,0.3338231,0.23333333,0.22500744,0.26666668,0.27521482,0.16666667,0.16595463
545,0.99547976,False,Type 2 alveolar,Type 2 alveolar,0.033333335,0.042373773,0.4,0.3932987,0.2,0.1992245,0.36666667,0.365103
2684,0.9954777,False,Type 2 alveolar,Type 2 alveolar,0.10344828,0.10771267,0.41379312,0.4074196,0.10344828,0.10077711,0.37931034,0.3840906
571,0.9954774,False,Luminal_Macrophages,Luminal_Macrophages,0.3548387,0.3530538,0.3548387,0.34757838,0.19354838,0.20100683,0.09677419,0.098360956
3646,0.995477,False,Luminal_Macrophages,Luminal_Macrophages,0.33333334,0.3423793,0.16666667,0.16599861,0.16666667,0.15974264,0.33333334,0.33187944
1205,0.9954758,False,Luminal_Macrophages,Luminal_Macrophages,0.36666667,0.36337313,0.23333333,0.24238169,0.33333334,0.33019206,0.06666667,0.06405319
3842,0.9954704,False,Type 2 alveolar,Type 2 alveolar,0.16129032,0.16451277,0.38709676,0.37957984,0.3548387,0.35329643,0.09677419,0.10261102
4761,0.99546885,False,Dendritic cells,Dendritic cells,0.31034482,0.31789875,0.06896552,0.06551932,0.20689656,0.20128042,0.41379312,0.41530147
4307,0.99546814,False,Fibroblasts,Dendritic cells,0.2,0.19810703,0.2,0.19282924,0.3,0.30221272,0.3,0.30685103
2697,0.99546516,False,Fibroblasts,Fibroblasts,0.1,0.09620627,0.26666668,0.2749468,0.33333334,0.32805738,0.3,0.30078956
987,0.9954595,False,Dendritic cells,Dendritic cells,0.06666667,0.059059054,0.16666667,0.16519327,0.3,0.3071014,0.46666667,0.46864632
4591,0.99545926,False,Luminal_Macrophages,Luminal_Macrophages,0.38709676,0.37911767,0.06451613,0.0636647,0.2580645,0.26714605,0.29032257,0.29007158
2165,0.9954591,False,Luminal_Macrophages,Luminal_Macrophages,0.4516129,0.44256747,0.06451613,0.06447974,0.19354838,0.19638598,0.29032257,0.29656684
3190,0.9954514,False,Luminal_Macrophages,Luminal_Macrophages,0.4,0.39090282,0.33333334,0.33408818,0.2,0.2063288,0.06666667,0.06868019
962,0.9954425,False,Luminal_Macrophages,Luminal_Macrophages,0.36666667,0.37578163,0.033333335,0.03303293,0.3,0.29732582,0.3,0.29385957
356,0.9954319,False,Luminal_Macrophages,Luminal_Macrophages,0.26666668,0.27572277,0.23333333,0.2334134,0.23333333,0.22449005,0.26666668,0.26637375
3760,0.9954288,False,Luminal_Macrophages,Luminal_Macrophages,0.43333334,0.42615035,0.23333333,0.23179539,0.06666667,0.06624516,0.26666668,0.27580908
1125,0.9954262,False,Luminal_Macrophages,Luminal_Macrophages,0.5,0.4916594,0.033333335,0.03402887,0.13333334,0.1325264,0.33333334,0.34178546
954,0.9954211,False,Luminal_Macrophages,Type 2 alveolar,0.26666668,0.26231757,0.26666668,0.2695989,0.26666668,0.26185802,0.2,0.20622553
1941,0.9954088,False,Luminal_Macrophages,Luminal_Macrophages,0.37931034,0.38369188,0.20689656,0.20867941,0.31034482,0.31336287,0.10344828,0.09426588
204,0.9954045,False,Luminal_Macrophages,Type 2 alveolar,0.3448276,0.33858576,0.3448276,0.34564757,0.13793103,0.13498189,0.1724138,0.18078485
1565,0.9954043,False,Luminal_Macrophages,Luminal_Macrophages,0.3,0.30919135,0.26666668,0.2660195,0.23333333,0.22981364,0.2,0.19497548
1164,0.9954026,False,Luminal_Macrophages,Luminal_Macrophages,0.3548387,0.34767666,0.19354838,0.2027432,0.32258064,0.32102546,0.12903225,0.12855469
2593,0.9954023,False,Dendritic cells,Dendritic cells,0.27586207,0.28505754,0.27586207,0.27366287,0.13793103,0.13397883,0.31034482,0.30730072
1942,0.99539965,False,Luminal_Macrophages,Luminal_Macrophages,0.33333334,0.33602297,0.2,0.19566487,0.2,0.19513449,0.26666668,0.27317774
3653,0.99539906,False,Luminal_Macrophages,Luminal_Macrophages,0.3,0.30270198,0.23333333,0.23983319,0.16666667,0.15861636,0.3,0.29884848
4834,0.9953937,False,Dendritic cells,Dendritic cells,0.20689656,0.20163907,0.27586207,0.2826623,0.20689656,0.2093089,0.31034482,0.30638972
2623,0.9953923,False,Dendritic cells,Dendritic cells,0.33333334,0.33338627,0.16666667,0.17109287,0.033333335,0.038069546,0.46666667,0.45745134
3648,0.9953885,False,Type 2 alveolar,Dendritic cells,0.06666667,0.06409212,0.33333334,0.32989386,0.26666668,0.27588972,0.33333334,0.33012438
2224,0.99538827,False,Luminal_Macrophages,Luminal_Macrophages,0.36666667,0.36776915,0.06666667,0.06509217,0.3,0.29235104,0.26666668,0.2747876
4056,0.9953874,False,Luminal_Macrophages,Luminal_Macrophages,0.33333334,0.3251528,0.26666668,0.26847917,0.2,0.19895527,0.2,0.2074127
1318,0.995384,False,Type 2 alveolar,Type 2 alveolar,0.38709676,0.39632878,0.41935483,0.41621026,0.12903225,0.12695836,0.06451613,0.060502585
2257,0.9953833,False,Type 2 alveolar,Type 2 alveolar,0.16666667,0.17323552,0.33333334,0.3265274,0.2,0.19757262,0.3,0.30266446
3564,0.9953799,False,Dendritic cells,Dendritic cells,0.13333334,0.13210033,0.2,0.20093888,0.3,0.30830127,0.36666667,0.35865957
2355,0.9953779,False,Fibroblasts,Dendritic cells,0.06896552,0.061313976,0.10344828,0.10185561,0.41379312,0.4168154,0.41379312,0.42001498
2406,0.9953752,False,Luminal_Macrophages,Luminal_Macrophages,0.43333334,0.42609665,0.1,0.10300513,0.23333333,0.2395778,0.23333333,0.23132044
4544,0.995373,False,Fibroblasts,Fibroblasts,0.19354838,0.19909309,0.16129032,0.16499954,0.516129,0.51155233,0.12903225,0.12435498
1613,0.99537003,False,Luminal_Macrophages,Luminal_Macrophages,0.36666667,0.37071154,0.33333334,0.33797365,0.16666667,0.16724142,0.13333334,0.12407338
4363,0.9953684,False,Luminal_Macrophages,Luminal_Macrophages,0.3548387,0.35756242,0.12903225,0.12230973,0.32258064,0.32004008,0.19354838,0.20008779
235,0.99536777,False,Luminal_Macrophages,Luminal_Macrophages,0.6,0.59073555,0.033333335,0.03590536,0.16666667,0.1678033,0.2,0.2055558
776,0.9953677,False,Luminal_Macrophages,Luminal_Macrophages,0.33333334,0.33481875,0.26666668,0.26726773,0.1,0.090735376,0.3,0.30717814
892,0.99536633,False,Luminal_Macrophages,Luminal_Macrophages,0.38709676,0.38378754,0.09677419,0.09081613,0.29032257,0.29488906,0.22580644,0.23050727
2294,0.9953617,False,Type 2 alveolar,Type 2 alveolar,0.13333334,0.14260988,0.36666667,0.36102313,0.16666667,0.1631621,0.33333334,0.33320484
3202,0.9953582,False,Luminal_Macrophages,Dendritic cells,0.26666668,0.2674088,0.23333333,0.23077239,0.23333333,0.22661068,0.26666668,0.27520812
880,0.9953539,False,Fibroblasts,Dendritic cells,0.23333333,0.24262562,0.16666667,0.15987444,0.3,0.29782164,0.3,0.29967833
3029,0.9953512,False,Luminal_Macrophages,Luminal_Macrophages,0.36666667,0.3729336,0.13333334,0.13636398,0.33333334,0.32873556,0.16666667,0.16196686
2699,0.9953508,False,Luminal_Macrophages,Luminal_Macrophages,0.46666667,0.47195002,0.43333334,0.4314588,0.06666667,0.05924266,0.033333335,0.03734843
25,0.9953496,False,Fibroblasts,Fibroblasts,0.13333334,0.14017297,0.13333334,0.1304174,0.53333336,0.52694845,0.2,0.2024612
2719,0.99534726,False,Fibroblasts,Dendritic cells,0.06666667,0.06545531,0.26666668,0.27493316,0.33333334,0.3252392,0.33333334,0.33437234
3336,0.9953462,False,Type 2 alveolar,Type 2 alveolar,0.33333334,0.33372074,0.53333336,0.5243162,0.1,0.09970957,0.033333335,0.042253487
1877,0.9953459,False,Dendritic cells,Dendritic cells,0.13333334,0.1420817,0.06666667,0.057881065,0.2,0.20055984,0.6,0.5994774
1733,0.99534476,False,Luminal_Macrophages,Luminal_Macrophages,0.33333334,0.33760375,0.26666668,0.2717067,0.06666667,0.06410376,0.33333334,0.3265858
3967,0.9953424,False,Luminal_Macrophages,Dendritic cells,0.2580645,0.2551212,0.2580645,0.25769937,0.22580644,0.21979958,0.2580645,0.26737982
864,0.9953397,False,Type 2 alveolar,Type 2 alveolar,0.32258064,0.32458606,0.3548387,0.35185212,0.19354838,0.20086356,0.12903225,0.122698225
1224,0.99533963,False,Dendritic cells,Dendritic cells,0.13333334,0.1403982,0.2,0.2010889,0.2,0.201167,0.46666667,0.45734593
2950,0.9953387,False,Fibroblasts,Dendritic cells,0.1,0.10303039,0.1,0.094026595,0.4,0.3966508,0.4,0.4062922
4323,0.99533254,False,Luminal_Macrophages,Luminal_Macrophages,0.3,0.2939298,0.16666667,0.16340196,0.26666668,0.26925528,0.26666668,0.27341294
1017,0.99533165,False,Luminal_Macrophages,Luminal_Macrophages,0.3548387,0.36057374,0.06451613,0.0636561,0.22580644,0.2294082,0.3548387,0.346362
2514,0.99533015,False,Type 2 alveolar,Dendritic cells,0.20689656,0.21303765,0.3448276,0.3458502,0.10344828,0.09410855,0.3448276,0.34700364
568,0.99532795,False,Fibroblasts,Fibroblasts,0.16129032,0.15637454,0.2580645,0.25949618,0.5483871,0.54395884,0.032258064,0.040170446
3301,0.99532694,False,Luminal_Macrophages,Luminal_Macrophages,0.3548387,0.3625948,0.16129032,0.15663211,0.16129032,0.15660238,0.32258064,0.3241707
4542,0.99532586,False,Fibroblasts,Fibroblasts,0.032258064,0.039399277,0.032258064,0.03446514,0.48387095,0.4747346,0.4516129,0.4514009
2000,0.9953248,False,Luminal_Macrophages,Luminal_Macrophages,0.41379312,0.4193366,0.37931034,0.3768698,0.10344828,0.096538395,0.10344828,0.1072552
1363,0.9953132,False,Fibroblasts,Fibroblasts,0.06666667,0.058121953,0.13333334,0.13428724,0.6333333,0.64175296,0.16666667,0.16583794
172,0.9953114,False,Fibroblasts,Dendritic cells,0.2413793,0.2388555,0.20689656,0.20004317,0.27586207,0.27709258,0.27586207,0.28400874
1846,0.99531126,False,Luminal_Macrophages,Luminal_Macrophages,0.56666666,0.5580215,0.3,0.30506143,0.033333335,0.032601014,0.1,0.10431603
1437,0.9953092,False,Fibroblasts,Fibroblasts,0.36666667,0.37333468,0.1,0.102713615,0.46666667,0.46306932,0.06666667,0.060882445
2656,0.99530804,False,Type 2 alveolar,Type 2 alveolar,0.32258064,0.32170203,0.3548387,0.3463334,0.29032257,0.291378,0.032258064,0.040586624
666,0.99530697,False,Luminal_Macrophages,Luminal_Macrophages,0.37931034,0.3714002,0.27586207,0.27438614,0.03448276,0.037725303,0.31034482,0.31648836
178,0.9953045,False,Dendritic cells,Dendritic cells,0.37931034,0.38818356,0.13793103,0.13844879,0.06896552,0.06059519,0.41379312,0.4127725
2706,0.99530447,False,Luminal_Macrophages,Luminal_Macrophages,0.36666667,0.3626228,0.16666667,0.16201618,0.23333333,0.23263657,0.23333333,0.24272446
2907,0.99530244,False,Luminal_Macrophages,Luminal_Macrophages,0.4516129,0.44781798,0.06451613,0.059807327,0.38709676,0.38620538,0.09677419,0.1061693
4488,0.99529517,False,Type 2 alveolar,Type 2 alveolar,0.06451613,0.061864637,0.4516129,0.44808528,0.32258064,0.33199027,0.16129032,0.1580598
2451,0.99529517,False,Luminal_Macrophages,Luminal_Macrophages,0.43333334,0.42728,0.33333334,0.33656794,0.16666667,0.17284168,0.06666667,0.063310385
3203,0.99529475,False,Type 2 alveolar,Type 2 alveolar,0.16129032,0.1704287,0.3548387,0.3493958,0.16129032,0.1573227,0.32258064,0.32285282
4328,0.9952902,False,Luminal_Macrophages,Luminal_Macrophages,0.38709676,0.39423233,0.06451613,0.060696818,0.3548387,0.34923846,0.19354838,0.19583233
3007,0.9952891,False,Luminal_Macrophages,Luminal_Macrophages,0.4,0.39658886,0.033333335,0.039203707,0.26666668,0.2702181,0.3,0.29398936
3567,0.9952883,False,Dendritic cells,Dendritic cells,0.13333334,0.13800995,0.36666667,0.3607677,0.033333335,0.029808952,0.46666667,0.47141334
4572,0.99528635,False,Luminal_Macrophages,Luminal_Macrophages,0.33333334,0.34276065,0.1,0.09611905,0.3,0.2957503,0.26666668,0.26536998
2701,0.9952863,False,Fibroblasts,Fibroblasts,0.03448276,0.03497632,0.2413793,0.23195186,0.6896552,0.6969707,0.03448276,0.036101155
536,0.99528515,False,Luminal_Macrophages,Luminal_Macrophages,0.33333334,0.3246558,0.3,0.3091639,0.23333333,0.23359908,0.13333334,0.13258125
4754,0.99528277,False,Dendritic cells,Dendritic cells,0.13333334,0.14267325,0.36666667,0.3667612,0.1,0.09655486,0.4,0.3940107
2149,0.995282,False,Type 2 alveolar,Type 2 alveolar,0.36666667,0.37585732,0.53333336,0.5252285,0.033333335,0.032002162,0.06666667,0.066911995
3839,0.9952814,False,Type 2 alveolar,Type 2 alveolar,0.033333335,0.039537303,0.56666666,0.5586156,0.2,0.2032332,0.2,0.1986139
4170,0.9952808,False,Type 2 alveolar,Type 2 alveolar,0.33333334,0.33809042,0.36666667,0.35967222,0.13333334,0.13088934,0.16666667,0.17134798
1655,0.99527115,False,Dendritic cells,Dendritic cells,0.06451613,0.0691761,0.3548387,0.35963643,0.19354838,0.1906205,0.38709676,0.38056698
74,0.99526894,False,Luminal_Macrophages,Luminal_Macrophages,0.37931034,0.385865,0.13793103,0.12846887,0.31034482,0.31281742,0.1724138,0.17284869
4186,0.9952645,False,Luminal_Macrophages,Luminal_Macrophages,0.43333334,0.43196633,0.033333335,0.04280439,0.13333334,0.13071299,0.4,0.39451638
2550,0.99526244,False,Luminal_Macrophages,Luminal_Macrophages,0.33333334,0.3275893,0.26666668,0.26653963,0.1,0.09639601,0.3,0.30947512
1867,0.99525845,False,Luminal_Macrophages,Luminal_Macrophages,0.33333334,0.33859158,0.33333334,0.33755815,0.16666667,0.16015106,0.16666667,0.16369915
3481,0.9952576,False,Fibroblasts,Dendritic cells,0.1724138,0.17983271,0.13793103,0.13999684,0.3448276,0.33895865,0.3448276,0.3412118
4927,0.99524856,False,Type 2 alveolar,Type 2 alveolar,0.033333335,0.042836253,0.4,0.3957178,0.36666667,0.36191434,0.2,0.19953157
344,0.9952474,False,Dendritic cells,Dendritic cells,0.16666667,0.16736011,0.13333334,0.12382811,0.33333334,0.33963594,0.36666667,0.36917582
3250,0.99523985,False,Luminal_Macrophages,Luminal_Macrophages,0.32258064,0.32395718,0.12903225,0.11951195,0.2580645,0.2624748,0.29032257,0.2940561
2903,0.9952394,False,Dendritic cells,Dendritic cells,0.16129032,0.16822043,0.29032257,0.29291368,0.22580644,0.2255118,0.32258064,0.31335407
2947,0.99523884,False,Type 2 alveolar,Type 2 alveolar,0.033333335,0.034607325,0.33333334,0.33635178,0.33333334,0.323811,0.3,0.30522996
2322,0.9952373,False,Fibroblasts,Fibroblasts,0.06666667,0.069478266,0.16666667,0.16354454,0.4,0.39359668,0.36666667,0.37338048
288,0.9952367,False,Luminal_Macrophages,Luminal_Macrophages,0.56666666,0.56895256,0.2,0.2045213,0.1,0.09047343,0.13333334,0.13605271
2133,0.99523616,False,Type 2 alveolar,Type 2 alveolar,0.32258064,0.33210835,0.58064514,0.5789363,0.032258064,0.027952377,0.06451613,0.06100293
2557,0.99523556,False,Fibroblasts,Fibroblasts,0.22580644,0.23437224,0.29032257,0.2912344,0.32258064,0.31305173,0.16129032,0.1613416
3977,0.99522877,False,Type 2 alveolar,Type 2 alveolar,0.2,0.20513715,0.36666667,0.35814342,0.26666668,0.271072,0.16666667,0.16564743
1997,0.9952276,False,Type 2 alveolar,Type 2 alveolar,0.06666667,0.06503321,0.33333334,0.32557985,0.3,0.29984206,0.3,0.30954486
3161,0.99522525,False,Luminal_Macrophages,Luminal_Macrophages,0.36666667,0.37058663,0.033333335,0.03791062,0.33333334,0.32378384,0.26666668,0.26771885
4331,0.9952229,False,Type 2 alveolar,Type 2 alveolar,0.2580645,0.25666788,0.29032257,0.28594503,0.22580644,0.2220265,0.22580644,0.23536062
1772,0.99522084,False,Fibroblasts,Fibroblasts,0.2413793,0.24887478,0.20689656,0.20895939,0.31034482,0.3015554,0.2413793,0.2406104
3116,0.99521726,False,Fibroblasts,Dendritic cells,0.20689656,0.20122696,0.2413793,0.24063717,0.27586207,0.27270836,0.27586207,0.2854275
396,0.99521714,False,Luminal_Macrophages,Luminal_Macrophages,0.43333334,0.4370365,0.16666667,0.15710098,0.33333334,0.33832738,0.06666667,0.067535155
3356,0.9952169,False,Type 2 alveolar,Type 2 alveolar,0.13333334,0.14289945,0.3,0.29891026,0.26666668,0.26470363,0.3,0.29348662
808,0.9952146,False,Luminal_Macrophages,Type 2 alveolar,0.32258064,0.31416643,0.32258064,0.32208687,0.2580645,0.2676354,0.09677419,0.0961113
1899,0.99521375,False,Dendritic cells,Dendritic cells,0.16666667,0.16859338,0.36666667,0.35809463,0.06666667,0.06566616,0.4,0.40764576
1592,0.9952136,False,Luminal_Macrophages,Luminal_Macrophages,0.43333334,0.43832475,0.36666667,0.371248,0.1,0.0907496,0.1,0.09967764
3534,0.99521136,False,Dendritic cells,Dendritic cells,0.033333335,0.034988213,0.06666667,0.06385587,0.36666667,0.3599002,0.53333336,0.5412557
3471,0.99520785,False,Fibroblasts,Fibroblasts,0.03448276,0.034752507,0.20689656,0.20238319,0.62068963,0.6300042,0.13793103,0.13286006
3589,0.9952056,False,Dendritic cells,Dendritic cells,0.20689656,0.21644728,0.20689656,0.20010555,0.27586207,0.27590021,0.31034482,0.30754694
952,0.9952054,False,Dendritic cells,Dendritic cells,0.06896552,0.06757435,0.10344828,0.09525027,0.37931034,0.3817516,0.44827586,0.45542377
2553,0.9952045,False,Dendritic cells,Dendritic cells,0.4,0.40959105,0.06666667,0.063153185,0.06666667,0.061721496,0.46666667,0.4655343
762,0.9951984,False,Fibroblasts,Fibroblasts,0.23333333,0.22793761,0.13333334,0.13843967,0.33333334,0.32912588,0.3,0.30449682
4156,0.995195,False,Type 2 alveolar,Type 2 alveolar,0.22580644,0.23414804,0.29032257,0.29159105,0.29032257,0.28548685,0.19354838,0.18877406
2827,0.9951938,False,Type 2 alveolar,Type 2 alveolar,0.033333335,0.03782527,0.46666667,0.4599081,0.33333334,0.33047947,0.16666667,0.17178713
3436,0.99519193,False,Type 2 alveolar,Type 2 alveolar,0.36666667,0.3684429,0.4,0.39407042,0.06666667,0.06298015,0.16666667,0.17450655
4820,0.9951912,False,Type 2 alveolar,Type 2 alveolar,0.1724138,0.17843924,0.3448276,0.3386695,0.1724138,0.16895439,0.31034482,0.3139369
4970,0.99518734,False,Type 2 alveolar,Type 2 alveolar,0.12903225,0.1281534,0.4516129,0.45368636,0.32258064,0.33013245,0.09677419,0.088027805
4378,0.99518615,False,Type 2 alveolar,Type 2 alveolar,0.37931034,0.38074335,0.41379312,0.4050443,0.13793103,0.13705215,0.06896552,0.07716021
1321,0.9951824,False,Fibroblasts,Fibroblasts,0.26666668,0.268867,0.16666667,0.16618942,0.5,0.490842,0.06666667,0.07410154
1861,0.99517715,False,Fibroblasts,Fibroblasts,0.37931034,0.38895604,0.13793103,0.13760199,0.41379312,0.405698,0.06896552,0.067743935
3952,0.99517214,False,Luminal_Macrophages,Luminal_Macrophages,0.3,0.30900165,0.23333333,0.23398733,0.3,0.29999474,0.16666667,0.15701625
2683,0.9951719,False,Type 2 alveolar,Type 2 alveolar,0.13333334,0.13531534,0.36666667,0.3645232,0.16666667,0.15915392,0.33333334,0.34100753
2473,0.99516946,False,Dendritic cells,Dendritic cells,0.33333334,0.34027493,0.1,0.09512976,0.033333335,0.03605287,0.53333336,0.5285425
3197,0.9951691,False,Luminal_Macrophages,Luminal_Macrophages,0.31034482,0.32000658,0.10344828,0.097011834,0.27586207,0.2754111,0.31034482,0.30757052
823,0.9951688,False,Luminal_Macrophages,Luminal_Macrophages,0.4,0.4096624,0.16666667,0.16372412,0.36666667,0.36306727,0.06666667,0.063546225
2997,0.9951686,False,Type 2 alveolar,Type 2 alveolar,0.19354838,0.19429424,0.29032257,0.2852367,0.2580645,0.25348765,0.2580645,0.2669814
2437,0.99516803,False,Type 2 alveolar,Type 2 alveolar,0.22580644,0.23113137,0.29032257,0.2946616,0.2580645,0.25352556,0.22580644,0.22068146
1601,0.99516547,False,Dendritic cells,Dendritic cells,0.2,0.2094065,0.1,0.10026255,0.33333334,0.3321554,0.36666667,0.35817552
2541,0.9951633,False,Luminal_Macrophages,Luminal_Macrophages,0.36666667,0.37634,0.36666667,0.36323878,0.13333334,0.12943424,0.13333334,0.13098691
1248,0.9951615,False,Luminal_Macrophages,Luminal_Macrophages,0.33333334,0.33824953,0.23333333,0.23809418,0.1,0.09331204,0.33333334,0.33034423
48,0.9951591,False,Luminal_Macrophages,Luminal_Macrophages,0.41379312,0.40792537,0.1724138,0.17867234,0.06896552,0.06515142,0.3448276,0.34825096
4244,0.9951575,False,Luminal_Macrophages,Luminal_Macrophages,0.36666667,0.36774096,0.36666667,0.35698158,0.2,0.20815441,0.06666667,0.06712299
159,0.9951569,False,Luminal_Macrophages,Luminal_Macrophages,0.3,0.2903138,0.26666668,0.27460065,0.26666668,0.26822016,0.16666667,0.16686541
2562,0.995156,False,Type 2 alveolar,Type 2 alveolar,0.033333335,0.03401778,0.43333334,0.4236453,0.2,0.20518339,0.33333334,0.33715358
461,0.9951556,False,Type 2 alveolar,Type 2 alveolar,0.032258064,0.03131112,0.41935483,0.4106129,0.19354838,0.19967204,0.3548387,0.3584039
3674,0.99515307,False,Dendritic cells,Dendritic cells,0.032258064,0.041951887,0.3548387,0.35245457,0.19354838,0.19164842,0.41935483,0.41394505
3347,0.9951506,False,Type 2 alveolar,Type 2 alveolar,0.13793103,0.13890573,0.51724136,0.5075426,0.20689656,0.21313582,0.13793103,0.14041582
464,0.9951434,False,Luminal_Macrophages,Luminal_Macrophages,0.36666667,0.36454016,0.13333334,0.13210133,0.33333334,0.32697874,0.16666667,0.17637978
1368,0.9951383,False,Luminal_Macrophages,Luminal_Macrophages,0.36666667,0.37335065,0.13333334,0.13156381,0.13333334,0.12537938,0.36666667,0.36970612
2032,0.99513435,False,Fibroblasts,Fibroblasts,0.2,0.20154825,0.23333333,0.23756513,0.3,0.2902687,0.26666668,0.2706179
2938,0.9951343,False,Type 2 alveolar,Type 2 alveolar,0.16666667,0.16519035,0.3,0.30707717,0.3,0.29174486,0.23333333,0.23598762
4243,0.9951315,False,Dendritic cells,Dendritic cells,0.06451613,0.054779142,0.3548387,0.36009723,0.16129032,0.16216452,0.41935483,0.42295906
4676,0.99513024,False,Luminal_Macrophages,Luminal_Macrophages,0.4,0.39394796,0.1,0.09631251,0.26666668,0.2761236,0.23333333,0.23361588
1841,0.9951291,False,Fibroblasts,Dendritic cells,0.16666667,0.16431867,0.23333333,0.24158338,0.3,0.29260623,0.3,0.3014917
1308,0.99512213,False,Dendritic cells,Dendritic cells,0.033333335,0.033770155,0.2,0.20634402,0.23333333,0.23630817,0.53333336,0.5235777
152,0.99511814,False,Luminal_Macrophages,Luminal_Macrophages,0.32258064,0.32838824,0.32258064,0.32641587,0.16129032,0.15152657,0.19354838,0.19366935
139,0.99511635,False,Dendritic cells,Dendritic cells,0.033333335,0.041144166,0.23333333,0.22858201,0.033333335,0.028317386,0.7,0.7019564
4671,0.99510634,False,Luminal_Macrophages,Luminal_Macrophages,0.41935483,0.4114662,0.2580645,0.2642959,0.19354838,0.19710433,0.12903225,0.1271336
2744,0.995098,False,Fibroblasts,Fibroblasts,0.20689656,0.21437508,0.13793103,0.13924244,0.55172414,0.54192007,0.10344828,0.10446238
272,0.99509573,False,Type 2 alveolar,Dendritic cells,0.23333333,0.22789015,0.26666668,0.26611868,0.23333333,0.22951597,0.26666668,0.27647516
4576,0.99509066,False,Type 2 alveolar,Type 2 alveolar,0.06896552,0.064784355,0.3448276,0.33919004,0.27586207,0.2827125,0.31034482,0.3133131
2035,0.9950861,False,Type 2 alveolar,Type 2 alveolar,0.2580645,0.2660586,0.29032257,0.28816688,0.22580644,0.21813427,0.22580644,0.22764024
2254,0.99508595,False,Dendritic cells,Dendritic cells,0.36666667,0.36123735,0.033333335,0.032065563,0.033333335,0.030202404,0.56666666,0.5764947
2629,0.99508286,False,Fibroblasts,Fibroblasts,0.1,0.10406832,0.16666667,0.16528608,0.4,0.3915463,0.33333334,0.3390993
2472,0.9950819,False,Dendritic cells,Dendritic cells,0.23333333,0.23757562,0.13333334,0.123497166,0.3,0.3032952,0.33333334,0.33563203
1787,0.9950817,False,Luminal_Macrophages,Luminal_Macrophages,0.32258064,0.32183844,0.22580644,0.2353039,0.32258064,0.31348628,0.12903225,0.12937143
483,0.9950772,False,Luminal_Macrophages,Luminal_Macrophages,0.33333334,0.32646933,0.3,0.29701835,0.26666668,0.27066353,0.1,0.1058488
408,0.9950761,False,Luminal_Macrophages,Luminal_Macrophages,0.33333334,0.32981098,0.13333334,0.13152099,0.3,0.29548696,0.23333333,0.24318106
2982,0.9950758,False,Fibroblasts,Fibroblasts,0.16666667,0.16419129,0.033333335,0.0365614,0.43333334,0.42596033,0.36666667,0.37328696
1469,0.99507,False,Luminal_Macrophages,Dendritic cells,0.3,0.30312005,0.26666668,0.26866165,0.13333334,0.123473294,0.3,0.304745
2211,0.9950681,False,Luminal_Macrophages,Luminal_Macrophages,0.33333334,0.33566022,0.33333334,0.33082464,0.26666668,0.2742037,0.06666667,0.05931151
402,0.99506533,False,Luminal_Macrophages,Dendritic cells,0.26666668,0.2645808,0.2,0.19513464,0.26666668,0.26374853,0.26666668,0.27653605
4321,0.99506354,False,Type 2 alveolar,Type 2 alveolar,0.2413793,0.24136814,0.3448276,0.3376156,0.1724138,0.16976398,0.2413793,0.2512523
3837,0.99506325,False,Luminal_Macrophages,Luminal_Macrophages,0.3448276,0.33536857,0.31034482,0.31648412,0.2413793,0.24511352,0.10344828,0.103033714
2964,0.9950611,False,Type 2 alveolar,Type 2 alveolar,0.16666667,0.17290512,0.3,0.29355523,0.26666668,0.2632336,0.26666668,0.27030608
4745,0.9950605,False,Luminal_Macrophages,Luminal_Macrophages,0.4,0.4017728,0.1,0.09617939,0.13333334,0.12727495,0.36666667,0.37477285
4379,0.9950559,False,Type 2 alveolar,Dendritic cells,0.06666667,0.071589805,0.4,0.39342347,0.13333334,0.13002168,0.4,0.40496504
3765,0.99504846,False,Type 2 alveolar,Type 2 alveolar,0.033333335,0.03902291,0.6,0.5917099,0.16666667,0.17088012,0.2,0.19838701
3848,0.9950471,False,Fibroblasts,Fibroblasts,0.2580645,0.25597408,0.12903225,0.12397572,0.48387095,0.48111215,0.12903225,0.13893808
3209,0.995047,False,Luminal_Macrophages,Luminal_Macrophages,0.3548387,0.3514619,0.3548387,0.3483095,0.22580644,0.23089464,0.06451613,0.069334045
2580,0.9950468,False,Luminal_Macrophages,Luminal_Macrophages,0.41935483,0.4169599,0.06451613,0.057004586,0.3548387,0.35719848,0.16129032,0.168837
80,0.9950446,False,Fibroblasts,Dendritic cells,0.2,0.20619757,0.13333334,0.12620254,0.33333334,0.33055335,0.33333334,0.33704656
2781,0.99503994,False,Type 2 alveolar,Type 2 alveolar,0.22580644,0.21588635,0.29032257,0.29375052,0.29032257,0.2906458,0.19354838,0.19971736
2642,0.9950391,False,Luminal_Macrophages,Luminal_Macrophages,0.43333334,0.42461264,0.36666667,0.37101823,0.13333334,0.1321322,0.06666667,0.07223695
4427,0.9950362,False,Luminal_Macrophages,Luminal_Macrophages,0.53333336,0.5403142,0.2,0.19912258,0.16666667,0.16961344,0.1,0.09094979
2421,0.99503505,False,Dendritic cells,Dendritic cells,0.2,0.20428559,0.23333333,0.2317629,0.26666668,0.27231097,0.3,0.29164055
1794,0.9950339,False,Type 2 alveolar,Type 2 alveolar,0.16666667,0.17215456,0.33333334,0.32472375,0.2,0.19867744,0.3,0.30444422
3050,0.9950284,False,Type 2 alveolar,Type 2 alveolar,0.09677419,0.09057347,0.3548387,0.35730842,0.22580644,0.222064,0.32258064,0.33005416
2584,0.9950204,False,Type 2 alveolar,Type 2 alveolar,0.1,0.10995921,0.36666667,0.35769138,0.33333334,0.33269906,0.2,0.19965038
4316,0.99502,False,Luminal_Macrophages,Luminal_Macrophages,0.33333334,0.32632774,0.1,0.097045556,0.3,0.30081975,0.26666668,0.27580693
2268,0.9950196,False,Luminal_Macrophages,Luminal_Macrophages,0.6333333,0.6408166,0.06666667,0.057562802,0.13333334,0.13247642,0.16666667,0.16914415
2963,0.99501914,False,Fibroblasts,Fibroblasts,0.033333335,0.036967825,0.33333334,0.33966058,0.53333336,0.5272031,0.1,0.09616845
1520,0.9950176,False,Luminal_Macrophages,Luminal_Macrophages,0.4,0.3932127,0.16666667,0.1663425,0.23333333,0.23048,0.2,0.2099648
1004,0.99500924,False,Type 2 alveolar,Type 2 alveolar,0.06666667,0.07196623,0.36666667,0.36518332,0.36666667,0.35816854,0.2,0.20468192
89,0.99500585,False,Luminal_Macrophages,Luminal_Macrophages,0.33333334,0.3356955,0.3,0.29933903,0.06666667,0.05733934,0.3,0.30762613
3276,0.99500304,False,Luminal_Macrophages,Luminal_Macrophages,0.6,0.6014055,0.1,0.094037615,0.2,0.20858848,0.1,0.09596846
2676,0.99499714,False,Luminal_Macrophages,Luminal_Macrophages,0.36666667,0.36419803,0.13333334,0.12579632,0.3,0.30191508,0.2,0.20809063
191,0.994993,False,Type 2 alveolar,Type 2 alveolar,0.23333333,0.24334733,0.33333334,0.33289063,0.3,0.2943127,0.13333334,0.12944935
4940,0.9949901,False,Dendritic cells,Dendritic cells,0.1,0.10855946,0.3,0.2988704,0.26666668,0.268127,0.33333334,0.32444316
4639,0.99498874,False,Luminal_Macrophages,Luminal_Macrophages,0.33333334,0.3257817,0.16666667,0.16454037,0.23333333,0.23298879,0.26666668,0.27668914
4422,0.9949885,False,Luminal_Macrophages,Luminal_Macrophages,0.46666667,0.474102,0.06666667,0.056785293,0.33333334,0.33319172,0.13333334,0.13592094
3118,0.9949884,False,Type 2 alveolar,Type 2 alveolar,0.26666668,0.27197057,0.36666667,0.35664347,0.033333335,0.033662967,0.33333334,0.33772305
3130,0.9949835,False,Type 2 alveolar,Type 2 alveolar,0.1,0.09151357,0.53333336,0.53178674,0.033333335,0.036127422,0.33333334,0.34057227
2519,0.9949809,False,Luminal_Macrophages,Luminal_Macrophages,0.48387095,0.48125884,0.16129032,0.15386415,0.032258064,0.034473978,0.32258064,0.33040303
497,0.9949778,False,Dendritic cells,Dendritic cells,0.36666667,0.3693545,0.033333335,0.035557836,0.2,0.2051321,0.4,0.38995552
500,0.99497724,False,Type 2 alveolar,Type 2 alveolar,0.1,0.09476063,0.4,0.39755464,0.26666668,0.27671224,0.23333333,0.23097253
900,0.99497354,False,Type 2 alveolar,Type 2 alveolar,0.26666668,0.27250788,0.3,0.30421177,0.26666668,0.26097172,0.16666667,0.16230863
1284,0.9949735,False,Type 2 alveolar,Type 2 alveolar,0.10344828,0.10799748,0.31034482,0.3158487,0.27586207,0.27348623,0.31034482,0.30266762
1315,0.9949699,False,Luminal_Macrophages,Luminal_Macrophages,0.33333334,0.3337102,0.3,0.3069034,0.3,0.30278,0.06666667,0.056606483
4665,0.9949696,False,Dendritic cells,Dendritic cells,0.33333334,0.34030613,0.16666667,0.16975462,0.1,0.09309393,0.4,0.3968453
1856,0.99496955,False,Luminal_Macrophages,Luminal_Macrophages,0.4,0.4078904,0.1,0.08993913,0.33333334,0.33477646,0.16666667,0.16739406
2888,0.9949651,False,Dendritic cells,Dendritic cells,0.16666667,0.17441939,0.2,0.19743147,0.3,0.30231714,0.33333334,0.32583198
560,0.9949649,False,Luminal_Macrophages,Luminal_Macrophages,0.36666667,0.36994997,0.16666667,0.16382307,0.13333334,0.12610666,0.33333334,0.3401203
4438,0.99495864,False,Fibroblasts,Fibroblasts,0.3,0.3040749,0.06666667,0.07142608,0.33333334,0.32325056,0.3,0.30124846
1092,0.9949572,False,Luminal_Macrophages,Luminal_Macrophages,0.43333334,0.4256728,0.3,0.29757497,0.033333335,0.033553407,0.23333333,0.24319889
4015,0.99495643,False,Dendritic cells,Dendritic cells,0.13333334,0.14120173,0.23333333,0.22442792,0.3,0.30221877,0.33333334,0.3321516
682,0.9949563,False,Dendritic cells,Dendritic cells,0.16666667,0.1653001,0.26666668,0.2713946,0.23333333,0.2386928,0.33333334,0.3246125
1345,0.99495447,False,Luminal_Macrophages,Luminal_Macrophages,0.36666667,0.3587498,0.2,0.19782571,0.2,0.20078301,0.23333333,0.24264139
20,0.9949539,False,Luminal_Macrophages,Luminal_Macrophages,0.32258064,0.33170807,0.2580645,0.25902942,0.22580644,0.22270203,0.19354838,0.18656051
1531,0.994952,False,Type 2 alveolar,Type 2 alveolar,0.23333333,0.24342932,0.33333334,0.32667208,0.23333333,0.23220022,0.2,0.19769843
1995,0.99494505,False,Type 2 alveolar,Type 2 alveolar,0.1,0.10227187,0.33333334,0.3232234,0.26666668,0.27298668,0.3,0.30151796
3112,0.9949434,False,Luminal_Macrophages,Luminal_Macrophages,0.3,0.30777353,0.3,0.30233967,0.16666667,0.15759343,0.23333333,0.23229334
1983,0.9949395,False,Luminal_Macrophages,Luminal_Macrophages,0.38709676,0.3849466,0.32258064,0.31564254,0.032258064,0.031225309,0.2580645,0.26818553
503,0.99493694,False,Dendritic cells,Dendritic cells,0.1,0.10855527,0.36666667,0.36518568,0.13333334,0.12468821,0.4,0.40157077
868,0.9949339,False,Type 2 alveolar,Type 2 alveolar,0.16666667,0.1751518,0.33333334,0.33498043,0.16666667,0.15991503,0.33333334,0.32995278
4079,0.99493283,False,Dendritic cells,Dendritic cells,0.33333334,0.34346768,0.16666667,0.16403948,0.06666667,0.062594295,0.43333334,0.4298985
1676,0.994925,False,Luminal_Macrophages,Luminal_Macrophages,0.3,0.30522135,0.3,0.29809788,0.13333334,0.12508555,0.26666668,0.27159527
3484,0.99492437,False,Luminal_Macrophages,Luminal_Macrophages,0.33333334,0.3348797,0.3,0.30527008,0.33333334,0.323182,0.033333335,0.036668204
1387,0.9949227,False,Luminal_Macrophages,Luminal_Macrophages,0.33333334,0.3340258,0.3,0.30723846,0.33333334,0.32317874,0.033333335,0.035557047
126,0.99492157,False,Dendritic cells,Dendritic cells,0.23333333,0.24349011,0.2,0.19776835,0.26666668,0.2654826,0.3,0.2932589
1325,0.9949188,False,Luminal_Macrophages,Luminal_Macrophages,0.33333334,0.32783037,0.3,0.3009247,0.13333334,0.12867394,0.23333333,0.24257101
2259,0.99491763,False,Luminal_Macrophages,Luminal_Macrophages,0.41379312,0.41164404,0.10344828,0.09934581,0.1724138,0.16850054,0.31034482,0.32050958
3270,0.9949106,False,Luminal_Macrophages,Type 2 alveolar,0.3,0.3009639,0.3,0.30921492,0.26666668,0.26568437,0.13333334,0.1241368
1993,0.99490803,False,Type 2 alveolar,Type 2 alveolar,0.31034482,0.3193777,0.3448276,0.33628786,0.31034482,0.31149587,0.03448276,0.032838624
1543,0.99490726,False,Type 2 alveolar,Type 2 alveolar,0.4,0.4101855,0.43333334,0.42962566,0.1,0.09731873,0.06666667,0.06287011
1965,0.99490416,False,Luminal_Macrophages,Luminal_Macrophages,0.36666667,0.36863664,0.33333334,0.34042168,0.16666667,0.15647496,0.13333334,0.13446674
816,0.99490356,False,Luminal_Macrophages,Luminal_Macrophages,0.29032257,0.30013424,0.19354838,0.18514828,0.22580644,0.22401375,0.29032257,0.29070374
2948,0.99490345,False,Fibroblasts,Fibroblasts,0.16129032,0.16336173,0.3548387,0.3629605,0.41935483,0.41161472,0.06451613,0.06206312
1708,0.99490213,False,Luminal_Macrophages,Luminal_Macrophages,0.36666667,0.35972643,0.26666668,0.27105793,0.2,0.19674453,0.16666667,0.17247114
4498,0.99490196,False,Luminal_Macrophages,Luminal_Macrophages,0.32258064,0.32277554,0.12903225,0.13398099,0.32258064,0.31238455,0.22580644,0.23085895
2588,0.9949,False,Luminal_Macrophages,Luminal_Macrophages,0.31034482,0.3205448,0.2413793,0.23748319,0.27586207,0.27574357,0.1724138,0.16622838
3129,0.9948977,False,Luminal_Macrophages,Dendritic cells,0.26666668,0.2663212,0.2,0.19884862,0.26666668,0.257959,0.26666668,0.27687117
1169,0.99489564,False,Type 2 alveolar,Type 2 alveolar,0.2,0.2074487,0.36666667,0.3620842,0.36666667,0.36104035,0.06666667,0.06942671
2286,0.99489486,False,Dendritic cells,Dendritic cells,0.09677419,0.09233507,0.2580645,0.2682748,0.16129032,0.15780863,0.48387095,0.4815816
296,0.9948947,False,Type 2 alveolar,Type 2 alveolar,0.13333334,0.1435439,0.33333334,0.32756948,0.23333333,0.23061812,0.3,0.29826847
596,0.99489105,False,Luminal_Macrophages,Dendritic cells,0.33333334,0.32792804,0.26666668,0.27440953,0.06666667,0.061854016,0.33333334,0.33580846
759,0.9948872,False,Type 2 alveolar,Type 2 alveolar,0.22580644,0.23577335,0.32258064,0.3144709,0.2580645,0.25594857,0.19354838,0.19380714
2371,0.99488384,False,Dendritic cells,Dendritic cells,0.23333333,0.24352294,0.23333333,0.22808155,0.23333333,0.22835279,0.3,0.3000427
3371,0.99488246,False,Luminal_Macrophages,Luminal_Macrophages,0.4,0.39694118,0.06666667,0.059490424,0.3,0.3029847,0.23333333,0.24058369
4268,0.99487984,False,Dendritic cells,Dendritic cells,0.1,0.10272951,0.26666668,0.27417743,0.3,0.29810402,0.33333334,0.324989
4709,0.99487686,False,Type 2 alveolar,Type 2 alveolar,0.2,0.20977695,0.33333334,0.3338026,0.3,0.299469,0.16666667,0.15695141
2216,0.9948768,False,Luminal_Macrophages,Luminal_Macrophages,0.58064514,0.57039875,0.09677419,0.10074984,0.032258064,0.03294244,0.29032257,0.29590896
377,0.99487466,False,Dendritic cells,Dendritic cells,0.2,0.19616328,0.26666668,0.27691737,0.2,0.19599533,0.33333334,0.33092397
2638,0.9948716,False,Fibroblasts,Dendritic cells,0.1,0.09984479,0.1,0.09700267,0.4,0.39289582,0.4,0.41025674
2612,0.9948697,False,Luminal_Macrophages,Luminal_Macrophages,0.31034482,0.31291682,0.27586207,0.28355065,0.10344828,0.0971221,0.31034482,0.30641043
950,0.9948695,False,Dendritic cells,Dendritic cells,0.13333334,0.14226858,0.2,0.1979791,0.2,0.20132576,0.46666667,0.45842654
3509,0.9948682,False,Luminal_Macrophages,Luminal_Macrophages,0.26666668,0.27693015,0.26666668,0.26171985,0.23333333,0.22969253,0.23333333,0.23165742
3873,0.99486804,False,Luminal_Macrophages,Dendritic cells,0.32258064,0.32207343,0.32258064,0.3128239,0.032258064,0.033007782,0.32258064,0.3320949
3834,0.9948656,False,Type 2 alveolar,Type 2 alveolar,0.26666668,0.2769355,0.3,0.29778716,0.13333334,0.1283262,0.3,0.29695114
3913,0.99486184,False,Type 2 alveolar,Type 2 alveolar,0.13333334,0.13959935,0.33333334,0.32305706,0.23333333,0.23678431,0.3,0.30055934
2396,0.99486154,False,Luminal_Macrophages,Luminal_Macrophages,0.2580645,0.26413968,0.22580644,0.2291405,0.2580645,0.24778765,0.2580645,0.25893217
3259,0.99485683,False,Fibroblasts,Fibroblasts,0.22580644,0.23214778,0.2580645,0.26200947,0.29032257,0.2862436,0.22580644,0.21959911
2712,0.99484754,False,Luminal_Macrophages,Luminal_Macrophages,0.6333333,0.63811487,0.1,0.09742983,0.06666667,0.058931865,0.2,0.20552342
352,0.99484736,False,Luminal_Macrophages,Luminal_Macrophages,0.43333334,0.43504205,0.43333334,0.42352706,0.1,0.09950099,0.033333335,0.041929953
2230,0.9948449,False,Luminal_Macrophages,Luminal_Macrophages,0.33333334,0.3420552,0.16666667,0.15887412,0.2,0.19748244,0.3,0.30158827
4168,0.99484164,False,Luminal_Macrophages,Luminal_Macrophages,0.33333334,0.3363296,0.13333334,0.12401795,0.23333333,0.23233202,0.3,0.30732045
4216,0.99483895,False,Luminal_Macrophages,Luminal_Macrophages,0.4,0.39206916,0.2,0.19760868,0.2,0.2049677,0.2,0.20535442
4529,0.99483824,False,Type 2 alveolar,Type 2 alveolar,0.13333334,0.13606156,0.3,0.29804638,0.3,0.29163012,0.26666668,0.27426195
4016,0.99483687,False,Dendritic cells,Dendritic cells,0.2580645,0.26197156,0.29032257,0.2967418,0.09677419,0.092240795,0.3548387,0.34904584
2722,0.9948345,False,Luminal_Macrophages,Luminal_Macrophages,0.6,0.60442823,0.16666667,0.17256948,0.16666667,0.1618657,0.06666667,0.06113658
183,0.994834,False,Type 2 alveolar,Type 2 alveolar,0.12903225,0.124153174,0.61290324,0.6074503,0.22580644,0.23253393,0.032258064,0.035862576
4989,0.9948328,False,Luminal_Macrophages,Luminal_Macrophages,0.3,0.3094723,0.2,0.20086202,0.2,0.19417909,0.3,0.29548654
4910,0.9948318,False,Type 2 alveolar,Type 2 alveolar,0.16666667,0.16429144,0.46666667,0.46190354,0.23333333,0.24366976,0.13333334,0.13013525
3037,0.9948303,False,Luminal_Macrophages,Luminal_Macrophages,0.37931034,0.3692091,0.20689656,0.20665835,0.31034482,0.31439042,0.10344828,0.109742105
4765,0.9948298,False,Luminal_Macrophages,Luminal_Macrophages,0.36666667,0.36074138,0.33333334,0.3289182,0.033333335,0.034186438,0.26666668,0.27615392
11,0.9948263,False,Luminal_Macrophages,Dendritic cells,0.32258064,0.31849697,0.2580645,0.26841187,0.09677419,0.09163962,0.32258064,0.32145154
1168,0.9948227,False,Luminal_Macrophages,Luminal_Macrophages,0.61290324,0.60733974,0.032258064,0.036245633,0.2580645,0.26443154,0.09677419,0.09198311
51,0.9948181,False,Dendritic cells,Dendritic cells,0.06896552,0.07198645,0.31034482,0.31152302,0.27586207,0.2820267,0.3448276,0.33446383
2204,0.99481755,False,Type 2 alveolar,Type 2 alveolar,0.10344828,0.11100916,0.41379312,0.4130274,0.10344828,0.09384912,0.37931034,0.38211435
1594,0.9948125,False,Luminal_Macrophages,Luminal_Macrophages,0.43333334,0.43846184,0.1,0.10524653,0.43333334,0.4267347,0.033333335,0.029556967
2636,0.9948125,False,Luminal_Macrophages,Luminal_Macrophages,0.3,0.29625893,0.16666667,0.1699517,0.3,0.29336604,0.23333333,0.24042326
988,0.99481165,False,Luminal_Macrophages,Luminal_Macrophages,0.33333334,0.34371,0.3,0.29432106,0.033333335,0.032609913,0.33333334,0.32935897
1184,0.9948079,False,Type 2 alveolar,Type 2 alveolar,0.22580644,0.22166091,0.29032257,0.28943416,0.22580644,0.22045615,0.2580645,0.26844877
964,0.9948078,False,Luminal_Macrophages,Luminal_Macrophages,0.4516129,0.4497977,0.032258064,0.042133316,0.12903225,0.12954143,0.38709676,0.37852746
516,0.9948042,False,Type 2 alveolar,Type 2 alveolar,0.032258064,0.033917475,0.41935483,0.42742237,0.41935483,0.40896326,0.12903225,0.12969688
3437,0.99480325,False,Luminal_Macrophages,Luminal_Macrophages,0.33333334,0.32293978,0.3,0.30788177,0.3,0.3006955,0.06666667,0.06848294
2673,0.99480104,False,Luminal_Macrophages,Luminal_Macrophages,0.37931034,0.3760276,0.3448276,0.34806776,0.20689656,0.21405433,0.06896552,0.0618503
1621,0.9947972,False,Dendritic cells,Dendritic cells,0.13333334,0.14091748,0.2,0.2028214,0.2,0.19824539,0.46666667,0.4580157
4778,0.99479705,False,Luminal_Macrophages,Luminal_Macrophages,0.4,0.3968256,0.33333334,0.33717725,0.13333334,0.12610185,0.13333334,0.13989525
4178,0.9947953,False,Type 2 alveolar,Type 2 alveolar,0.06666667,0.062353536,0.43333334,0.44374272,0.43333334,0.43214303,0.06666667,0.061760683
676,0.99479485,False,Dendritic cells,Dendritic cells,0.13333334,0.1333581,0.26666668,0.27705228,0.13333334,0.12984069,0.46666667,0.45974895
2604,0.9947916,False,Dendritic cells,Dendritic cells,0.26666668,0.27708337,0.23333333,0.2309728,0.2,0.19248694,0.3,0.29945686
2904,0.9947883,False,Type 2 alveolar,Type 2 alveolar,0.16666667,0.15942965,0.43333334,0.4312369,0.33333334,0.3322434,0.06666667,0.077090085
3862,0.9947807,False,Luminal_Macrophages,Luminal_Macrophages,0.3548387,0.35438937,0.09677419,0.0873316,0.22580644,0.23624496,0.32258064,0.32203406
619,0.9947807,False,Type 2 alveolar,Type 2 alveolar,0.09677419,0.10108463,0.4516129,0.4411744,0.032258064,0.035714153,0.41935483,0.4220268
858,0.99478054,False,Luminal_Macrophages,Luminal_Macrophages,0.5,0.5095295,0.36666667,0.3675761,0.033333335,0.031282283,0.1,0.0916121
478,0.99477994,False,Luminal_Macrophages,Luminal_Macrophages,0.33333334,0.34157008,0.33333334,0.3331179,0.23333333,0.23553666,0.1,0.08977537
979,0.99477905,False,Type 2 alveolar,Type 2 alveolar,0.2,0.20532593,0.3,0.29276118,0.26666668,0.2634636,0.23333333,0.23844925
4230,0.9947675,False,Fibroblasts,Fibroblasts,0.3548387,0.36530378,0.032258064,0.0318399,0.516129,0.5146604,0.09677419,0.08819594
3434,0.99476665,False,Luminal_Macrophages,Luminal_Macrophages,0.3548387,0.34787962,0.29032257,0.29643592,0.29032257,0.29467595,0.06451613,0.061008487
2975,0.99476653,False,Luminal_Macrophages,Luminal_Macrophages,0.36666667,0.36042336,0.26666668,0.27234423,0.3,0.30478933,0.06666667,0.062443092
3487,0.9947664,False,Luminal_Macrophages,Luminal_Macrophages,0.43333334,0.44197655,0.1,0.09633525,0.43333334,0.42653093,0.033333335,0.0351573
2944,0.99476546,False,Luminal_Macrophages,Dendritic cells,0.29032257,0.29461738,0.19354838,0.18433547,0.22580644,0.22455026,0.29032257,0.29649687
3375,0.99476326,False,Type 2 alveolar,Type 2 alveolar,0.20689656,0.2111896,0.37931034,0.37319204,0.3448276,0.34047243,0.06896552,0.07514594
2641,0.99475646,False,Luminal_Macrophages,Luminal_Macrophages,0.36666667,0.36416578,0.2,0.19702864,0.3,0.31048706,0.13333334,0.12831846
3286,0.99475574,False,Type 2 alveolar,Type 2 alveolar,0.16666667,0.16208677,0.5,0.49409142,0.16666667,0.1677049,0.16666667,0.17611691
4269,0.994753,False,Fibroblasts,Fibroblasts,0.23333333,0.22543564,0.2,0.20345709,0.3,0.2974037,0.26666668,0.27370352
2583,0.99474573,False,Luminal_Macrophages,Luminal_Macrophages,0.4,0.3918259,0.06666667,0.06433224,0.26666668,0.27031028,0.26666668,0.2735316
4500,0.9947443,False,Dendritic cells,Dendritic cells,0.3,0.29819766,0.06666667,0.067431115,0.26666668,0.27641362,0.36666667,0.35795757
2011,0.9947387,False,Fibroblasts,Dendritic cells,0.16666667,0.1728368,0.16666667,0.16103883,0.33333334,0.32843855,0.33333334,0.3376858
2716,0.9947364,False,Type 2 alveolar,Type 2 alveolar,0.032258064,0.028170241,0.87096775,0.881495,0.032258064,0.026266294,0.06451613,0.064068414
1065,0.99473614,False,Luminal_Macrophages,Luminal_Macrophages,0.37931034,0.386675,0.1724138,0.16732046,0.13793103,0.13249665,0.31034482,0.3135079
1216,0.9947327,False,Luminal_Macrophages,Luminal_Macrophages,0.26666668,0.2740956,0.26666668,0.2646561,0.23333333,0.22480926,0.23333333,0.23643905
4192,0.9947296,False,Fibroblasts,Dendritic cells,0.3,0.30862835,0.033333335,0.035245847,0.33333334,0.32552162,0.33333334,0.33060414
1097,0.9947293,False,Dendritic cells,Dendritic cells,0.29032257,0.29942927,0.12903225,0.13046707,0.19354838,0.19042782,0.38709676,0.37967587
2001,0.9947222,False,Type 2 alveolar,Type 2 alveolar,0.37931034,0.3789027,0.44827586,0.4403456,0.06896552,0.0667478,0.10344828,0.11400397
2463,0.9947211,False,Dendritic cells,Dendritic cells,0.16666667,0.17722447,0.26666668,0.2630772,0.26666668,0.2635245,0.3,0.29617384
4717,0.99472094,False,Luminal_Macrophages,Luminal_Macrophages,0.41935483,0.40879667,0.2580645,0.26107946,0.032258064,0.032836054,0.29032257,0.29728782
3294,0.9947197,False,Dendritic cells,Dendritic cells,0.16129032,0.16113639,0.19354838,0.19079484,0.29032257,0.30088317,0.3548387,0.34718552
501,0.9947195,False,Luminal_Macrophages,Luminal_Macrophages,0.33333334,0.34063134,0.13333334,0.13101321,0.2,0.203263,0.33333334,0.32509243
2800,0.99471945,False,Luminal_Macrophages,Luminal_Macrophages,0.3,0.30693656,0.23333333,0.22788776,0.26666668,0.2702912,0.2,0.19488452
1421,0.9947188,False,Luminal_Macrophages,Luminal_Macrophages,0.3548387,0.3442763,0.22580644,0.23354213,0.19354838,0.19483238,0.22580644,0.22734918
3326,0.994718,False,Type 2 alveolar,Type 2 alveolar,0.2,0.20613538,0.33333334,0.337762,0.33333334,0.3259907,0.13333334,0.13011199
2375,0.9947164,False,Dendritic cells,Dendritic cells,0.16666667,0.17116942,0.2,0.20062804,0.2,0.2054365,0.43333334,0.42276612
101,0.9947131,False,Dendritic cells,Dendritic cells,0.10344828,0.106907606,0.37931034,0.38642484,0.10344828,0.093418784,0.41379312,0.41324887
3058,0.99470586,False,Type 2 alveolar,Type 2 alveolar,0.033333335,0.036514506,0.53333336,0.5245087,0.3,0.30740717,0.13333334,0.13156965
3020,0.9947051,False,Luminal_Macrophages,Luminal_Macrophages,0.3448276,0.3382788,0.10344828,0.106539354,0.2413793,0.24887809,0.31034482,0.30630377
24,0.9946985,False,Luminal_Macrophages,Luminal_Macrophages,0.4,0.41060293,0.1,0.09816741,0.1,0.097916596,0.4,0.39331305
670,0.9946982,False,Type 2 alveolar,Type 2 alveolar,0.3,0.31060353,0.33333334,0.32915214,0.2,0.19606675,0.16666667,0.16417757
3521,0.99469304,False,Type 2 alveolar,Type 2 alveolar,0.16129032,0.16932094,0.41935483,0.41072166,0.06451613,0.06253533,0.3548387,0.35742205
4702,0.99469256,False,Type 2 alveolar,Type 2 alveolar,0.1724138,0.17914103,0.31034482,0.30201352,0.27586207,0.27357844,0.2413793,0.245267
1712,0.99469227,False,Luminal_Macrophages,Luminal_Macrophages,0.31034482,0.31260833,0.27586207,0.28421408,0.2413793,0.23806791,0.1724138,0.16510968
4090,0.99469227,False,Dendritic cells,Dendritic cells,0.2,0.2040718,0.23333333,0.23690021,0.23333333,0.23631011,0.33333334,0.32271785
435,0.9946918,False,Dendritic cells,Dendritic cells,0.13333334,0.13602322,0.3,0.30792648,0.2,0.19702275,0.36666667,0.35902753
622,0.9946883,False,Dendritic cells,Dendritic cells,0.06666667,0.07674076,0.033333335,0.033882685,0.43333334,0.42789674,0.46666667,0.46147978
3793,0.99468774,False,Luminal_Macrophages,Dendritic cells,0.26666668,0.26112202,0.2,0.19918923,0.26666668,0.26239756,0.26666668,0.27729118
143,0.99468595,False,Luminal_Macrophages,Luminal_Macrophages,0.38709676,0.38151664,0.22580644,0.23198208,0.12903225,0.123984285,0.2580645,0.26251695
1196,0.9946854,False,Type 2 alveolar,Type 2 alveolar,0.26666668,0.2772958,0.3,0.29512274,0.23333333,0.23233908,0.2,0.19524236
2878,0.9946838,False,Luminal_Macrophages,Luminal_Macrophages,0.48387095,0.47323862,0.32258064,0.32353038,0.16129032,0.16417462,0.032258064,0.039056376
1358,0.99468374,False,Luminal_Macrophages,Luminal_Macrophages,0.36666667,0.3658515,0.2,0.21063249,0.36666667,0.35918584,0.06666667,0.06433014
810,0.9946827,False,Luminal_Macrophages,Luminal_Macrophages,0.36666667,0.3604429,0.3,0.30701622,0.23333333,0.23695165,0.1,0.09558923
3127,0.99467653,False,Fibroblasts,Fibroblasts,0.033333335,0.030765092,0.33333334,0.3380074,0.46666667,0.458588,0.16666667,0.17263952
939,0.9946764,False,Type 2 alveolar,Type 2 alveolar,0.3,0.30788058,0.33333334,0.33265132,0.33333334,0.32336816,0.033333335,0.03609995
4008,0.9946683,False,Fibroblasts,Fibroblasts,0.16666667,0.17427178,0.2,0.19756477,0.33333334,0.32510516,0.3,0.30305827
362,0.994668,False,Dendritic cells,Dendritic cells,0.12903225,0.13777477,0.3548387,0.35676023,0.06451613,0.06266461,0.4516129,0.44280043
4946,0.9946674,False,Fibroblasts,Fibroblasts,0.33333334,0.3348588,0.2,0.20913973,0.36666667,0.3561314,0.1,0.09987006
2977,0.9946672,False,Dendritic cells,Dendritic cells,0.032258064,0.042475544,0.3548387,0.3505317,0.19354838,0.18718973,0.41935483,0.41980302
2959,0.9946653,False,Dendritic cells,Dendritic cells,0.1,0.09709221,0.06666667,0.058905087,0.33333334,0.3381056,0.5,0.5058971
4229,0.99465966,False,Luminal_Macrophages,Luminal_Macrophages,0.36666667,0.36321148,0.33333334,0.32745898,0.26666668,0.27734736,0.033333335,0.031982187
3712,0.994654,False,Luminal_Macrophages,Luminal_Macrophages,0.26666668,0.2764478,0.2,0.19422017,0.26666668,0.26175445,0.26666668,0.2675776
3119,0.9946498,False,Fibroblasts,Fibroblasts,0.4,0.41070035,0.033333335,0.031255916,0.5,0.49943665,0.06666667,0.058607105
4646,0.9946477,False,Luminal_Macrophages,Luminal_Macrophages,0.46666667,0.45901528,0.1,0.10502874,0.1,0.09694677,0.33333334,0.3390092
1599,0.9946465,False,Dendritic cells,Dendritic cells,0.23333333,0.24331966,0.1,0.10072077,0.16666667,0.16361795,0.5,0.49234167
1381,0.99464643,False,Dendritic cells,Dendritic cells,0.2,0.2100343,0.033333335,0.033849347,0.36666667,0.35595956,0.4,0.40015686
2012,0.99464464,False,Luminal_Macrophages,Luminal_Macrophages,0.56666666,0.5559559,0.033333335,0.038961653,0.06666667,0.06682529,0.33333334,0.33825716
4888,0.9946442,False,Fibroblasts,Fibroblasts,0.033333335,0.04130075,0.16666667,0.16889875,0.46666667,0.45595515,0.33333334,0.33384544
4930,0.9946408,False,Type 2 alveolar,Type 2 alveolar,0.13333334,0.13274318,0.3,0.30336285,0.3,0.28987184,0.26666668,0.27402213
4376,0.99463993,False,Luminal_Macrophages,Luminal_Macrophages,0.33333334,0.34244657,0.23333333,0.23352626,0.3,0.30141395,0.13333334,0.12261317
3728,0.99463654,False,Luminal_Macrophages,Luminal_Macrophages,0.33333334,0.34039465,0.1,0.089273,0.26666668,0.26901853,0.3,0.3013138
3770,0.99463516,False,Luminal_Macrophages,Luminal_Macrophages,0.33333334,0.33499262,0.1,0.09167129,0.26666668,0.27573702,0.3,0.2975991
4430,0.99463475,False,Luminal_Macrophages,Luminal_Macrophages,0.41379312,0.41581258,0.03448276,0.04027024,0.37931034,0.3685798,0.1724138,0.17533731
2430,0.9946339,False,Type 2 alveolar,Type 2 alveolar,0.1,0.09818657,0.36666667,0.35774788,0.3,0.30371696,0.23333333,0.2403486
3032,0.9946337,False,Luminal_Macrophages,Luminal_Macrophages,0.31034482,0.3145214,0.27586207,0.28146565,0.10344828,0.092715584,0.31034482,0.31129733
4194,0.99463344,False,Type 2 alveolar,Type 2 alveolar,0.2,0.20443358,0.3,0.30129275,0.23333333,0.2226002,0.26666668,0.27167344
1731,0.99462914,False,Dendritic cells,Dendritic cells,0.06896552,0.07293746,0.06896552,0.058223743,0.41379312,0.41503638,0.44827586,0.45380238
4195,0.9946272,False,Luminal_Macrophages,Luminal_Macrophages,0.37931034,0.38635388,0.37931034,0.379653,0.13793103,0.12718534,0.10344828,0.10680778
3164,0.9946271,False,Type 2 alveolar,Type 2 alveolar,0.16666667,0.15872262,0.33333334,0.33835495,0.2,0.19719827,0.3,0.30572414
826,0.99462694,False,Dendritic cells,Dendritic cells,0.16666667,0.17170496,0.26666668,0.2708397,0.06666667,0.05592053,0.5,0.5015348
4759,0.9946257,False,Type 2 alveolar,Type 2 alveolar,0.09677419,0.104089975,0.32258064,0.31895098,0.2580645,0.26149735,0.32258064,0.31546167
1576,0.9946193,False,Luminal_Macrophages,Luminal_Macrophages,0.36666667,0.3578387,0.06666667,0.06473331,0.26666668,0.26970753,0.3,0.30772048
2892,0.9946192,False,Type 2 alveolar,Type 2 alveolar,0.20689656,0.2176582,0.37931034,0.37087554,0.31034482,0.309357,0.10344828,0.10210924
358,0.9946186,False,Type 2 alveolar,Type 2 alveolar,0.1,0.093333334,0.4,0.40015623,0.13333334,0.12923719,0.36666667,0.37727317
3184,0.9946178,False,Luminal_Macrophages,Luminal_Macrophages,0.33333334,0.32804957,0.26666668,0.27743107,0.26666668,0.26533967,0.13333334,0.12917967
888,0.99461776,False,Luminal_Macrophages,Luminal_Macrophages,0.3448276,0.3525227,0.20689656,0.20996588,0.3448276,0.33413365,0.10344828,0.10337775
590,0.99461377,False,Dendritic cells,Dendritic cells,0.3,0.31012657,0.3,0.29766333,0.033333335,0.03397918,0.36666667,0.3582309
986,0.9946134,False,Luminal_Macrophages,Dendritic cells,0.38709676,0.37789813,0.19354838,0.2004606,0.032258064,0.036119062,0.38709676,0.38552225
3095,0.994606,False,Type 2 alveolar,Type 2 alveolar,0.13793103,0.14871903,0.41379312,0.41127208,0.37931034,0.37611052,0.06896552,0.06389843
67,0.9946041,False,Type 2 alveolar,Type 2 alveolar,0.13333334,0.13388743,0.33333334,0.32585034,0.23333333,0.2300246,0.3,0.31023768
2846,0.99460286,False,Fibroblasts,Fibroblasts,0.13333334,0.13716686,0.16666667,0.15946764,0.53333336,0.5297381,0.16666667,0.17362742
3797,0.9946019,False,Luminal_Macrophages,Luminal_Macrophages,0.3,0.30571824,0.1,0.0905317,0.3,0.29867208,0.3,0.305078
3242,0.99460083,False,Luminal_Macrophages,Luminal_Macrophages,0.4,0.40559584,0.06666667,0.06303136,0.4,0.39283693,0.13333334,0.13853584
1790,0.9945963,False,Luminal_Macrophages,Type 2 alveolar,0.41935483,0.4191413,0.41935483,0.42289242,0.06451613,0.05392222,0.09677419,0.10404406
669,0.9945906,False,Dendritic cells,Dendritic cells,0.16666667,0.16878459,0.33333334,0.34203428,0.13333334,0.12932822,0.36666667,0.3598529
2459,0.99458766,False,Type 2 alveolar,Type 2 alveolar,0.22580644,0.21904664,0.32258064,0.3280702,0.12903225,0.12496746,0.32258064,0.32791573
1021,0.99458545,False,Fibroblasts,Fibroblasts,0.41935483,0.4135355,0.09677419,0.095021315,0.4516129,0.44835603,0.032258064,0.04308713
3279,0.994579,False,Fibroblasts,Fibroblasts,0.23333333,0.24339452,0.23333333,0.23226698,0.3,0.2902243,0.23333333,0.23411413
3225,0.9945709,False,Dendritic cells,Dendritic cells,0.3,0.30811456,0.1,0.09551786,0.26666668,0.26941025,0.33333334,0.32695732
105,0.99457085,False,Type 2 alveolar,Type 2 alveolar,0.033333335,0.03554884,0.5,0.48914158,0.33333334,0.3367904,0.13333334,0.13851905
4567,0.9945683,False,Dendritic cells,Dendritic cells,0.06666667,0.055803187,0.06666667,0.07157931,0.26666668,0.2715855,0.6,0.601032
4729,0.99456805,False,Dendritic cells,Dendritic cells,0.2,0.20775023,0.33333334,0.336447,0.1,0.09981022,0.36666667,0.35599256
1553,0.99456686,False,Fibroblasts,Dendritic cells,0.13333334,0.14178987,0.13333334,0.12246707,0.36666667,0.3677766,0.36666667,0.36796647
2068,0.99456626,False,Luminal_Macrophages,Luminal_Macrophages,0.33333334,0.32674766,0.23333333,0.24274527,0.3,0.29571822,0.13333334,0.13478884
311,0.99456584,False,Dendritic cells,Dendritic cells,0.16666667,0.16604397,0.16666667,0.16498947,0.26666668,0.27753502,0.4,0.3914315
4692,0.9945641,False,Fibroblasts,Fibroblasts,0.3,0.31087172,0.033333335,0.03146767,0.6,0.5970021,0.06666667,0.060658514
4885,0.9945604,False,Luminal_Macrophages,Luminal_Macrophages,0.43333334,0.44257438,0.4,0.3943962,0.033333335,0.034971446,0.13333334,0.128058
3429,0.9945565,False,Luminal_Macrophages,Luminal_Macrophages,0.44827586,0.43758884,0.03448276,0.041312013,0.37931034,0.37911043,0.13793103,0.14198878
3410,0.99455416,False,Fibroblasts,Fibroblasts,0.3,0.30231535,0.3,0.30333546,0.33333334,0.3224417,0.06666667,0.07190749
181,0.9945532,False,Fibroblasts,Dendritic cells,0.16666667,0.16917084,0.033333335,0.03163788,0.4,0.3908019,0.4,0.40838942
1375,0.99455154,False,Dendritic cells,Dendritic cells,0.1,0.10675819,0.3,0.30365762,0.06666667,0.055769727,0.53333336,0.5338144
4855,0.99454546,False,Type 2 alveolar,Type 2 alveolar,0.2413793,0.24198937,0.31034482,0.31211635,0.1724138,0.16150478,0.27586207,0.2843895
3578,0.9945446,False,Dendritic cells,Dendritic cells,0.13333334,0.14133967,0.3,0.29940394,0.23333333,0.23623773,0.33333334,0.32301864
801,0.9945431,False,Luminal_Macrophages,Luminal_Macrophages,0.33333334,0.3311285,0.23333333,0.2396701,0.33333334,0.32462433,0.1,0.10457707
4497,0.99453974,False,Luminal_Macrophages,Luminal_Macrophages,0.33333334,0.3237778,0.3,0.30195403,0.06666667,0.065301634,0.3,0.30896655
4687,0.9945372,False,Luminal_Macrophages,Luminal_Macrophages,0.3,0.30454755,0.26666668,0.2702797,0.16666667,0.15574099,0.26666668,0.26943174
2526,0.99453515,False,Fibroblasts,Fibroblasts,0.26666668,0.26733455,0.16666667,0.16414589,0.3,0.29159108,0.26666668,0.2769285
4068,0.9945331,False,Dendritic cells,Dendritic cells,0.3,0.30397305,0.26666668,0.27362737,0.06666667,0.06629248,0.36666667,0.35610712
2253,0.99453276,False,Luminal_Macrophages,Luminal_Macrophages,0.36666667,0.36723715,0.36666667,0.35589904,0.033333335,0.033166535,0.23333333,0.24369729
4545,0.9945294,False,Type 2 alveolar,Type 2 alveolar,0.2,0.20613444,0.33333334,0.32556984,0.26666668,0.2714734,0.2,0.19682236
549,0.99452853,False,Type 2 alveolar,Type 2 alveolar,0.2,0.20898525,0.36666667,0.36079004,0.23333333,0.23529097,0.2,0.19493368
4208,0.99452794,False,Dendritic cells,Dendritic cells,0.2,0.20882426,0.13333334,0.13516372,0.13333334,0.1223892,0.53333336,0.53362286
466,0.9945207,False,Luminal_Macrophages,Luminal_Macrophages,0.36666667,0.3646018,0.1,0.09110629,0.26666668,0.27024806,0.26666668,0.27404392
4797,0.9945182,False,Luminal_Macrophages,Luminal_Macrophages,0.3448276,0.3510039,0.2413793,0.24405003,0.1724138,0.16145019,0.2413793,0.24349584
3108,0.994517,False,Luminal_Macrophages,Luminal_Macrophages,0.33333334,0.33405784,0.3,0.30869225,0.13333334,0.122367285,0.23333333,0.23488255
1840,0.9945127,False,Dendritic cells,Dendritic cells,0.2,0.20345296,0.13333334,0.1354172,0.3,0.30543786,0.36666667,0.35569194
1804,0.99451125,False,Fibroblasts,Fibroblasts,0.3,0.31097752,0.033333335,0.03276314,0.56666666,0.56276757,0.1,0.09349181
1742,0.9945092,False,Fibroblasts,Fibroblasts,0.23333333,0.24349555,0.23333333,0.22873393,0.26666668,0.26748598,0.26666668,0.2602846
614,0.99450904,False,Luminal_Macrophages,Luminal_Macrophages,0.5,0.5084702,0.06666667,0.06232914,0.4,0.39335555,0.033333335,0.035845086
3708,0.99450874,False,Luminal_Macrophages,Luminal_Macrophages,0.32258064,0.33356318,0.32258064,0.31664827,0.32258064,0.31867468,0.032258064,0.031113885
1279,0.99450594,False,Luminal_Macrophages,Luminal_Macrophages,0.73333335,0.73019415,0.033333335,0.044321407,0.13333334,0.12960887,0.1,0.09587551
1309,0.9945021,False,Type 2 alveolar,Type 2 alveolar,0.2580645,0.26600787,0.3548387,0.34792903,0.29032257,0.28623646,0.09677419,0.099826634
3136,0.99450165,False,Luminal_Macrophages,Luminal_Macrophages,0.3448276,0.34202635,0.10344828,0.09525278,0.27586207,0.2795979,0.27586207,0.28312296
2880,0.99449444,False,Type 2 alveolar,Type 2 alveolar,0.13333334,0.14434443,0.33333334,0.32705003,0.23333333,0.23104304,0.3,0.2975625
1183,0.99449307,False,Type 2 alveolar,Type 2 alveolar,0.13793103,0.14431047,0.3448276,0.3369801,0.20689656,0.20373014,0.31034482,0.31497929
4956,0.9944898,False,Dendritic cells,Dendritic cells,0.033333335,0.03393178,0.23333333,0.2437553,0.33333334,0.33283538,0.4,0.38947758
1573,0.9944834,False,Type 2 alveolar,Type 2 alveolar,0.1,0.107131355,0.3,0.30390176,0.3,0.2930549,0.3,0.29591197
3629,0.9944793,False,Dendritic cells,Dendritic cells,0.13793103,0.14897242,0.1724138,0.1710638,0.1724138,0.16441758,0.51724136,0.5155462
4883,0.9944655,False,Fibroblasts,Fibroblasts,0.06896552,0.06791755,0.13793103,0.13414586,0.41379312,0.40755728,0.37931034,0.3903794
702,0.9944644,False,Luminal_Macrophages,Luminal_Macrophages,0.46666667,0.45908868,0.033333335,0.044193115,0.06666667,0.063173465,0.43333334,0.43354478
2192,0.99446416,False,Type 2 alveolar,Type 2 alveolar,0.26666668,0.27649727,0.3,0.29605368,0.23333333,0.22620793,0.2,0.20124112
2285,0.99446094,False,Luminal_Macrophages,Luminal_Macrophages,0.41379312,0.41381922,0.20689656,0.19734791,0.2413793,0.2524314,0.13793103,0.13640152
310,0.99445766,False,Dendritic cells,Dendritic cells,0.19354838,0.19687675,0.3548387,0.3486283,0.032258064,0.040014453,0.41935483,0.4144805
608,0.99445176,False,Type 2 alveolar,Fibroblasts,0.23333333,0.22223678,0.26666668,0.2669054,0.26666668,0.26724583,0.23333333,0.24361198
4574,0.9944491,False,Fibroblasts,Fibroblasts,0.033333335,0.0348207,0.13333334,0.13641922,0.53333336,0.5222315,0.3,0.30652857
3555,0.9944461,False,Luminal_Macrophages,Luminal_Macrophages,0.32258064,0.3205604,0.19354838,0.19907174,0.19354838,0.18446085,0.29032257,0.29590705
2619,0.9944446,False,Dendritic cells,Dendritic cells,0.16666667,0.17444856,0.33333334,0.33666223,0.13333334,0.1296143,0.36666667,0.3592749
1883,0.99444175,False,Type 2 alveolar,Type 2 alveolar,0.19354838,0.2029142,0.3548387,0.34552217,0.12903225,0.12723227,0.32258064,0.3243313
1650,0.9944409,False,Fibroblasts,Fibroblasts,0.27586207,0.2851636,0.27586207,0.2776787,0.31034482,0.30107498,0.13793103,0.1360827
2122,0.9944409,False,Luminal_Macrophages,Luminal_Macrophages,0.36666667,0.36057416,0.33333334,0.33891198,0.13333334,0.12830769,0.16666667,0.17220622
3474,0.99443907,False,Luminal_Macrophages,Luminal_Macrophages,0.3548387,0.35977772,0.19354838,0.19973123,0.32258064,0.32130694,0.12903225,0.119184144
805,0.9944384,False,Dendritic cells,Dendritic cells,0.26666668,0.27305132,0.06666667,0.06763018,0.3,0.30377498,0.36666667,0.35554355
343,0.99443793,False,Type 2 alveolar,Type 2 alveolar,0.36666667,0.37181926,0.43333334,0.4262653,0.1,0.09594388,0.1,0.105971485
3350,0.9944357,False,Luminal_Macrophages,Luminal_Macrophages,0.33333334,0.33500102,0.2,0.19630344,0.2,0.19256797,0.26666668,0.27612755
4457,0.9944287,False,Fibroblasts,Fibroblasts,0.13333334,0.1243247,0.13333334,0.13119933,0.56666666,0.5719407,0.16666667,0.17253527
3869,0.99442786,False,Fibroblasts,Dendritic cells,0.06666667,0.06881142,0.13333334,0.12239769,0.4,0.39979136,0.4,0.4089996
182,0.9944273,False,Luminal_Macrophages,Luminal_Macrophages,0.4,0.39023352,0.33333334,0.33195445,0.23333333,0.23635927,0.033333335,0.041452844
3240,0.994426,False,Luminal_Macrophages,Fibroblasts,0.33333334,0.33068743,0.26666668,0.27688617,0.33333334,0.33426178,0.06666667,0.05816465
2876,0.99442095,False,Luminal_Macrophages,Luminal_Macrophages,0.3,0.31115806,0.26666668,0.26505625,0.16666667,0.15858501,0.26666668,0.26520067
4689,0.99441767,False,Luminal_Macrophages,Luminal_Macrophages,0.6333333,0.6412692,0.1,0.09882381,0.06666667,0.056678183,0.2,0.20322877
1704,0.9944176,False,Dendritic cells,Dendritic cells,0.2,0.20730342,0.26666668,0.2698124,0.033333335,0.034048982,0.5,0.48883516
3369,0.99441564,False,Dendritic cells,Dendritic cells,0.1,0.08999939,0.033333335,0.037438925,0.4,0.3988318,0.46666667,0.4737298
2474,0.99441516,False,Type 2 alveolar,Type 2 alveolar,0.2,0.19180572,0.3,0.31099325,0.2,0.19702467,0.3,0.30017638
997,0.99441326,False,Type 2 alveolar,Dendritic cells,0.22580644,0.23698,0.32258064,0.3184361,0.12903225,0.12593795,0.32258064,0.31864598
655,0.99441093,False,Luminal_Macrophages,Luminal_Macrophages,0.46666667,0.47592568,0.1,0.08885721,0.36666667,0.36858582,0.06666667,0.06663128
4259,0.99441046,False,Luminal_Macrophages,Luminal_Macrophages,0.38709676,0.37634757,0.12903225,0.12860242,0.19354838,0.19680375,0.29032257,0.29824626
3323,0.99440795,False,Type 2 alveolar,Type 2 alveolar,0.33333334,0.33767155,0.4,0.39374012,0.16666667,0.17351252,0.1,0.09507579
659,0.9944065,False,Type 2 alveolar,Type 2 alveolar,0.1724138,0.17954934,0.3448276,0.34887904,0.13793103,0.13316067,0.3448276,0.338411
1312,0.9944051,False,Type 2 alveolar,Type 2 alveolar,0.31034482,0.3144703,0.37931034,0.37342444,0.10344828,0.09814439,0.20689656,0.21396092
662,0.9944026,False,Dendritic cells,Dendritic cells,0.1,0.10588521,0.13333334,0.12213854,0.33333334,0.33743978,0.43333334,0.4345365
3754,0.99440145,False,Type 2 alveolar,Dendritic cells,0.22580644,0.22579765,0.2580645,0.25143683,0.2580645,0.25350398,0.2580645,0.2692616
841,0.9944009,False,Luminal_Macrophages,Luminal_Macrophages,0.5483871,0.5526516,0.06451613,0.057282805,0.3548387,0.35087392,0.032258064,0.03919173
4062,0.9943999,False,Dendritic cells,Dendritic cells,0.033333335,0.040183287,0.4,0.38879988,0.13333334,0.13432758,0.43333334,0.4366893
4416,0.99439895,False,Fibroblasts,Fibroblasts,0.23333333,0.23791294,0.2,0.20662248,0.3,0.29117554,0.26666668,0.264289
4423,0.99439293,False,Fibroblasts,Fibroblasts,0.09677419,0.0995055,0.16129032,0.16615236,0.5483871,0.5371729,0.19354838,0.19716921
4112,0.9943907,False,Luminal_Macrophages,Luminal_Macrophages,0.38709676,0.38089415,0.32258064,0.3313512,0.09677419,0.09175822,0.19354838,0.19599639
1095,0.99438983,False,Luminal_Macrophages,Luminal_Macrophages,0.3448276,0.34090418,0.3448276,0.3375306,0.1724138,0.17462163,0.13793103,0.14694358
3503,0.99438775,False,Type 2 alveolar,Type 2 alveolar,0.4,0.40486398,0.43333334,0.43473572,0.1,0.1049581,0.06666667,0.055442173
221,0.994385,False,Dendritic cells,Dendritic cells,0.26666668,0.2686333,0.033333335,0.034322433,0.26666668,0.274941,0.43333334,0.42210332
3734,0.99438256,False,Fibroblasts,Fibroblasts,0.2413793,0.24108449,0.1724138,0.18247713,0.44827586,0.4373358,0.13793103,0.13910258
1306,0.9943736,False,Dendritic cells,Dendritic cells,0.19354838,0.19836973,0.2580645,0.264496,0.16129032,0.15941063,0.38709676,0.37772366
3453,0.9943728,False,Luminal_Macrophages,Dendritic cells,0.31034482,0.3092389,0.2413793,0.24746382,0.13793103,0.12778254,0.31034482,0.31551474
2837,0.9943721,False,Luminal_Macrophages,Luminal_Macrophages,0.4,0.39908022,0.16666667,0.16260247,0.1,0.0937282,0.33333334,0.34458908
2955,0.99437076,False,Type 2 alveolar,Type 2 alveolar,0.13333334,0.14154536,0.33333334,0.32507136,0.23333333,0.23033683,0.3,0.30304646
3822,0.9943663,False,Dendritic cells,Dendritic cells,0.33333334,0.3419299,0.16666667,0.16933753,0.1,0.09373261,0.4,0.39499998
3666,0.9943593,False,Fibroblasts,Fibroblasts,0.06451613,0.06262724,0.29032257,0.30160394,0.5483871,0.54448766,0.09677419,0.09128114
2277,0.9943573,False,Type 2 alveolar,Type 2 alveolar,0.2,0.19504705,0.3,0.30267027,0.3,0.29366753,0.2,0.20861511
4404,0.99435496,False,Fibroblasts,Fibroblasts,0.1,0.09245725,0.1,0.09625269,0.7,0.71039486,0.1,0.10089518
2603,0.9943528,False,Type 2 alveolar,Type 2 alveolar,0.16666667,0.1775317,0.46666667,0.457804,0.16666667,0.167096,0.2,0.19756828
4871,0.9943467,False,Dendritic cells,Dendritic cells,0.1,0.09713977,0.26666668,0.27797326,0.1,0.091776736,0.53333336,0.53311026
1796,0.9943417,False,Luminal_Macrophages,Luminal_Macrophages,0.3,0.31131667,0.3,0.29647186,0.2,0.19592127,0.2,0.19629022
1015,0.99433833,False,Type 2 alveolar,Dendritic cells,0.03448276,0.04262591,0.41379312,0.4045488,0.13793103,0.13585196,0.41379312,0.41697335
2195,0.994338,False,Type 2 alveolar,Type 2 alveolar,0.09677419,0.091692634,0.4516129,0.45609695,0.38709676,0.3939368,0.06451613,0.058273636
753,0.9943332,False,Type 2 alveolar,Type 2 alveolar,0.26666668,0.2780003,0.3,0.29988706,0.16666667,0.15743305,0.26666668,0.26467964
4582,0.9943325,False,Luminal_Macrophages,Luminal_Macrophages,0.46666667,0.47451895,0.06666667,0.063656755,0.36666667,0.37014937,0.1,0.09167491
131,0.9943319,False,Type 2 alveolar,Type 2 alveolar,0.16666667,0.17592338,0.3,0.2976898,0.3,0.29097402,0.23333333,0.23541276
2008,0.9943319,False,Dendritic cells,Dendritic cells,0.2580645,0.26434854,0.16129032,0.16141929,0.22580644,0.23072965,0.3548387,0.34350246
4391,0.9943292,False,Luminal_Macrophages,Luminal_Macrophages,0.4,0.39692047,0.3,0.3076388,0.1,0.09173792,0.2,0.20370278
3023,0.9943276,False,Luminal_Macrophages,Luminal_Macrophages,0.27586207,0.28720686,0.27586207,0.27333978,0.1724138,0.16654535,0.27586207,0.27290806
1842,0.9943197,False,Fibroblasts,Fibroblasts,0.032258064,0.030286182,0.16129032,0.16798925,0.516129,0.5067403,0.29032257,0.2949843
879,0.9943149,False,Type 2 alveolar,Type 2 alveolar,0.19354838,0.20466255,0.3548387,0.34898567,0.2580645,0.25832054,0.19354838,0.18803126
3473,0.99431473,False,Type 2 alveolar,Type 2 alveolar,0.16666667,0.17104685,0.3,0.30699033,0.23333333,0.22702038,0.3,0.29494244
1020,0.99431074,False,Fibroblasts,Dendritic cells,0.09677419,0.09834775,0.06451613,0.054671235,0.41935483,0.41782126,0.41935483,0.42915976
4506,0.99430823,False,Fibroblasts,Fibroblasts,0.13333334,0.12739308,0.16666667,0.16963285,0.53333336,0.52789,0.16666667,0.17508407
1241,0.9943062,False,Dendritic cells,Dendritic cells,0.3,0.3073437,0.3,0.30404395,0.06666667,0.061086215,0.33333334,0.32752615
4816,0.9943059,False,Dendritic cells,Dendritic cells,0.03448276,0.04416809,0.31034482,0.31202093,0.20689656,0.20692337,0.44827586,0.43688765
2313,0.9943056,False,Type 2 alveolar,Type 2 alveolar,0.2,0.21026082,0.43333334,0.42813373,0.13333334,0.1271442,0.23333333,0.23446125
2941,0.99430317,False,Luminal_Macrophages,Luminal_Macrophages,0.36666667,0.37684804,0.06666667,0.06787895,0.2,0.19893652,0.36666667,0.35633647
301,0.99430263,False,Type 2 alveolar,Type 2 alveolar,0.19354838,0.20076127,0.29032257,0.2856531,0.2580645,0.25133926,0.2580645,0.2622464
2007,0.9943026,False,Dendritic cells,Dendritic cells,0.26666668,0.26958084,0.06666667,0.056841884,0.033333335,0.03176331,0.6333333,0.641814
4367,0.99430186,False,Type 2 alveolar,Type 2 alveolar,0.29032257,0.30171892,0.38709676,0.38237736,0.16129032,0.15869117,0.16129032,0.15721262
4294,0.9942995,False,Type 2 alveolar,Type 2 alveolar,0.23333333,0.23775764,0.3,0.29255566,0.23333333,0.22937664,0.23333333,0.24031004
4725,0.9942917,False,Luminal_Macrophages,Luminal_Macrophages,0.33333334,0.33628008,0.13333334,0.1219168,0.23333333,0.23527738,0.3,0.30652574
2789,0.99429065,False,Type 2 alveolar,Dendritic cells,0.2,0.19561414,0.26666668,0.26072273,0.26666668,0.26557773,0.26666668,0.27808538
1374,0.9942871,False,Fibroblasts,Fibroblasts,0.13333334,0.1296783,0.2,0.20053336,0.53333336,0.52556247,0.13333334,0.14422584
4881,0.99428517,False,Luminal_Macrophages,Luminal_Macrophages,0.3,0.2989743,0.3,0.29875866,0.13333334,0.12417065,0.26666668,0.27809635
647,0.9942825,False,Type 2 alveolar,Type 2 alveolar,0.19354838,0.20498338,0.32258064,0.31732243,0.2580645,0.25253966,0.22580644,0.2251545
228,0.9942812,False,Luminal_Macrophages,Luminal_Macrophages,0.3,0.3112463,0.16666667,0.15960285,0.23333333,0.23352471,0.3,0.2956261
2714,0.99428105,False,Dendritic cells,Dendritic cells,0.033333335,0.044771273,0.36666667,0.3623445,0.16666667,0.161221,0.43333334,0.4316633
1863,0.9942803,False,Type 2 alveolar,Type 2 alveolar,0.13333334,0.14195168,0.33333334,0.3249548,0.3,0.29693907,0.23333333,0.23615447
4356,0.9942776,False,Fibroblasts,Fibroblasts,0.1,0.111359745,0.1,0.09840891,0.43333334,0.4234797,0.36666667,0.3667517
4418,0.9942774,False,Fibroblasts,Fibroblasts,0.23333333,0.2399611,0.2,0.19981736,0.46666667,0.4554042,0.1,0.104817405
1079,0.99427694,False,Fibroblasts,Fibroblasts,0.06451613,0.06358445,0.12903225,0.12304141,0.41935483,0.41483122,0.38709676,0.39854294
1470,0.9942746,False,Luminal_Macrophages,Luminal_Macrophages,0.31034482,0.32173884,0.2413793,0.24143605,0.20689656,0.20220576,0.2413793,0.23461929
3942,0.9942688,False,Luminal_Macrophages,Luminal_Macrophages,0.33333334,0.3243681,0.3,0.3085274,0.23333333,0.23626836,0.13333334,0.13083616
398,0.99426013,False,Luminal_Macrophages,Luminal_Macrophages,0.36666667,0.35950762,0.26666668,0.27724874,0.3,0.30089766,0.06666667,0.06234594
1904,0.99425995,False,Type 2 alveolar,Type 2 alveolar,0.033333335,0.03886503,0.43333334,0.43928167,0.4,0.39514476,0.13333334,0.12670854
4013,0.9942585,False,Luminal_Macrophages,Luminal_Macrophages,0.53333336,0.54255897,0.2,0.20225738,0.06666667,0.05996188,0.2,0.1952218
2143,0.9942585,False,Dendritic cells,Dendritic cells,0.06451613,0.06261927,0.29032257,0.3018055,0.19354838,0.19264042,0.4516129,0.44293472
633,0.99425447,False,Dendritic cells,Dendritic cells,0.032258064,0.0340632,0.09677419,0.09067659,0.32258064,0.31718722,0.5483871,0.55807304
414,0.9942541,False,Type 2 alveolar,Type 2 alveolar,0.06666667,0.05726645,0.73333335,0.7318062,0.033333335,0.03276895,0.16666667,0.17815845
3923,0.99425375,False,Fibroblasts,Fibroblasts,0.13333334,0.13430883,0.26666668,0.27394366,0.56666666,0.5551741,0.033333335,0.036573313
1534,0.9942534,False,Type 2 alveolar,Type 2 alveolar,0.33333334,0.34482655,0.56666666,0.56350845,0.033333335,0.031192474,0.06666667,0.060472503
4976,0.99425226,False,Dendritic cells,Dendritic cells,0.13333334,0.13382375,0.23333333,0.24433836,0.16666667,0.1636497,0.46666667,0.45818818
3010,0.99425167,False,Luminal_Macrophages,Luminal_Macrophages,0.36666667,0.37235504,0.1,0.1058083,0.2,0.19705494,0.33333334,0.32478178
2611,0.9942513,False,Type 2 alveolar,Type 2 alveolar,0.26666668,0.278164,0.3,0.29977417,0.3,0.29206246,0.13333334,0.12999937
1848,0.9942497,False,Type 2 alveolar,Type 2 alveolar,0.2580645,0.26857802,0.3548387,0.34816843,0.16129032,0.15645999,0.22580644,0.22679357
527,0.99424905,False,Type 2 alveolar,Type 2 alveolar,0.29032257,0.2948989,0.3548387,0.34333676,0.2580645,0.26297086,0.09677419,0.09879342
535,0.9942463,False,Fibroblasts,Fibroblasts,0.06451613,0.06764238,0.19354838,0.1934464,0.41935483,0.40794948,0.32258064,0.33096173
4583,0.9942451,False,Type 2 alveolar,Type 2 alveolar,0.37931034,0.38754237,0.41379312,0.4082499,0.13793103,0.14120877,0.06896552,0.062998965
4884,0.99424326,False,Dendritic cells,Dendritic cells,0.23333333,0.2399753,0.2,0.20487146,0.13333334,0.12271495,0.43333334,0.43243828
2428,0.9942431,False,Luminal_Macrophages,Luminal_Macrophages,0.26666668,0.2781805,0.26666668,0.26528266,0.26666668,0.26283032,0.2,0.1937065
2341,0.9942422,False,Luminal_Macrophages,Dendritic cells,0.3548387,0.3528248,0.12903225,0.14054783,0.16129032,0.15295751,0.3548387,0.35366982
3211,0.9942414,False,Luminal_Macrophages,Luminal_Macrophages,0.3,0.31151718,0.3,0.29968345,0.2,0.1913075,0.2,0.19749188
4843,0.9942389,False,Dendritic cells,Dendritic cells,0.3,0.30977166,0.033333335,0.035083875,0.3,0.2966818,0.36666667,0.35846263
4481,0.9942375,False,Luminal_Macrophages,Luminal_Macrophages,0.36666667,0.3669931,0.23333333,0.23868677,0.26666668,0.27251187,0.13333334,0.12180821
4723,0.994237,False,Luminal_Macrophages,Luminal_Macrophages,0.29032257,0.2998993,0.2580645,0.25306633,0.2580645,0.26001373,0.19354838,0.18702061
771,0.9942328,False,Dendritic cells,Dendritic cells,0.16666667,0.17456551,0.26666668,0.27030227,0.2,0.19911051,0.36666667,0.35602167
3996,0.9942306,False,Dendritic cells,Dendritic cells,0.2580645,0.26523983,0.22580644,0.23016988,0.19354838,0.19056545,0.32258064,0.31402484
1149,0.99422807,False,Dendritic cells,Dendritic cells,0.31034482,0.31654805,0.1724138,0.1777544,0.1724138,0.1661111,0.3448276,0.33958644
3228,0.9942227,False,Type 2 alveolar,Type 2 alveolar,0.19354838,0.19059193,0.3548387,0.3462406,0.2580645,0.2634188,0.19354838,0.19974868
2074,0.99422145,False,Luminal_Macrophages,Luminal_Macrophages,0.48387095,0.475541,0.2580645,0.26583242,0.16129032,0.1580632,0.09677419,0.100563385
2170,0.9942173,False,Luminal_Macrophages,Luminal_Macrophages,0.4,0.396999,0.16666667,0.15810215,0.3,0.31089157,0.13333334,0.13400723
4412,0.9942154,False,Type 2 alveolar,Type 2 alveolar,0.13793103,0.14439674,0.31034482,0.30904624,0.31034482,0.30007422,0.2413793,0.2464828
3490,0.9942142,False,Type 2 alveolar,Dendritic cells,0.23333333,0.2274402,0.26666668,0.2690314,0.23333333,0.22765486,0.26666668,0.27587354
1746,0.994211,False,Luminal_Macrophages,Luminal_Macrophages,0.46666667,0.47181696,0.033333335,0.039761018,0.4,0.39664555,0.1,0.0917765
4152,0.99420166,False,Dendritic cells,Dendritic cells,0.20689656,0.19701722,0.2413793,0.24864262,0.2413793,0.24571265,0.31034482,0.30862746
2319,0.9942002,False,Luminal_Macrophages,Luminal_Macrophages,0.44827586,0.43740028,0.2413793,0.250675,0.10344828,0.102724336,0.20689656,0.20920034
2723,0.99419916,False,Fibroblasts,Fibroblasts,0.06666667,0.062432777,0.36666667,0.37442815,0.4,0.39263216,0.16666667,0.17050694
1264,0.9941963,False,Dendritic cells,Dendritic cells,0.13333334,0.13181391,0.26666668,0.27827403,0.2,0.19799764,0.4,0.3919144
2532,0.99419355,False,Dendritic cells,Dendritic cells,0.3,0.30435884,0.26666668,0.27392077,0.1,0.09005225,0.33333334,0.33166817
1002,0.99418294,False,Type 2 alveolar,Type 2 alveolar,0.2,0.19775395,0.43333334,0.42992732,0.06666667,0.060684677,0.3,0.3116341
2102,0.99417716,False,Dendritic cells,Dendritic cells,0.23333333,0.22894727,0.23333333,0.2434145,0.2,0.20156452,0.33333334,0.3260737
2675,0.9941729,False,Luminal_Macrophages,Luminal_Macrophages,0.31034482,0.31576243,0.31034482,0.30970907,0.13793103,0.12691252,0.2413793,0.24761593
3925,0.99416906,False,Dendritic cells,Dendritic cells,0.1,0.10547708,0.3,0.3045947,0.06666667,0.0550048,0.53333336,0.5349235
2136,0.9941668,False,Luminal_Macrophages,Luminal_Macrophages,0.36666667,0.35989332,0.23333333,0.24499977,0.06666667,0.06416685,0.33333334,0.33094013
1575,0.9941666,False,Type 2 alveolar,Dendritic cells,0.06896552,0.07395506,0.41379312,0.40798965,0.10344828,0.09758489,0.41379312,0.4204704
542,0.9941635,False,Fibroblasts,Fibroblasts,0.032258064,0.041706078,0.38709676,0.38932168,0.41935483,0.41721284,0.16129032,0.15175937
3537,0.9941626,False,Fibroblasts,Fibroblasts,0.1,0.09329737,0.06666667,0.061694525,0.6333333,0.6438814,0.2,0.20112672
750,0.99416244,False,Dendritic cells,Dendritic cells,0.13333334,0.14152774,0.2,0.2017052,0.06666667,0.05499155,0.6,0.6017755
462,0.99416214,False,Type 2 alveolar,Type 2 alveolar,0.16666667,0.16815831,0.4,0.38832423,0.23333333,0.24036336,0.2,0.2031541
259,0.9941612,False,Dendritic cells,Dendritic cells,0.03448276,0.035087537,0.13793103,0.14900388,0.37931034,0.3710465,0.44827586,0.44486204
3504,0.99416006,False,Dendritic cells,Dendritic cells,0.06666667,0.06990401,0.16666667,0.17510916,0.36666667,0.36442265,0.4,0.3905642
4526,0.9941587,False,Fibroblasts,Fibroblasts,0.06666667,0.06724101,0.4,0.41110826,0.46666667,0.4620085,0.06666667,0.05964224
3957,0.994155,False,Dendritic cells,Dendritic cells,0.12903225,0.14072232,0.32258064,0.32093427,0.16129032,0.15814419,0.38709676,0.38019922
3015,0.99415284,False,Type 2 alveolar,Type 2 alveolar,0.2413793,0.24636202,0.31034482,0.31705648,0.2413793,0.23528619,0.20689656,0.20129533
1740,0.99415153,False,Type 2 alveolar,Type 2 alveolar,0.1,0.09190757,0.36666667,0.373827,0.36666667,0.36306217,0.16666667,0.17120323
3791,0.99414504,False,Luminal_Macrophages,Luminal_Macrophages,0.46666667,0.47410944,0.36666667,0.37093386,0.1,0.096253864,0.06666667,0.05870286
898,0.99414504,False,Luminal_Macrophages,Luminal_Macrophages,0.4,0.39887857,0.06666667,0.060873117,0.3,0.2952051,0.23333333,0.24504326
4119,0.994143,False,Luminal_Macrophages,Luminal_Macrophages,0.37931034,0.37732446,0.13793103,0.13177596,0.1724138,0.16884081,0.31034482,0.3220588
504,0.9941423,False,Type 2 alveolar,Type 2 alveolar,0.3,0.31171545,0.33333334,0.3295175,0.3,0.29825515,0.06666667,0.060511936
2509,0.99414164,False,Luminal_Macrophages,Luminal_Macrophages,0.43333334,0.4430936,0.4,0.39526737,0.06666667,0.05968265,0.1,0.101956435
3262,0.9941412,False,Fibroblasts,Fibroblasts,0.2,0.19884755,0.23333333,0.23206721,0.3,0.29070103,0.26666668,0.2783842
2310,0.99414086,False,Type 2 alveolar,Type 2 alveolar,0.1,0.104928635,0.4,0.3901771,0.13333334,0.13143797,0.36666667,0.3734563
722,0.99413896,False,Fibroblasts,Dendritic cells,0.06896552,0.062713325,0.1724138,0.18043843,0.37931034,0.37384036,0.37931034,0.38300782
157,0.99413705,False,Dendritic cells,Dendritic cells,0.3,0.29687905,0.06666667,0.066302285,0.06666667,0.05842609,0.56666666,0.57839257
3964,0.99413013,False,Dendritic cells,Dendritic cells,0.2413793,0.24205434,0.27586207,0.2835262,0.1724138,0.16067407,0.31034482,0.31374544
3854,0.99412984,False,Luminal_Macrophages,Luminal_Macrophages,0.36666667,0.36893794,0.1,0.094677076,0.2,0.19358262,0.33333334,0.34280235
2575,0.9941248,False,Dendritic cells,Dendritic cells,0.033333335,0.040506925,0.36666667,0.36012977,0.16666667,0.16145325,0.43333334,0.43791008
3104,0.99412364,False,Dendritic cells,Dendritic cells,0.2,0.21175271,0.13333334,0.12578145,0.2,0.19831811,0.46666667,0.4641477
4507,0.9941216,False,Dendritic cells,Dendritic cells,0.20689656,0.21865338,0.06896552,0.06691911,0.10344828,0.09487976,0.62068963,0.6195478
4306,0.994121,False,Fibroblasts,Fibroblasts,0.2,0.2044409,0.23333333,0.22767384,0.3,0.29390156,0.26666668,0.27398372
2141,0.99412096,False,Luminal_Macrophages,Type 2 alveolar,0.29032257,0.2954097,0.29032257,0.29699352,0.29032257,0.28835547,0.12903225,0.119241275
4675,0.9941197,False,Fibroblasts,Fibroblasts,0.31034482,0.3129078,0.20689656,0.2160941,0.3448276,0.33713257,0.13793103,0.13386549
258,0.99411845,False,Dendritic cells,Dendritic cells,0.19354838,0.19391304,0.29032257,0.30172098,0.09677419,0.089664355,0.41935483,0.41470164
3378,0.9941165,False,Type 2 alveolar,Type 2 alveolar,0.16129032,0.16197601,0.29032257,0.2883809,0.29032257,0.28049725,0.2580645,0.26914582
650,0.9941127,False,Dendritic cells,Dendritic cells,0.13333334,0.13337351,0.1,0.088225365,0.33333334,0.3371107,0.43333334,0.44129038
902,0.99411225,False,Fibroblasts,Fibroblasts,0.06666667,0.075092085,0.33333334,0.33668348,0.36666667,0.3566834,0.23333333,0.23154108
2412,0.99411124,False,Luminal_Macrophages,Luminal_Macrophages,0.37931034,0.37204325,0.20689656,0.21384971,0.06896552,0.06445513,0.3448276,0.3496519
1307,0.9941082,False,Fibroblasts,Fibroblasts,0.033333335,0.039061606,0.13333334,0.12509386,0.43333334,0.4297892,0.4,0.40605542
3401,0.994101,False,Luminal_Macrophages,Luminal_Macrophages,0.3,0.30786175,0.3,0.29979193,0.1,0.088410005,0.3,0.3039363
86,0.99410075,False,Luminal_Macrophages,Luminal_Macrophages,0.26666668,0.27514753,0.23333333,0.22860734,0.26666668,0.26998433,0.23333333,0.22626081
1539,0.9941004,False,Luminal_Macrophages,Luminal_Macrophages,0.37931034,0.36946738,0.03448276,0.041295893,0.31034482,0.3083886,0.27586207,0.28084815
876,0.9940998,False,Fibroblasts,Fibroblasts,0.19354838,0.19255331,0.19354838,0.1951478,0.32258064,0.31177533,0.29032257,0.30052358
1161,0.99409944,False,Dendritic cells,Dendritic cells,0.3,0.3118011,0.3,0.29868335,0.06666667,0.05903263,0.33333334,0.3304829
2816,0.9940981,False,Type 2 alveolar,Type 2 alveolar,0.2,0.19210792,0.3,0.2972724,0.26666668,0.26548263,0.23333333,0.2451371
2176,0.9940978,False,Type 2 alveolar,Type 2 alveolar,0.3,0.3017568,0.36666667,0.35486236,0.033333335,0.03503455,0.3,0.30834627
809,0.99409753,False,Luminal_Macrophages,Luminal_Macrophages,0.38709676,0.38413042,0.2580645,0.26238644,0.09677419,0.08793556,0.2580645,0.26554754
2496,0.99409574,False,Luminal_Macrophages,Luminal_Macrophages,0.32258064,0.3301685,0.32258064,0.32412013,0.16129032,0.14948176,0.19354838,0.19622958
1806,0.99409384,False,Fibroblasts,Fibroblasts,0.2,0.2071531,0.2,0.20465918,0.3,0.29434666,0.3,0.293841
4478,0.9940932,False,Luminal_Macrophages,Luminal_Macrophages,0.4,0.3895145,0.06666667,0.073868506,0.2,0.20461175,0.33333334,0.33200523
2894,0.9940912,False,Luminal_Macrophages,Luminal_Macrophages,0.38709676,0.3847717,0.032258064,0.043277666,0.19354838,0.19434638,0.38709676,0.37760422
2219,0.99408966,False,Fibroblasts,Dendritic cells,0.13333334,0.14482795,0.26666668,0.25760105,0.3,0.29724497,0.3,0.30032605
4184,0.9940892,False,Luminal_Macrophages,Luminal_Macrophages,0.33333334,0.32151175,0.3,0.3013559,0.26666668,0.26751316,0.1,0.109619185
3291,0.99408495,False,Type 2 alveolar,Dendritic cells,0.2,0.21142142,0.36666667,0.35837963,0.06666667,0.06312362,0.36666667,0.36707535
4177,0.99408305,False,Luminal_Macrophages,Luminal_Macrophages,0.43333334,0.4352228,0.033333335,0.043277793,0.13333334,0.13212414,0.4,0.3893753
1165,0.9940819,False,Dendritic cells,Dendritic cells,0.06666667,0.06371156,0.33333334,0.34516945,0.16666667,0.16486707,0.43333334,0.42625192
2677,0.99408126,False,Luminal_Macrophages,Luminal_Macrophages,0.33333334,0.34238622,0.33333334,0.321873,0.033333335,0.03611792,0.3,0.29962286
3386,0.9940786,False,Fibroblasts,Dendritic cells,0.26666668,0.27232546,0.13333334,0.12563781,0.3,0.29585266,0.3,0.30618402
3247,0.9940774,False,Luminal_Macrophages,Luminal_Macrophages,0.37931034,0.36746517,0.27586207,0.2821273,0.03448276,0.036466066,0.31034482,0.31394148
4597,0.9940753,False,Luminal_Macrophages,Luminal_Macrophages,0.36666667,0.3557627,0.3,0.3074674,0.2,0.19905454,0.13333334,0.13771541
1412,0.9940738,False,Luminal_Macrophages,Luminal_Macrophages,0.27586207,0.28771442,0.27586207,0.27545673,0.2413793,0.23436412,0.20689656,0.20246471
1736,0.9940713,False,Dendritic cells,Dendritic cells,0.032258064,0.041648984,0.32258064,0.31897458,0.2580645,0.26053107,0.38709676,0.37884542
1212,0.99406743,False,Dendritic cells,Dendritic cells,0.36666667,0.37139034,0.033333335,0.040474843,0.1,0.093517594,0.5,0.49461728
3458,0.99406177,False,Luminal_Macrophages,Luminal_Macrophages,0.33333334,0.33606595,0.2,0.1916224,0.2,0.1965011,0.26666668,0.2758106
4724,0.9940608,False,Type 2 alveolar,Type 2 alveolar,0.4,0.41187838,0.53333336,0.5223251,0.033333335,0.032634765,0.033333335,0.03316174
4467,0.9940585,False,Dendritic cells,Dendritic cells,0.09677419,0.09206525,0.19354838,0.18685521,0.29032257,0.30220556,0.41935483,0.41887397
2564,0.99405384,False,Fibroblasts,Fibroblasts,0.16129032,0.17071664,0.29032257,0.2927886,0.32258064,0.31187773,0.22580644,0.224617
2729,0.994053,False,Type 2 alveolar,Type 2 alveolar,0.20689656,0.21879058,0.31034482,0.3087534,0.27586207,0.27400434,0.20689656,0.19845167
2116,0.9940514,False,Type 2 alveolar,Type 2 alveolar,0.09677419,0.100310184,0.3548387,0.34347886,0.29032257,0.28978518,0.2580645,0.26642576
524,0.9940473,False,Dendritic cells,Dendritic cells,0.1,0.107135765,0.3,0.30203566,0.23333333,0.23606731,0.36666667,0.35476124
4257,0.99404454,False,Luminal_Macrophages,Luminal_Macrophages,0.44827586,0.46018675,0.06896552,0.06405896,0.37931034,0.37778813,0.10344828,0.097966135
4749,0.99403954,False,Luminal_Macrophages,Luminal_Macrophages,0.26666668,0.27418423,0.2,0.19125365,0.26666668,0.26349208,0.26666668,0.27107006
1627,0.99403703,False,Fibroblasts,Fibroblasts,0.033333335,0.03990637,0.3,0.3018995,0.36666667,0.35474074,0.3,0.30345336
1497,0.99403596,False,Type 2 alveolar,Type 2 alveolar,0.23333333,0.23941329,0.33333334,0.32432133,0.16666667,0.16375056,0.26666668,0.27251482
681,0.99403566,False,Type 2 alveolar,Type 2 alveolar,0.10344828,0.110936634,0.37931034,0.38375065,0.37931034,0.37109262,0.13793103,0.13422015
4511,0.99403465,False,Dendritic cells,Dendritic cells,0.13333334,0.13004856,0.06666667,0.05802071,0.23333333,0.24490845,0.56666666,0.5670223
4480,0.99403226,False,Fibroblasts,Dendritic cells,0.06666667,0.07041268,0.2,0.20818944,0.36666667,0.35992682,0.36666667,0.36147112
1042,0.9940316,False,Fibroblasts,Fibroblasts,0.06451613,0.056988455,0.32258064,0.33127576,0.516129,0.5117199,0.09677419,0.10001589
4809,0.9940303,False,Luminal_Macrophages,Luminal_Macrophages,0.33333334,0.3319911,0.26666668,0.27860606,0.3,0.29922488,0.1,0.09017797
1188,0.99402887,False,Dendritic cells,Dendritic cells,0.2,0.21194218,0.33333334,0.33183783,0.1,0.09249067,0.36666667,0.36372927
3051,0.994028,False,Dendritic cells,Dendritic cells,0.16666667,0.17841446,0.36666667,0.35774627,0.033333335,0.033529654,0.43333334,0.43030965
357,0.9940259,False,Type 2 alveolar,Type 2 alveolar,0.26666668,0.27861482,0.33333334,0.32678568,0.3,0.29590222,0.1,0.09869721
180,0.99402523,False,Type 2 alveolar,Type 2 alveolar,0.06666667,0.05716489,0.6333333,0.63403493,0.26666668,0.27791464,0.033333335,0.030885603
2599,0.99402386,False,Type 2 alveolar,Type 2 alveolar,0.03448276,0.04525555,0.41379312,0.40391767,0.20689656,0.20807602,0.3448276,0.34275076
222,0.99402195,False,Fibroblasts,Fibroblasts,0.1,0.09530165,0.23333333,0.23660547,0.46666667,0.45940894,0.2,0.20868391
1067,0.9940201,False,Type 2 alveolar,Type 2 alveolar,0.13333334,0.13988608,0.36666667,0.35542166,0.23333333,0.23261853,0.26666668,0.2720737
284,0.9940108,False,Luminal_Macrophages,Luminal_Macrophages,0.31034482,0.31889945,0.20689656,0.2056245,0.1724138,0.16170739,0.31034482,0.3137686
2292,0.99401027,False,Luminal_Macrophages,Luminal_Macrophages,0.26666668,0.27864617,0.26666668,0.26248372,0.23333333,0.22773153,0.23333333,0.23113859
1744,0.9940082,False,Fibroblasts,Dendritic cells,0.2,0.1979347,0.06666667,0.06821672,0.36666667,0.35674837,0.36666667,0.3771002
4011,0.9940081,False,Type 2 alveolar,Type 2 alveolar,0.1,0.1119837,0.36666667,0.35982296,0.33333334,0.32992828,0.2,0.19826505
2809,0.99400735,False,Luminal_Macrophages,Luminal_Macrophages,0.76666665,0.7738542,0.06666667,0.06652422,0.06666667,0.054823898,0.1,0.10479773
3361,0.99400496,False,Fibroblasts,Fibroblasts,0.36666667,0.36980194,0.1,0.10519304,0.4,0.3880099,0.13333334,0.1369951
2969,0.99400264,False,Luminal_Macrophages,Luminal_Macrophages,0.516129,0.5100263,0.06451613,0.058624156,0.22580644,0.2324998,0.19354838,0.19884975
4394,0.9940026,False,Fibroblasts,Fibroblasts,0.3,0.3104559,0.2,0.20153889,0.33333334,0.32298252,0.16666667,0.16502267
2745,0.9940004,False,Luminal_Macrophages,Luminal_Macrophages,0.36666667,0.37722096,0.36666667,0.3670451,0.2,0.20106652,0.06666667,0.054667447
2518,0.9939985,False,Fibroblasts,Fibroblasts,0.26666668,0.27866963,0.13333334,0.12392209,0.3,0.29894933,0.3,0.29845896
409,0.9939933,False,Fibroblasts,Fibroblasts,0.3,0.30260074,0.06666667,0.06301084,0.33333334,0.3249757,0.3,0.30941266
2794,0.9939894,False,Fibroblasts,Fibroblasts,0.26666668,0.2731996,0.06666667,0.05464555,0.6,0.6033685,0.06666667,0.0687864
2849,0.9939888,False,Luminal_Macrophages,Luminal_Macrophages,0.33333334,0.3392854,0.033333335,0.039403602,0.3,0.2984307,0.33333334,0.3228803
2389,0.9939882,False,Dendritic cells,Dendritic cells,0.36666667,0.3742114,0.13333334,0.12890568,0.1,0.09240404,0.4,0.40447885
4803,0.99398714,False,Type 2 alveolar,Type 2 alveolar,0.16129032,0.161499,0.4516129,0.43958724,0.2580645,0.2689618,0.12903225,0.12995204
2217,0.99398017,False,Luminal_Macrophages,Luminal_Macrophages,0.32258064,0.32883382,0.32258064,0.31054097,0.032258064,0.035206456,0.32258064,0.32541874
3066,0.99397963,False,Luminal_Macrophages,Luminal_Macrophages,0.29032257,0.3023633,0.29032257,0.288753,0.12903225,0.1199109,0.29032257,0.28897282
2592,0.9939757,False,Type 2 alveolar,Type 2 alveolar,0.23333333,0.24436326,0.6333333,0.6293693,0.1,0.09191538,0.033333335,0.034351986
1242,0.99397546,False,Luminal_Macrophages,Luminal_Macrophages,0.41379312,0.4031713,0.13793103,0.13657857,0.27586207,0.2879112,0.1724138,0.17233895
3380,0.99397516,False,Type 2 alveolar,Type 2 alveolar,0.10344828,0.11541471,0.37931034,0.3777325,0.3448276,0.3449108,0.1724138,0.16194199
4683,0.993972,False,Luminal_Macrophages,Luminal_Macrophages,0.29032257,0.30176204,0.29032257,0.29093906,0.29032257,0.28906545,0.12903225,0.11823346
1698,0.9939695,False,Dendritic cells,Dendritic cells,0.09677419,0.091110155,0.29032257,0.3023835,0.12903225,0.1257208,0.48387095,0.48078546
1400,0.99396616,False,Luminal_Macrophages,Luminal_Macrophages,0.4,0.4107355,0.13333334,0.12965308,0.4,0.3916126,0.06666667,0.06799884
3507,0.9939651,False,Luminal_Macrophages,Luminal_Macrophages,0.43333334,0.42126358,0.33333334,0.33780068,0.16666667,0.1682596,0.06666667,0.0726762
2457,0.99396443,False,Luminal_Macrophages,Luminal_Macrophages,0.36666667,0.35570958,0.23333333,0.24129023,0.3,0.3041142,0.1,0.098886
2608,0.99396443,False,Luminal_Macrophages,Luminal_Macrophages,0.36666667,0.3775049,0.36666667,0.36567968,0.16666667,0.16789952,0.1,0.0889159
111,0.9939606,False,Type 2 alveolar,Type 2 alveolar,0.1,0.097654805,0.4,0.39414975,0.26666668,0.2787454,0.23333333,0.22945005
1130,0.9939604,False,Luminal_Macrophages,Luminal_Macrophages,0.33333334,0.32349315,0.3,0.30416298,0.16666667,0.16442761,0.2,0.20791629
3888,0.9939578,False,Type 2 alveolar,Type 2 alveolar,0.09677419,0.10099732,0.5483871,0.53735596,0.032258064,0.031204814,0.32258064,0.33044192
3163,0.99395376,False,Type 2 alveolar,Dendritic cells,0.16666667,0.17535155,0.36666667,0.3560091,0.1,0.098565124,0.36666667,0.37007418
4492,0.99394983,False,Type 2 alveolar,Type 2 alveolar,0.06666667,0.06952283,0.4,0.38789967,0.3,0.30657682,0.23333333,0.23600072
1625,0.9939439,False,Luminal_Macrophages,Luminal_Macrophages,0.36666667,0.36265644,0.2,0.2031288,0.36666667,0.35856473,0.06666667,0.07565006
2190,0.99394083,False,Dendritic cells,Dendritic cells,0.2580645,0.26497588,0.032258064,0.031239236,0.22580644,0.23101343,0.48387095,0.4727715
4058,0.9939383,False,Fibroblasts,Fibroblasts,0.36666667,0.37516838,0.1,0.09248495,0.5,0.49539173,0.033333335,0.036954947
2234,0.9939363,False,Dendritic cells,Dendritic cells,0.4,0.41212738,0.1,0.09412676,0.06666667,0.066234425,0.43333334,0.42751142
4865,0.9939297,False,Luminal_Macrophages,Luminal_Macrophages,0.33333334,0.33921582,0.16666667,0.17292483,0.16666667,0.15848242,0.33333334,0.32937697
4414,0.99392927,False,Fibroblasts,Fibroblasts,0.06666667,0.06594122,0.3,0.30954012,0.46666667,0.45525065,0.16666667,0.16926803
4682,0.99392664,False,Luminal_Macrophages,Dendritic cells,0.26666668,0.2693714,0.23333333,0.22118658,0.23333333,0.23352,0.26666668,0.27592206
4718,0.9939254,False,Luminal_Macrophages,Luminal_Macrophages,0.38709676,0.3824046,0.2580645,0.2622813,0.29032257,0.298255,0.06451613,0.057059158
319,0.99392265,False,Fibroblasts,Fibroblasts,0.23333333,0.24041508,0.2,0.19677797,0.33333334,0.3244006,0.23333333,0.23840629
4251,0.99392235,False,Luminal_Macrophages,Dendritic cells,0.27586207,0.2741826,0.2413793,0.2373764,0.20689656,0.20042358,0.27586207,0.28801742
117,0.9939209,False,Luminal_Macrophages,Luminal_Macrophages,0.33333334,0.33020374,0.1,0.10242012,0.33333334,0.3243048,0.23333333,0.2430713
4663,0.99392015,False,Fibroblasts,Fibroblasts,0.16666667,0.16379242,0.26666668,0.2668544,0.3,0.29071456,0.26666668,0.2786386
729,0.9939172,False,Dendritic cells,Dendritic cells,0.1,0.10720206,0.23333333,0.2300779,0.3,0.3049635,0.36666667,0.35775653
3096,0.9939168,False,Fibroblasts,Fibroblasts,0.16666667,0.17089002,0.06666667,0.062267188,0.4,0.39223304,0.36666667,0.37460974
2071,0.99391615,False,Luminal_Macrophages,Luminal_Macrophages,0.6,0.5944874,0.1,0.09334486,0.26666668,0.2768754,0.033333335,0.035292316
2551,0.993915,False,Dendritic cells,Dendritic cells,0.09677419,0.09308822,0.32258064,0.33475062,0.19354838,0.18706146,0.38709676,0.38509965
1220,0.9939108,False,Type 2 alveolar,Type 2 alveolar,0.13333334,0.13933413,0.5,0.48845655,0.33333334,0.33951104,0.033333335,0.03269831
3469,0.9939092,False,Luminal_Macrophages,Luminal_Macrophages,0.33333334,0.34118512,0.33333334,0.32869515,0.13333334,0.12578993,0.2,0.2043298
4183,0.9939091,False,Luminal_Macrophages,Luminal_Macrophages,0.3548387,0.35091108,0.22580644,0.22370782,0.12903225,0.12287669,0.29032257,0.3025044
2109,0.9939081,False,Type 2 alveolar,Type 2 alveolar,0.16666667,0.17885047,0.33333334,0.32833555,0.3,0.29560468,0.2,0.19720928
3790,0.9939068,False,Type 2 alveolar,Type 2 alveolar,0.033333335,0.04551971,0.4,0.39635772,0.36666667,0.3584522,0.2,0.19967037
4443,0.9939054,False,Dendritic cells,Dendritic cells,0.06896552,0.07134244,0.2413793,0.24396464,0.27586207,0.28308895,0.41379312,0.401604
1663,0.9939033,False,Type 2 alveolar,Dendritic cells,0.23333333,0.24149103,0.26666668,0.25826308,0.23333333,0.22954346,0.26666668,0.27070242
3062,0.99390197,False,Fibroblasts,Fibroblasts,0.033333335,0.039230924,0.26666668,0.27191967,0.36666667,0.35447064,0.33333334,0.33437878
270,0.9939013,False,Luminal_Macrophages,Luminal_Macrophages,0.43333334,0.43025264,0.16666667,0.17694588,0.033333335,0.035251454,0.36666667,0.35755005
2605,0.9938963,False,Dendritic cells,Dendritic cells,0.2580645,0.27027196,0.06451613,0.057103746,0.32258064,0.31825116,0.3548387,0.35437316
3137,0.99389553,False,Fibroblasts,Fibroblasts,0.033333335,0.035951156,0.23333333,0.23995529,0.4,0.38779107,0.33333334,0.33630243
3395,0.993894,False,Luminal_Macrophages,Luminal_Macrophages,0.3,0.312212,0.2,0.19420734,0.23333333,0.22776547,0.26666668,0.2658152
2249,0.993893,False,Luminal_Macrophages,Luminal_Macrophages,0.33333334,0.33044773,0.3,0.3000831,0.06666667,0.0573383,0.3,0.3121309
2763,0.9938917,False,Dendritic cells,Dendritic cells,0.3,0.31221658,0.26666668,0.2636655,0.1,0.09376885,0.33333334,0.33034903
761,0.99389,False,Dendritic cells,Dendritic cells,0.43333334,0.44410965,0.06666667,0.061805826,0.033333335,0.034777027,0.46666667,0.45930746
1395,0.99388695,False,Dendritic cells,Dendritic cells,0.06666667,0.05875206,0.1,0.09568848,0.36666667,0.37199384,0.46666667,0.47356558
4325,0.9938848,False,Luminal_Macrophages,Luminal_Macrophages,0.36666667,0.37659287,0.33333334,0.3356375,0.13333334,0.12959364,0.16666667,0.158176
2064,0.9938799,False,Fibroblasts,Dendritic cells,0.09677419,0.09210584,0.19354838,0.20296796,0.3548387,0.34726697,0.3548387,0.35765928
1354,0.9938775,False,Luminal_Macrophages,Luminal_Macrophages,0.4,0.38781542,0.2,0.19993947,0.3,0.30392027,0.1,0.10832479
956,0.99387175,False,Luminal_Macrophages,Luminal_Macrophages,0.33333334,0.34265813,0.2,0.19224626,0.3,0.30293173,0.16666667,0.16216394
2818,0.9938684,False,Dendritic cells,Dendritic cells,0.3,0.3001289,0.16666667,0.16756828,0.2,0.21123266,0.33333334,0.32107016
2248,0.9938671,False,Fibroblasts,Dendritic cells,0.09677419,0.0892796,0.2580645,0.2662382,0.32258064,0.31780937,0.32258064,0.32667276
359,0.9938621,False,Dendritic cells,Dendritic cells,0.06666667,0.0638436,0.13333334,0.123880535,0.33333334,0.34053382,0.46666667,0.471742
3614,0.9938603,False,Fibroblasts,Fibroblasts,0.2,0.21227941,0.26666668,0.26550442,0.33333334,0.32722917,0.2,0.19498703
3071,0.9938584,False,Luminal_Macrophages,Luminal_Macrophages,0.3548387,0.34255552,0.19354838,0.19620883,0.22580644,0.22649226,0.22580644,0.23474342
2010,0.9938566,False,Luminal_Macrophages,Luminal_Macrophages,0.4,0.38800013,0.23333333,0.24337624,0.3,0.30224392,0.06666667,0.066379726
331,0.99385506,False,Fibroblasts,Fibroblasts,0.23333333,0.23464616,0.3,0.30761218,0.33333334,0.3210435,0.13333334,0.13669816
2159,0.9938511,False,Dendritic cells,Dendritic cells,0.033333335,0.043989137,0.33333334,0.3308703,0.23333333,0.23497528,0.4,0.39016527
553,0.993851,False,Dendritic cells,Dendritic cells,0.19354838,0.19384423,0.22580644,0.23028798,0.22580644,0.23332703,0.3548387,0.34254077
586,0.9938504,False,Luminal_Macrophages,Luminal_Macrophages,0.29032257,0.29803577,0.22580644,0.2303925,0.19354838,0.18251836,0.29032257,0.28905338
4129,0.99385,False,Type 2 alveolar,Type 2 alveolar,0.3,0.308757,0.33333334,0.3307331,0.33333334,0.32363355,0.033333335,0.036876343
2812,0.9938481,False,Type 2 alveolar,Type 2 alveolar,0.36666667,0.3549881,0.4,0.39937475,0.033333335,0.038093105,0.2,0.20754409
1643,0.9938447,False,Luminal_Macrophages,Luminal_Macrophages,0.36666667,0.37783673,0.2,0.19723585,0.36666667,0.35712025,0.06666667,0.06780719
717,0.99384385,False,Fibroblasts,Fibroblasts,0.19354838,0.19386461,0.06451613,0.05220382,0.61290324,0.62277,0.12903225,0.13116157
2180,0.9938428,False,Fibroblasts,Fibroblasts,0.26666668,0.26119167,0.26666668,0.2721782,0.3,0.29316056,0.16666667,0.17346956
2202,0.9938395,False,Luminal_Macrophages,Luminal_Macrophages,0.53333336,0.5271946,0.06666667,0.061384786,0.16666667,0.16576634,0.23333333,0.24565426
2287,0.993839,False,Type 2 alveolar,Dendritic cells,0.23333333,0.23692414,0.26666668,0.2648687,0.23333333,0.22280936,0.26666668,0.27539775
2720,0.99383885,False,Type 2 alveolar,Type 2 alveolar,0.2,0.20854469,0.4,0.38767773,0.33333334,0.33365127,0.06666667,0.07012635
2922,0.9938375,False,Type 2 alveolar,Type 2 alveolar,0.26666668,0.27365455,0.36666667,0.35939416,0.26666668,0.27200377,0.1,0.09494746
206,0.99382794,False,Luminal_Macrophages,Luminal_Macrophages,0.29032257,0.28749523,0.16129032,0.16995867,0.2580645,0.2617403,0.29032257,0.2808058
164,0.99382377,False,Luminal_Macrophages,Luminal_Macrophages,0.32258064,0.31796962,0.2580645,0.26086855,0.12903225,0.12129084,0.29032257,0.29987097
2090,0.9938237,False,Fibroblasts,Fibroblasts,0.06451613,0.0567768,0.41935483,0.43099466,0.4516129,0.4523257,0.06451613,0.05990282
4426,0.9938228,False,Luminal_Macrophages,Luminal_Macrophages,0.31034482,0.30702925,0.27586207,0.2769313,0.1724138,0.16337499,0.2413793,0.25266445
2500,0.9938224,False,Luminal_Macrophages,Luminal_Macrophages,0.31034482,0.31821468,0.13793103,0.12818623,0.2413793,0.24586461,0.31034482,0.3077345
733,0.9938193,False,Type 2 alveolar,Type 2 alveolar,0.33333334,0.34569475,0.36666667,0.3659513,0.16666667,0.16661617,0.13333334,0.12173779
100,0.9938179,False,Luminal_Macrophages,Luminal_Macrophages,0.3548387,0.34965938,0.06451613,0.06896264,0.32258064,0.3153959,0.2580645,0.26598212
3604,0.99381715,False,Luminal_Macrophages,Luminal_Macrophages,0.3,0.29432976,0.2,0.19822058,0.23333333,0.22841728,0.26666668,0.27903232
1779,0.9938162,False,Dendritic cells,Dendritic cells,0.2,0.20273226,0.26666668,0.27630204,0.2,0.1960839,0.33333334,0.32488176
1197,0.9938104,False,Dendritic cells,Dendritic cells,0.33333334,0.3457125,0.1,0.09829309,0.13333334,0.12855305,0.43333334,0.42744142
3449,0.9938082,False,Type 2 alveolar,Type 2 alveolar,0.32258064,0.3349642,0.3548387,0.348179,0.16129032,0.16125439,0.16129032,0.15560241
3215,0.9938042,False,Type 2 alveolar,Type 2 alveolar,0.38709676,0.3994884,0.4516129,0.44574386,0.06451613,0.0644748,0.09677419,0.09029294
4440,0.9938023,False,Dendritic cells,Dendritic cells,0.26666668,0.27359286,0.06666667,0.06614727,0.3,0.3054692,0.36666667,0.3547907
4360,0.9937976,False,Type 2 alveolar,Type 2 alveolar,0.16666667,0.16814671,0.33333334,0.3252013,0.2,0.19572723,0.3,0.3109247
3273,0.9937973,False,Type 2 alveolar,Type 2 alveolar,0.1,0.0932824,0.4,0.41100505,0.36666667,0.3609788,0.13333334,0.13473372
3426,0.99379224,False,Dendritic cells,Dendritic cells,0.033333335,0.042194463,0.3,0.30355436,0.3,0.2999492,0.36666667,0.35430196
2427,0.9937905,False,Type 2 alveolar,Type 2 alveolar,0.13333334,0.140961,0.36666667,0.35424763,0.16666667,0.16680437,0.33333334,0.337987
4163,0.99378365,False,Type 2 alveolar,Type 2 alveolar,0.23333333,0.2409288,0.3,0.3031686,0.16666667,0.15423404,0.3,0.3016686
2791,0.99378306,False,Dendritic cells,Dendritic cells,0.33333334,0.3429402,0.16666667,0.16671318,0.033333335,0.0361139,0.46666667,0.45423272
4817,0.99378204,False,Type 2 alveolar,Type 2 alveolar,0.06666667,0.0639569,0.5,0.50899225,0.36666667,0.37011036,0.06666667,0.05694045
4854,0.9937806,False,Type 2 alveolar,Type 2 alveolar,0.10344828,0.11315871,0.37931034,0.36791506,0.31034482,0.30930132,0.20689656,0.20962486
1068,0.99377936,False,Fibroblasts,Fibroblasts,0.13333334,0.14254077,0.3,0.30127385,0.33333334,0.32089207,0.23333333,0.23529328
3678,0.9937767,False,Luminal_Macrophages,Luminal_Macrophages,0.36666667,0.3654823,0.26666668,0.27354106,0.1,0.08873765,0.26666668,0.2722389
381,0.9937745,False,Fibroblasts,Fibroblasts,0.26666668,0.27835342,0.26666668,0.26457113,0.3,0.28964448,0.16666667,0.16743091
3124,0.993773,False,Luminal_Macrophages,Luminal_Macrophages,0.53333336,0.52550226,0.13333334,0.1287104,0.13333334,0.1341494,0.2,0.21163796
4103,0.993772,False,Luminal_Macrophages,Luminal_Macrophages,0.6666667,0.654969,0.033333335,0.032574996,0.26666668,0.26946786,0.033333335,0.04298816
355,0.99376804,False,Fibroblasts,Fibroblasts,0.2413793,0.2526983,0.2413793,0.24252425,0.31034482,0.30136317,0.20689656,0.20341429
3497,0.99376345,False,Luminal_Macrophages,Luminal_Macrophages,0.46666667,0.45451406,0.06666667,0.06985412,0.16666667,0.1663461,0.3,0.30928564
4588,0.993762,False,Luminal_Macrophages,Luminal_Macrophages,0.26666668,0.27341038,0.23333333,0.22927204,0.23333333,0.22491863,0.26666668,0.27239898
2445,0.9937567,False,Dendritic cells,Dendritic cells,0.13333334,0.14229591,0.06666667,0.06049292,0.33333334,0.33685732,0.46666667,0.46035382
1556,0.9937531,False,Luminal_Macrophages,Luminal_Macrophages,0.33333334,0.33927593,0.1,0.09870762,0.23333333,0.23988463,0.33333334,0.3221319
1051,0.9937514,False,Type 2 alveolar,Type 2 alveolar,0.32258064,0.33319202,0.38709676,0.37742007,0.19354838,0.1907279,0.09677419,0.09866003
4768,0.9937508,False,Dendritic cells,Dendritic cells,0.13793103,0.14801982,0.27586207,0.2748593,0.27586207,0.27827162,0.31034482,0.29884923
3358,0.9937486,False,Dendritic cells,Dendritic cells,0.27586207,0.28365302,0.1724138,0.17712568,0.03448276,0.034403093,0.51724136,0.50481826
1045,0.99374515,False,Fibroblasts,Fibroblasts,0.16129032,0.16369043,0.29032257,0.3004322,0.38709676,0.37485814,0.16129032,0.16101922
2468,0.99374473,False,Fibroblasts,Fibroblasts,0.1,0.098281205,0.3,0.30594704,0.53333336,0.5398969,0.06666667,0.055874903
1151,0.99373984,False,Dendritic cells,Dendritic cells,0.06666667,0.07369901,0.36666667,0.3721546,0.16666667,0.163826,0.4,0.3903204
264,0.99373907,False,Luminal_Macrophages,Luminal_Macrophages,0.31034482,0.32213643,0.20689656,0.19967242,0.31034482,0.30504712,0.1724138,0.17314398
1686,0.9937381,False,Luminal_Macrophages,Luminal_Macrophages,0.43333334,0.42612088,0.1,0.09539222,0.26666668,0.2791904,0.2,0.1992965
4173,0.993738,False,Dendritic cells,Dendritic cells,0.1,0.09222054,0.033333335,0.0360296,0.33333334,0.32858875,0.53333336,0.5431611
2394,0.9937339,False,Luminal_Macrophages,Luminal_Macrophages,0.36666667,0.36005405,0.23333333,0.24586558,0.33333334,0.328865,0.06666667,0.06521544
658,0.9937298,False,Fibroblasts,Fibroblasts,0.032258064,0.034434263,0.2580645,0.2684287,0.38709676,0.37523672,0.32258064,0.3219003
570,0.9937283,False,Type 2 alveolar,Type 2 alveolar,0.2,0.20729943,0.33333334,0.32695833,0.3,0.29383153,0.16666667,0.17191072
2567,0.9937263,False,Dendritic cells,Dendritic cells,0.23333333,0.22078598,0.23333333,0.2432787,0.23333333,0.23336966,0.3,0.30256566
1855,0.99372405,False,Luminal_Macrophages,Luminal_Macrophages,0.3,0.30901825,0.2,0.20039977,0.23333333,0.22078143,0.26666668,0.26980057
4353,0.99371815,False,Type 2 alveolar,Type 2 alveolar,0.033333335,0.03673196,0.36666667,0.36295715,0.33333334,0.3244792,0.26666668,0.27583173
2212,0.9937161,False,Type 2 alveolar,Type 2 alveolar,0.26666668,0.27923444,0.33333334,0.32655314,0.16666667,0.16294304,0.23333333,0.2312694
1155,0.99371284,False,Type 2 alveolar,Type 2 alveolar,0.06666667,0.06536834,0.43333334,0.4459076,0.4,0.39243293,0.1,0.09629113
1622,0.9937081,False,Luminal_Macrophages,Luminal_Macrophages,0.4,0.39919287,0.13333334,0.12155662,0.3,0.30856144,0.16666667,0.17068905
1329,0.9937034,False,Luminal_Macrophages,Type 2 alveolar,0.29032257,0.28793335,0.29032257,0.30170637,0.12903225,0.11882828,0.29032257,0.29153198
4442,0.99370044,False,Luminal_Macrophages,Luminal_Macrophages,0.44827586,0.45393646,0.03448276,0.041421253,0.06896552,0.06571812,0.44827586,0.43892413
3065,0.99369776,False,Type 2 alveolar,Type 2 alveolar,0.033333335,0.04243797,0.33333334,0.32876527,0.33333334,0.32529694,0.3,0.30349985
1586,0.9936964,False,Type 2 alveolar,Type 2 alveolar,0.16666667,0.17421128,0.4,0.39110112,0.1,0.09629163,0.33333334,0.338396
3138,0.99369174,False,Type 2 alveolar,Type 2 alveolar,0.2,0.21238568,0.46666667,0.45804006,0.2,0.20023085,0.13333334,0.12934339
3906,0.9936878,False,Type 2 alveolar,Type 2 alveolar,0.2,0.21191609,0.33333334,0.32358667,0.26666668,0.26737496,0.2,0.19712226
2481,0.9936858,False,Fibroblasts,Fibroblasts,0.22580644,0.2227453,0.22580644,0.22188087,0.29032257,0.28468084,0.2580645,0.270693
4358,0.9936798,False,Luminal_Macrophages,Luminal_Macrophages,0.33333334,0.3344891,0.26666668,0.27815124,0.33333334,0.32626054,0.06666667,0.061099134
4111,0.99367815,False,Luminal_Macrophages,Luminal_Macrophages,0.41379312,0.42129168,0.03448276,0.032716975,0.3448276,0.3339496,0.20689656,0.21204172
1656,0.9936776,False,Type 2 alveolar,Type 2 alveolar,0.033333335,0.04220041,0.36666667,0.35935143,0.3,0.2946705,0.3,0.30377766
4148,0.99367726,False,Luminal_Macrophages,Luminal_Macrophages,0.56666666,0.5679071,0.33333334,0.34436104,0.06666667,0.054021124,0.033333335,0.033710733
188,0.9936769,False,Luminal_Macrophages,Type 2 alveolar,0.3,0.30272284,0.3,0.30992332,0.3,0.29512954,0.1,0.09222431
3986,0.9936766,False,Luminal_Macrophages,Luminal_Macrophages,0.3,0.3073735,0.26666668,0.27194,0.3,0.29272002,0.13333334,0.1279665
3750,0.99367046,False,Dendritic cells,Dendritic cells,0.1,0.1069663,0.06666667,0.058807936,0.36666667,0.3618663,0.46666667,0.47235945
4519,0.99366933,False,Type 2 alveolar,Type 2 alveolar,0.16129032,0.1714217,0.3548387,0.35736862,0.3548387,0.34688982,0.12903225,0.12431983
4359,0.993668,False,Luminal_Macrophages,Luminal_Macrophages,0.3548387,0.34347242,0.32258064,0.32128292,0.2580645,0.27028355,0.06451613,0.06496107
71,0.99366766,False,Luminal_Macrophages,Luminal_Macrophages,0.3,0.31180578,0.3,0.2943993,0.2,0.19293603,0.2,0.20085888
4172,0.99366283,False,Fibroblasts,Fibroblasts,0.37931034,0.39198467,0.10344828,0.10040374,0.44827586,0.44091916,0.06896552,0.06669239
3121,0.99366033,False,Type 2 alveolar,Type 2 alveolar,0.3,0.30977544,0.36666667,0.35822862,0.2,0.20290396,0.13333334,0.12909198
3867,0.99366015,False,Fibroblasts,Fibroblasts,0.23333333,0.23580997,0.23333333,0.23038894,0.3,0.29026476,0.23333333,0.24353635
365,0.99365985,False,Dendritic cells,Dendritic cells,0.36666667,0.37934697,0.16666667,0.16202791,0.06666667,0.059673328,0.4,0.3989518
4637,0.99365824,False,Type 2 alveolar,Type 2 alveolar,0.06666667,0.068939105,0.46666667,0.45788202,0.33333334,0.34374446,0.13333334,0.12943442
700,0.9936571,False,Fibroblasts,Fibroblasts,0.12903225,0.13455118,0.2580645,0.25558633,0.32258064,0.312373,0.29032257,0.2974895
2993,0.99365366,False,Dendritic cells,Dendritic cells,0.16666667,0.17935932,0.2,0.19839706,0.3,0.29972732,0.33333334,0.32251632
3435,0.9936455,False,Fibroblasts,Fibroblasts,0.23333333,0.2396363,0.2,0.2034926,0.53333336,0.5206243,0.033333335,0.03624681
3944,0.9936449,False,Fibroblasts,Dendritic cells,0.13333334,0.13776444,0.13333334,0.12103795,0.36666667,0.3662518,0.36666667,0.3749458
412,0.99364305,False,Fibroblasts,Fibroblasts,0.033333335,0.04373093,0.36666667,0.36639068,0.4,0.38756207,0.2,0.20231636
3139,0.99363834,False,Dendritic cells,Dendritic cells,0.06666667,0.074067794,0.2,0.19544123,0.16666667,0.15850213,0.56666666,0.5719889
2891,0.993637,False,Dendritic cells,Dendritic cells,0.13793103,0.14461115,0.2413793,0.2474252,0.10344828,0.09913625,0.51724136,0.5088274
269,0.9936301,False,Luminal_Macrophages,Luminal_Macrophages,0.27586207,0.2823847,0.20689656,0.19652636,0.2413793,0.23900971,0.27586207,0.28207922
4149,0.993628,False,Type 2 alveolar,Type 2 alveolar,0.1724138,0.1756799,0.4827586,0.4817665,0.2413793,0.2508571,0.10344828,0.091696456
210,0.99362755,False,Type 2 alveolar,Type 2 alveolar,0.1,0.10317436,0.46666667,0.45392174,0.13333334,0.13593966,0.3,0.30696425
3642,0.993627,False,Luminal_Macrophages,Luminal_Macrophages,0.3548387,0.3449132,0.2580645,0.2653124,0.2580645,0.2635626,0.12903225,0.12621175
401,0.99362665,False,Luminal_Macrophages,Luminal_Macrophages,0.73333335,0.74608,0.06666667,0.062937275,0.06666667,0.06176739,0.13333334,0.12921534
1154,0.9936259,False,Type 2 alveolar,Type 2 alveolar,0.06666667,0.07173232,0.43333334,0.42058507,0.16666667,0.16766463,0.33333334,0.34001803
3191,0.9936238,False,Type 2 alveolar,Type 2 alveolar,0.23333333,0.24203895,0.26666668,0.27071345,0.23333333,0.23044339,0.26666668,0.2568042
4197,0.9936224,False,Fibroblasts,Fibroblasts,0.13333334,0.13687527,0.36666667,0.37587985,0.46666667,0.45762777,0.033333335,0.02961708
4447,0.9936194,False,Luminal_Macrophages,Luminal_Macrophages,0.31034482,0.3226396,0.27586207,0.27632847,0.20689656,0.20294632,0.20689656,0.19808558
3298,0.99361694,False,Luminal_Macrophages,Luminal_Macrophages,0.41379312,0.4133302,0.03448276,0.038790174,0.20689656,0.21535529,0.3448276,0.33252433
2089,0.9936145,False,Dendritic cells,Dendritic cells,0.033333335,0.037240505,0.23333333,0.24219717,0.33333334,0.32984328,0.4,0.39071903
946,0.9936132,False,Fibroblasts,Fibroblasts,0.16666667,0.16528131,0.23333333,0.2450415,0.56666666,0.55527836,0.033333335,0.034398798
4153,0.99361295,False,Luminal_Macrophages,Luminal_Macrophages,0.4,0.3872259,0.2,0.20099847,0.2,0.20473546,0.2,0.20704022
719,0.99361086,False,Type 2 alveolar,Type 2 alveolar,0.16666667,0.16954193,0.36666667,0.36449495,0.36666667,0.3560601,0.1,0.109903045
1100,0.99360985,False,Luminal_Macrophages,Luminal_Macrophages,0.4516129,0.44692838,0.06451613,0.05642026,0.2580645,0.26235422,0.22580644,0.23429708
1715,0.9936094,False,Dendritic cells,Dendritic cells,0.23333333,0.24082732,0.33333334,0.33482298,0.033333335,0.037130795,0.4,0.3872189
2284,0.99360603,False,Fibroblasts,Fibroblasts,0.38709676,0.39543802,0.032258064,0.036704767,0.4516129,0.44144905,0.12903225,0.12640823
1153,0.993606,False,Type 2 alveolar,Type 2 alveolar,0.23333333,0.24612136,0.3,0.294834,0.26666668,0.2619936,0.2,0.19705111
4755,0.9936028,False,Fibroblasts,Fibroblasts,0.2413793,0.25267386,0.27586207,0.2773619,0.31034482,0.3012601,0.1724138,0.1687041
680,0.9936013,False,Luminal_Macrophages,Luminal_Macrophages,0.5,0.4954688,0.1,0.0945323,0.1,0.09720155,0.3,0.3127973
1172,0.9935944,False,Fibroblasts,Fibroblasts,0.3,0.30388892,0.3,0.30892226,0.33333334,0.32361206,0.06666667,0.06357677
2660,0.99359316,False,Fibroblasts,Fibroblasts,0.09677419,0.10719103,0.29032257,0.2927194,0.32258064,0.3102243,0.29032257,0.2898653
4304,0.99358636,False,Dendritic cells,Dendritic cells,0.06666667,0.06540064,0.23333333,0.24616066,0.33333334,0.32759535,0.36666667,0.36084336
4846,0.99358535,False,Fibroblasts,Fibroblasts,0.29032257,0.302225,0.16129032,0.16204031,0.3548387,0.34200943,0.19354838,0.19372526
1521,0.99358535,False,Fibroblasts,Fibroblasts,0.38709676,0.3897531,0.12903225,0.12657487,0.4516129,0.44124094,0.032258064,0.042431094
3741,0.99358505,False,Luminal_Macrophages,Luminal_Macrophages,0.36666667,0.36174077,0.1,0.09209591,0.26666668,0.26715475,0.26666668,0.2790085
4947,0.9935848,False,Type 2 alveolar,Dendritic cells,0.22580644,0.21297611,0.2580645,0.2585565,0.2580645,0.2581183,0.2580645,0.27034912
4868,0.9935847,False,Luminal_Macrophages,Luminal_Macrophages,0.43333334,0.42377353,0.16666667,0.1633958,0.26666668,0.27794066,0.13333334,0.13489002
3732,0.9935846,False,Luminal_Macrophages,Luminal_Macrophages,0.4,0.39419731,0.2,0.20178917,0.2,0.21104164,0.2,0.19297184
2544,0.9935845,False,Luminal_Macrophages,Luminal_Macrophages,0.36666667,0.36011598,0.26666668,0.27642798,0.2,0.19371977,0.16666667,0.16973633
3260,0.99358404,False,Luminal_Macrophages,Luminal_Macrophages,0.3448276,0.34141552,0.27586207,0.288694,0.31034482,0.30668107,0.06896552,0.06320939
1278,0.9935821,False,Fibroblasts,Fibroblasts,0.16666667,0.17233342,0.3,0.30528322,0.36666667,0.35383087,0.16666667,0.16855243
1612,0.9935765,False,Luminal_Macrophages,Luminal_Macrophages,0.32258064,0.33542758,0.16129032,0.15928213,0.2580645,0.25665808,0.2580645,0.24863218
3740,0.99357575,False,Fibroblasts,Fibroblasts,0.1,0.10268122,0.16666667,0.16221116,0.6666667,0.6768339,0.06666667,0.05827369
548,0.9935715,False,Fibroblasts,Dendritic cells,0.1,0.11285692,0.16666667,0.15960279,0.36666667,0.3614502,0.36666667,0.36609006
1378,0.9935683,False,Luminal_Macrophages,Luminal_Macrophages,0.3548387,0.34974617,0.2580645,0.26514825,0.3548387,0.34706783,0.032258064,0.038037777
3498,0.99356496,False,Fibroblasts,Fibroblasts,0.1,0.09955052,0.13333334,0.13389854,0.53333336,0.52091277,0.23333333,0.24563815
1482,0.9935626,False,Luminal_Macrophages,Luminal_Macrophages,0.4516129,0.44307145,0.19354838,0.1987676,0.12903225,0.124698885,0.22580644,0.23346211
218,0.9935566,False,Type 2 alveolar,Type 2 alveolar,0.20689656,0.21855149,0.3448276,0.3460594,0.3448276,0.33962944,0.10344828,0.09575969
2095,0.99355394,False,Dendritic cells,Dendritic cells,0.3,0.30305672,0.26666668,0.27331898,0.033333335,0.036516413,0.4,0.3871079
1535,0.9935526,False,Luminal_Macrophages,Luminal_Macrophages,0.8333333,0.8327839,0.06666667,0.054321375,0.0,0.0111004915,0.1,0.10179425
4132,0.99355155,False,Dendritic cells,Dendritic cells,0.13333334,0.1271743,0.06666667,0.06215636,0.26666668,0.27956358,0.53333336,0.5311058
3886,0.9935495,False,Luminal_Macrophages,Luminal_Macrophages,0.3548387,0.36059114,0.16129032,0.15040793,0.22580644,0.23295498,0.2580645,0.2560459
3779,0.9935474,False,Luminal_Macrophages,Luminal_Macrophages,0.4,0.39012086,0.033333335,0.042366546,0.26666668,0.27053875,0.3,0.29697385
3391,0.99354726,False,Fibroblasts,Fibroblasts,0.1724138,0.17100497,0.13793103,0.13651906,0.37931034,0.36922562,0.31034482,0.32325032
4232,0.99354374,False,Luminal_Macrophages,Luminal_Macrophages,0.3448276,0.35774007,0.1724138,0.17026486,0.13793103,0.1281207,0.3448276,0.34387434
4260,0.9935414,False,Dendritic cells,Dendritic cells,0.16666667,0.17328103,0.26666668,0.27296942,0.2,0.195699,0.36666667,0.35805055
2436,0.9935405,False,Type 2 alveolar,Type 2 alveolar,0.19354838,0.20646729,0.29032257,0.28504276,0.2580645,0.25661305,0.2580645,0.2518769
1568,0.99353385,False,Luminal_Macrophages,Luminal_Macrophages,0.33333334,0.3436748,0.3,0.30259082,0.16666667,0.16352935,0.2,0.19020504
859,0.9935327,False,Dendritic cells,Dendritic cells,0.26666668,0.27960122,0.2,0.19729336,0.2,0.19581074,0.33333334,0.32729468
1429,0.99353164,False,Luminal_Macrophages,Luminal_Macrophages,0.43333334,0.4203966,0.13333334,0.13672946,0.033333335,0.041378193,0.4,0.40149575
721,0.99353105,False,Dendritic cells,Dendritic cells,0.13333334,0.13923088,0.2,0.2011978,0.3,0.30584252,0.36666667,0.35372877
4763,0.9935266,False,Dendritic cells,Dendritic cells,0.3,0.3028867,0.06666667,0.06461463,0.26666668,0.27672684,0.36666667,0.35577193
4925,0.9935203,False,Fibroblasts,Fibroblasts,0.10344828,0.095434375,0.2413793,0.2538214,0.55172414,0.5522413,0.10344828,0.09850284
3115,0.9935199,False,Luminal_Macrophages,Luminal_Macrophages,0.3548387,0.36779892,0.3548387,0.35003003,0.09677419,0.08953603,0.19354838,0.19263494
454,0.9935197,False,Luminal_Macrophages,Luminal_Macrophages,0.33333334,0.33910277,0.26666668,0.2738578,0.06666667,0.05967356,0.33333334,0.32736585
1304,0.9935186,False,Fibroblasts,Fibroblasts,0.12903225,0.13498633,0.032258064,0.032806467,0.4516129,0.43865013,0.38709676,0.3935571
564,0.99351436,False,Luminal_Macrophages,Luminal_Macrophages,0.33333334,0.3307334,0.23333333,0.22951765,0.13333334,0.12677772,0.3,0.31297123
2839,0.9935136,False,Luminal_Macrophages,Luminal_Macrophages,0.3448276,0.34669948,0.20689656,0.19392371,0.2413793,0.24670467,0.20689656,0.21267214
386,0.99351,False,Dendritic cells,Dendritic cells,0.29032257,0.2965442,0.032258064,0.03901647,0.19354838,0.1929461,0.48387095,0.47149324
2265,0.9935093,False,Dendritic cells,Dendritic cells,0.22580644,0.22792208,0.22580644,0.23667228,0.12903225,0.12231769,0.41935483,0.41308793
654,0.9935085,False,Luminal_Macrophages,Luminal_Macrophages,0.31034482,0.32060814,0.20689656,0.20314911,0.31034482,0.30110925,0.1724138,0.17513347
360,0.9935084,False,Luminal_Macrophages,Luminal_Macrophages,0.46666667,0.47775882,0.13333334,0.13164823,0.033333335,0.03522445,0.36666667,0.35536855
3034,0.9935079,False,Luminal_Macrophages,Luminal_Macrophages,0.46666667,0.45798105,0.2,0.19570139,0.2,0.20770459,0.13333334,0.13861294
4493,0.993506,False,Fibroblasts,Fibroblasts,0.26666668,0.27550092,0.2,0.20414881,0.33333334,0.3203454,0.2,0.20000492
4175,0.9935059,False,Type 2 alveolar,Type 2 alveolar,0.10344828,0.116436586,0.3448276,0.33645448,0.2413793,0.23820907,0.31034482,0.30889994
3421,0.99350435,False,Type 2 alveolar,Type 2 alveolar,0.1,0.103214,0.4,0.39569753,0.3,0.30977726,0.2,0.19131121
807,0.99350214,False,Dendritic cells,Dendritic cells,0.4,0.4129956,0.06666667,0.06623921,0.06666667,0.063956305,0.46666667,0.45680878
1569,0.9934993,False,Type 2 alveolar,Type 2 alveolar,0.1724138,0.17127272,0.31034482,0.2984844,0.2413793,0.24309413,0.27586207,0.2871487
2283,0.99349815,False,Luminal_Macrophages,Luminal_Macrophages,0.36666667,0.35649058,0.13333334,0.13050577,0.26666668,0.27390698,0.23333333,0.2390967
4300,0.9934943,False,Luminal_Macrophages,Luminal_Macrophages,0.4516129,0.46462438,0.06451613,0.063484564,0.41935483,0.40993634,0.06451613,0.06195468
636,0.9934913,False,Luminal_Macrophages,Luminal_Macrophages,0.36666667,0.35364923,0.3,0.30360177,0.3,0.3041281,0.033333335,0.038620923
4302,0.99348855,False,Fibroblasts,Fibroblasts,0.4,0.4063486,0.1,0.09471399,0.46666667,0.45892984,0.033333335,0.04000764
718,0.9934865,False,Luminal_Macrophages,Luminal_Macrophages,0.33333334,0.33652538,0.16666667,0.15363972,0.2,0.2002349,0.3,0.3096
1955,0.9934844,False,Fibroblasts,Fibroblasts,0.13333334,0.14325346,0.16666667,0.16261174,0.36666667,0.35769036,0.33333334,0.33644444
1037,0.99348164,False,Luminal_Macrophages,Luminal_Macrophages,0.3,0.30958855,0.3,0.2980823,0.13333334,0.12221431,0.26666668,0.27011484
4661,0.9934807,False,Dendritic cells,Dendritic cells,0.1,0.10803867,0.16666667,0.1683523,0.33333334,0.33664772,0.4,0.38696134
1645,0.9934805,False,Fibroblasts,Fibroblasts,0.1,0.08696105,0.2,0.20987503,0.6,0.6027102,0.1,0.10045374
4897,0.9934804,False,Type 2 alveolar,Type 2 alveolar,0.06666667,0.059107617,0.33333334,0.3305986,0.3,0.29725453,0.3,0.31303927
2275,0.9934804,False,Dendritic cells,Dendritic cells,0.23333333,0.2442511,0.26666668,0.26878816,0.2,0.19366893,0.3,0.29329178
4469,0.993477,False,Dendritic cells,Dendritic cells,0.13333334,0.14170632,0.3,0.3046731,0.13333334,0.12302348,0.43333334,0.43059716
1916,0.993475,False,Luminal_Macrophages,Luminal_Macrophages,0.46666667,0.47343007,0.033333335,0.03961993,0.06666667,0.06309521,0.43333334,0.4238548
168,0.99347436,False,Fibroblasts,Fibroblasts,0.1724138,0.16195561,0.13793103,0.135338,0.6551724,0.65653384,0.03448276,0.0461726
3089,0.993474,False,Dendritic cells,Dendritic cells,0.06451613,0.06044909,0.19354838,0.19928843,0.29032257,0.29763445,0.4516129,0.442628
1891,0.9934687,False,Type 2 alveolar,Type 2 alveolar,0.033333335,0.03578202,0.46666667,0.4762249,0.46666667,0.45360404,0.033333335,0.034388997
1851,0.99346656,False,Type 2 alveolar,Type 2 alveolar,0.36666667,0.37973356,0.46666667,0.46513137,0.1,0.092500366,0.06666667,0.06263472
2555,0.99346495,False,Luminal_Macrophages,Luminal_Macrophages,0.43333334,0.42026323,0.36666667,0.37220797,0.033333335,0.034966808,0.16666667,0.17256199
350,0.9934645,False,Luminal_Macrophages,Dendritic cells,0.26666668,0.2723152,0.2,0.19042335,0.26666668,0.26317236,0.26666668,0.27408916
1397,0.9934636,False,Luminal_Macrophages,Luminal_Macrophages,0.3,0.29810134,0.26666668,0.26789004,0.16666667,0.1554925,0.26666668,0.27851614
1671,0.993462,False,Fibroblasts,Fibroblasts,0.23333333,0.24640925,0.16666667,0.16250297,0.53333336,0.53243226,0.06666667,0.058655497
2026,0.99346113,False,Type 2 alveolar,Type 2 alveolar,0.20689656,0.21597868,0.41379312,0.40647027,0.3448276,0.33907273,0.03448276,0.03847834
1798,0.9934604,False,Luminal_Macrophages,Luminal_Macrophages,0.46666667,0.4797458,0.36666667,0.36171597,0.033333335,0.032626644,0.13333334,0.12591155
1213,0.9934603,False,Luminal_Macrophages,Luminal_Macrophages,0.26666668,0.27974603,0.2,0.19563502,0.26666668,0.2598649,0.26666668,0.26475403
2772,0.99345374,False,Dendritic cells,Dendritic cells,0.033333335,0.04156765,0.13333334,0.13819152,0.36666667,0.35847512,0.46666667,0.46176568
3896,0.99345297,False,Luminal_Macrophages,Luminal_Macrophages,0.5,0.48690596,0.13333334,0.13552351,0.33333334,0.338375,0.033333335,0.039195493
49,0.99345267,False,Luminal_Macrophages,Luminal_Macrophages,0.36666667,0.37388566,0.1,0.09321607,0.33333334,0.3270226,0.2,0.20587566
3317,0.9934515,False,Type 2 alveolar,Type 2 alveolar,0.13793103,0.14482112,0.41379312,0.40531397,0.31034482,0.3165518,0.13793103,0.13331316
2873,0.9934484,False,Type 2 alveolar,Type 2 alveolar,0.19354838,0.20446955,0.38709676,0.37474152,0.19354838,0.19280037,0.22580644,0.22798854
595,0.99344754,False,Type 2 alveolar,Type 2 alveolar,0.06666667,0.07977159,0.36666667,0.36073133,0.2,0.199002,0.36666667,0.36049503
4333,0.9934466,False,Fibroblasts,Fibroblasts,0.16129032,0.17163275,0.22580644,0.22172572,0.32258064,0.31355453,0.29032257,0.293087
1476,0.99344444,False,Luminal_Macrophages,Luminal_Macrophages,0.73333335,0.72956073,0.1,0.09493337,0.0,0.013111169,0.16666667,0.1623948
4559,0.9934435,False,Dendritic cells,Dendritic cells,0.2580645,0.2704943,0.29032257,0.29100576,0.12903225,0.12097004,0.32258064,0.3175299
511,0.9934432,False,Luminal_Macrophages,Luminal_Macrophages,0.43333334,0.43861988,0.033333335,0.034904514,0.36666667,0.35355306,0.16666667,0.17292254
3512,0.9934417,False,Luminal_Macrophages,Luminal_Macrophages,0.48387095,0.48496082,0.12903225,0.121955544,0.22580644,0.23783317,0.16129032,0.15525042
4384,0.9934406,False,Luminal_Macrophages,Luminal_Macrophages,0.4,0.40721318,0.06666667,0.061330177,0.4,0.39221773,0.13333334,0.13923895
1835,0.99343795,False,Dendritic cells,Dendritic cells,0.1,0.09485399,0.26666668,0.276501,0.3,0.3032897,0.33333334,0.32535523
1464,0.9934372,False,Luminal_Macrophages,Luminal_Macrophages,0.3448276,0.34526932,0.20689656,0.21958053,0.3448276,0.33389735,0.10344828,0.10125279
248,0.99343705,False,Dendritic cells,Dendritic cells,0.13333334,0.13445291,0.2,0.20547128,0.2,0.20653513,0.46666667,0.45354074
1253,0.993436,False,Luminal_Macrophages,Luminal_Macrophages,0.2580645,0.27119255,0.22580644,0.22270009,0.2580645,0.2503283,0.2580645,0.2557791
3438,0.993432,False,Type 2 alveolar,Type 2 alveolar,0.26666668,0.27953663,0.33333334,0.32395416,0.16666667,0.16290979,0.23333333,0.23359947
2798,0.9934311,False,Fibroblasts,Fibroblasts,0.23333333,0.23457885,0.23333333,0.24080716,0.36666667,0.35352886,0.16666667,0.17108518
1362,0.9934303,False,Type 2 alveolar,Type 2 alveolar,0.22580644,0.21419391,0.29032257,0.293549,0.22580644,0.22427967,0.2580645,0.26797742
1852,0.99342716,False,Luminal_Macrophages,Luminal_Macrophages,0.33333334,0.3444716,0.23333333,0.23534079,0.33333334,0.32543656,0.1,0.0947511
4187,0.99342626,False,Luminal_Macrophages,Luminal_Macrophages,0.27586207,0.2784155,0.20689656,0.19613533,0.27586207,0.2734759,0.2413793,0.2519733
3615,0.993425,False,Dendritic cells,Dendritic cells,0.033333335,0.040899914,0.43333334,0.4201834,0.033333335,0.036188766,0.5,0.5027279
4694,0.99342376,False,Fibroblasts,Fibroblasts,0.36666667,0.3733575,0.16666667,0.16796222,0.43333334,0.4201809,0.033333335,0.038499415
1714,0.9934233,False,Type 2 alveolar,Type 2 alveolar,0.13333334,0.1412564,0.3,0.29745778,0.3,0.28938875,0.26666668,0.27189708
4801,0.993423,False,Luminal_Macrophages,Luminal_Macrophages,0.43333334,0.42017934,0.06666667,0.06951961,0.26666668,0.2745837,0.23333333,0.23571739
1651,0.9934223,False,Dendritic cells,Dendritic cells,0.06451613,0.05950719,0.3548387,0.36378363,0.16129032,0.1531439,0.41935483,0.42356524
3269,0.9934207,False,Fibroblasts,Fibroblasts,0.1,0.094145566,0.033333335,0.03334889,0.56666666,0.55936253,0.3,0.313143
2425,0.9934181,False,Type 2 alveolar,Type 2 alveolar,0.22580644,0.22491656,0.29032257,0.28576878,0.22580644,0.21808638,0.2580645,0.27122825
4227,0.9934162,False,Type 2 alveolar,Type 2 alveolar,0.16666667,0.17030405,0.3,0.29435706,0.26666668,0.25914192,0.26666668,0.27619693
4966,0.99341446,False,Type 2 alveolar,Type 2 alveolar,0.33333334,0.32435393,0.4,0.39580837,0.23333333,0.24333276,0.033333335,0.036504988
4514,0.9934137,False,Dendritic cells,Dendritic cells,0.2413793,0.23982614,0.27586207,0.28903463,0.13793103,0.13361019,0.3448276,0.337529
1507,0.9934081,False,Luminal_Macrophages,Luminal_Macrophages,0.56666666,0.55414146,0.3,0.3115439,0.033333335,0.03267473,0.1,0.10163995
2833,0.99340636,False,Luminal_Macrophages,Luminal_Macrophages,0.33333334,0.33056042,0.13333334,0.12291899,0.26666668,0.27242133,0.26666668,0.27409926
4659,0.9934056,False,Luminal_Macrophages,Luminal_Macrophages,0.32258064,0.3258564,0.12903225,0.11817768,0.29032257,0.2879883,0.2580645,0.26797757
3406,0.9934047,False,Luminal_Macrophages,Luminal_Macrophages,0.33333334,0.32690662,0.2,0.20615107,0.16666667,0.15990284,0.3,0.30703956
4004,0.9934005,False,Luminal_Macrophages,Luminal_Macrophages,0.5,0.4914604,0.1,0.102925,0.33333334,0.34360725,0.06666667,0.06200725
715,0.9933962,False,Dendritic cells,Dendritic cells,0.36666667,0.37987423,0.13333334,0.13104716,0.1,0.09396126,0.4,0.3951174
598,0.9933926,False,Luminal_Macrophages,Luminal_Macrophages,0.3,0.31194502,0.3,0.3012698,0.16666667,0.1584773,0.23333333,0.22830787
4233,0.993392,False,Fibroblasts,Dendritic cells,0.033333335,0.045041963,0.3,0.30150738,0.33333334,0.32358992,0.33333334,0.3298607
705,0.9933906,False,Luminal_Macrophages,Luminal_Macrophages,0.36666667,0.35344788,0.033333335,0.04134007,0.3,0.3032008,0.3,0.3020112
2927,0.9933903,False,Luminal_Macrophages,Luminal_Macrophages,0.43333334,0.42688632,0.33333334,0.34655264,0.1,0.093458384,0.13333334,0.13310263
3491,0.9933891,False,Luminal_Macrophages,Luminal_Macrophages,0.36666667,0.36212873,0.3,0.3040843,0.13333334,0.1246495,0.2,0.20913744
883,0.993388,False,Type 2 alveolar,Type 2 alveolar,0.36666667,0.36555701,0.43333334,0.421219,0.16666667,0.17006382,0.033333335,0.043160133
4764,0.9933875,False,Luminal_Macrophages,Luminal_Macrophages,0.43333334,0.42640206,0.26666668,0.27311316,0.13333334,0.1270396,0.16666667,0.17344518
2539,0.9933839,False,Luminal_Macrophages,Luminal_Macrophages,0.46666667,0.45635822,0.033333335,0.038854405,0.06666667,0.06374288,0.43333334,0.44104448
1975,0.99338305,False,Fibroblasts,Fibroblasts,0.16666667,0.17338897,0.033333335,0.032961432,0.43333334,0.4204713,0.36666667,0.37317833
2769,0.993381,False,Fibroblasts,Fibroblasts,0.16666667,0.17470075,0.33333334,0.3385372,0.4,0.3878675,0.1,0.09889451
1801,0.9933785,False,Dendritic cells,Dendritic cells,0.06666667,0.06297758,0.16666667,0.17990956,0.36666667,0.36429068,0.4,0.39282212
1496,0.99337447,False,Type 2 alveolar,Type 2 alveolar,0.38709676,0.38466164,0.41935483,0.40853885,0.16129032,0.1688041,0.032258064,0.037995413
811,0.99337023,False,Fibroblasts,Fibroblasts,0.4,0.407532,0.06666667,0.053407133,0.5,0.5012155,0.033333335,0.037845336
2295,0.99336916,False,Type 2 alveolar,Type 2 alveolar,0.23333333,0.24226186,0.3,0.30433312,0.26666668,0.26285765,0.2,0.19054738
2568,0.99336827,False,Luminal_Macrophages,Luminal_Macrophages,0.36666667,0.36400428,0.033333335,0.038380444,0.33333334,0.3227323,0.26666668,0.27488297
3174,0.99336547,False,Fibroblasts,Dendritic cells,0.2,0.21326905,0.13333334,0.13047835,0.33333334,0.32693487,0.33333334,0.32931772
2546,0.99336463,False,Type 2 alveolar,Type 2 alveolar,0.13793103,0.14429273,0.44827586,0.44112706,0.06896552,0.062843576,0.3448276,0.35173666
2913,0.9933638,False,Luminal_Macrophages,Luminal_Macrophages,0.29032257,0.3027903,0.19354838,0.18731779,0.29032257,0.29112726,0.22580644,0.2187647
637,0.9933613,False,Dendritic cells,Dendritic cells,0.36666667,0.3791497,0.1,0.100794345,0.1,0.093033835,0.43333334,0.42702207
3780,0.99336076,False,Type 2 alveolar,Type 2 alveolar,0.2,0.19426592,0.5,0.49245566,0.1,0.10505644,0.2,0.20822202
4392,0.993355,False,Luminal_Macrophages,Luminal_Macrophages,0.38709676,0.38394332,0.16129032,0.15557419,0.09677419,0.092353694,0.3548387,0.36812878
3146,0.99335474,False,Type 2 alveolar,Type 2 alveolar,0.27586207,0.28906143,0.3448276,0.338941,0.27586207,0.2759532,0.10344828,0.09604433
1860,0.9933515,False,Luminal_Macrophages,Luminal_Macrophages,0.3,0.3068212,0.13333334,0.12003633,0.26666668,0.27169877,0.3,0.30144373
3830,0.99335045,False,Luminal_Macrophages,Luminal_Macrophages,0.27586207,0.2869033,0.1724138,0.16387983,0.27586207,0.27109697,0.27586207,0.27811995
2506,0.9933441,False,Type 2 alveolar,Type 2 alveolar,0.36666667,0.36279848,0.4,0.39055648,0.2,0.20740202,0.033333335,0.039243005
4751,0.99334055,False,Luminal_Macrophages,Luminal_Macrophages,0.43333334,0.42377675,0.26666668,0.27998555,0.16666667,0.16491327,0.13333334,0.13132443
3814,0.99334043,False,Type 2 alveolar,Type 2 alveolar,0.032258064,0.03906387,0.4516129,0.44071218,0.19354838,0.19113,0.32258064,0.32909402
4199,0.9933329,False,Dendritic cells,Dendritic cells,0.3,0.29233733,0.1,0.103733264,0.23333333,0.24293421,0.36666667,0.3609952
2395,0.99332875,False,Dendritic cells,Dendritic cells,0.09677419,0.09543902,0.22580644,0.23551783,0.22580644,0.22943756,0.4516129,0.43960556
4959,0.99332803,False,Luminal_Macrophages,Luminal_Macrophages,0.36666667,0.36228427,0.26666668,0.27148324,0.06666667,0.05770516,0.3,0.30852735
4373,0.99332553,False,Type 2 alveolar,Type 2 alveolar,0.06666667,0.065131724,0.43333334,0.43093792,0.1,0.090581425,0.4,0.41334888
490,0.9933229,False,Type 2 alveolar,Type 2 alveolar,0.032258064,0.03861456,0.48387095,0.47051677,0.32258064,0.32603025,0.16129032,0.1648384
2091,0.99332255,False,Luminal_Macrophages,Luminal_Macrophages,0.33333334,0.32532546,0.3,0.31306824,0.23333333,0.23362,0.13333334,0.12798631
4390,0.99332136,False,Fibroblasts,Fibroblasts,0.06896552,0.05901688,0.13793103,0.14079744,0.44827586,0.4448672,0.3448276,0.35531855
3405,0.9933182,False,Type 2 alveolar,Type 2 alveolar,0.1724138,0.18577738,0.27586207,0.27306786,0.27586207,0.27091312,0.27586207,0.27024162
944,0.9933171,False,Luminal_Macrophages,Luminal_Macrophages,0.46666667,0.45353633,0.26666668,0.2778355,0.16666667,0.16643123,0.1,0.1021969
3595,0.99331677,False,Type 2 alveolar,Type 2 alveolar,0.06666667,0.06777461,0.4,0.38663355,0.3,0.30112848,0.23333333,0.24446338
3465,0.99331677,False,Dendritic cells,Dendritic cells,0.23333333,0.23582448,0.26666668,0.27754194,0.16666667,0.16079368,0.33333334,0.32583994
1208,0.9933155,False,Luminal_Macrophages,Luminal_Macrophages,0.3448276,0.34450525,0.2413793,0.25474826,0.06896552,0.06317232,0.3448276,0.33757418
4455,0.9933142,False,Type 2 alveolar,Type 2 alveolar,0.1,0.09684749,0.53333336,0.52311426,0.2,0.21016106,0.16666667,0.16987725
1689,0.99331135,False,Type 2 alveolar,Type 2 alveolar,0.33333334,0.34237003,0.43333334,0.4231691,0.13333334,0.13012022,0.1,0.10434069
2549,0.9933067,False,Fibroblasts,Fibroblasts,0.16129032,0.17251411,0.2580645,0.2587255,0.3548387,0.3414521,0.22580644,0.22730833
3296,0.9933061,False,Fibroblasts,Dendritic cells,0.27586207,0.28387392,0.10344828,0.092549175,0.31034482,0.3078561,0.31034482,0.3157208
2193,0.9933032,False,Type 2 alveolar,Type 2 alveolar,0.13333334,0.12512557,0.33333334,0.3288326,0.3,0.2993149,0.23333333,0.24672689
1567,0.9933022,False,Fibroblasts,Fibroblasts,0.12903225,0.1394997,0.2580645,0.26099265,0.32258064,0.30921972,0.29032257,0.29028797
4393,0.99329966,False,Dendritic cells,Dendritic cells,0.19354838,0.19837388,0.12903225,0.11563156,0.29032257,0.29675922,0.38709676,0.38923532
2477,0.9932971,False,Luminal_Macrophages,Luminal_Macrophages,0.4,0.38659424,0.26666668,0.27062348,0.16666667,0.1703616,0.16666667,0.17242068
1328,0.9932906,False,Luminal_Macrophages,Luminal_Macrophages,0.7,0.6966711,0.033333335,0.03314635,0.0,0.013418784,0.26666668,0.2567638
422,0.9932883,False,Dendritic cells,Dendritic cells,0.23333333,0.23001891,0.13333334,0.12703581,0.26666668,0.28009012,0.36666667,0.3628552
342,0.99328744,False,Dendritic cells,Dendritic cells,0.26666668,0.26734063,0.16666667,0.17515045,0.26666668,0.27093405,0.3,0.28657484
1438,0.9932868,False,Luminal_Macrophages,Luminal_Macrophages,0.43333334,0.4417179,0.43333334,0.42457384,0.1,0.095333114,0.033333335,0.03837519
2364,0.9932851,False,Luminal_Macrophages,Luminal_Macrophages,0.3448276,0.34001455,0.13793103,0.12931433,0.2413793,0.24159469,0.27586207,0.2890764
2191,0.9932844,False,Dendritic cells,Dendritic cells,0.13333334,0.14545943,0.2,0.2013051,0.2,0.19908719,0.46666667,0.4541482
4164,0.99328196,False,Luminal_Macrophages,Luminal_Macrophages,0.38709676,0.39556614,0.09677419,0.086462334,0.12903225,0.12590806,0.38709676,0.39206353
4086,0.99328077,False,Type 2 alveolar,Type 2 alveolar,0.2,0.19992207,0.36666667,0.3533061,0.2,0.20101558,0.23333333,0.24575621
3588,0.9932801,False,Luminal_Macrophages,Luminal_Macrophages,0.33333334,0.32942453,0.3,0.3060069,0.2,0.19046906,0.16666667,0.17409948
3297,0.99327993,False,Type 2 alveolar,Type 2 alveolar,0.032258064,0.03363784,0.67741936,0.68812996,0.09677419,0.08333407,0.19354838,0.19489816
317,0.9932783,False,Dendritic cells,Dendritic cells,0.033333335,0.035570554,0.06666667,0.057625476,0.43333334,0.42893112,0.46666667,0.47787282
2366,0.99327767,False,Luminal_Macrophages,Luminal_Macrophages,0.36666667,0.3801113,0.1,0.093766294,0.36666667,0.3616551,0.16666667,0.1644673
3990,0.993277,False,Type 2 alveolar,Type 2 alveolar,0.06666667,0.053220697,0.6666667,0.6667736,0.23333333,0.24453543,0.033333335,0.035470307
4508,0.9932744,False,Type 2 alveolar,Type 2 alveolar,0.033333335,0.042208046,0.5,0.48799604,0.06666667,0.06521938,0.4,0.40457654
2813,0.9932725,False,Luminal_Macrophages,Luminal_Macrophages,0.44827586,0.43482083,0.10344828,0.10848864,0.27586207,0.2813443,0.1724138,0.17534624
2949,0.9932694,False,Fibroblasts,Fibroblasts,0.1,0.101236925,0.13333334,0.12741604,0.43333334,0.4257894,0.33333334,0.34555763
3544,0.99326855,False,Dendritic cells,Dendritic cells,0.06666667,0.06286393,0.33333334,0.33477968,0.23333333,0.24534988,0.36666667,0.3570065
2140,0.9932667,False,Fibroblasts,Fibroblasts,0.16666667,0.1670263,0.16666667,0.17698619,0.46666667,0.45320007,0.2,0.20278747
1310,0.99326444,False,Dendritic cells,Dendritic cells,0.06896552,0.0680589,0.27586207,0.28324965,0.27586207,0.2819456,0.37931034,0.36674583
4612,0.99326414,False,Type 2 alveolar,Type 2 alveolar,0.16666667,0.17634088,0.46666667,0.4544221,0.2,0.20379747,0.16666667,0.16543958
3757,0.99326396,False,Luminal_Macrophages,Luminal_Macrophages,0.32258064,0.3248488,0.2580645,0.2692684,0.19354838,0.18748145,0.22580644,0.21840139
3801,0.993263,False,Luminal_Macrophages,Luminal_Macrophages,0.4,0.40791172,0.4,0.3941182,0.06666667,0.0590745,0.13333334,0.1388956
3134,0.993261,False,Fibroblasts,Fibroblasts,0.1,0.09763115,0.26666668,0.2626099,0.33333334,0.32628092,0.3,0.313478
44,0.99325895,False,Luminal_Macrophages,Luminal_Macrophages,0.6,0.595439,0.2,0.21348216,0.06666667,0.06329958,0.13333334,0.1277793
541,0.99325526,False,Luminal_Macrophages,Luminal_Macrophages,0.36666667,0.3622429,0.26666668,0.27661648,0.33333334,0.32426766,0.033333335,0.03687295
789,0.9932534,False,Type 2 alveolar,Type 2 alveolar,0.06666667,0.056609977,0.33333334,0.336841,0.26666668,0.2766522,0.33333334,0.32989684
3882,0.9932489,False,Dendritic cells,Dendritic cells,0.13333334,0.12622844,0.2,0.20910273,0.16666667,0.17106621,0.5,0.4936027
227,0.99324816,False,Type 2 alveolar,Type 2 alveolar,0.033333335,0.04330525,0.36666667,0.35830343,0.33333334,0.32819283,0.26666668,0.27019843
2345,0.9932478,False,Fibroblasts,Fibroblasts,0.06451613,0.06021503,0.32258064,0.3360851,0.516129,0.5089104,0.09677419,0.09478948
1121,0.9932437,False,Type 2 alveolar,Type 2 alveolar,0.09677419,0.08564989,0.41935483,0.43286747,0.38709676,0.38663384,0.09677419,0.09484885
3920,0.993242,False,Dendritic cells,Dendritic cells,0.23333333,0.2352735,0.23333333,0.24490915,0.23333333,0.2321837,0.3,0.28763366
4863,0.99324185,False,Fibroblasts,Fibroblasts,0.1724138,0.17546877,0.03448276,0.032706056,0.5862069,0.57446724,0.20689656,0.21735789
4265,0.993241,False,Luminal_Macrophages,Luminal_Macrophages,0.41935483,0.42388365,0.09677419,0.10576333,0.09677419,0.09293794,0.38709676,0.3774151
1912,0.99324083,False,Luminal_Macrophages,Luminal_Macrophages,0.43333334,0.43852413,0.1,0.086481646,0.3,0.3042633,0.16666667,0.1707309
403,0.99323845,False,Dendritic cells,Dendritic cells,0.09677419,0.096404575,0.22580644,0.23871945,0.19354838,0.19415852,0.48387095,0.47071743
4,0.9932384,False,Fibroblasts,Dendritic cells,0.23333333,0.2446959,0.23333333,0.22580317,0.26666668,0.2606736,0.26666668,0.26882732
480,0.9932353,False,Fibroblasts,Fibroblasts,0.1,0.0951264,0.2,0.20200333,0.5,0.49134424,0.2,0.2115261
2655,0.9932239,False,Fibroblasts,Fibroblasts,0.06666667,0.067244165,0.3,0.30700377,0.33333334,0.3197811,0.3,0.30597097
4962,0.9932233,False,Luminal_Macrophages,Luminal_Macrophages,0.3448276,0.33127418,0.20689656,0.20993766,0.2413793,0.2467349,0.20689656,0.21205324
547,0.9932213,False,Luminal_Macrophages,Luminal_Macrophages,0.3,0.30149406,0.26666668,0.27069348,0.2,0.18644255,0.23333333,0.24136987
3417,0.993221,False,Luminal_Macrophages,Luminal_Macrophages,0.3,0.3079284,0.26666668,0.2722963,0.2,0.19269311,0.23333333,0.2270821
114,0.9932169,False,Fibroblasts,Fibroblasts,0.2413793,0.24714446,0.1724138,0.1663217,0.31034482,0.3028707,0.27586207,0.28366312
4857,0.9932162,False,Type 2 alveolar,Type 2 alveolar,0.033333335,0.03904672,0.46666667,0.45479298,0.13333334,0.1316394,0.36666667,0.3745209
1991,0.9932122,False,Luminal_Macrophages,Luminal_Macrophages,0.43333334,0.44247466,0.1,0.09461249,0.33333334,0.33776763,0.13333334,0.12514527
4813,0.9932075,False,Type 2 alveolar,Type 2 alveolar,0.033333335,0.03170519,0.46666667,0.48025167,0.4,0.39746505,0.1,0.09057811
2516,0.99320483,False,Dendritic cells,Dendritic cells,0.31034482,0.32393518,0.20689656,0.20536506,0.03448276,0.03359359,0.44827586,0.43710613
158,0.9932019,False,Luminal_Macrophages,Luminal_Macrophages,0.36666667,0.3802628,0.13333334,0.13162726,0.13333334,0.12465947,0.36666667,0.3634505
4349,0.99319977,False,Luminal_Macrophages,Luminal_Macrophages,0.56666666,0.57541984,0.2,0.20484734,0.13333334,0.12737453,0.1,0.09235832
1441,0.99319476,False,Type 2 alveolar,Type 2 alveolar,0.1,0.11031945,0.43333334,0.42674673,0.33333334,0.33662432,0.13333334,0.12630944
4678,0.9931934,False,Fibroblasts,Fibroblasts,0.06666667,0.062256776,0.23333333,0.24397866,0.36666667,0.3574634,0.33333334,0.33630118
1646,0.9931909,False,Dendritic cells,Dendritic cells,0.10344828,0.106764,0.37931034,0.37995937,0.10344828,0.08982997,0.41379312,0.42344663
2402,0.99318904,False,Fibroblasts,Fibroblasts,0.2413793,0.25136384,0.03448276,0.03700446,0.37931034,0.36568838,0.3448276,0.34594327
4799,0.9931842,False,Luminal_Macrophages,Luminal_Macrophages,0.26666668,0.2733231,0.23333333,0.21970177,0.23333333,0.23436256,0.26666668,0.27261254
1029,0.9931841,False,Luminal_Macrophages,Luminal_Macrophages,0.33333334,0.345647,0.1,0.09727576,0.33333334,0.32242575,0.23333333,0.23465146
2707,0.9931841,False,Dendritic cells,Dendritic cells,0.32258064,0.3229368,0.16129032,0.174566,0.12903225,0.12128925,0.38709676,0.38120797
3536,0.9931839,False,Type 2 alveolar,Type 2 alveolar,0.033333335,0.03764657,0.46666667,0.475064,0.46666667,0.45303455,0.033333335,0.034254886
4277,0.9931837,False,Type 2 alveolar,Type 2 alveolar,0.32258064,0.32982343,0.3548387,0.34389678,0.19354838,0.19993824,0.12903225,0.12634157
1513,0.9931789,False,Dendritic cells,Dendritic cells,0.06666667,0.062498607,0.4,0.39152777,0.1,0.098998144,0.43333334,0.4469755
1552,0.9931776,False,Luminal_Macrophages,Luminal_Macrophages,0.37931034,0.38870865,0.1724138,0.16504136,0.10344828,0.097175844,0.3448276,0.3490741
1711,0.99317753,False,Luminal_Macrophages,Luminal_Macrophages,0.33333334,0.3452064,0.2,0.20177189,0.33333334,0.32518798,0.13333334,0.12783377
3383,0.9931736,False,Luminal_Macrophages,Luminal_Macrophages,0.43333334,0.41968054,0.16666667,0.17258301,0.23333333,0.23540407,0.16666667,0.17233232
245,0.9931719,False,Luminal_Macrophages,Luminal_Macrophages,0.5,0.51315945,0.06666667,0.060668506,0.4,0.3923419,0.033333335,0.03383014
781,0.99316865,False,Fibroblasts,Fibroblasts,0.2,0.20654224,0.23333333,0.22894157,0.3,0.29072908,0.26666668,0.27378717
4670,0.9931682,False,Luminal_Macrophages,Luminal_Macrophages,0.36666667,0.36938164,0.36666667,0.36232144,0.13333334,0.12401495,0.13333334,0.14428203
1027,0.9931668,False,Luminal_Macrophages,Luminal_Macrophages,0.26666668,0.28033307,0.23333333,0.23148042,0.26666668,0.25824493,0.23333333,0.22994156
4287,0.99316394,False,Luminal_Macrophages,Luminal_Macrophages,0.38709676,0.39404652,0.032258064,0.03549842,0.38709676,0.37342465,0.19354838,0.19703043
2056,0.99316114,False,Luminal_Macrophages,Luminal_Macrophages,0.4,0.4010932,0.16666667,0.1564353,0.16666667,0.1632203,0.26666668,0.2792512
280,0.9931569,False,Luminal_Macrophages,Luminal_Macrophages,0.4,0.3952899,0.13333334,0.12911482,0.2,0.19524242,0.26666668,0.28035283
3752,0.9931567,False,Dendritic cells,Dendritic cells,0.16666667,0.17920622,0.3,0.30114716,0.2,0.19750401,0.33333334,0.32214263
4712,0.9931482,False,Type 2 alveolar,Type 2 alveolar,0.26666668,0.26516864,0.3,0.29926446,0.23333333,0.2218634,0.2,0.21370353
1600,0.99314624,False,Type 2 alveolar,Type 2 alveolar,0.2580645,0.27177203,0.29032257,0.28469235,0.22580644,0.21883072,0.22580644,0.22470488
1355,0.9931452,False,Type 2 alveolar,Type 2 alveolar,0.032258064,0.038051695,0.38709676,0.38321695,0.3548387,0.34500903,0.22580644,0.23372234
244,0.99314183,False,Fibroblasts,Fibroblasts,0.2580645,0.26948443,0.2580645,0.2603609,0.29032257,0.28437883,0.19354838,0.18577586
255,0.9931408,False,Luminal_Macrophages,Luminal_Macrophages,0.4,0.4089468,0.4,0.38628164,0.16666667,0.16832353,0.033333335,0.03644797
779,0.9931402,False,Luminal_Macrophages,Luminal_Macrophages,0.4,0.39126632,0.26666668,0.28038627,0.23333333,0.23125836,0.1,0.097089045
2152,0.99313927,False,Luminal_Macrophages,Luminal_Macrophages,0.31034482,0.31850892,0.27586207,0.2814195,0.2413793,0.23591691,0.1724138,0.16415471
77,0.99313796,False,Dendritic cells,Dendritic cells,0.16666667,0.1693586,0.16666667,0.16104229,0.23333333,0.24436553,0.43333334,0.42523357
4699,0.99313533,False,Type 2 alveolar,Type 2 alveolar,0.13333334,0.14366123,0.36666667,0.35916263,0.16666667,0.16044135,0.33333334,0.33673477
1793,0.9931334,False,Luminal_Macrophages,Dendritic cells,0.3,0.29660696,0.26666668,0.27732465,0.13333334,0.12299321,0.3,0.30307522
3743,0.9931314,False,Luminal_Macrophages,Luminal_Macrophages,0.33333334,0.3455301,0.1,0.08693617,0.26666668,0.26820713,0.3,0.29932657
1781,0.99312973,False,Type 2 alveolar,Type 2 alveolar,0.1,0.08809002,0.46666667,0.46483606,0.33333334,0.34130877,0.1,0.10576513
737,0.99312836,False,Type 2 alveolar,Type 2 alveolar,0.2,0.20061146,0.36666667,0.36161903,0.16666667,0.157971,0.26666668,0.2797985
1275,0.9931256,False,Type 2 alveolar,Type 2 alveolar,0.13333334,0.14374857,0.36666667,0.3591427,0.3,0.30333346,0.2,0.1937752
3431,0.9931256,False,Luminal_Macrophages,Luminal_Macrophages,0.36666667,0.36501777,0.23333333,0.2470821,0.033333335,0.03226044,0.36666667,0.3556397
1207,0.993125,False,Fibroblasts,Fibroblasts,0.20689656,0.21151374,0.20689656,0.20209333,0.31034482,0.3013981,0.27586207,0.2849948
790,0.99312365,False,Fibroblasts,Fibroblasts,0.13333334,0.13919711,0.23333333,0.24122225,0.33333334,0.3196319,0.3,0.29994872
1870,0.99312216,False,Luminal_Macrophages,Dendritic cells,0.36666667,0.35949892,0.2,0.21375574,0.06666667,0.061736543,0.36666667,0.36500883
2393,0.9931178,False,Type 2 alveolar,Type 2 alveolar,0.09677419,0.10545468,0.38709676,0.39218074,0.3548387,0.3540485,0.16129032,0.14831616
4769,0.9931159,False,Type 2 alveolar,Dendritic cells,0.06666667,0.07807591,0.36666667,0.35823706,0.2,0.202359,0.36666667,0.36132807
4247,0.993115,False,Fibroblasts,Fibroblasts,0.1,0.10305921,0.16666667,0.16695715,0.5,0.48623005,0.23333333,0.24375357
2467,0.99311495,False,Type 2 alveolar,Type 2 alveolar,0.2580645,0.271436,0.32258064,0.3205746,0.12903225,0.11726817,0.29032257,0.29072127
426,0.99311316,False,Type 2 alveolar,Type 2 alveolar,0.09677419,0.09455402,0.41935483,0.4078013,0.22580644,0.22742042,0.2580645,0.2702242
1780,0.993112,False,Type 2 alveolar,Type 2 alveolar,0.13333334,0.12198456,0.5,0.50028145,0.3,0.31349447,0.06666667,0.06423955
1319,0.99310625,False,Type 2 alveolar,Type 2 alveolar,0.13333334,0.13318367,0.3,0.29743737,0.3,0.28892487,0.26666668,0.28045413
4704,0.99310386,False,Luminal_Macrophages,Luminal_Macrophages,0.36666667,0.36994994,0.33333334,0.33621684,0.2,0.20762551,0.1,0.08620778
4516,0.99309915,False,Dendritic cells,Dendritic cells,0.20689656,0.21490769,0.2413793,0.2471699,0.1724138,0.16894886,0.37931034,0.3689736
674,0.99309576,False,Type 2 alveolar,Dendritic cells,0.2,0.21380842,0.33333334,0.3290772,0.13333334,0.12684014,0.33333334,0.3302742
519,0.9930949,False,Type 2 alveolar,Type 2 alveolar,0.23333333,0.23786207,0.4,0.3905793,0.3,0.30928135,0.06666667,0.062277194
4135,0.99309367,False,Luminal_Macrophages,Luminal_Macrophages,0.37931034,0.38532582,0.37931034,0.37228835,0.10344828,0.09665771,0.13793103,0.1457282
1562,0.9930936,False,Type 2 alveolar,Type 2 alveolar,0.32258064,0.320305,0.41935483,0.40781775,0.22580644,0.23335783,0.032258064,0.038519476
1032,0.9930916,False,Type 2 alveolar,Type 2 alveolar,0.13333334,0.14513144,0.3,0.29882032,0.3,0.28736287,0.26666668,0.2686854
757,0.99309087,False,Type 2 alveolar,Type 2 alveolar,0.26666668,0.28048497,0.3,0.29915956,0.3,0.29295027,0.13333334,0.12740523
439,0.9930908,False,Dendritic cells,Dendritic cells,0.31034482,0.31634054,0.03448276,0.042305447,0.31034482,0.30801195,0.3448276,0.33334208
4341,0.99308795,False,Type 2 alveolar,Type 2 alveolar,0.16666667,0.16643149,0.56666666,0.5622128,0.06666667,0.057531647,0.2,0.21382408
4084,0.99308705,False,Luminal_Macrophages,Luminal_Macrophages,0.46666667,0.45396468,0.13333334,0.13425021,0.16666667,0.16554283,0.23333333,0.24624231
154,0.99308664,False,Fibroblasts,Fibroblasts,0.3,0.3040857,0.23333333,0.23168421,0.33333334,0.32115576,0.13333334,0.14307432
2573,0.99308634,False,Fibroblasts,Fibroblasts,0.2,0.20794116,0.16666667,0.1629813,0.33333334,0.3231914,0.3,0.30588612
2367,0.99308467,False,Luminal_Macrophages,Luminal_Macrophages,0.33333334,0.32714358,0.26666668,0.26709238,0.13333334,0.12569247,0.26666668,0.28007156
4115,0.9930835,False,Dendritic cells,Dendritic cells,0.033333335,0.03252678,0.2,0.21383297,0.36666667,0.36052683,0.4,0.39311337
363,0.99308276,False,Fibroblasts,Fibroblasts,0.16129032,0.16615036,0.032258064,0.03648151,0.41935483,0.40552032,0.38709676,0.3918478
3788,0.99308145,False,Luminal_Macrophages,Luminal_Macrophages,0.33333334,0.33641908,0.3,0.30732918,0.26666668,0.27008888,0.1,0.086162835
1702,0.9930776,False,Type 2 alveolar,Type 2 alveolar,0.16129032,0.16935119,0.3548387,0.34099382,0.2580645,0.2629107,0.22580644,0.22674431
1346,0.9930741,False,Type 2 alveolar,Type 2 alveolar,0.2,0.21381329,0.3,0.30003846,0.26666668,0.25982964,0.23333333,0.2263186
1907,0.9930721,False,Luminal_Macrophages,Luminal_Macrophages,0.26666668,0.28052247,0.2,0.19250144,0.26666668,0.26236466,0.26666668,0.26461142
241,0.99307203,False,Fibroblasts,Fibroblasts,0.1,0.09651996,0.1,0.0913198,0.43333334,0.43163764,0.36666667,0.38052255
3099,0.9930711,False,Luminal_Macrophages,Luminal_Macrophages,0.33333334,0.3267761,0.16666667,0.15936612,0.23333333,0.23621094,0.26666668,0.27764687
2194,0.99307,False,Dendritic cells,Dendritic cells,0.22580644,0.22739364,0.22580644,0.23624343,0.19354838,0.19538428,0.3548387,0.3409787
1314,0.9930698,False,Dendritic cells,Dendritic cells,0.1,0.110934205,0.23333333,0.23430936,0.3,0.3019502,0.36666667,0.3528063
3618,0.99306935,False,Luminal_Macrophages,Luminal_Macrophages,0.36666667,0.36311397,0.2,0.20366766,0.13333334,0.12302472,0.3,0.31019366
1222,0.99306214,False,Fibroblasts,Fibroblasts,0.33333334,0.34015536,0.2,0.2068816,0.4,0.38612425,0.06666667,0.06683883
2336,0.99305874,False,Luminal_Macrophages,Luminal_Macrophages,0.3,0.30621073,0.23333333,0.23353598,0.2,0.18611751,0.26666668,0.2741358
3984,0.9930571,False,Type 2 alveolar,Type 2 alveolar,0.033333335,0.046508797,0.36666667,0.35357654,0.3,0.30071035,0.3,0.29920432
4202,0.993057,False,Luminal_Macrophages,Luminal_Macrophages,0.32258064,0.33347458,0.09677419,0.082888246,0.29032257,0.29056075,0.29032257,0.29307646
3044,0.9930559,False,Fibroblasts,Fibroblasts,0.2,0.20066616,0.16666667,0.17526533,0.33333334,0.31944513,0.3,0.3046234
2034,0.99305314,False,Type 2 alveolar,Type 2 alveolar,0.26666668,0.28018963,0.3,0.29812565,0.23333333,0.22131394,0.2,0.20037079
1299,0.9930481,False,Dendritic cells,Dendritic cells,0.26666668,0.28057054,0.2,0.19996054,0.2,0.19648415,0.33333334,0.32298473
3171,0.9930474,False,Luminal_Macrophages,Type 2 alveolar,0.3548387,0.34375086,0.3548387,0.3532429,0.12903225,0.12781076,0.16129032,0.1751955
2536,0.9930427,False,Type 2 alveolar,Type 2 alveolar,0.2,0.2139145,0.43333334,0.42319992,0.16666667,0.16522321,0.2,0.19766232
4847,0.99303895,False,Luminal_Macrophages,Luminal_Macrophages,0.41379312,0.403292,0.2413793,0.25500706,0.31034482,0.3106391,0.03448276,0.031061815
404,0.99303764,False,Luminal_Macrophages,Luminal_Macrophages,0.33333334,0.32952747,0.3,0.31392473,0.23333333,0.23000328,0.13333334,0.12654458
2033,0.9930368,False,Luminal_Macrophages,Luminal_Macrophages,0.3,0.2970238,0.23333333,0.24725966,0.3,0.29115218,0.16666667,0.16456433
4941,0.9930351,False,Type 2 alveolar,Type 2 alveolar,0.23333333,0.22868733,0.33333334,0.32404947,0.2,0.20087042,0.23333333,0.24639277
1402,0.99303347,False,Fibroblasts,Fibroblasts,0.13793103,0.14108233,0.31034482,0.3184367,0.41379312,0.39986005,0.13793103,0.1406209
3254,0.9930333,False,Dendritic cells,Dendritic cells,0.1724138,0.18340774,0.2413793,0.23706552,0.27586207,0.2788015,0.31034482,0.30072525
854,0.9930321,False,Luminal_Macrophages,Luminal_Macrophages,0.33333334,0.34726906,0.3,0.2934592,0.16666667,0.16391128,0.2,0.19536038
4777,0.9930314,False,Fibroblasts,Fibroblasts,0.2413793,0.25531656,0.20689656,0.19963437,0.27586207,0.27349067,0.27586207,0.2715584
4051,0.9930295,False,Fibroblasts,Fibroblasts,0.033333335,0.03769967,0.4,0.4077526,0.43333334,0.41939223,0.13333334,0.13515545
1379,0.99302924,False,Dendritic cells,Dendritic cells,0.06666667,0.06813581,0.26666668,0.2771004,0.26666668,0.26870537,0.4,0.38605845
1094,0.9930279,False,Type 2 alveolar,Type 2 alveolar,0.13333334,0.11938915,0.6666667,0.67570364,0.13333334,0.13713968,0.06666667,0.0677676
4827,0.993024,False,Type 2 alveolar,Type 2 alveolar,0.12903225,0.13975333,0.61290324,0.6145078,0.16129032,0.1629167,0.09677419,0.082822114
2018,0.9930238,False,Type 2 alveolar,Type 2 alveolar,0.16666667,0.17195353,0.36666667,0.3539444,0.16666667,0.16543663,0.3,0.30866548
1405,0.9930222,False,Luminal_Macrophages,Luminal_Macrophages,0.43333334,0.43548733,0.06666667,0.058421936,0.36666667,0.36095577,0.13333334,0.14513496
4212,0.9930207,False,Luminal_Macrophages,Luminal_Macrophages,0.3,0.2914349,0.2,0.19815905,0.23333333,0.22978082,0.26666668,0.28062522
1988,0.99302,False,Fibroblasts,Fibroblasts,0.22580644,0.22771487,0.19354838,0.20225294,0.3548387,0.34087867,0.22580644,0.2291535
4708,0.99301815,False,Fibroblasts,Fibroblasts,0.1724138,0.18030664,0.06896552,0.055001795,0.62068963,0.62493163,0.13793103,0.1397599
1075,0.99301773,False,Dendritic cells,Dendritic cells,0.2580645,0.27073672,0.2580645,0.25043088,0.19354838,0.18721749,0.29032257,0.29161486
2951,0.9930172,False,Luminal_Macrophages,Luminal_Macrophages,0.3,0.29616413,0.26666668,0.2604703,0.2,0.19606662,0.23333333,0.24729891
3192,0.9930159,False,Fibroblasts,Fibroblasts,0.16666667,0.17691077,0.13333334,0.1323518,0.36666667,0.35368004,0.33333334,0.3370574
2104,0.9930131,False,Type 2 alveolar,Type 2 alveolar,0.033333335,0.03811694,0.46666667,0.4758569,0.46666667,0.45362863,0.033333335,0.032397565
2932,0.9930118,False,Dendritic cells,Dendritic cells,0.3,0.30636802,0.13333334,0.14094177,0.23333333,0.22924301,0.33333334,0.3234472
4832,0.9930089,False,Dendritic cells,Dendritic cells,0.26666668,0.2806489,0.16666667,0.16502629,0.26666668,0.2662162,0.3,0.28810865
1644,0.9930083,False,Fibroblasts,Fibroblasts,0.033333335,0.036345087,0.3,0.3105879,0.36666667,0.35268328,0.3,0.30038372
2752,0.9930042,False,Type 2 alveolar,Type 2 alveolar,0.33333334,0.34121203,0.36666667,0.36437863,0.16666667,0.17277956,0.13333334,0.12162983
3606,0.9930035,False,Type 2 alveolar,Type 2 alveolar,0.33333334,0.34732634,0.36666667,0.36510393,0.1,0.089190744,0.2,0.198379
4375,0.9930027,False,Luminal_Macrophages,Luminal_Macrophages,0.31034482,0.31939068,0.1724138,0.16538234,0.31034482,0.30338165,0.20689656,0.21184531
260,0.9930017,False,Luminal_Macrophages,Luminal_Macrophages,0.4,0.40706667,0.033333335,0.040263243,0.36666667,0.3539387,0.2,0.19873135
3248,0.993001,False,Type 2 alveolar,Type 2 alveolar,0.06896552,0.07476383,0.37931034,0.3720886,0.3448276,0.33805132,0.20689656,0.2150962
3676,0.99299806,False,Type 2 alveolar,Dendritic cells,0.16666667,0.17446914,0.4,0.38599616,0.033333335,0.036692012,0.4,0.40284267
1144,0.99299777,False,Dendritic cells,Dendritic cells,0.032258064,0.037282355,0.16129032,0.1659191,0.22580644,0.23015782,0.58064514,0.56664073
2879,0.9929975,False,Fibroblasts,Fibroblasts,0.13333334,0.13924927,0.3,0.30792177,0.33333334,0.3193284,0.23333333,0.23350054
579,0.99299234,False,Luminal_Macrophages,Luminal_Macrophages,0.3548387,0.34369805,0.32258064,0.31970596,0.19354838,0.19607258,0.12903225,0.14052337
1133,0.99298847,False,Fibroblasts,Fibroblasts,0.13333334,0.13318318,0.33333334,0.3367791,0.36666667,0.35279372,0.16666667,0.17724405
4074,0.99298817,False,Dendritic cells,Dendritic cells,0.033333335,0.038215116,0.4,0.39310974,0.1,0.09286656,0.46666667,0.4758086
4109,0.9929879,False,Type 2 alveolar,Type 2 alveolar,0.2,0.19929747,0.33333334,0.32001165,0.23333333,0.2359886,0.23333333,0.24470228
468,0.99298745,False,Luminal_Macrophages,Luminal_Macrophages,0.4,0.40405077,0.16666667,0.1564319,0.13333334,0.12954296,0.3,0.30997434
2958,0.9929865,False,Type 2 alveolar,Type 2 alveolar,0.032258064,0.044147987,0.41935483,0.40532786,0.19354838,0.194744,0.3548387,0.35578012
3312,0.9929845,False,Luminal_Macrophages,Luminal_Macrophages,0.36666667,0.3800228,0.1,0.098788925,0.36666667,0.35384667,0.16666667,0.16734163
34,0.9929812,False,Luminal_Macrophages,Luminal_Macrophages,0.56666666,0.5609458,0.1,0.09558686,0.13333334,0.1294297,0.2,0.21403761
4633,0.9929751,False,Luminal_Macrophages,Luminal_Macrophages,0.46666667,0.45261687,0.23333333,0.24135235,0.2,0.20513843,0.1,0.10089239
2721,0.99297357,False,Dendritic cells,Dendritic cells,0.06666667,0.05640184,0.26666668,0.27839813,0.3,0.30232137,0.36666667,0.36287865
3948,0.99297345,False,Luminal_Macrophages,Luminal_Macrophages,0.4,0.39320043,0.36666667,0.3731696,0.16666667,0.17421676,0.06666667,0.059413157
1422,0.9929721,False,Luminal_Macrophages,Luminal_Macrophages,0.36666667,0.3575916,0.3,0.31405592,0.23333333,0.2332925,0.1,0.09506001
4411,0.99297124,False,Dendritic cells,Dendritic cells,0.10344828,0.10922108,0.31034482,0.3183675,0.20689656,0.2071586,0.37931034,0.36525285
3244,0.99296904,False,Fibroblasts,Fibroblasts,0.033333335,0.03723405,0.2,0.19375628,0.7,0.71016127,0.06666667,0.05884843
4624,0.99296737,False,Luminal_Macrophages,Luminal_Macrophages,0.36666667,0.35984486,0.033333335,0.036082853,0.23333333,0.24464908,0.36666667,0.35942322
1481,0.9929644,False,Fibroblasts,Fibroblasts,0.16666667,0.17205426,0.1,0.0942415,0.5,0.4916873,0.23333333,0.24201696
421,0.9929592,False,Type 2 alveolar,Type 2 alveolar,0.27586207,0.28764865,0.31034482,0.31263983,0.1724138,0.15845168,0.2413793,0.24125987
4024,0.992959,False,Fibroblasts,Fibroblasts,0.2,0.1882632,0.13333334,0.13098821,0.5,0.50522465,0.16666667,0.17552395
391,0.992958,False,Fibroblasts,Fibroblasts,0.2,0.2113222,0.1,0.09717825,0.5,0.48873782,0.2,0.20276181
867,0.9929557,False,Luminal_Macrophages,Luminal_Macrophages,0.46666667,0.48075303,0.43333334,0.4216067,0.033333335,0.033335607,0.06666667,0.06430461
4984,0.99295425,False,Fibroblasts,Fibroblasts,0.36666667,0.37647694,0.2,0.20428115,0.4,0.38622937,0.033333335,0.0330125
3424,0.9929541,False,Type 2 alveolar,Dendritic cells,0.23333333,0.24742518,0.26666668,0.26040012,0.23333333,0.22784089,0.26666668,0.26433378
3717,0.99295217,False,Dendritic cells,Dendritic cells,0.33333334,0.33592504,0.16666667,0.1553603,0.1,0.09721069,0.4,0.411504
652,0.99295175,False,Luminal_Macrophages,Luminal_Macrophages,0.41935483,0.4177851,0.3548387,0.34464517,0.032258064,0.029924775,0.19354838,0.20764494
2899,0.99295145,False,Type 2 alveolar,Type 2 alveolar,0.37931034,0.38396,0.51724136,0.5064832,0.06896552,0.06562657,0.03448276,0.04393022
1590,0.99294776,False,Type 2 alveolar,Type 2 alveolar,0.13333334,0.13965511,0.33333334,0.3207004,0.26666668,0.26519504,0.26666668,0.27444938
1206,0.99294686,False,Luminal_Macrophages,Luminal_Macrophages,0.4,0.3893726,0.13333334,0.12985444,0.26666668,0.27840716,0.2,0.2023658
3399,0.99294364,False,Dendritic cells,Dendritic cells,0.4,0.39068845,0.1,0.09750994,0.06666667,0.06435562,0.43333334,0.44744608
4357,0.9929427,False,Fibroblasts,Fibroblasts,0.033333335,0.033542875,0.26666668,0.2779756,0.4,0.3858853,0.3,0.30259615
1414,0.9929408,False,Dendritic cells,Dendritic cells,0.3,0.30918208,0.26666668,0.271603,0.1,0.08869571,0.33333334,0.33051923
3111,0.99294,False,Type 2 alveolar,Type 2 alveolar,0.06666667,0.052546706,0.6333333,0.63978606,0.13333334,0.13630028,0.16666667,0.17136693
2739,0.9929397,False,Fibroblasts,Fibroblasts,0.3,0.30539033,0.033333335,0.035264567,0.53333336,0.5192127,0.13333334,0.14013243
1232,0.992932,False,Dendritic cells,Dendritic cells,0.12903225,0.14275393,0.2580645,0.2559205,0.29032257,0.2907368,0.32258064,0.3105887
3918,0.99293107,False,Fibroblasts,Fibroblasts,0.4,0.4023507,0.033333335,0.041120853,0.5,0.50399965,0.06666667,0.052528806
4739,0.9929237,False,Type 2 alveolar,Type 2 alveolar,0.1,0.10853992,0.33333334,0.32021493,0.3,0.29896575,0.26666668,0.2722794
559,0.99292314,False,Dendritic cells,Dendritic cells,0.36666667,0.37816322,0.16666667,0.1693239,0.06666667,0.059315965,0.4,0.39319694
2996,0.9929174,False,Dendritic cells,Dendritic cells,0.23333333,0.23758507,0.2,0.20070069,0.23333333,0.24254607,0.33333334,0.31916824
1123,0.9929159,False,Luminal_Macrophages,Luminal_Macrophages,0.3448276,0.3475831,0.3448276,0.33391762,0.13793103,0.13467285,0.1724138,0.18382652
2084,0.9929159,False,Fibroblasts,Fibroblasts,0.16666667,0.17696373,0.16666667,0.17053774,0.6,0.59403896,0.06666667,0.058459528
1649,0.99291,False,Fibroblasts,Fibroblasts,0.16666667,0.16997728,0.13333334,0.12431441,0.36666667,0.3615057,0.33333334,0.34420264
1445,0.99290735,False,Luminal_Macrophages,Luminal_Macrophages,0.3548387,0.34262627,0.29032257,0.29679278,0.32258064,0.32060778,0.032258064,0.039973196
2595,0.9929056,False,Dendritic cells,Dendritic cells,0.16666667,0.1807232,0.26666668,0.26679894,0.26666668,0.2599918,0.3,0.29248607
1888,0.9929039,False,Fibroblasts,Fibroblasts,0.03448276,0.040017568,0.3448276,0.35147992,0.51724136,0.50304914,0.10344828,0.10545332
2160,0.9929013,False,Dendritic cells,Dendritic cells,0.3448276,0.35406303,0.1724138,0.17737564,0.06896552,0.06265758,0.41379312,0.40590367
1013,0.99290043,False,Type 2 alveolar,Type 2 alveolar,0.29032257,0.29956716,0.38709676,0.37456673,0.2580645,0.26301908,0.06451613,0.06284705
3652,0.9929,False,Luminal_Macrophages,Luminal_Macrophages,0.33333334,0.32982874,0.26666668,0.27039936,0.16666667,0.15597136,0.23333333,0.24380061
708,0.9928961,False,Luminal_Macrophages,Luminal_Macrophages,0.4,0.39011672,0.33333334,0.3475411,0.13333334,0.13145524,0.13333334,0.1308869
995,0.99289477,False,Fibroblasts,Fibroblasts,0.23333333,0.24638984,0.033333335,0.034487218,0.6,0.5935235,0.13333334,0.12559943
1214,0.99289435,False,Luminal_Macrophages,Luminal_Macrophages,0.4,0.3857887,0.23333333,0.23990309,0.16666667,0.16710077,0.2,0.2072074
4632,0.9928922,False,Type 2 alveolar,Type 2 alveolar,0.2,0.21115594,0.53333336,0.52360064,0.13333334,0.12885047,0.13333334,0.13639297
4150,0.99289,False,Type 2 alveolar,Type 2 alveolar,0.3,0.30843964,0.36666667,0.3587303,0.23333333,0.23911364,0.1,0.09371638
2092,0.9928897,False,Luminal_Macrophages,Luminal_Macrophages,0.58064514,0.5692458,0.09677419,0.095476516,0.22580644,0.24002711,0.09677419,0.095250584
4344,0.99288833,False,Dendritic cells,Dendritic cells,0.16666667,0.17344937,0.26666668,0.2721052,0.23333333,0.23533551,0.33333334,0.31910995
4564,0.99288267,False,Type 2 alveolar,Type 2 alveolar,0.1724138,0.18664846,0.3448276,0.33159468,0.1724138,0.1714503,0.31034482,0.3103066
1292,0.9928825,False,Luminal_Macrophages,Luminal_Macrophages,0.38709676,0.38858902,0.3548387,0.347761,0.06451613,0.057358824,0.19354838,0.20629114
1906,0.9928822,False,Luminal_Macrophages,Luminal_Macrophages,0.38709676,0.40119436,0.06451613,0.05566898,0.16129032,0.16142832,0.38709676,0.38170838
734,0.9928808,False,Type 2 alveolar,Type 2 alveolar,0.2,0.21423836,0.33333334,0.32915628,0.3,0.2981703,0.16666667,0.15843506
871,0.99288064,False,Type 2 alveolar,Type 2 alveolar,0.26666668,0.27685717,0.33333334,0.32436442,0.13333334,0.12806359,0.26666668,0.27071485
187,0.9928796,False,Fibroblasts,Fibroblasts,0.1,0.09206783,0.33333334,0.3416017,0.5,0.49369135,0.06666667,0.0726391
1957,0.99287724,False,Fibroblasts,Dendritic cells,0.26666668,0.27657494,0.06666667,0.07100383,0.33333334,0.323919,0.33333334,0.32850218
338,0.99287623,False,Luminal_Macrophages,Luminal_Macrophages,0.32258064,0.33515945,0.06451613,0.05528083,0.32258064,0.31756845,0.29032257,0.29199123
4627,0.99287605,False,Luminal_Macrophages,Luminal_Macrophages,0.29032257,0.29059005,0.16129032,0.14881095,0.29032257,0.288554,0.2580645,0.272045
916,0.99287456,False,Type 2 alveolar,Type 2 alveolar,0.27586207,0.27774617,0.31034482,0.30234656,0.13793103,0.13167843,0.27586207,0.2882288
2186,0.9928735,False,Fibroblasts,Fibroblasts,0.06666667,0.054225896,0.3,0.31259343,0.53333336,0.531521,0.1,0.10165962
3970,0.9928734,False,Fibroblasts,Fibroblasts,0.06666667,0.060593728,0.3,0.30767077,0.33333334,0.32515296,0.3,0.30658248
578,0.99287164,False,Fibroblasts,Fibroblasts,0.06666667,0.05894136,0.43333334,0.44351906,0.46666667,0.46013525,0.033333335,0.03740432
3783,0.99287045,False,Luminal_Macrophages,Luminal_Macrophages,0.41935483,0.40957645,0.06451613,0.060035437,0.22580644,0.23123176,0.29032257,0.29915634
4908,0.9928699,False,Fibroblasts,Fibroblasts,0.13333334,0.13219562,0.1,0.09860143,0.43333334,0.42160943,0.33333334,0.34759343
2081,0.9928684,False,Fibroblasts,Dendritic cells,0.13333334,0.14759652,0.2,0.19944188,0.33333334,0.32513782,0.33333334,0.32782385
3333,0.9928669,False,Dendritic cells,Dendritic cells,0.2,0.21144886,0.26666668,0.26946557,0.033333335,0.03335182,0.5,0.48573378
3596,0.9928669,False,Fibroblasts,Fibroblasts,0.33333334,0.3422307,0.1,0.10149065,0.36666667,0.35240042,0.2,0.20387824
16,0.99286085,False,Dendritic cells,Dendritic cells,0.19354838,0.19210985,0.19354838,0.19182415,0.2580645,0.27234283,0.3548387,0.3437232
3809,0.99286073,False,Luminal_Macrophages,Luminal_Macrophages,0.55172414,0.53744555,0.03448276,0.039682433,0.27586207,0.28048936,0.13793103,0.14238265
2875,0.9928603,False,Type 2 alveolar,Type 2 alveolar,0.033333335,0.033357777,0.6,0.5972458,0.23333333,0.24758832,0.13333334,0.12180814
2803,0.9928602,False,Fibroblasts,Fibroblasts,0.23333333,0.23162152,0.06666667,0.06738962,0.5,0.48743227,0.2,0.21355663
4742,0.9928488,False,Type 2 alveolar,Dendritic cells,0.26666668,0.28096908,0.33333334,0.325303,0.06666667,0.061458796,0.33333334,0.33226916
703,0.9928482,False,Fibroblasts,Fibroblasts,0.3,0.30836284,0.06666667,0.062224787,0.33333334,0.32347172,0.3,0.30594072
3803,0.99284816,False,Dendritic cells,Dendritic cells,0.16666667,0.1771317,0.033333335,0.037171964,0.36666667,0.35884082,0.43333334,0.42685556
3911,0.9928475,False,Dendritic cells,Dendritic cells,0.13333334,0.14243844,0.23333333,0.23853323,0.2,0.19375208,0.43333334,0.42527628
1511,0.9928461,False,Fibroblasts,Fibroblasts,0.36666667,0.37594506,0.033333335,0.03836284,0.46666667,0.45478427,0.13333334,0.13090782
286,0.99284524,False,Fibroblasts,Fibroblasts,0.16666667,0.16736168,0.26666668,0.28028116,0.46666667,0.45406654,0.1,0.09829066
208,0.9928451,False,Luminal_Macrophages,Luminal_Macrophages,0.36666667,0.35235688,0.23333333,0.24577351,0.2,0.20076464,0.2,0.20110495
4291,0.9928441,False,Luminal_Macrophages,Luminal_Macrophages,0.37931034,0.36981052,0.13793103,0.14110813,0.27586207,0.28699678,0.20689656,0.20208457
4267,0.99284077,False,Luminal_Macrophages,Luminal_Macrophages,0.43333334,0.4243905,0.2,0.19969536,0.06666667,0.061595768,0.3,0.31431845
1879,0.9928403,False,Luminal_Macrophages,Luminal_Macrophages,0.36666667,0.3618453,0.26666668,0.27565655,0.3,0.30532947,0.06666667,0.057168603
1162,0.9928394,False,Dendritic cells,Dendritic cells,0.26666668,0.27814493,0.16666667,0.16461185,0.23333333,0.23617636,0.33333334,0.32106692
2566,0.9928337,False,Luminal_Macrophages,Luminal_Macrophages,0.3,0.3069782,0.23333333,0.24068783,0.3,0.2919258,0.16666667,0.16040821
1336,0.99283195,False,Fibroblasts,Fibroblasts,0.3448276,0.34773365,0.03448276,0.03971133,0.41379312,0.39945698,0.20689656,0.21309805
1486,0.9928312,False,Luminal_Macrophages,Luminal_Macrophages,0.33333334,0.3445193,0.13333334,0.12836955,0.23333333,0.23648511,0.3,0.2906261
3183,0.99282825,False,Type 2 alveolar,Type 2 alveolar,0.19354838,0.2042257,0.41935483,0.40607387,0.22580644,0.22947265,0.16129032,0.16022782
3553,0.9928267,False,Fibroblasts,Fibroblasts,0.3,0.30411515,0.16666667,0.16724478,0.5,0.48565337,0.033333335,0.042986717
2804,0.9928255,False,Type 2 alveolar,Type 2 alveolar,0.19354838,0.20244241,0.3548387,0.34644005,0.16129032,0.15534,0.29032257,0.29577753
812,0.99282455,False,Type 2 alveolar,Type 2 alveolar,0.12903225,0.11753967,0.6451613,0.64964616,0.12903225,0.12617394,0.09677419,0.10664028
2785,0.992822,False,Dendritic cells,Dendritic cells,0.13333334,0.1452539,0.06666667,0.05231062,0.33333334,0.33485246,0.46666667,0.46758303
3681,0.9928205,False,Luminal_Macrophages,Luminal_Macrophages,0.51724136,0.52396744,0.06896552,0.06891066,0.31034482,0.31797767,0.10344828,0.08914419
3749,0.9928172,False,Luminal_Macrophages,Luminal_Macrophages,0.29032257,0.29638672,0.19354838,0.18266524,0.29032257,0.28684017,0.22580644,0.23410785
4770,0.9928151,False,Type 2 alveolar,Type 2 alveolar,0.29032257,0.3046925,0.32258064,0.32104516,0.32258064,0.31555048,0.06451613,0.058711924
884,0.99280703,False,Dendritic cells,Dendritic cells,0.1,0.09664121,0.23333333,0.23854116,0.26666668,0.27584484,0.4,0.38897282
2694,0.9928069,False,Fibroblasts,Fibroblasts,0.13333334,0.12944557,0.06666667,0.06149055,0.6666667,0.6810528,0.13333334,0.1280111
4059,0.99280584,False,Dendritic cells,Dendritic cells,0.22580644,0.24019475,0.22580644,0.2201769,0.2580645,0.25500706,0.29032257,0.2846213
2058,0.9928055,False,Luminal_Macrophages,Dendritic cells,0.36666667,0.3613088,0.2,0.214389,0.06666667,0.058202863,0.36666667,0.36609927
4342,0.99280375,False,Dendritic cells,Dendritic cells,0.16666667,0.16989395,0.23333333,0.23644935,0.23333333,0.24138251,0.36666667,0.35227424
2150,0.9928035,False,Dendritic cells,Dendritic cells,0.16666667,0.17867045,0.3,0.30238923,0.16666667,0.16430399,0.36666667,0.35463634
3492,0.9927976,False,Fibroblasts,Dendritic cells,0.06666667,0.065723166,0.26666668,0.2810714,0.33333334,0.32416275,0.33333334,0.32904264
2874,0.9927942,False,Fibroblasts,Fibroblasts,0.3448276,0.35399806,0.06896552,0.054785103,0.55172414,0.5514929,0.03448276,0.039723873
2266,0.99279255,False,Fibroblasts,Fibroblasts,0.06666667,0.06453545,0.23333333,0.24272388,0.36666667,0.35438302,0.33333334,0.33835763
4255,0.99278826,False,Fibroblasts,Fibroblasts,0.1724138,0.18515255,0.1724138,0.17288554,0.3448276,0.33040407,0.31034482,0.3115579
3393,0.99278814,False,Type 2 alveolar,Type 2 alveolar,0.2,0.20802788,0.5,0.48557618,0.16666667,0.17101829,0.13333334,0.13537759
4094,0.9927858,False,Fibroblasts,Fibroblasts,0.06666667,0.057005767,0.16666667,0.1641835,0.6333333,0.64776176,0.13333334,0.131049
2571,0.99278116,False,Type 2 alveolar,Type 2 alveolar,0.22580644,0.22152914,0.38709676,0.38058633,0.09677419,0.09312423,0.29032257,0.30476034
3523,0.9927811,False,Fibroblasts,Fibroblasts,0.03448276,0.036530685,0.37931034,0.39170015,0.44827586,0.4464022,0.13793103,0.1253669
1718,0.99277973,False,Type 2 alveolar,Type 2 alveolar,0.23333333,0.23768587,0.43333334,0.41952932,0.13333334,0.13269678,0.2,0.21008804
2754,0.99277955,False,Luminal_Macrophages,Luminal_Macrophages,0.33333334,0.34414944,0.16666667,0.15606074,0.26666668,0.2702915,0.23333333,0.2294983
1946,0.9927776,False,Fibroblasts,Fibroblasts,0.1724138,0.17382072,0.1724138,0.1758532,0.4827586,0.46831372,0.1724138,0.18201236
820,0.99277604,False,Luminal_Macrophages,Luminal_Macrophages,0.3,0.3105162,0.16666667,0.1705984,0.3,0.29641455,0.23333333,0.22247082
806,0.99277437,False,Type 2 alveolar,Type 2 alveolar,0.33333334,0.3421762,0.43333334,0.42575666,0.06666667,0.059792068,0.16666667,0.17227505
3824,0.99277204,False,Type 2 alveolar,Type 2 alveolar,0.033333335,0.03805081,0.53333336,0.519565,0.033333335,0.03264583,0.4,0.4097384
346,0.99277025,False,Fibroblasts,Fibroblasts,0.36666667,0.37328961,0.13333334,0.1405032,0.46666667,0.4522071,0.033333335,0.034000047
4550,0.99276966,False,Luminal_Macrophages,Luminal_Macrophages,0.29032257,0.30363044,0.29032257,0.29147536,0.29032257,0.2899465,0.12903225,0.11494772
4783,0.9927685,False,Type 2 alveolar,Type 2 alveolar,0.1,0.10643967,0.53333336,0.5188704,0.16666667,0.16993569,0.2,0.2047542
4918,0.9927664,False,Type 2 alveolar,Type 2 alveolar,0.16666667,0.1714515,0.43333334,0.42431495,0.3,0.30968243,0.1,0.094551064
4032,0.99276483,False,Type 2 alveolar,Type 2 alveolar,0.2,0.21070889,0.36666667,0.3521964,0.23333333,0.23362015,0.2,0.20347461
2799,0.9927646,False,Dendritic cells,Dendritic cells,0.1724138,0.18688455,0.13793103,0.13413426,0.20689656,0.20582603,0.4827586,0.47315514
3874,0.99276364,False,Luminal_Macrophages,Luminal_Macrophages,0.37931034,0.3661628,0.27586207,0.27453682,0.20689656,0.21063282,0.13793103,0.14866753
4840,0.992762,False,Luminal_Macrophages,Luminal_Macrophages,0.43333334,0.42190495,0.2,0.19695245,0.2,0.21029069,0.16666667,0.17085196
2040,0.99276054,False,Type 2 alveolar,Type 2 alveolar,0.26666668,0.28042772,0.3,0.30071786,0.3,0.29296476,0.13333334,0.12588972
2378,0.99275875,False,Luminal_Macrophages,Luminal_Macrophages,0.46666667,0.45780912,0.26666668,0.27905267,0.16666667,0.16876312,0.1,0.09437508
171,0.9927576,False,Fibroblasts,Dendritic cells,0.13333334,0.14426312,0.13333334,0.13688827,0.36666667,0.35911486,0.36666667,0.35973376
2350,0.9927564,False,Fibroblasts,Dendritic cells,0.13333334,0.1426535,0.26666668,0.2718337,0.3,0.2915652,0.3,0.29394758
3804,0.99275523,False,Luminal_Macrophages,Luminal_Macrophages,0.4,0.41413313,0.1,0.092822395,0.36666667,0.35935473,0.13333334,0.13368972
1529,0.9927551,False,Type 2 alveolar,Type 2 alveolar,0.3548387,0.36372414,0.38709676,0.38049993,0.09677419,0.08888122,0.16129032,0.16689461
707,0.9927539,False,Dendritic cells,Dendritic cells,0.10344828,0.110140085,0.10344828,0.08895609,0.37931034,0.38048875,0.41379312,0.4204151
2469,0.9927533,False,Fibroblasts,Fibroblasts,0.36666667,0.37272143,0.033333335,0.033130992,0.4,0.38570905,0.2,0.20843856
2163,0.9927486,False,Fibroblasts,Fibroblasts,0.27586207,0.27277,0.06896552,0.06671772,0.3448276,0.33566478,0.31034482,0.32484755
2915,0.9927472,False,Type 2 alveolar,Type 2 alveolar,0.16666667,0.1638135,0.43333334,0.4295171,0.3,0.3145056,0.1,0.09216377
643,0.9927471,False,Fibroblasts,Fibroblasts,0.06666667,0.07248056,0.13333334,0.12306811,0.43333334,0.42909276,0.36666667,0.37535855
3455,0.9927451,False,Dendritic cells,Dendritic cells,0.032258064,0.03998428,0.32258064,0.32936424,0.09677419,0.08518192,0.5483871,0.5454696
604,0.992745,False,Dendritic cells,Dendritic cells,0.23333333,0.24784337,0.2,0.19613206,0.26666668,0.2655723,0.3,0.29045233
2453,0.9927441,False,Dendritic cells,Dendritic cells,0.4,0.40396303,0.033333335,0.043882146,0.13333334,0.13053337,0.43333334,0.42162147
4697,0.9927435,False,Dendritic cells,Dendritic cells,0.1,0.11451303,0.23333333,0.22835407,0.16666667,0.16009575,0.5,0.49703714
4421,0.99273956,False,Type 2 alveolar,Type 2 alveolar,0.26666668,0.28002924,0.3,0.3011583,0.3,0.28930092,0.13333334,0.12951155
2403,0.9927343,False,Type 2 alveolar,Type 2 alveolar,0.16666667,0.17432512,0.33333334,0.3210892,0.23333333,0.23104602,0.26666668,0.2735396
2765,0.9927315,False,Dendritic cells,Dendritic cells,0.33333334,0.3475246,0.13333334,0.13367902,0.1,0.09497429,0.43333334,0.42382205
3548,0.99272907,False,Luminal_Macrophages,Luminal_Macrophages,0.36666667,0.38120854,0.36666667,0.36128053,0.06666667,0.06002095,0.2,0.19749
3013,0.9927273,False,Luminal_Macrophages,Luminal_Macrophages,0.56666666,0.5689199,0.13333334,0.11923866,0.2,0.21229225,0.1,0.09954921
800,0.99272406,False,Type 2 alveolar,Type 2 alveolar,0.36666667,0.37992245,0.53333336,0.5209006,0.033333335,0.031214193,0.06666667,0.0679628
863,0.99272215,False,Type 2 alveolar,Type 2 alveolar,0.06451613,0.067070715,0.48387095,0.4876862,0.3548387,0.36302465,0.09677419,0.08221848
4618,0.99272126,False,Fibroblasts,Fibroblasts,0.23333333,0.23318838,0.16666667,0.16566384,0.46666667,0.45325702,0.13333334,0.14789079
3074,0.9927209,False,Dendritic cells,Dendritic cells,0.1,0.09546415,0.16666667,0.16086449,0.033333335,0.029113144,0.7,0.71455824
4473,0.9927199,False,Luminal_Macrophages,Luminal_Macrophages,0.516129,0.5025418,0.22580644,0.2300759,0.22580644,0.23609725,0.032258064,0.03128511
896,0.9927176,False,Luminal_Macrophages,Luminal_Macrophages,0.46666667,0.48123145,0.06666667,0.06631992,0.06666667,0.056461126,0.4,0.39598748
4108,0.99271727,False,Type 2 alveolar,Dendritic cells,0.29032257,0.29767093,0.32258064,0.3156963,0.06451613,0.056835003,0.32258064,0.32979777
4536,0.9927169,False,Type 2 alveolar,Type 2 alveolar,0.16666667,0.16630958,0.53333336,0.5198015,0.23333333,0.24789953,0.06666667,0.065989375
3978,0.9927166,False,Luminal_Macrophages,Luminal_Macrophages,0.46666667,0.4570798,0.3,0.31333613,0.06666667,0.061686773,0.16666667,0.16789737
2853,0.99271053,False,Fibroblasts,Fibroblasts,0.16666667,0.17378926,0.13333334,0.118754394,0.56666666,0.571761,0.13333334,0.13569535
3961,0.9927047,False,Luminal_Macrophages,Luminal_Macrophages,0.36666667,0.35251316,0.2,0.21123737,0.23333333,0.23668651,0.2,0.19956292
2096,0.9927012,False,Luminal_Macrophages,Luminal_Macrophages,0.56666666,0.5553059,0.033333335,0.035646312,0.06666667,0.06342974,0.33333334,0.345618
4911,0.99269915,False,Type 2 alveolar,Type 2 alveolar,0.2,0.21324664,0.36666667,0.35272816,0.23333333,0.2326701,0.2,0.20135513
217,0.99269885,False,Fibroblasts,Fibroblasts,0.3,0.31246608,0.033333335,0.034046203,0.53333336,0.518731,0.13333334,0.1347567
613,0.9926982,False,Luminal_Macrophages,Luminal_Macrophages,0.43333334,0.4249655,0.16666667,0.16789667,0.1,0.09376421,0.3,0.31337357
2830,0.99269634,False,Fibroblasts,Fibroblasts,0.23333333,0.24560572,0.2,0.20233491,0.33333334,0.32126582,0.23333333,0.23079358
251,0.99269515,False,Luminal_Macrophages,Luminal_Macrophages,0.33333334,0.3422151,0.1,0.102925904,0.23333333,0.23613538,0.33333334,0.31872365
1000,0.9926898,False,Dendritic cells,Dendritic cells,0.13333334,0.14317375,0.1,0.08537959,0.23333333,0.23751573,0.53333336,0.5339309
1807,0.99268746,False,Dendritic cells,Dendritic cells,0.09677419,0.090087704,0.22580644,0.2293204,0.29032257,0.3014337,0.38709676,0.3791582
3018,0.99268615,False,Fibroblasts,Fibroblasts,0.36666667,0.3688719,0.06666667,0.062011566,0.4,0.39002743,0.16666667,0.17908908
3687,0.99268186,False,Fibroblasts,Fibroblasts,0.06666667,0.06962031,0.23333333,0.22901894,0.36666667,0.35634476,0.33333334,0.345016
1142,0.99267966,False,Type 2 alveolar,Type 2 alveolar,0.2,0.2113822,0.36666667,0.35685167,0.2,0.19517429,0.23333333,0.23659183
1431,0.99267644,False,Dendritic cells,Dendritic cells,0.13333334,0.1397637,0.16666667,0.16383806,0.3,0.30821678,0.4,0.38818145
1919,0.9926729,False,Luminal_Macrophages,Luminal_Macrophages,0.33333334,0.3314363,0.33333334,0.32409078,0.06666667,0.06315205,0.26666668,0.2813209
3299,0.99267244,False,Dendritic cells,Dendritic cells,0.1,0.10933522,0.06666667,0.05873172,0.33333334,0.33865318,0.5,0.4932798
1990,0.9926698,False,Dendritic cells,Dendritic cells,0.19354838,0.1859762,0.32258064,0.3360022,0.12903225,0.130271,0.3548387,0.34775057
4557,0.99266917,False,Luminal_Macrophages,Luminal_Macrophages,0.4827586,0.47425956,0.1724138,0.16625118,0.2413793,0.2525195,0.10344828,0.10696982
4711,0.9926687,False,Fibroblasts,Fibroblasts,0.36666667,0.36951658,0.2,0.21181276,0.4,0.38573608,0.033333335,0.03293459
1505,0.9926678,False,Dendritic cells,Dendritic cells,0.36666667,0.37327328,0.033333335,0.04139117,0.1,0.09427297,0.5,0.49106258
4677,0.99266577,False,Luminal_Macrophages,Dendritic cells,0.3548387,0.34654182,0.2580645,0.272733,0.032258064,0.030362204,0.3548387,0.350363
942,0.99266297,False,Fibroblasts,Fibroblasts,0.1,0.098298535,0.26666668,0.28134072,0.46666667,0.4561979,0.16666667,0.16416286
3662,0.99266285,False,Luminal_Macrophages,Luminal_Macrophages,0.33333334,0.3285411,0.3,0.29846698,0.06666667,0.058317665,0.3,0.31467423
1135,0.9926609,False,Dendritic cells,Dendritic cells,0.22580644,0.22700706,0.2580645,0.27154213,0.12903225,0.12054196,0.38709676,0.38090885
653,0.9926606,False,Dendritic cells,Dendritic cells,0.16666667,0.16896486,0.3,0.3123806,0.16666667,0.15950815,0.36666667,0.3591464
833,0.9926556,False,Type 2 alveolar,Type 2 alveolar,0.1,0.10561722,0.4,0.38958174,0.3,0.30907172,0.2,0.19572939
1502,0.99265486,False,Dendritic cells,Dendritic cells,0.32258064,0.32789296,0.09677419,0.106152155,0.12903225,0.11890811,0.4516129,0.44704676
4456,0.99265456,False,Luminal_Macrophages,Luminal_Macrophages,0.4,0.4080268,0.1,0.09296938,0.36666667,0.35900646,0.13333334,0.13999735
3243,0.992654,False,Fibroblasts,Fibroblasts,0.033333335,0.03677439,0.26666668,0.27415526,0.56666666,0.5519747,0.13333334,0.13709563
4933,0.9926526,False,Type 2 alveolar,Dendritic cells,0.06666667,0.05929501,0.33333334,0.32601017,0.26666668,0.27640885,0.33333334,0.33828592
4714,0.9926519,False,Fibroblasts,Fibroblasts,0.26666668,0.27523088,0.16666667,0.15848988,0.3,0.29348052,0.26666668,0.2727987
1875,0.9926511,False,Luminal_Macrophages,Luminal_Macrophages,0.33333334,0.3421057,0.3,0.29060462,0.033333335,0.039258704,0.33333334,0.32803097
4439,0.99264777,False,Type 2 alveolar,Type 2 alveolar,0.33333334,0.33996,0.46666667,0.45196217,0.16666667,0.16813855,0.033333335,0.039939303
2490,0.99264663,False,Dendritic cells,Dendritic cells,0.1724138,0.17125079,0.1724138,0.17313978,0.27586207,0.28984278,0.37931034,0.36576664
4955,0.9926439,False,Fibroblasts,Fibroblasts,0.1,0.089180686,0.033333335,0.032925785,0.5,0.4965147,0.36666667,0.38137883
1030,0.9926436,False,Type 2 alveolar,Type 2 alveolar,0.33333334,0.34804612,0.46666667,0.45579302,0.13333334,0.13071911,0.06666667,0.06544172
3691,0.9926423,False,Luminal_Macrophages,Luminal_Macrophages,0.37931034,0.3878037,0.37931034,0.37085748,0.1724138,0.17863588,0.06896552,0.06270293
4942,0.9926412,False,Dendritic cells,Dendritic cells,0.033333335,0.034281105,0.033333335,0.03781093,0.26666668,0.25194913,0.6666667,0.6759589
1566,0.9926404,False,Fibroblasts,Fibroblasts,0.33333334,0.34696078,0.2,0.19838095,0.4,0.3868997,0.06666667,0.067758486
4120,0.99263954,False,Type 2 alveolar,Fibroblasts,0.26666668,0.2813875,0.3,0.2946251,0.3,0.29574844,0.13333334,0.1282389
1821,0.99263906,False,Type 2 alveolar,Type 2 alveolar,0.23333333,0.24357088,0.4,0.39201987,0.33333334,0.3265916,0.033333335,0.037817653
162,0.9926351,False,Dendritic cells,Dendritic cells,0.3,0.31070143,0.033333335,0.037361797,0.3,0.29710525,0.36666667,0.3548315
4123,0.9926343,False,Dendritic cells,Dendritic cells,0.27586207,0.28888127,0.06896552,0.07067777,0.31034482,0.30782312,0.3448276,0.33261782
1268,0.9926287,False,Fibroblasts,Fibroblasts,0.33333334,0.34584892,0.2,0.20222697,0.36666667,0.35346207,0.1,0.09846203
2447,0.9926285,False,Type 2 alveolar,Type 2 alveolar,0.13333334,0.13498071,0.33333334,0.31909752,0.26666668,0.26615945,0.26666668,0.27976227
1538,0.9926271,False,Type 2 alveolar,Type 2 alveolar,0.10344828,0.108381,0.44827586,0.45429853,0.37931034,0.38310084,0.06896552,0.054219633
510,0.9926248,False,Dendritic cells,Dendritic cells,0.09677419,0.11089188,0.3548387,0.35254413,0.09677419,0.08431842,0.4516129,0.45224556
967,0.99262387,False,Dendritic cells,Dendritic cells,0.032258064,0.042231902,0.12903225,0.116771765,0.22580644,0.23058482,0.61290324,0.61041147
1116,0.9926217,False,Dendritic cells,Dendritic cells,0.2,0.2084578,0.3,0.3062987,0.16666667,0.16434494,0.33333334,0.32089853
2703,0.9926202,False,Luminal_Macrophages,Luminal_Macrophages,0.43333334,0.4240543,0.13333334,0.1278529,0.26666668,0.2760542,0.16666667,0.17203863
2896,0.9926078,False,Luminal_Macrophages,Luminal_Macrophages,0.46666667,0.45282242,0.2,0.21037957,0.033333335,0.037738208,0.3,0.29905978
4926,0.99260557,False,Dendritic cells,Dendritic cells,0.1,0.10372582,0.23333333,0.23805754,0.3,0.30633882,0.36666667,0.35187787
2042,0.992605,False,Luminal_Macrophages,Type 2 alveolar,0.29032257,0.2958435,0.29032257,0.29959166,0.29032257,0.28401697,0.12903225,0.12054785
3459,0.9925987,False,Dendritic cells,Dendritic cells,0.20689656,0.21731697,0.2413793,0.2457615,0.2413793,0.23899922,0.31034482,0.2979223
436,0.9925986,False,Dendritic cells,Dendritic cells,0.33333334,0.33848187,0.06666667,0.07160839,0.23333333,0.23804593,0.36666667,0.35186383
3135,0.9925948,False,Luminal_Macrophages,Luminal_Macrophages,0.4,0.40678424,0.033333335,0.041359477,0.4,0.38548094,0.16666667,0.16637534
3899,0.99259007,False,Type 2 alveolar,Type 2 alveolar,0.09677419,0.09934277,0.41935483,0.40453506,0.2580645,0.26764262,0.22580644,0.2284796
1784,0.9925887,False,Dendritic cells,Dendritic cells,0.3,0.3021179,0.23333333,0.24603805,0.06666667,0.06297715,0.4,0.3888669
1073,0.992586,False,Type 2 alveolar,Type 2 alveolar,0.13333334,0.1431973,0.33333334,0.33829737,0.33333334,0.32014647,0.2,0.19835886
3787,0.99258435,False,Luminal_Macrophages,Luminal_Macrophages,0.5,0.4854286,0.23333333,0.24773808,0.033333335,0.033759903,0.23333333,0.2330734
4636,0.99258274,False,Type 2 alveolar,Type 2 alveolar,0.13793103,0.14469175,0.37931034,0.36601037,0.27586207,0.28393587,0.20689656,0.20536193
1898,0.99257797,False,Fibroblasts,Fibroblasts,0.2,0.2046129,0.2,0.20738071,0.56666666,0.55182254,0.033333335,0.036183815
2041,0.99257344,False,Fibroblasts,Fibroblasts,0.2580645,0.27168512,0.22580644,0.22469822,0.32258064,0.30883574,0.19354838,0.19478087
3408,0.9925725,False,Type 2 alveolar,Type 2 alveolar,0.13333334,0.14107685,0.36666667,0.37377825,0.36666667,0.35764742,0.13333334,0.12749754
922,0.992569,False,Type 2 alveolar,Type 2 alveolar,0.29032257,0.29970706,0.3548387,0.33997676,0.2580645,0.26256117,0.09677419,0.09775507
1902,0.99256814,False,Fibroblasts,Fibroblasts,0.16666667,0.17791699,0.16666667,0.15419291,0.6,0.6036134,0.06666667,0.06427674
4102,0.9925676,False,Dendritic cells,Dendritic cells,0.3,0.30788198,0.1,0.087007575,0.26666668,0.2736495,0.33333334,0.3314609
1334,0.9925666,False,Type 2 alveolar,Type 2 alveolar,0.06451613,0.072712734,0.3548387,0.3429581,0.2580645,0.26473466,0.32258064,0.31959444
2617,0.992564,False,Luminal_Macrophages,Luminal_Macrophages,0.37931034,0.38476884,0.06896552,0.06171479,0.2413793,0.25079277,0.31034482,0.3027236
160,0.99256253,False,Luminal_Macrophages,Luminal_Macrophages,0.3,0.31269288,0.13333334,0.122043096,0.3,0.2964152,0.26666668,0.26884875
2976,0.99256045,False,Luminal_Macrophages,Luminal_Macrophages,0.33333334,0.33632886,0.26666668,0.2785503,0.23333333,0.22538629,0.16666667,0.15973458
2045,0.9925594,False,Type 2 alveolar,Type 2 alveolar,0.06896552,0.061738368,0.41379312,0.40613902,0.1724138,0.18273912,0.3448276,0.3493835
2390,0.99255896,False,Type 2 alveolar,Type 2 alveolar,0.06666667,0.0711264,0.46666667,0.45178458,0.13333334,0.13712524,0.33333334,0.3399637
2906,0.992557,False,Fibroblasts,Fibroblasts,0.3548387,0.36972478,0.09677419,0.09273236,0.4516129,0.44096422,0.09677419,0.09657866
82,0.9925557,False,Fibroblasts,Fibroblasts,0.1,0.10228704,0.3,0.30725715,0.53333336,0.5386778,0.06666667,0.051777937
2263,0.99254894,False,Dendritic cells,Dendritic cells,0.13333334,0.14823546,0.23333333,0.22970381,0.3,0.29810095,0.33333334,0.32395983
230,0.99254596,False,Luminal_Macrophages,Luminal_Macrophages,0.41379312,0.39981148,0.3448276,0.3439011,0.20689656,0.21058331,0.03448276,0.04570411
4106,0.9925454,False,Type 2 alveolar,Type 2 alveolar,0.2413793,0.25628844,0.3448276,0.33688706,0.13793103,0.1336346,0.27586207,0.2731899
1453,0.99254197,False,Dendritic cells,Dendritic cells,0.1,0.09797295,0.16666667,0.16198146,0.3,0.31491607,0.43333334,0.4251295
107,0.9925419,False,Dendritic cells,Dendritic cells,0.32258064,0.33749688,0.16129032,0.16034248,0.12903225,0.12076394,0.38709676,0.38139668
2640,0.9925402,False,Luminal_Macrophages,Luminal_Macrophages,0.43333334,0.42402363,0.16666667,0.16525562,0.16666667,0.16246776,0.23333333,0.24825294
624,0.99253905,False,Luminal_Macrophages,Luminal_Macrophages,0.3548387,0.34753495,0.22580644,0.23565292,0.09677419,0.089156106,0.32258064,0.32765603
2278,0.9925364,False,Fibroblasts,Fibroblasts,0.31034482,0.32413664,0.03448276,0.035618138,0.3448276,0.33182028,0.31034482,0.30842498
4031,0.9925351,False,Type 2 alveolar,Type 2 alveolar,0.13333334,0.14444806,0.4,0.38507026,0.1,0.10121776,0.36666667,0.36926392
1127,0.99253124,False,Dendritic cells,Dendritic cells,0.26666668,0.28160417,0.26666668,0.26170287,0.13333334,0.12600705,0.33333334,0.33068594
1508,0.992531,False,Fibroblasts,Fibroblasts,0.1,0.1018192,0.06666667,0.059348468,0.43333334,0.4257135,0.4,0.4131188
3833,0.9925289,False,Luminal_Macrophages,Luminal_Macrophages,0.36666667,0.37541786,0.36666667,0.35992306,0.06666667,0.058468137,0.2,0.20619097
3365,0.992527,False,Dendritic cells,Dendritic cells,0.03448276,0.047499564,0.44827586,0.43627545,0.03448276,0.03153722,0.4827586,0.4846878
2653,0.9925231,False,Dendritic cells,Dendritic cells,0.16666667,0.15290374,0.23333333,0.24828719,0.033333335,0.032557257,0.56666666,0.5662518
4810,0.99251795,False,Fibroblasts,Fibroblasts,0.13333334,0.14101264,0.33333334,0.34061807,0.46666667,0.45634907,0.06666667,0.062020205
3464,0.99251664,False,Luminal_Macrophages,Luminal_Macrophages,0.36666667,0.36459264,0.13333334,0.12044059,0.26666668,0.27415934,0.23333333,0.24080744
3539,0.9925157,False,Luminal_Macrophages,Luminal_Macrophages,0.3448276,0.35168067,0.27586207,0.28397772,0.2413793,0.23541616,0.13793103,0.12892552
3232,0.9925112,False,Dendritic cells,Dendritic cells,0.09677419,0.11175178,0.3548387,0.34492898,0.09677419,0.09644784,0.4516129,0.44687143
2620,0.99250925,False,Dendritic cells,Dendritic cells,0.2580645,0.27304602,0.19354838,0.18499996,0.2580645,0.25467888,0.29032257,0.28727517
2302,0.99250376,False,Dendritic cells,Dendritic cells,0.23333333,0.24832591,0.16666667,0.16500185,0.1,0.09180692,0.5,0.49486542
1620,0.992501,False,Luminal_Macrophages,Luminal_Macrophages,0.36666667,0.35491952,0.16666667,0.16401993,0.16666667,0.16606262,0.3,0.3149979
2334,0.99250096,False,Type 2 alveolar,Type 2 alveolar,0.06451613,0.060153227,0.58064514,0.5770873,0.29032257,0.30532065,0.06451613,0.057438888
777,0.99249864,False,Fibroblasts,Fibroblasts,0.2,0.20038353,0.23333333,0.22700875,0.3,0.2913218,0.26666668,0.28128594
2146,0.9924968,False,Type 2 alveolar,Type 2 alveolar,0.2,0.20648775,0.4,0.39159936,0.26666668,0.27518535,0.13333334,0.12672761
4652,0.9924967,False,Fibroblasts,Fibroblasts,0.03448276,0.0427769,0.2413793,0.24809165,0.37931034,0.3672146,0.3448276,0.34191686
471,0.99249524,False,Fibroblasts,Fibroblasts,0.3,0.31294772,0.13333334,0.1270287,0.33333334,0.32462844,0.23333333,0.2353951
4950,0.9924946,False,Type 2 alveolar,Type 2 alveolar,0.36666667,0.37677315,0.4,0.3904075,0.06666667,0.06124836,0.16666667,0.171571
2114,0.9924928,False,Dendritic cells,Dendritic cells,0.26666668,0.28090385,0.2,0.18700145,0.23333333,0.23131748,0.3,0.30077723
2988,0.9924927,False,Type 2 alveolar,Type 2 alveolar,0.06666667,0.0730653,0.36666667,0.3532112,0.26666668,0.27528265,0.3,0.2984409
912,0.99249196,False,Dendritic cells,Dendritic cells,0.29032257,0.30301675,0.16129032,0.1636122,0.22580644,0.22097372,0.32258064,0.3123973
1252,0.9924899,False,Type 2 alveolar,Type 2 alveolar,0.26666668,0.28159964,0.33333334,0.32335606,0.3,0.2949571,0.1,0.100087255
2775,0.99248785,False,Type 2 alveolar,Type 2 alveolar,0.26666668,0.2709252,0.33333334,0.32170492,0.13333334,0.12993743,0.26666668,0.2774324
3883,0.99248433,False,Type 2 alveolar,Type 2 alveolar,0.16129032,0.16662188,0.38709676,0.37539086,0.12903225,0.12570678,0.32258064,0.33228046
3664,0.9924817,False,Luminal_Macrophages,Luminal_Macrophages,0.46666667,0.45643267,0.16666667,0.17166016,0.23333333,0.24337646,0.13333334,0.12853074
4537,0.99248165,False,Type 2 alveolar,Type 2 alveolar,0.29032257,0.30459446,0.3548387,0.34156767,0.22580644,0.2265713,0.12903225,0.12726659
4688,0.9924804,False,Luminal_Macrophages,Luminal_Macrophages,0.5,0.49527037,0.16666667,0.15635714,0.23333333,0.24743742,0.1,0.1009351
3188,0.9924801,False,Fibroblasts,Fibroblasts,0.2580645,0.25793234,0.29032257,0.30536234,0.3548387,0.34374875,0.09677419,0.09295652
4596,0.99247795,False,Fibroblasts,Dendritic cells,0.23333333,0.24464995,0.033333335,0.03560483,0.36666667,0.35162255,0.36666667,0.36812267
2821,0.99247724,False,Type 2 alveolar,Type 2 alveolar,0.1,0.108023316,0.36666667,0.35162112,0.3,0.3011637,0.23333333,0.23919192
2560,0.99247575,False,Type 2 alveolar,Type 2 alveolar,0.26666668,0.27890483,0.3,0.30281028,0.3,0.29054692,0.13333334,0.12773794
2240,0.99247044,False,Fibroblasts,Fibroblasts,0.20689656,0.20604092,0.27586207,0.27135018,0.31034482,0.30065328,0.20689656,0.22195564
1246,0.9924698,False,Luminal_Macrophages,Luminal_Macrophages,0.7419355,0.7512663,0.06451613,0.0580357,0.06451613,0.05593605,0.12903225,0.13476186
4126,0.99246204,False,Type 2 alveolar,Type 2 alveolar,0.2,0.21353279,0.56666666,0.5563177,0.13333334,0.13487653,0.1,0.095272996
1803,0.99246055,False,Fibroblasts,Fibroblasts,0.16666667,0.17814453,0.033333335,0.03256588,0.43333334,0.41902184,0.36666667,0.37026772
3016,0.9924596,False,Luminal_Macrophages,Luminal_Macrophages,0.46666667,0.4625674,0.33333334,0.34841406,0.06666667,0.055917345,0.13333334,0.13310109
3641,0.9924573,False,Dendritic cells,Dendritic cells,0.31034482,0.32033363,0.10344828,0.1085449,0.06896552,0.06683084,0.51724136,0.50429064
2233,0.9924546,False,Dendritic cells,Dendritic cells,0.19354838,0.20130733,0.2580645,0.26532552,0.22580644,0.22587736,0.32258064,0.30748984
1040,0.9924525,False,Type 2 alveolar,Type 2 alveolar,0.13333334,0.14385198,0.36666667,0.35443833,0.26666668,0.27124307,0.23333333,0.23046662
4528,0.9924499,False,Fibroblasts,Fibroblasts,0.23333333,0.2426095,0.3,0.305824,0.33333334,0.32153758,0.13333334,0.1300289
1738,0.99244875,False,Dendritic cells,Dendritic cells,0.23333333,0.24675964,0.16666667,0.16834289,0.26666668,0.2666638,0.33333334,0.31823373
3727,0.9924463,False,Fibroblasts,Fibroblasts,0.2,0.20388842,0.23333333,0.23873508,0.33333334,0.31822592,0.23333333,0.23915063
2943,0.9924434,False,Type 2 alveolar,Type 2 alveolar,0.23333333,0.24844651,0.3,0.29552585,0.26666668,0.26327634,0.2,0.1927513
446,0.99244124,False,Luminal_Macrophages,Luminal_Macrophages,0.43333334,0.428472,0.33333334,0.3484509,0.13333334,0.12996294,0.1,0.09311418
385,0.99244046,False,Type 2 alveolar,Type 2 alveolar,0.1,0.10138337,0.46666667,0.4558193,0.26666668,0.28040242,0.16666667,0.1623949
4869,0.9924398,False,Type 2 alveolar,Type 2 alveolar,0.22580644,0.23089847,0.32258064,0.3167553,0.19354838,0.18425332,0.2580645,0.26809284
4189,0.99243695,False,Type 2 alveolar,Type 2 alveolar,0.06666667,0.07339702,0.4,0.3848739,0.3,0.30455166,0.23333333,0.23717746
2411,0.9924342,False,Dendritic cells,Dendritic cells,0.32258064,0.33617917,0.06451613,0.06604923,0.12903225,0.12254618,0.48387095,0.47522548
479,0.99243385,False,Type 2 alveolar,Type 2 alveolar,0.1,0.10323837,0.5,0.49270788,0.3,0.31189394,0.1,0.09215974
1353,0.9924338,False,Type 2 alveolar,Type 2 alveolar,0.12903225,0.12826157,0.38709676,0.37273502,0.16129032,0.16543226,0.32258064,0.33357114
1221,0.9924297,False,Dendritic cells,Dendritic cells,0.13793103,0.13995774,0.27586207,0.288976,0.2413793,0.23695602,0.3448276,0.3341102
2304,0.99242514,False,Luminal_Macrophages,Luminal_Macrophages,0.41935483,0.41135958,0.2580645,0.26633438,0.12903225,0.1218778,0.19354838,0.20042829
2842,0.9924225,False,Dendritic cells,Dendritic cells,0.19354838,0.2029553,0.19354838,0.19637834,0.29032257,0.29324073,0.32258064,0.30742565
582,0.99242234,False,Luminal_Macrophages,Luminal_Macrophages,0.36666667,0.36941496,0.36666667,0.35514292,0.06666667,0.063035086,0.2,0.21240707
4226,0.9924196,False,Luminal_Macrophages,Luminal_Macrophages,0.33333334,0.3389452,0.3,0.30954888,0.16666667,0.16345909,0.2,0.1880468
1973,0.9924178,False,Dendritic cells,Dendritic cells,0.06666667,0.063940205,0.033333335,0.029433796,0.033333335,0.024794973,0.8666667,0.8818311
4833,0.9924161,False,Dendritic cells,Dendritic cells,0.26666668,0.2625752,0.16666667,0.17959926,0.2,0.20223519,0.36666667,0.3555903
2185,0.9924087,False,Type 2 alveolar,Type 2 alveolar,0.33333334,0.34349954,0.4,0.387328,0.16666667,0.16415602,0.1,0.105016455
4224,0.9924085,False,Fibroblasts,Fibroblasts,0.06896552,0.060746934,0.13793103,0.1309667,0.5862069,0.5922128,0.20689656,0.21607362
3195,0.9924082,False,Fibroblasts,Fibroblasts,0.16666667,0.17369229,0.33333334,0.3414913,0.36666667,0.35659647,0.13333334,0.12822
935,0.99240685,False,Luminal_Macrophages,Luminal_Macrophages,0.6666667,0.6731839,0.1,0.08929152,0.1,0.09552214,0.13333334,0.14200243
743,0.9924066,False,Type 2 alveolar,Type 2 alveolar,0.3,0.3151868,0.33333334,0.3277946,0.2,0.19819628,0.16666667,0.15882233
465,0.99240595,False,Luminal_Macrophages,Luminal_Macrophages,0.4,0.41509563,0.13333334,0.13342576,0.1,0.09455632,0.36666667,0.35692224
2776,0.99240464,False,Fibroblasts,Dendritic cells,0.06451613,0.07830386,0.29032257,0.29172564,0.32258064,0.31369504,0.32258064,0.3162755
496,0.9924023,False,Luminal_Macrophages,Luminal_Macrophages,0.46666667,0.463768,0.43333334,0.42941198,0.06666667,0.058291327,0.033333335,0.04852869
194,0.99240196,False,Dendritic cells,Dendritic cells,0.23333333,0.24852943,0.23333333,0.23297974,0.16666667,0.16184053,0.36666667,0.35665026
4477,0.9923981,False,Fibroblasts,Fibroblasts,0.13333334,0.14056143,0.23333333,0.23159982,0.46666667,0.45319635,0.16666667,0.17464241
1741,0.99239737,False,Fibroblasts,Fibroblasts,0.26666668,0.27990013,0.26666668,0.26863846,0.3,0.29290587,0.16666667,0.15855555
749,0.99239737,False,Luminal_Macrophages,Luminal_Macrophages,0.33333334,0.32187426,0.26666668,0.28146607,0.2,0.1962538,0.2,0.20040587
1048,0.9923966,False,Luminal_Macrophages,Luminal_Macrophages,0.43333334,0.4485402,0.43333334,0.42720145,0.033333335,0.032823194,0.1,0.09143516
3979,0.9923965,False,Fibroblasts,Fibroblasts,0.13793103,0.14588064,0.20689656,0.19971639,0.55172414,0.5436972,0.10344828,0.11070574
3603,0.992394,False,Type 2 alveolar,Type 2 alveolar,0.29032257,0.29876754,0.3548387,0.34443137,0.06451613,0.059711438,0.29032257,0.29708973
4578,0.9923889,False,Fibroblasts,Fibroblasts,0.16666667,0.16545522,0.26666668,0.2771315,0.33333334,0.31932253,0.23333333,0.23809074
243,0.9923889,False,Type 2 alveolar,Type 2 alveolar,0.13793103,0.13763079,0.3448276,0.3315258,0.2413793,0.2397592,0.27586207,0.29108423
1199,0.9923886,False,Type 2 alveolar,Type 2 alveolar,0.1,0.099301696,0.56666666,0.5521422,0.033333335,0.033360604,0.3,0.3151955
1503,0.992384,False,Type 2 alveolar,Type 2 alveolar,0.16666667,0.16902553,0.36666667,0.35299775,0.2,0.1984369,0.26666668,0.27953982
1413,0.9923784,False,Type 2 alveolar,Type 2 alveolar,0.03448276,0.04972595,0.62068963,0.6136753,0.13793103,0.13463266,0.20689656,0.20196612
3697,0.9923769,False,Dendritic cells,Dendritic cells,0.13793103,0.12618372,0.10344828,0.101137415,0.2413793,0.2566255,0.51724136,0.5160534
4619,0.99237245,False,Type 2 alveolar,Type 2 alveolar,0.06896552,0.07819913,0.62068963,0.6139501,0.10344828,0.09493277,0.20689656,0.21291803
929,0.9923667,False,Fibroblasts,Fibroblasts,0.16666667,0.17249438,0.3,0.2972064,0.33333334,0.32086033,0.2,0.20943889
3628,0.9923662,False,Fibroblasts,Fibroblasts,0.1724138,0.17064591,0.31034482,0.32561243,0.4827586,0.47039983,0.03448276,0.033341814
4580,0.99236494,False,Type 2 alveolar,Type 2 alveolar,0.22580644,0.22816573,0.3548387,0.34254488,0.2580645,0.2709754,0.16129032,0.15831399
1313,0.9923635,False,Fibroblasts,Fibroblasts,0.1,0.09482849,0.2,0.20956308,0.5,0.48989847,0.2,0.20570989
2689,0.99236345,False,Luminal_Macrophages,Luminal_Macrophages,0.38709676,0.37182373,0.32258064,0.32624152,0.22580644,0.23663123,0.06451613,0.065303534
754,0.9923599,False,Type 2 alveolar,Type 2 alveolar,0.1,0.11273312,0.43333334,0.41805303,0.23333333,0.23498754,0.23333333,0.23422632
1439,0.99235654,False,Dendritic cells,Dendritic cells,0.16666667,0.16808768,0.06666667,0.051379677,0.3,0.31297687,0.46666667,0.46755573
523,0.99235624,False,Luminal_Macrophages,Luminal_Macrophages,0.4516129,0.44909024,0.12903225,0.11626744,0.22580644,0.23596221,0.19354838,0.19868012
780,0.992356,False,Luminal_Macrophages,Luminal_Macrophages,0.32258064,0.33000058,0.19354838,0.20141646,0.16129032,0.15041848,0.32258064,0.31816453
4593,0.9923558,False,Luminal_Macrophages,Luminal_Macrophages,0.33333334,0.34473372,0.3,0.29591906,0.033333335,0.037221257,0.33333334,0.3221259
2021,0.9923536,False,Type 2 alveolar,Type 2 alveolar,0.1,0.10150851,0.46666667,0.45445064,0.26666668,0.28045088,0.16666667,0.16358995
4945,0.9923522,False,Type 2 alveolar,Type 2 alveolar,0.06666667,0.06205245,0.5,0.4893186,0.23333333,0.2414669,0.2,0.20716202
3785,0.99234945,False,Fibroblasts,Dendritic cells,0.3,0.31289077,0.033333335,0.035743695,0.33333334,0.32429543,0.33333334,0.32707012
4920,0.9923472,False,Type 2 alveolar,Type 2 alveolar,0.16666667,0.17199144,0.43333334,0.4180277,0.033333335,0.03874331,0.36666667,0.37123758
2471,0.99234366,False,Dendritic cells,Dendritic cells,0.03448276,0.0425534,0.06896552,0.054744698,0.31034482,0.30925295,0.5862069,0.593449
2936,0.9923384,False,Dendritic cells,Dendritic cells,0.13333334,0.14081013,0.3,0.3014038,0.23333333,0.23977588,0.33333334,0.31801015
2870,0.99233776,False,Type 2 alveolar,Type 2 alveolar,0.2,0.2107364,0.36666667,0.35897684,0.26666668,0.27125484,0.16666667,0.159032
4402,0.9923368,False,Fibroblasts,Fibroblasts,0.06666667,0.06467682,0.3,0.30457798,0.33333334,0.3199968,0.3,0.3107484
1517,0.9923361,False,Dendritic cells,Dendritic cells,0.13333334,0.14448331,0.23333333,0.23429155,0.23333333,0.236553,0.4,0.38467216
657,0.9923357,False,Dendritic cells,Dendritic cells,0.13333334,0.14509739,0.13333334,0.12685642,0.33333334,0.33689797,0.4,0.39114827
376,0.9923353,False,Dendritic cells,Dendritic cells,0.2413793,0.25196138,0.20689656,0.21154438,0.20689656,0.206996,0.3448276,0.32949823
2654,0.9923351,False,Luminal_Macrophages,Luminal_Macrophages,0.41935483,0.43057132,0.032258064,0.03434326,0.41935483,0.40402505,0.12903225,0.13106039
2559,0.9923344,False,Type 2 alveolar,Type 2 alveolar,0.22580644,0.2293818,0.32258064,0.3343365,0.32258064,0.3143292,0.12903225,0.12195248
3086,0.9923286,False,Luminal_Macrophages,Luminal_Macrophages,0.4,0.38740766,0.26666668,0.2771798,0.2,0.19724943,0.13333334,0.138163
2127,0.9923275,False,Type 2 alveolar,Dendritic cells,0.27586207,0.2872413,0.3448276,0.32948264,0.03448276,0.035422754,0.3448276,0.3478533
981,0.9923269,False,Type 2 alveolar,Type 2 alveolar,0.032258064,0.04292709,0.38709676,0.37175062,0.2580645,0.2622192,0.32258064,0.3231031
13,0.9923261,False,Fibroblasts,Fibroblasts,0.2413793,0.2502797,0.2413793,0.24746543,0.3448276,0.3294797,0.1724138,0.17277515
4601,0.99232376,False,Type 2 alveolar,Type 2 alveolar,0.2,0.20982514,0.33333334,0.33237284,0.33333334,0.31894135,0.13333334,0.1388607
3442,0.9923234,False,Type 2 alveolar,Type 2 alveolar,0.13333334,0.14486839,0.33333334,0.31908187,0.23333333,0.2371514,0.3,0.2988983
2645,0.9923204,False,Type 2 alveolar,Type 2 alveolar,0.36666667,0.3656384,0.4,0.38566914,0.2,0.20223908,0.033333335,0.04645337
1372,0.99231887,False,Fibroblasts,Fibroblasts,0.13793103,0.13373014,0.06896552,0.06420694,0.41379312,0.4073904,0.37931034,0.3946726
783,0.99231845,False,Fibroblasts,Fibroblasts,0.06666667,0.055035476,0.23333333,0.24199584,0.6666667,0.6733673,0.033333335,0.029601414
693,0.99231577,False,Dendritic cells,Dendritic cells,0.33333334,0.34770325,0.13333334,0.1343319,0.16666667,0.16379869,0.36666667,0.35416618
1273,0.9923151,False,Fibroblasts,Dendritic cells,0.13333334,0.13723487,0.06666667,0.052794017,0.4,0.39850286,0.4,0.41146824
2373,0.99231464,False,Fibroblasts,Fibroblasts,0.23333333,0.23431347,0.1,0.10022761,0.56666666,0.55129594,0.1,0.114163026
4114,0.9923146,False,Luminal_Macrophages,Luminal_Macrophages,0.4,0.38530102,0.13333334,0.13266143,0.3,0.30424002,0.16666667,0.17779754
1150,0.9923131,False,Dendritic cells,Dendritic cells,0.13793103,0.15051055,0.27586207,0.27865642,0.27586207,0.27448627,0.31034482,0.29634675
1327,0.99230826,False,Fibroblasts,Fibroblasts,0.033333335,0.041655015,0.3,0.30706176,0.36666667,0.352782,0.3,0.29850116
3233,0.99230826,False,Fibroblasts,Fibroblasts,0.26666668,0.27792162,0.3,0.30317706,0.33333334,0.31794977,0.1,0.100951515
3599,0.9923077,False,Dendritic cells,Dendritic cells,0.13333334,0.13621368,0.2,0.20139869,0.26666668,0.2777722,0.4,0.3846155
1635,0.9923046,False,Fibroblasts,Fibroblasts,0.13793103,0.14315142,0.2413793,0.25154972,0.55172414,0.5443757,0.06896552,0.060923148
3762,0.9923033,False,Type 2 alveolar,Type 2 alveolar,0.20689656,0.2069594,0.41379312,0.39839968,0.27586207,0.28724942,0.10344828,0.107391514
2533,0.992301,False,Fibroblasts,Fibroblasts,0.16129032,0.16896051,0.12903225,0.11605142,0.5483871,0.5459699,0.16129032,0.16901824
4944,0.99230033,False,Dendritic cells,Dendritic cells,0.2,0.2149012,0.2,0.19410883,0.16666667,0.16716482,0.43333334,0.42382517
3511,0.9922977,False,Type 2 alveolar,Type 2 alveolar,0.06666667,0.05889095,0.36666667,0.3590378,0.23333333,0.2411891,0.33333334,0.34088212
3189,0.9922922,False,Luminal_Macrophages,Luminal_Macrophages,0.36666667,0.35504496,0.23333333,0.23411857,0.13333334,0.12953947,0.26666668,0.281297
8,0.99229115,False,Luminal_Macrophages,Luminal_Macrophages,0.33333334,0.32920012,0.33333334,0.32204884,0.033333335,0.037729487,0.3,0.3110216
2838,0.9922905,False,Fibroblasts,Fibroblasts,0.12903225,0.13408485,0.32258064,0.32921508,0.3548387,0.33941978,0.19354838,0.19728032
4635,0.9922901,False,Dendritic cells,Dendritic cells,0.3,0.31301194,0.13333334,0.12691039,0.23333333,0.23574127,0.33333334,0.3243364
2061,0.9922895,False,Luminal_Macrophages,Luminal_Macrophages,0.43333334,0.42191446,0.1,0.09599778,0.06666667,0.06806972,0.4,0.414018
330,0.9922879,False,Fibroblasts,Fibroblasts,0.1,0.09670127,0.13333334,0.12732019,0.4,0.39388758,0.36666667,0.3820909
399,0.99228776,False,Dendritic cells,Dendritic cells,0.1,0.09688848,0.3,0.31542456,0.16666667,0.16237989,0.43333334,0.42530712
3001,0.99228656,False,Luminal_Macrophages,Luminal_Macrophages,0.33333334,0.34212103,0.2,0.1888714,0.2,0.19570176,0.26666668,0.27330586
81,0.99228585,False,Type 2 alveolar,Dendritic cells,0.3,0.31450826,0.33333334,0.32310086,0.033333335,0.034253336,0.33333334,0.32813752
4155,0.9922855,False,Luminal_Macrophages,Luminal_Macrophages,0.44827586,0.46370488,0.03448276,0.032569952,0.37931034,0.37102568,0.13793103,0.13269942
2844,0.9922846,False,Dendritic cells,Dendritic cells,0.26666668,0.27888215,0.16666667,0.15986486,0.23333333,0.23654866,0.33333334,0.32470432
726,0.99227935,False,Dendritic cells,Dendritic cells,0.13793103,0.14980872,0.31034482,0.31390843,0.06896552,0.060939223,0.4827586,0.47534359
2177,0.99227434,False,Luminal_Macrophages,Luminal_Macrophages,0.4,0.40986338,0.16666667,0.16611752,0.033333335,0.038921293,0.4,0.38509783
588,0.9922712,False,Luminal_Macrophages,Luminal_Macrophages,0.3548387,0.3432687,0.12903225,0.12514463,0.22580644,0.22875741,0.29032257,0.3028293
4548,0.9922696,False,Luminal_Macrophages,Luminal_Macrophages,0.3448276,0.3458161,0.13793103,0.122470155,0.2413793,0.24581301,0.27586207,0.2859007
1633,0.99226815,False,Dendritic cells,Dendritic cells,0.16129032,0.17675407,0.2580645,0.25749594,0.19354838,0.19275843,0.38709676,0.37299153
869,0.9922675,False,Type 2 alveolar,Type 2 alveolar,0.22580644,0.24127153,0.32258064,0.32221922,0.32258064,0.31239885,0.12903225,0.124110386
4026,0.9922622,False,Luminal_Macrophages,Type 2 alveolar,0.32258064,0.32980892,0.32258064,0.33082798,0.16129032,0.15039755,0.19354838,0.18896551
630,0.99226165,False,Dendritic cells,Dendritic cells,0.26666668,0.28214332,0.2,0.1931798,0.23333333,0.22678345,0.3,0.29789343
2542,0.99225885,False,Type 2 alveolar,Type 2 alveolar,0.3,0.30365175,0.33333334,0.33112916,0.33333334,0.32005513,0.033333335,0.045163922
438,0.9922582,False,Luminal_Macrophages,Luminal_Macrophages,0.5,0.49125266,0.26666668,0.28215033,0.06666667,0.0599513,0.16666667,0.16664569
2135,0.9922501,False,Dendritic cells,Dendritic cells,0.06666667,0.05407325,0.033333335,0.03605322,0.4,0.39709362,0.5,0.5127799
327,0.9922484,False,Type 2 alveolar,Dendritic cells,0.22580644,0.23704556,0.2580645,0.24843176,0.2580645,0.25219408,0.2580645,0.26232862
4804,0.9922478,False,Luminal_Macrophages,Luminal_Macrophages,0.4,0.39831093,0.13333334,0.12735584,0.13333334,0.12549551,0.33333334,0.34883773
798,0.99224776,False,Luminal_Macrophages,Luminal_Macrophages,0.3548387,0.35953915,0.09677419,0.0886038,0.22580644,0.23661053,0.32258064,0.3152465
2626,0.99224776,False,Dendritic cells,Dendritic cells,0.23333333,0.24883783,0.3,0.29337677,0.033333335,0.03315836,0.43333334,0.42462707
1652,0.99223983,False,Fibroblasts,Dendritic cells,0.2,0.20677875,0.13333334,0.12055339,0.33333334,0.33059287,0.33333334,0.34207496
2643,0.9922362,False,Dendritic cells,Dendritic cells,0.2,0.21218261,0.2,0.20334505,0.2,0.1967272,0.4,0.38774514
2290,0.99223256,False,Dendritic cells,Dendritic cells,0.36666667,0.38220155,0.06666667,0.064258106,0.06666667,0.062749065,0.5,0.49079126
4315,0.9922251,False,Type 2 alveolar,Type 2 alveolar,0.2,0.21192668,0.33333334,0.33016154,0.16666667,0.15428868,0.3,0.3036231
2651,0.992223,False,Fibroblasts,Fibroblasts,0.2,0.19614515,0.26666668,0.2623068,0.3,0.29266077,0.23333333,0.24888727
4958,0.99222004,False,Dendritic cells,Dendritic cells,0.2,0.21018966,0.2,0.19298844,0.23333333,0.23870355,0.36666667,0.35811833
1080,0.9922197,False,Luminal_Macrophages,Luminal_Macrophages,0.3,0.3103978,0.3,0.30516276,0.23333333,0.23225649,0.16666667,0.15218292
2039,0.99221915,False,Dendritic cells,Dendritic cells,0.32258064,0.33814237,0.12903225,0.117603086,0.19354838,0.19236346,0.3548387,0.35189113
914,0.9922184,False,Fibroblasts,Fibroblasts,0.1724138,0.17544428,0.10344828,0.08970904,0.7241379,0.7223139,0.0,0.0125328
4538,0.99221575,False,Type 2 alveolar,Type 2 alveolar,0.26666668,0.27304137,0.3,0.29439992,0.16666667,0.15669818,0.26666668,0.2758605
4691,0.992213,False,Luminal_Macrophages,Luminal_Macrophages,0.51724136,0.5178941,0.31034482,0.31925446,0.10344828,0.087874286,0.06896552,0.07497718
3158,0.99219936,False,Dendritic cells,Dendritic cells,0.1,0.100349344,0.26666668,0.28191856,0.3,0.29574198,0.33333334,0.32199007
3643,0.99219865,False,Luminal_Macrophages,Luminal_Macrophages,0.33333334,0.32716843,0.3,0.29624066,0.06666667,0.060988203,0.3,0.3156027
1536,0.9921965,False,Type 2 alveolar,Type 2 alveolar,0.33333334,0.3432128,0.43333334,0.41886163,0.13333334,0.13219805,0.1,0.105727546
4312,0.99219596,False,Dendritic cells,Dendritic cells,0.26666668,0.2802307,0.26666668,0.26871073,0.16666667,0.15829214,0.3,0.29276642
1662,0.99219537,False,Fibroblasts,Dendritic cells,0.3,0.31240842,0.033333335,0.036534123,0.33333334,0.32366413,0.33333334,0.32739326
4948,0.99219275,False,Fibroblasts,Fibroblasts,0.12903225,0.13827042,0.06451613,0.048901584,0.4516129,0.45464614,0.3548387,0.35818183
3983,0.9921915,False,Luminal_Macrophages,Luminal_Macrophages,0.36666667,0.37551537,0.36666667,0.37343493,0.13333334,0.12592298,0.13333334,0.12512669
3412,0.99219006,False,Dendritic cells,Dendritic cells,0.033333335,0.036666315,0.2,0.21228684,0.16666667,0.15520333,0.6,0.5958435
429,0.9921881,False,Type 2 alveolar,Type 2 alveolar,0.033333335,0.03950218,0.53333336,0.52299404,0.3,0.30945495,0.13333334,0.12804888
3584,0.99218684,False,Luminal_Macrophages,Luminal_Macrophages,0.56666666,0.5690951,0.1,0.084373616,0.3,0.30992156,0.033333335,0.036609713
1900,0.9921867,False,Dendritic cells,Dendritic cells,0.26666668,0.28229314,0.1,0.09855577,0.13333334,0.12063859,0.5,0.49851242
1408,0.9921844,False,Luminal_Macrophages,Luminal_Macrophages,0.44827586,0.43264467,0.1724138,0.17611541,0.1724138,0.17369738,0.20689656,0.21754253
2957,0.99217963,False,Type 2 alveolar,Type 2 alveolar,0.16666667,0.1823074,0.33333334,0.3280216,0.3,0.2991115,0.2,0.19055952
135,0.9921794,False,Type 2 alveolar,Type 2 alveolar,0.37931034,0.3766252,0.41379312,0.400837,0.1724138,0.177507,0.03448276,0.04503082
677,0.99217707,False,Dendritic cells,Dendritic cells,0.06666667,0.07031732,0.26666668,0.2786619,0.16666667,0.16445468,0.5,0.48656607
2215,0.9921755,False,Luminal_Macrophages,Luminal_Macrophages,0.43333334,0.42178014,0.26666668,0.2798139,0.16666667,0.16257092,0.13333334,0.13583507
1668,0.992172,False,Type 2 alveolar,Type 2 alveolar,0.26666668,0.2823227,0.33333334,0.32676685,0.23333333,0.23270062,0.16666667,0.15820982
440,0.9921719,False,Luminal_Macrophages,Luminal_Macrophages,0.6,0.58553886,0.23333333,0.23812096,0.13333334,0.13213833,0.033333335,0.044201884
2909,0.99217147,False,Dendritic cells,Dendritic cells,0.033333335,0.03763777,0.26666668,0.27801925,0.13333334,0.1183424,0.56666666,0.5660005
3840,0.99216616,False,Dendritic cells,Dendritic cells,0.2,0.21506558,0.033333335,0.033935487,0.36666667,0.36137426,0.4,0.38962474
4721,0.9921651,False,Luminal_Macrophages,Luminal_Macrophages,0.32258064,0.33489317,0.09677419,0.08889348,0.2580645,0.2614218,0.32258064,0.3147915
2198,0.9921646,False,Fibroblasts,Fibroblasts,0.033333335,0.038413826,0.33333334,0.34392357,0.46666667,0.45268252,0.16666667,0.1649801
3303,0.99216396,False,Fibroblasts,Dendritic cells,0.26666668,0.28198487,0.13333334,0.123877555,0.3,0.29378372,0.3,0.30035388
4262,0.9921596,False,Dendritic cells,Dendritic cells,0.033333335,0.033915844,0.3,0.31509832,0.16666667,0.1578631,0.5,0.49312282
3852,0.99215776,False,Dendritic cells,Dendritic cells,0.36666667,0.3823511,0.13333334,0.12845948,0.1,0.094298854,0.4,0.39489055
2431,0.9921563,False,Fibroblasts,Fibroblasts,0.26666668,0.26625705,0.1,0.095444016,0.6333333,0.6226116,0.0,0.015687346
2681,0.992156,False,Dendritic cells,Dendritic cells,0.32258064,0.3363382,0.09677419,0.09192574,0.22580644,0.22773688,0.3548387,0.34399915
374,0.99214804,False,Fibroblasts,Fibroblasts,0.10344828,0.098671615,0.13793103,0.141486,0.41379312,0.40286586,0.3448276,0.3569765
3831,0.99214756,False,Dendritic cells,Dendritic cells,0.2,0.21198583,0.1,0.09278846,0.06666667,0.058173273,0.6333333,0.6370524
825,0.9921461,False,Dendritic cells,Dendritic cells,0.09677419,0.102673106,0.32258064,0.3323896,0.16129032,0.15558104,0.41935483,0.40935627
4479,0.9921443,False,Luminal_Macrophages,Luminal_Macrophages,0.4,0.38428855,0.033333335,0.04073805,0.26666668,0.27241263,0.3,0.30256078
4445,0.9921429,False,Fibroblasts,Fibroblasts,0.16666667,0.17304167,0.3,0.30754796,0.4,0.38428584,0.13333334,0.13512453
1369,0.9921403,False,Luminal_Macrophages,Luminal_Macrophages,0.56666666,0.5597444,0.26666668,0.28238612,0.1,0.09343618,0.06666667,0.064433284
926,0.9921378,False,Luminal_Macrophages,Luminal_Macrophages,0.53333336,0.546117,0.06666667,0.06396352,0.033333335,0.03627417,0.36666667,0.35364535
594,0.9921351,False,Type 2 alveolar,Type 2 alveolar,0.03448276,0.036507018,0.3448276,0.34043643,0.3448276,0.33348903,0.27586207,0.28956756
4209,0.9921348,False,Luminal_Macrophages,Luminal_Macrophages,0.33333334,0.32372183,0.3,0.30976698,0.3,0.29388112,0.06666667,0.07263006
3091,0.99213433,False,Fibroblasts,Fibroblasts,0.26666668,0.27873403,0.16666667,0.16928488,0.5,0.48426864,0.06666667,0.06771245
1660,0.9921332,False,Luminal_Macrophages,Luminal_Macrophages,0.73333335,0.71759975,0.23333333,0.23531388,0.0,0.011140008,0.033333335,0.03594637
1137,0.99212945,False,Luminal_Macrophages,Luminal_Macrophages,0.5,0.5045567,0.033333335,0.04451768,0.4,0.395064,0.06666667,0.05586164
4483,0.9921292,False,Type 2 alveolar,Type 2 alveolar,0.2,0.20925048,0.36666667,0.35772437,0.1,0.09320069,0.33333334,0.3398244
3698,0.9921255,False,Dendritic cells,Dendritic cells,0.23333333,0.23927622,0.13333334,0.1303461,0.23333333,0.24313939,0.4,0.3872382
3006,0.9921243,False,Type 2 alveolar,Type 2 alveolar,0.38709676,0.3914926,0.41935483,0.4036034,0.032258064,0.034131568,0.16129032,0.17077237
3318,0.99211997,False,Dendritic cells,Dendritic cells,0.26666668,0.27866355,0.06666667,0.059883576,0.2,0.20376313,0.46666667,0.4576897
1661,0.99211955,False,Dendritic cells,Dendritic cells,0.06666667,0.061443407,0.1,0.089462325,0.36666667,0.37145668,0.46666667,0.47763762
4748,0.99211854,False,Dendritic cells,Dendritic cells,0.033333335,0.036453076,0.23333333,0.2459765,0.33333334,0.3306453,0.4,0.38692516
136,0.99211645,False,Luminal_Macrophages,Type 2 alveolar,0.3,0.28912428,0.3,0.3031036,0.16666667,0.16177525,0.23333333,0.24599682
4444,0.9921153,False,Dendritic cells,Dendritic cells,0.06666667,0.06472865,0.26666668,0.27917287,0.23333333,0.23659657,0.43333334,0.41950196
291,0.9921146,False,Luminal_Macrophages,Luminal_Macrophages,0.43333334,0.4212052,0.33333334,0.3427496,0.16666667,0.16302408,0.06666667,0.073021196
3602,0.9921145,False,Dendritic cells,Dendritic cells,0.23333333,0.24910437,0.13333334,0.13033357,0.16666667,0.16035528,0.46666667,0.46020675
4901,0.9921124,False,Luminal_Macrophages,Luminal_Macrophages,0.36666667,0.35852262,0.3,0.309731,0.16666667,0.15903552,0.16666667,0.17271079
3533,0.9921087,False,Fibroblasts,Fibroblasts,0.2,0.20586063,0.13333334,0.13260418,0.46666667,0.45161328,0.2,0.2099219
3777,0.99210477,False,Dendritic cells,Dendritic cells,0.16666667,0.18245712,0.33333334,0.33332524,0.13333334,0.12906034,0.36666667,0.3551573
3821,0.9921047,False,Fibroblasts,Fibroblasts,0.13333334,0.14281909,0.033333335,0.034286913,0.5,0.4842094,0.33333334,0.33868462
4720,0.99210286,False,Dendritic cells,Dendritic cells,0.1724138,0.17556208,0.1724138,0.1727294,0.2413793,0.25370964,0.41379312,0.39799887
4891,0.9921015,False,Type 2 alveolar,Type 2 alveolar,0.3,0.30268732,0.43333334,0.41753638,0.23333333,0.24629107,0.033333335,0.033485275
1767,0.99209404,False,Dendritic cells,Dendritic cells,0.13333334,0.14378688,0.13333334,0.12065731,0.16666667,0.16353074,0.56666666,0.57202506
395,0.99208933,False,Type 2 alveolar,Type 2 alveolar,0.23333333,0.23715022,0.3,0.3120045,0.3,0.28949642,0.16666667,0.16134891
3063,0.99208593,False,Type 2 alveolar,Type 2 alveolar,0.06451613,0.06328832,0.516129,0.5015287,0.032258064,0.035386484,0.38709676,0.39979658
3005,0.99208367,False,Luminal_Macrophages,Luminal_Macrophages,0.37931034,0.3894164,0.10344828,0.09688013,0.37931034,0.37004584,0.13793103,0.14365765
3680,0.9920821,False,Dendritic cells,Dendritic cells,0.26666668,0.26111105,0.13333334,0.13739648,0.23333333,0.2451059,0.36666667,0.3563865
3897,0.99208045,False,Type 2 alveolar,Type 2 alveolar,0.13333334,0.13091482,0.5,0.48657933,0.23333333,0.24886937,0.13333334,0.13363643
3655,0.992078,False,Luminal_Macrophages,Luminal_Macrophages,0.4,0.39708737,0.26666668,0.28015432,0.13333334,0.120402,0.2,0.20235632
4726,0.9920779,False,Luminal_Macrophages,Luminal_Macrophages,0.36666667,0.35973498,0.36666667,0.35841098,0.1,0.09934314,0.16666667,0.18251088
4145,0.9920765,False,Dendritic cells,Dendritic cells,0.3,0.31140605,0.033333335,0.036634117,0.3,0.3011402,0.36666667,0.35081968
2131,0.9920763,False,Fibroblasts,Fibroblasts,0.13333334,0.12956178,0.3,0.31234622,0.46666667,0.45459083,0.1,0.10350123
460,0.99207336,False,Luminal_Macrophages,Luminal_Macrophages,0.4,0.38995016,0.13333334,0.12752984,0.23333333,0.23605025,0.23333333,0.24646974
250,0.9920724,False,Dendritic cells,Dendritic cells,0.29032257,0.30275625,0.22580644,0.22922798,0.12903225,0.12396346,0.3548387,0.34405226
1561,0.9920715,False,Fibroblasts,Fibroblasts,0.06896552,0.06388608,0.31034482,0.3220286,0.37931034,0.3685328,0.2413793,0.24555247
2223,0.9920691,False,Luminal_Macrophages,Luminal_Macrophages,0.4,0.3933908,0.26666668,0.27413574,0.26666668,0.2750593,0.06666667,0.05741417
3802,0.99206734,False,Luminal_Macrophages,Luminal_Macrophages,0.44827586,0.44910255,0.13793103,0.12426002,0.10344828,0.101253934,0.31034482,0.32538345
3755,0.9920645,False,Fibroblasts,Dendritic cells,0.2,0.21587107,0.13333334,0.12660398,0.33333334,0.3254994,0.33333334,0.33202556
1961,0.9920598,False,Type 2 alveolar,Type 2 alveolar,0.12903225,0.13886471,0.48387095,0.47632256,0.32258064,0.32862857,0.06451613,0.056184143
3083,0.99205965,False,Type 2 alveolar,Type 2 alveolar,0.3,0.30043477,0.33333334,0.32435727,0.13333334,0.12642872,0.23333333,0.24877922
3748,0.99205875,False,Luminal_Macrophages,Luminal_Macrophages,0.36666667,0.36222458,0.033333335,0.040824287,0.26666668,0.2750582,0.33333334,0.3218929
1725,0.9920563,False,Type 2 alveolar,Type 2 alveolar,0.3,0.31378564,0.43333334,0.4212255,0.16666667,0.16288719,0.1,0.102101706
4203,0.992054,False,Dendritic cells,Dendritic cells,0.1,0.10603526,0.2,0.20795797,0.06666667,0.05077467,0.6333333,0.6352321
437,0.9920514,False,Type 2 alveolar,Type 2 alveolar,0.16666667,0.16682228,0.5,0.48410282,0.16666667,0.1687142,0.16666667,0.18036072
4707,0.9920514,False,Fibroblasts,Fibroblasts,0.2,0.20554322,0.1,0.09136133,0.36666667,0.35940814,0.33333334,0.34368733
4437,0.9920489,False,Dendritic cells,Dendritic cells,0.37931034,0.39521244,0.03448276,0.0331566,0.10344828,0.09788175,0.4827586,0.47374916
4642,0.99204654,False,Dendritic cells,Dendritic cells,0.06666667,0.062763244,0.2,0.19803506,0.26666668,0.2825736,0.46666667,0.4566281
1609,0.99204564,False,Type 2 alveolar,Type 2 alveolar,0.16666667,0.18203355,0.3,0.29139113,0.26666668,0.2593668,0.26666668,0.26720846
983,0.9920412,False,Dendritic cells,Dendritic cells,0.26666668,0.27643818,0.33333334,0.3190664,0.033333335,0.039479412,0.36666667,0.36501598
3448,0.99203986,False,Luminal_Macrophages,Luminal_Macrophages,0.33333334,0.3407508,0.13333334,0.121496,0.26666668,0.2625837,0.26666668,0.2751695
857,0.99203914,False,Type 2 alveolar,Type 2 alveolar,0.36666667,0.38258842,0.4,0.39772692,0.1,0.088775,0.13333334,0.13090968
4339,0.9920377,False,Type 2 alveolar,Type 2 alveolar,0.33333334,0.3289516,0.36666667,0.37942517,0.2,0.2031661,0.1,0.08845714
908,0.9920365,False,Dendritic cells,Dendritic cells,0.06666667,0.055564176,0.033333335,0.03453671,0.4,0.39517555,0.5,0.5147236
1658,0.99203616,False,Fibroblasts,Fibroblasts,0.23333333,0.22711949,0.26666668,0.27445364,0.33333334,0.3236195,0.16666667,0.17480735
3078,0.9920351,False,Type 2 alveolar,Type 2 alveolar,0.26666668,0.28259653,0.33333334,0.3256848,0.3,0.29184598,0.1,0.09987271
328,0.99203503,False,Type 2 alveolar,Type 2 alveolar,0.033333335,0.03957609,0.53333336,0.51740336,0.033333335,0.034107473,0.4,0.4089131
1064,0.99203426,False,Fibroblasts,Fibroblasts,0.26666668,0.2825085,0.2,0.19799665,0.33333334,0.31940514,0.2,0.20008971
4513,0.99203247,False,Fibroblasts,Fibroblasts,0.36666667,0.3742276,0.13333334,0.13323358,0.4,0.3841647,0.1,0.10837415
37,0.992032,False,Type 2 alveolar,Type 2 alveolar,0.2413793,0.24715334,0.3448276,0.33810478,0.13793103,0.12871784,0.27586207,0.28602406
2037,0.99203163,False,Type 2 alveolar,Type 2 alveolar,0.29032257,0.30382395,0.3548387,0.34302244,0.32258064,0.31846014,0.032258064,0.034693446
2715,0.99203146,False,Dendritic cells,Dendritic cells,0.3448276,0.3568068,0.06896552,0.07028465,0.20689656,0.20953523,0.37931034,0.36337328
1163,0.99202937,False,Dendritic cells,Dendritic cells,0.033333335,0.035300262,0.26666668,0.280641,0.33333334,0.3275595,0.36666667,0.35649925
2565,0.9920278,False,Fibroblasts,Fibroblasts,0.16666667,0.15198375,0.033333335,0.03762527,0.6,0.59873855,0.2,0.21165237
1719,0.99202627,False,Type 2 alveolar,Type 2 alveolar,0.1,0.10632597,0.43333334,0.4270013,0.3,0.30962154,0.16666667,0.15705118
2666,0.99202424,False,Type 2 alveolar,Type 2 alveolar,0.19354838,0.20949996,0.32258064,0.31658676,0.22580644,0.22327861,0.2580645,0.2506347
3723,0.9920225,False,Dendritic cells,Dendritic cells,0.033333335,0.042995363,0.2,0.2051271,0.3,0.30116588,0.46666667,0.4507117
1282,0.9920217,False,Luminal_Macrophages,Luminal_Macrophages,0.4,0.41430905,0.1,0.10164765,0.1,0.09208588,0.4,0.39195746
2591,0.9920214,False,Fibroblasts,Fibroblasts,0.13333334,0.14671798,0.4,0.3922104,0.43333334,0.42516562,0.033333335,0.035905953
1231,0.99201864,False,Type 2 alveolar,Type 2 alveolar,0.033333335,0.039899766,0.36666667,0.36078763,0.36666667,0.35658294,0.23333333,0.24272965
509,0.99201536,False,Luminal_Macrophages,Luminal_Macrophages,0.43333334,0.42022413,0.1,0.09713988,0.26666668,0.27422413,0.2,0.20841181
4159,0.992015,False,Luminal_Macrophages,Luminal_Macrophages,0.38709676,0.37325814,0.29032257,0.303863,0.19354838,0.19597796,0.12903225,0.12690091
4017,0.9920145,False,Type 2 alveolar,Type 2 alveolar,0.2413793,0.25442755,0.37931034,0.36333936,0.13793103,0.13933481,0.2413793,0.24289823
4372,0.9920121,False,Dendritic cells,Dendritic cells,0.36666667,0.37866655,0.1,0.10397595,0.13333334,0.12691541,0.4,0.39044207
2718,0.9920095,False,Fibroblasts,Fibroblasts,0.2413793,0.252157,0.13793103,0.12813392,0.5862069,0.58002305,0.03448276,0.039686006
4158,0.99200326,False,Luminal_Macrophages,Luminal_Macrophages,0.4,0.39137456,0.23333333,0.23635708,0.13333334,0.1259653,0.23333333,0.24630302
1411,0.99200106,False,Dendritic cells,Dendritic cells,0.16666667,0.17085187,0.26666668,0.27475506,0.23333333,0.2370577,0.33333334,0.3173354
4565,0.9920001,False,Fibroblasts,Fibroblasts,0.16666667,0.18023878,0.2,0.19629878,0.33333334,0.32103473,0.3,0.30242777
1152,0.9919991,False,Luminal_Macrophages,Luminal_Macrophages,0.4827586,0.47664458,0.13793103,0.12883891,0.27586207,0.29186383,0.10344828,0.10265265
4570,0.9919971,False,Dendritic cells,Dendritic cells,0.06666667,0.059862547,0.3,0.30591384,0.06666667,0.057465043,0.56666666,0.5767586
768,0.9919963,False,Type 2 alveolar,Type 2 alveolar,0.3,0.31258723,0.36666667,0.35223046,0.26666668,0.27008688,0.06666667,0.06509546
3710,0.991993,False,Luminal_Macrophages,Luminal_Macrophages,0.26666668,0.28268063,0.26666668,0.26504835,0.2,0.18716063,0.26666668,0.26511037
4686,0.9919914,False,Dendritic cells,Dendritic cells,0.2,0.21601716,0.33333334,0.326099,0.1,0.09709664,0.36666667,0.3607872
4936,0.991987,False,Type 2 alveolar,Type 2 alveolar,0.16666667,0.16545841,0.36666667,0.35774073,0.2,0.19410813,0.26666668,0.28269267
1996,0.9919832,False,Type 2 alveolar,Type 2 alveolar,0.1,0.107239194,0.5,0.49144948,0.33333334,0.34212783,0.06666667,0.059183583
2727,0.99198127,False,Luminal_Macrophages,Luminal_Macrophages,0.46666667,0.4574248,0.33333334,0.3493708,0.06666667,0.060917757,0.13333334,0.13228662
4666,0.9919775,False,Luminal_Macrophages,Luminal_Macrophages,0.38709676,0.37534103,0.2580645,0.2659248,0.06451613,0.060226943,0.29032257,0.29850724
207,0.99197716,False,Dendritic cells,Dendritic cells,0.16129032,0.17253472,0.22580644,0.22651222,0.22580644,0.229902,0.38709676,0.37105104
3017,0.9919751,False,Type 2 alveolar,Type 2 alveolar,0.33333334,0.3398437,0.4,0.38456073,0.13333334,0.13272281,0.13333334,0.14287275
4018,0.9919702,False,Fibroblasts,Fibroblasts,0.1,0.11207631,0.33333334,0.33731663,0.36666667,0.35463476,0.2,0.19597228
2535,0.9919691,False,Fibroblasts,Fibroblasts,0.16666667,0.17018037,0.1,0.093536876,0.4,0.3904014,0.33333334,0.34588137
649,0.99196875,False,Dendritic cells,Dendritic cells,0.3,0.3126752,0.033333335,0.034606658,0.3,0.30211398,0.36666667,0.3506042
4710,0.99196523,False,Type 2 alveolar,Dendritic cells,0.2,0.2160695,0.33333334,0.32383388,0.13333334,0.12759015,0.33333334,0.33250645
4934,0.9919641,False,Dendritic cells,Dendritic cells,0.3,0.31607184,0.13333334,0.12685402,0.16666667,0.16319114,0.4,0.393883
3275,0.99196357,False,Fibroblasts,Fibroblasts,0.26666668,0.27086794,0.033333335,0.039472226,0.4,0.38392708,0.3,0.30573273
2348,0.991963,False,Luminal_Macrophages,Luminal_Macrophages,0.36666667,0.35089946,0.23333333,0.23302661,0.26666668,0.27677488,0.13333334,0.1392991
1789,0.99195635,False,Type 2 alveolar,Type 2 alveolar,0.09677419,0.10232369,0.41935483,0.41313273,0.2580645,0.26860234,0.22580644,0.21594124
3084,0.9919553,False,Fibroblasts,Fibroblasts,0.33333334,0.34942275,0.13333334,0.13314183,0.36666667,0.35277873,0.16666667,0.16465665
4518,0.99195415,False,Fibroblasts,Fibroblasts,0.4,0.39979872,0.1,0.09013321,0.5,0.49397638,0.0,0.016091662
388,0.99194944,False,Type 2 alveolar,Type 2 alveolar,0.2,0.21610105,0.6333333,0.6254846,0.1,0.09526827,0.06666667,0.06314602
495,0.9919486,False,Fibroblasts,Fibroblasts,0.3,0.30744737,0.26666668,0.2753221,0.33333334,0.31809312,0.1,0.099137336
2554,0.9919428,False,Luminal_Macrophages,Luminal_Macrophages,0.33333334,0.34701577,0.06666667,0.06298249,0.33333334,0.32090312,0.26666668,0.26909858
3974,0.9919398,False,Dendritic cells,Dendritic cells,0.13333334,0.13548662,0.2,0.20716304,0.3,0.3068041,0.36666667,0.35054627
2236,0.9919383,False,Fibroblasts,Fibroblasts,0.16666667,0.1771243,0.26666668,0.26521745,0.33333334,0.3186591,0.23333333,0.23899911
2303,0.9919372,False,Type 2 alveolar,Type 2 alveolar,0.10344828,0.09879037,0.37931034,0.36784267,0.2413793,0.24306633,0.27586207,0.2903006
4819,0.9919361,False,Dendritic cells,Dendritic cells,0.03448276,0.04438978,0.1724138,0.17533208,0.31034482,0.31364736,0.4827586,0.46663076
15,0.9919351,False,Fibroblasts,Dendritic cells,0.23333333,0.24591036,0.033333335,0.035638783,0.36666667,0.35053682,0.36666667,0.367914
2780,0.9919339,False,Luminal_Macrophages,Luminal_Macrophages,0.5,0.487743,0.06666667,0.06697818,0.13333334,0.12945813,0.3,0.3158207
1200,0.9919328,False,Type 2 alveolar,Type 2 alveolar,0.09677419,0.09831805,0.3548387,0.3387043,0.29032257,0.29057416,0.2580645,0.2724035
3682,0.9919295,False,Type 2 alveolar,Type 2 alveolar,0.06896552,0.07319929,0.3448276,0.340164,0.3448276,0.33335006,0.2413793,0.2532866
1033,0.99192894,False,Luminal_Macrophages,Luminal_Macrophages,0.3,0.2986057,0.26666668,0.2701235,0.16666667,0.15191886,0.26666668,0.27935198
2134,0.99192554,False,Dendritic cells,Dendritic cells,0.33333334,0.3494822,0.06666667,0.06499038,0.1,0.089961596,0.5,0.49556574
3237,0.9919253,False,Fibroblasts,Fibroblasts,0.12903225,0.13017409,0.2580645,0.2696324,0.4516129,0.43546352,0.16129032,0.16472998
3909,0.9919246,False,Luminal_Macrophages,Luminal_Macrophages,0.33333334,0.3289036,0.16666667,0.15494561,0.26666668,0.27236718,0.23333333,0.24378361
4965,0.99192274,False,Fibroblasts,Fibroblasts,0.06451613,0.056855332,0.22580644,0.24012274,0.58064514,0.5721514,0.12903225,0.13087054
2256,0.9919203,False,Luminal_Macrophages,Luminal_Macrophages,0.37931034,0.39546978,0.37931034,0.37002188,0.13793103,0.13276194,0.10344828,0.10174636
3133,0.99191827,False,Dendritic cells,Dendritic cells,0.16129032,0.17145313,0.09677419,0.08367119,0.3548387,0.35177827,0.38709676,0.39309752
1672,0.9919158,False,Type 2 alveolar,Type 2 alveolar,0.3,0.3161683,0.33333334,0.328229,0.23333333,0.23240814,0.13333334,0.12319454
3059,0.99191463,False,Luminal_Macrophages,Luminal_Macrophages,0.6,0.61180985,0.1,0.09026079,0.16666667,0.1710276,0.13333334,0.12690172
3904,0.99191433,False,Dendritic cells,Dendritic cells,0.13333334,0.14686608,0.2,0.19745763,0.3,0.3026386,0.36666667,0.35303771
2933,0.9919126,False,Fibroblasts,Fibroblasts,0.3,0.3075334,0.13333334,0.13143407,0.36666667,0.35239112,0.2,0.20864138
148,0.99191225,False,Dendritic cells,Dendritic cells,0.16666667,0.17668216,0.2,0.20616002,0.16666667,0.16147895,0.46666667,0.45567888
306,0.99191195,False,Dendritic cells,Dendritic cells,0.37931034,0.39548647,0.10344828,0.09915337,0.10344828,0.09711685,0.41379312,0.4082434
4385,0.9919113,False,Luminal_Macrophages,Luminal_Macrophages,0.3,0.3031756,0.26666668,0.25681448,0.16666667,0.16034147,0.26666668,0.27966845
3953,0.9919103,False,Dendritic cells,Dendritic cells,0.19354838,0.20391317,0.2580645,0.26387918,0.22580644,0.21993667,0.32258064,0.31227094
4853,0.99191,False,Luminal_Macrophages,Luminal_Macrophages,0.3448276,0.33604315,0.13793103,0.13053545,0.2413793,0.25186327,0.27586207,0.28155813
1827,0.9919093,False,Type 2 alveolar,Type 2 alveolar,0.23333333,0.24912842,0.3,0.30038625,0.16666667,0.15595606,0.3,0.2945293
4139,0.9919083,False,Luminal_Macrophages,Luminal_Macrophages,0.33333334,0.31885818,0.3,0.31511146,0.2,0.19829173,0.16666667,0.16773866
3941,0.99190617,False,Luminal_Macrophages,Luminal_Macrophages,0.43333334,0.42909122,0.4,0.38841686,0.13333334,0.13297094,0.033333335,0.04952101
1775,0.99190515,False,Dendritic cells,Dendritic cells,0.032258064,0.037642278,0.032258064,0.040116046,0.3548387,0.338649,0.58064514,0.5835927
732,0.99190503,False,Luminal_Macrophages,Luminal_Macrophages,0.44827586,0.4377379,0.3448276,0.35383755,0.06896552,0.06331347,0.13793103,0.14511105
1320,0.9919047,False,Dendritic cells,Dendritic cells,0.033333335,0.046285365,0.2,0.20323862,0.36666667,0.36454052,0.4,0.3859355
416,0.9919012,False,Type 2 alveolar,Type 2 alveolar,0.06666667,0.06316374,0.7,0.7161975,0.13333334,0.12804762,0.1,0.092591114
2142,0.9919009,False,Luminal_Macrophages,Luminal_Macrophages,0.51724136,0.5081527,0.31034482,0.3234437,0.06896552,0.061856043,0.10344828,0.1065475
2173,0.99189925,False,Fibroblasts,Fibroblasts,0.06666667,0.07435425,0.26666668,0.27158967,0.36666667,0.35046512,0.3,0.30359095
1251,0.9918931,False,Luminal_Macrophages,Luminal_Macrophages,0.4,0.38378626,0.26666668,0.27622932,0.23333333,0.23843548,0.1,0.10154893
744,0.99188995,False,Luminal_Macrophages,Luminal_Macrophages,0.53333336,0.5171132,0.33333334,0.34062278,0.033333335,0.035705816,0.1,0.10655817
1031,0.99188924,False,Type 2 alveolar,Type 2 alveolar,0.13333334,0.13681224,0.6666667,0.67940927,0.13333334,0.12585862,0.06666667,0.057919882
3425,0.9918888,False,Type 2 alveolar,Type 2 alveolar,0.033333335,0.0349458,0.6333333,0.62602764,0.06666667,0.05774997,0.26666668,0.28127658
4326,0.9918879,False,Dendritic cells,Dendritic cells,0.03448276,0.036365088,0.20689656,0.21694443,0.27586207,0.28015605,0.4827586,0.46653444
239,0.9918819,False,Fibroblasts,Fibroblasts,0.20689656,0.20626447,0.06896552,0.0642405,0.51724136,0.5063623,0.20689656,0.2231327
1024,0.9918817,False,Fibroblasts,Fibroblasts,0.06451613,0.06444925,0.19354838,0.1963617,0.5483871,0.53221744,0.19354838,0.20697166
2408,0.9918799,False,Dendritic cells,Dendritic cells,0.13333334,0.13971418,0.2,0.20919934,0.23333333,0.23399343,0.43333334,0.4170931
2600,0.9918792,False,Dendritic cells,Dendritic cells,0.26666668,0.2674804,0.1,0.10321938,0.26666668,0.27887505,0.36666667,0.35042515
2241,0.9918788,False,Type 2 alveolar,Type 2 alveolar,0.16666667,0.17240243,0.4,0.39041746,0.1,0.093340114,0.33333334,0.34384
2648,0.99187803,False,Fibroblasts,Fibroblasts,0.33333334,0.34476694,0.06666667,0.060177363,0.46666667,0.4569121,0.13333334,0.13814361
4425,0.9918776,False,Dendritic cells,Dendritic cells,0.23333333,0.2463565,0.23333333,0.23655497,0.13333334,0.12679939,0.4,0.39028916
3583,0.99187714,False,Type 2 alveolar,Type 2 alveolar,0.27586207,0.2921078,0.3448276,0.33696982,0.27586207,0.27280408,0.10344828,0.09811831
1440,0.991876,False,Dendritic cells,Dendritic cells,0.033333335,0.036608808,0.23333333,0.241327,0.1,0.08375204,0.6333333,0.6383121
3033,0.9918753,False,Fibroblasts,Fibroblasts,0.033333335,0.044146154,0.3,0.3054366,0.6,0.5957287,0.06666667,0.05468862
4093,0.9918714,False,Fibroblasts,Fibroblasts,0.37931034,0.38755703,0.06896552,0.060839787,0.41379312,0.40566164,0.13793103,0.14594157
92,0.9918709,False,Luminal_Macrophages,Luminal_Macrophages,0.36666667,0.36708075,0.033333335,0.040253676,0.26666668,0.27559048,0.33333334,0.31707513
240,0.99187076,False,Fibroblasts,Fibroblasts,0.26666668,0.28292513,0.2,0.19656053,0.3,0.29965606,0.23333333,0.22085834
4997,0.99187016,False,Fibroblasts,Fibroblasts,0.16666667,0.17836282,0.033333335,0.03281387,0.46666667,0.45092645,0.33333334,0.3378969
3910,0.99186933,False,Dendritic cells,Dendritic cells,0.33333334,0.3495947,0.16666667,0.16523474,0.13333334,0.12177499,0.36666667,0.36339557
756,0.9918669,False,Fibroblasts,Fibroblasts,0.16666667,0.18293282,0.1,0.09746908,0.56666666,0.5598691,0.16666667,0.15972896
2027,0.99186146,False,Luminal_Macrophages,Luminal_Macrophages,0.32258064,0.31483594,0.19354838,0.20551734,0.2580645,0.2623727,0.22580644,0.21727407
2324,0.9918607,False,Dendritic cells,Dendritic cells,0.06666667,0.06465392,0.3,0.31223375,0.1,0.08573414,0.53333336,0.5373782
28,0.9918589,False,Fibroblasts,Fibroblasts,0.033333335,0.0297945,0.23333333,0.24612811,0.4,0.38725665,0.33333334,0.3368207
4831,0.99185693,False,Fibroblasts,Fibroblasts,0.06666667,0.0657871,0.33333334,0.3429531,0.4,0.38459337,0.2,0.20666644
3532,0.9918557,False,Luminal_Macrophages,Luminal_Macrophages,0.3548387,0.36390275,0.032258064,0.039473202,0.29032257,0.29033202,0.32258064,0.306292
3175,0.9918539,False,Dendritic cells,Dendritic cells,0.16666667,0.18295883,0.13333334,0.12921192,0.1,0.09301707,0.6,0.5948121
533,0.99185264,False,Luminal_Macrophages,Luminal_Macrophages,0.36666667,0.37014365,0.1,0.08370531,0.3,0.3026649,0.23333333,0.2434861
316,0.99185246,False,Luminal_Macrophages,Luminal_Macrophages,0.4,0.38370493,0.3,0.30187127,0.033333335,0.033733934,0.26666668,0.28068984
2840,0.9918523,False,Type 2 alveolar,Type 2 alveolar,0.033333335,0.04588274,0.46666667,0.47041264,0.4,0.39533347,0.1,0.08837114
1093,0.99185157,False,Fibroblasts,Fibroblasts,0.36666667,0.36195588,0.06666667,0.06336539,0.56666666,0.5583819,0.0,0.016296832
3151,0.9918503,False,Luminal_Macrophages,Luminal_Macrophages,0.3548387,0.34716985,0.12903225,0.120401785,0.2580645,0.26304755,0.2580645,0.26938087
3545,0.99184954,False,Dendritic cells,Dendritic cells,0.16129032,0.15062995,0.22580644,0.2421074,0.032258064,0.031384025,0.58064514,0.57587856
3143,0.9918446,False,Dendritic cells,Dendritic cells,0.26666668,0.27932954,0.26666668,0.2703146,0.13333334,0.12362458,0.33333334,0.32673126
4584,0.9918403,False,Type 2 alveolar,Type 2 alveolar,0.2,0.20510253,0.46666667,0.45393643,0.16666667,0.16307753,0.16666667,0.17788352
4864,0.9918387,False,Type 2 alveolar,Type 2 alveolar,0.1,0.116322614,0.36666667,0.35715932,0.2,0.19774273,0.33333334,0.32877538
305,0.9918295,False,Dendritic cells,Dendritic cells,0.13793103,0.13842905,0.27586207,0.29170507,0.06896552,0.06448404,0.51724136,0.5053819
4000,0.9918275,False,Dendritic cells,Dendritic cells,0.31034482,0.31734717,0.03448276,0.043825377,0.31034482,0.30581433,0.3448276,0.33301312
4431,0.991825,False,Dendritic cells,Dendritic cells,0.13333334,0.14017145,0.3,0.30951193,0.2,0.19996539,0.36666667,0.35035124
3320,0.9918243,False,Fibroblasts,Fibroblasts,0.2,0.2122918,0.16666667,0.1646147,0.33333334,0.31903395,0.3,0.30405954
323,0.99182343,False,Luminal_Macrophages,Luminal_Macrophages,0.41935483,0.40300167,0.2580645,0.26209822,0.032258064,0.034418017,0.29032257,0.30048206
712,0.9918226,False,Type 2 alveolar,Type 2 alveolar,0.2,0.21635476,0.6666667,0.6617221,0.06666667,0.057660807,0.06666667,0.06426231
3338,0.9918207,False,Luminal_Macrophages,Luminal_Macrophages,0.37931034,0.38804328,0.37931034,0.36560246,0.1724138,0.18003945,0.06896552,0.06631478
3995,0.99181956,False,Type 2 alveolar,Type 2 alveolar,0.26666668,0.27559137,0.33333334,0.32643795,0.16666667,0.15720122,0.23333333,0.24076946
2138,0.99181783,False,Fibroblasts,Fibroblasts,0.29032257,0.3066869,0.22580644,0.21901254,0.32258064,0.31545275,0.16129032,0.15884782
2110,0.99181736,False,Fibroblasts,Fibroblasts,0.20689656,0.21530448,0.20689656,0.20550278,0.3448276,0.32985613,0.2413793,0.24933666
2417,0.9918137,False,Type 2 alveolar,Type 2 alveolar,0.033333335,0.03951023,0.53333336,0.51696074,0.033333335,0.033500075,0.4,0.41002893
3454,0.99181294,False,Dendritic cells,Dendritic cells,0.033333335,0.038054787,0.2,0.20383903,0.23333333,0.24114694,0.53333336,0.51695925
1545,0.9918115,False,Fibroblasts,Fibroblasts,0.2,0.20261206,0.23333333,0.22286837,0.3,0.29408804,0.26666668,0.2804316
4279,0.99180806,False,Luminal_Macrophages,Luminal_Macrophages,0.33333334,0.3461424,0.06666667,0.06450517,0.26666668,0.2702414,0.33333334,0.319111
1773,0.9918005,False,Luminal_Macrophages,Luminal_Macrophages,0.3548387,0.3696848,0.06451613,0.059210286,0.3548387,0.34374553,0.22580644,0.22735937
3430,0.99179643,False,Luminal_Macrophages,Luminal_Macrophages,0.5862069,0.58125854,0.06896552,0.06752784,0.0,0.016407091,0.3448276,0.33480656
4951,0.99179316,False,Fibroblasts,Fibroblasts,0.033333335,0.03412637,0.43333334,0.44895402,0.46666667,0.45961112,0.06666667,0.057308458
1514,0.99179,False,Type 2 alveolar,Type 2 alveolar,0.3,0.3058153,0.33333334,0.32583386,0.16666667,0.1577461,0.2,0.21060473
4474,0.9917892,False,Luminal_Macrophages,Dendritic cells,0.3,0.29801887,0.1,0.08555955,0.3,0.30250803,0.3,0.31391352
3661,0.99178916,False,Type 2 alveolar,Type 2 alveolar,0.16666667,0.17101496,0.36666667,0.3504941,0.2,0.19975089,0.26666668,0.27874005
4912,0.99178857,False,Dendritic cells,Dendritic cells,0.16666667,0.18308955,0.33333334,0.32953104,0.1,0.09580693,0.4,0.39157242
2410,0.9917884,False,Type 2 alveolar,Type 2 alveolar,0.16666667,0.16532113,0.33333334,0.3201835,0.23333333,0.23140556,0.26666668,0.28308988
2003,0.9917872,False,Luminal_Macrophages,Luminal_Macrophages,0.33333334,0.3252948,0.2,0.19514814,0.2,0.19646476,0.26666668,0.28309232
169,0.99178684,False,Luminal_Macrophages,Luminal_Macrophages,0.51724136,0.5089615,0.31034482,0.31898037,0.13793103,0.12978455,0.03448276,0.042273592
3988,0.99178594,False,Type 2 alveolar,Type 2 alveolar,0.12903225,0.12548523,0.32258064,0.3148575,0.29032257,0.28516465,0.2580645,0.2744926
1947,0.9917824,False,Dendritic cells,Dendritic cells,0.06666667,0.063036986,0.16666667,0.16717921,0.13333334,0.1205279,0.6333333,0.64925593
1060,0.99178225,False,Type 2 alveolar,Type 2 alveolar,0.12903225,0.13361925,0.41935483,0.4098675,0.29032257,0.30217114,0.16129032,0.15434213
973,0.99178064,False,Dendritic cells,Dendritic cells,0.033333335,0.038483977,0.2,0.20498314,0.26666668,0.27297157,0.5,0.48356125
340,0.99177915,False,Luminal_Macrophages,Luminal_Macrophages,0.31034482,0.3192182,0.1724138,0.17998208,0.31034482,0.30666244,0.20689656,0.19413726
4470,0.9917777,False,Luminal_Macrophages,Luminal_Macrophages,0.3,0.29282287,0.23333333,0.22406587,0.26666668,0.2677113,0.2,0.21539998
975,0.9917754,False,Dendritic cells,Dendritic cells,0.23333333,0.2468273,0.23333333,0.23628865,0.2,0.19759169,0.33333334,0.3192924
2059,0.99177253,False,Fibroblasts,Fibroblasts,0.22580644,0.23573168,0.32258064,0.3291104,0.3548387,0.34000495,0.09677419,0.09515298
2705,0.9917692,False,Luminal_Macrophages,Luminal_Macrophages,0.36666667,0.3502051,0.23333333,0.2366335,0.23333333,0.23898086,0.16666667,0.17418061
2222,0.99176913,False,Luminal_Macrophages,Luminal_Macrophages,0.53333336,0.53912586,0.06666667,0.056808792,0.36666667,0.36006284,0.033333335,0.044002537
540,0.99176335,False,Type 2 alveolar,Type 2 alveolar,0.29032257,0.29929993,0.38709676,0.3725118,0.29032257,0.29781848,0.032258064,0.030369794
2911,0.9917617,False,Luminal_Macrophages,Luminal_Macrophages,0.4,0.39165005,0.2,0.1918787,0.2,0.1999947,0.2,0.21647659
4487,0.99176085,False,Fibroblasts,Fibroblasts,0.33333334,0.340465,0.2,0.20382957,0.36666667,0.35018831,0.1,0.1055171
4531,0.9917591,False,Dendritic cells,Dendritic cells,0.2413793,0.25663644,0.03448276,0.03570733,0.3448276,0.33354744,0.37931034,0.3741088
1659,0.9917587,False,Dendritic cells,Dendritic cells,0.22580644,0.2409951,0.22580644,0.22710039,0.12903225,0.122777015,0.41935483,0.4091276
787,0.99175715,False,Luminal_Macrophages,Luminal_Macrophages,0.33333334,0.3245417,0.16666667,0.16509905,0.26666668,0.26054022,0.23333333,0.24981906
54,0.9917561,False,Luminal_Macrophages,Luminal_Macrophages,0.3448276,0.34248167,0.27586207,0.2720326,0.13793103,0.12761855,0.2413793,0.25786722
4964,0.9917556,False,Luminal_Macrophages,Luminal_Macrophages,0.51724136,0.50992495,0.1724138,0.17398594,0.2413793,0.25629595,0.06896552,0.059793185
1288,0.99174565,False,Fibroblasts,Fibroblasts,0.26666668,0.28153124,0.2,0.2016441,0.3,0.29219073,0.23333333,0.22463393
3683,0.99174523,False,Fibroblasts,Fibroblasts,0.033333335,0.036387447,0.13333334,0.1313182,0.53333336,0.5188389,0.3,0.31345543
4231,0.9917424,False,Luminal_Macrophages,Luminal_Macrophages,0.41935483,0.42488524,0.38709676,0.37244442,0.032258064,0.030395137,0.16129032,0.17227523
1729,0.9917408,False,Fibroblasts,Fibroblasts,0.16666667,0.17799681,0.26666668,0.26718467,0.33333334,0.31681493,0.23333333,0.23800352
410,0.9917388,False,Fibroblasts,Fibroblasts,0.16129032,0.16857886,0.2580645,0.26729846,0.48387095,0.46860495,0.09677419,0.09551776
3093,0.9917382,False,Fibroblasts,Fibroblasts,0.09677419,0.102374636,0.32258064,0.32956162,0.38709676,0.37057313,0.19354838,0.19749054
4241,0.99173814,False,Fibroblasts,Fibroblasts,0.26666668,0.28319037,0.23333333,0.22710587,0.3,0.29329684,0.2,0.19640695
1683,0.99173796,False,Fibroblasts,Fibroblasts,0.13333334,0.13253622,0.33333334,0.34985742,0.5,0.48480535,0.033333335,0.032800958
4502,0.99173546,False,Luminal_Macrophages,Luminal_Macrophages,0.33333334,0.32651272,0.3,0.30735564,0.2,0.19029151,0.16666667,0.17584018
4348,0.9917339,False,Luminal_Macrophages,Luminal_Macrophages,0.33333334,0.34986556,0.33333334,0.32915884,0.16666667,0.16269019,0.16666667,0.1582854
3651,0.99173373,False,Dendritic cells,Dendritic cells,0.0,0.016532578,0.2,0.19045952,0.033333335,0.027726492,0.76666665,0.76528144
3889,0.9917284,False,Type 2 alveolar,Type 2 alveolar,0.3,0.31149998,0.36666667,0.35239038,0.13333334,0.13106641,0.2,0.20504317
3351,0.9917263,False,Type 2 alveolar,Type 2 alveolar,0.16666667,0.17790557,0.36666667,0.35051385,0.23333333,0.23293863,0.23333333,0.2386419
3747,0.9917252,False,Type 2 alveolar,Type 2 alveolar,0.06666667,0.05011701,0.6,0.60053825,0.3,0.30833602,0.033333335,0.041008722
687,0.9917238,False,Dendritic cells,Dendritic cells,0.31034482,0.31697163,0.27586207,0.2857877,0.03448276,0.033177074,0.37931034,0.36406368
96,0.9917186,False,Dendritic cells,Dendritic cells,0.06666667,0.06985166,0.26666668,0.27298,0.26666668,0.27373117,0.4,0.38343716
920,0.991718,False,Luminal_Macrophages,Luminal_Macrophages,0.58064514,0.56779724,0.29032257,0.2988235,0.032258064,0.028541988,0.09677419,0.104837306
3462,0.99171734,False,Fibroblasts,Fibroblasts,0.032258064,0.041650303,0.3548387,0.36201176,0.4516129,0.43902546,0.16129032,0.15731251
3268,0.99171644,False,Dendritic cells,Dendritic cells,0.03448276,0.03859565,0.2413793,0.2523822,0.27586207,0.27731344,0.44827586,0.43170872
3282,0.9917151,False,Luminal_Macrophages,Luminal_Macrophages,0.38709676,0.37327042,0.3548387,0.35796756,0.06451613,0.061772637,0.19354838,0.2069893
2902,0.9917151,False,Luminal_Macrophages,Luminal_Macrophages,0.27586207,0.2858454,0.27586207,0.28244862,0.2413793,0.23708497,0.20689656,0.19462104
4821,0.99170995,False,Luminal_Macrophages,Luminal_Macrophages,0.36666667,0.36233604,0.36666667,0.3544172,0.033333335,0.034765676,0.23333333,0.2484811
1673,0.9917071,False,Type 2 alveolar,Type 2 alveolar,0.06896552,0.06675033,0.44827586,0.43887368,0.1724138,0.16744529,0.31034482,0.32693067
2953,0.99170685,False,Type 2 alveolar,Type 2 alveolar,0.16666667,0.16841559,0.36666667,0.35314286,0.2,0.1969374,0.26666668,0.28150406
2123,0.99170595,False,Fibroblasts,Dendritic cells,0.033333335,0.043702602,0.1,0.086325906,0.43333334,0.43041942,0.43333334,0.43955213
714,0.99169666,False,Luminal_Macrophages,Luminal_Macrophages,0.4516129,0.4359874,0.22580644,0.22728269,0.09677419,0.09579296,0.22580644,0.24093692
3293,0.9916954,False,Dendritic cells,Dendritic cells,0.16666667,0.17849715,0.33333334,0.32568225,0.033333335,0.038112007,0.46666667,0.45770857
3969,0.99168956,False,Dendritic cells,Dendritic cells,0.33333334,0.34995425,0.16666667,0.16196354,0.13333334,0.124814644,0.36666667,0.36326763
907,0.9916816,False,Fibroblasts,Fibroblasts,0.1,0.100499004,0.2,0.18377738,0.7,0.69958574,0.0,0.016137838
3246,0.9916802,False,Luminal_Macrophages,Luminal_Macrophages,0.36666667,0.36987284,0.23333333,0.23399863,0.26666668,0.27943486,0.13333334,0.11669369
3493,0.9916782,False,Dendritic cells,Dendritic cells,0.033333335,0.037373457,0.2,0.20896447,0.3,0.30363902,0.46666667,0.450023
1998,0.9916765,False,Type 2 alveolar,Type 2 alveolar,0.23333333,0.24425736,0.36666667,0.3617945,0.36666667,0.3548918,0.033333335,0.039056335
2422,0.9916731,False,Type 2 alveolar,Type 2 alveolar,0.3448276,0.36148134,0.41379312,0.40207416,0.13793103,0.13351417,0.10344828,0.10293034
1460,0.9916713,False,Fibroblasts,Fibroblasts,0.2,0.21328633,0.1,0.09624797,0.36666667,0.35376135,0.33333334,0.33670434
740,0.9916704,False,Fibroblasts,Fibroblasts,0.2,0.21543153,0.16666667,0.15795198,0.33333334,0.32538894,0.3,0.3012276
2543,0.99166983,False,Luminal_Macrophages,Luminal_Macrophages,0.4,0.39291742,0.16666667,0.18332696,0.06666667,0.06327157,0.36666667,0.36048406
3077,0.9916595,False,Type 2 alveolar,Type 2 alveolar,0.20689656,0.21525867,0.31034482,0.31866372,0.31034482,0.30129224,0.1724138,0.16478539
3097,0.9916567,False,Luminal_Macrophages,Luminal_Macrophages,0.46666667,0.45020255,0.06666667,0.066444226,0.2,0.2052386,0.26666668,0.27811468
3853,0.9916564,False,Fibroblasts,Fibroblasts,0.09677419,0.08769709,0.12903225,0.13178459,0.41935483,0.41174486,0.3548387,0.36877355
257,0.9916543,False,Luminal_Macrophages,Luminal_Macrophages,0.37931034,0.380691,0.03448276,0.049793545,0.20689656,0.20391726,0.37931034,0.36559817
1862,0.9916501,False,Fibroblasts,Fibroblasts,0.06666667,0.06090372,0.1,0.10607579,0.5,0.48906317,0.33333334,0.34395736
2161,0.9916497,False,Fibroblasts,Fibroblasts,0.20689656,0.222599,0.27586207,0.2768602,0.31034482,0.30579272,0.20689656,0.19474809
1491,0.9916492,False,Fibroblasts,Fibroblasts,0.033333335,0.04148214,0.23333333,0.24188615,0.36666667,0.36099535,0.36666667,0.3556364
1826,0.99164885,False,Type 2 alveolar,Type 2 alveolar,0.19354838,0.20115848,0.38709676,0.3703944,0.29032257,0.2959007,0.12903225,0.13254635
569,0.9916474,False,Dendritic cells,Dendritic cells,0.31034482,0.3193338,0.2413793,0.24909553,0.06896552,0.06004097,0.37931034,0.37152967
4735,0.9916471,False,Fibroblasts,Fibroblasts,0.3,0.31462574,0.1,0.09953257,0.46666667,0.45042834,0.13333334,0.13541336
2166,0.99164546,False,Type 2 alveolar,Type 2 alveolar,0.23333333,0.2500424,0.33333334,0.32908392,0.26666668,0.26555365,0.16666667,0.15532005
4091,0.99163926,False,Luminal_Macrophages,Luminal_Macrophages,0.33333334,0.32452947,0.3,0.30671164,0.1,0.092082396,0.26666668,0.27667648
3141,0.99163663,False,Luminal_Macrophages,Luminal_Macrophages,0.56666666,0.553678,0.13333334,0.14133671,0.06666667,0.06292861,0.23333333,0.2420567
827,0.99163526,False,Type 2 alveolar,Type 2 alveolar,0.2,0.20761208,0.4,0.38662884,0.3,0.3091174,0.1,0.09664166
2332,0.99163467,False,Type 2 alveolar,Type 2 alveolar,0.13333334,0.12202409,0.6666667,0.6833974,0.16666667,0.16300902,0.033333335,0.03156952
153,0.99163395,False,Fibroblasts,Dendritic cells,0.16666667,0.18339881,0.16666667,0.16297005,0.33333334,0.32531503,0.33333334,0.32831612
336,0.99163306,False,Luminal_Macrophages,Luminal_Macrophages,0.43333334,0.44129118,0.26666668,0.27544266,0.13333334,0.12164011,0.16666667,0.16162598
1043,0.99163187,False,Type 2 alveolar,Type 2 alveolar,0.16666667,0.17355292,0.5,0.48855805,0.13333334,0.12803893,0.2,0.20985004
2836,0.9916313,False,Type 2 alveolar,Type 2 alveolar,0.1,0.10256287,0.43333334,0.4196152,0.26666668,0.28084114,0.2,0.19698076
1969,0.9916254,False,Fibroblasts,Fibroblasts,0.1724138,0.15813412,0.1724138,0.18284132,0.51724136,0.5147719,0.13793103,0.14425272
473,0.9916239,False,Type 2 alveolar,Type 2 alveolar,0.06666667,0.071237974,0.46666667,0.45017955,0.2,0.19973485,0.26666668,0.27884763
1492,0.9916201,False,Dendritic cells,Dendritic cells,0.2,0.21404974,0.33333334,0.33604336,0.1,0.09163022,0.36666667,0.35827672
1117,0.99162006,False,Type 2 alveolar,Type 2 alveolar,0.2,0.2081875,0.4,0.3859368,0.3,0.30857235,0.1,0.09730332
161,0.99161863,False,Type 2 alveolar,Type 2 alveolar,0.2,0.20516276,0.7,0.6842738,0.0,0.011599928,0.1,0.09896354
4792,0.9916112,False,Type 2 alveolar,Type 2 alveolar,0.3,0.3051431,0.36666667,0.34988904,0.23333333,0.24066463,0.1,0.10430325
4830,0.99160594,False,Luminal_Macrophages,Luminal_Macrophages,0.37931034,0.36681083,0.3448276,0.34053904,0.2413793,0.2526889,0.03448276,0.039961245
4310,0.99160296,False,Fibroblasts,Dendritic cells,0.26666668,0.28346077,0.13333334,0.12347542,0.3,0.29368106,0.3,0.29938275
170,0.9915987,False,Fibroblasts,Fibroblasts,0.1,0.10499347,0.1,0.09214592,0.46666667,0.4577182,0.33333334,0.3451424
1823,0.9915975,False,Dendritic cells,Dendritic cells,0.26666668,0.26452255,0.26666668,0.2834717,0.16666667,0.16088523,0.3,0.29112053
4491,0.99159527,False,Dendritic cells,Dendritic cells,0.26666668,0.28313714,0.1,0.10033897,0.23333333,0.23058797,0.4,0.3859359
278,0.991595,False,Fibroblasts,Fibroblasts,0.13333334,0.15011013,0.1,0.09603025,0.4,0.3871597,0.36666667,0.36669987
2965,0.99159074,False,Fibroblasts,Dendritic cells,0.033333335,0.03539869,0.23333333,0.24808653,0.36666667,0.35452536,0.36666667,0.36198944
2512,0.99158794,False,Type 2 alveolar,Type 2 alveolar,0.13333334,0.14147402,0.43333334,0.41937923,0.3,0.30868348,0.13333334,0.13046324
2646,0.9915848,False,Type 2 alveolar,Type 2 alveolar,0.1,0.107660994,0.46666667,0.45358008,0.26666668,0.27583608,0.16666667,0.16292284
4957,0.99158394,False,Luminal_Macrophages,Luminal_Macrophages,0.4,0.3872264,0.33333334,0.33398268,0.06666667,0.06260812,0.2,0.21618274
2171,0.9915759,False,Type 2 alveolar,Type 2 alveolar,0.2,0.21039686,0.36666667,0.35458648,0.13333334,0.12856527,0.3,0.30645135
3348,0.99157095,False,Type 2 alveolar,Type 2 alveolar,0.31034482,0.32047814,0.37931034,0.36595434,0.1724138,0.16891176,0.13793103,0.14465581
3946,0.99156916,False,Type 2 alveolar,Type 2 alveolar,0.16666667,0.17340866,0.46666667,0.45066094,0.033333335,0.03247743,0.33333334,0.343453
3332,0.99156654,False,Luminal_Macrophages,Luminal_Macrophages,0.56666666,0.55470663,0.06666667,0.06766451,0.23333333,0.24920236,0.13333334,0.12842646
506,0.9915645,False,Fibroblasts,Fibroblasts,0.3,0.31472602,0.13333334,0.12947668,0.36666667,0.35365233,0.2,0.20214495
2732,0.9915639,False,Luminal_Macrophages,Type 2 alveolar,0.4,0.38939685,0.4,0.39373094,0.16666667,0.16938666,0.033333335,0.04748554
87,0.99156344,False,Fibroblasts,Fibroblasts,0.2,0.20158306,0.3,0.31134123,0.36666667,0.3497935,0.13333334,0.13728225
2299,0.9915585,False,Dendritic cells,Dendritic cells,0.16666667,0.16560407,0.1,0.09788809,0.16666667,0.1529582,0.56666666,0.5835497
2586,0.99155515,False,Dendritic cells,Dendritic cells,0.33333334,0.34764397,0.06666667,0.06924564,0.16666667,0.16071948,0.43333334,0.42239085
3543,0.9915522,False,Dendritic cells,Dendritic cells,0.19354838,0.210444,0.32258064,0.31789872,0.06451613,0.061615184,0.41935483,0.41004205
2709,0.9915458,False,Fibroblasts,Fibroblasts,0.06666667,0.059953675,0.16666667,0.15958457,0.56666666,0.56355333,0.2,0.21690844
2561,0.99154216,False,Type 2 alveolar,Type 2 alveolar,0.13333334,0.15024897,0.33333334,0.32902858,0.3,0.29575112,0.23333333,0.22497131
3249,0.9915391,False,Dendritic cells,Dendritic cells,0.3,0.30916068,0.06666667,0.06616575,0.23333333,0.24109434,0.4,0.38357916
283,0.99153644,False,Type 2 alveolar,Type 2 alveolar,0.033333335,0.040563338,0.36666667,0.35591108,0.26666668,0.27636376,0.33333334,0.32716182
4509,0.9915345,False,Type 2 alveolar,Dendritic cells,0.16666667,0.17836559,0.36666667,0.35579202,0.1,0.09394366,0.36666667,0.37189877
711,0.9915323,False,Type 2 alveolar,Type 2 alveolar,0.26666668,0.26897755,0.36666667,0.34973133,0.23333333,0.23442782,0.13333334,0.14686324
4762,0.99153155,False,Luminal_Macrophages,Luminal_Macrophages,0.56666666,0.5507729,0.16666667,0.16562347,0.0,0.016371565,0.26666668,0.26723203
1175,0.991531,False,Fibroblasts,Fibroblasts,0.33333334,0.34833044,0.1,0.091426946,0.46666667,0.45830178,0.1,0.10194089
364,0.9915295,False,Fibroblasts,Fibroblasts,0.1,0.09374654,0.36666667,0.376372,0.4,0.38931248,0.13333334,0.14056896
4039,0.9915263,False,Type 2 alveolar,Type 2 alveolar,0.23333333,0.24786033,0.4,0.3869591,0.3,0.3024204,0.06666667,0.06276017
134,0.9915248,False,Type 2 alveolar,Type 2 alveolar,0.27586207,0.29030982,0.31034482,0.30314705,0.13793103,0.12817849,0.27586207,0.27836466
4501,0.991524,False,Type 2 alveolar,Type 2 alveolar,0.26666668,0.27892107,0.53333336,0.5166813,0.033333335,0.0330334,0.16666667,0.17136426
2668,0.991523,False,Luminal_Macrophages,Luminal_Macrophages,0.3,0.3082739,0.3,0.30813953,0.26666668,0.26720715,0.13333334,0.116379395
4270,0.991523,False,Fibroblasts,Fibroblasts,0.16129032,0.1745295,0.22580644,0.22952121,0.32258064,0.3079503,0.29032257,0.28799906
4879,0.991518,False,Type 2 alveolar,Type 2 alveolar,0.033333335,0.039017536,0.46666667,0.47794643,0.4,0.39182508,0.1,0.09121093
4347,0.99151284,False,Type 2 alveolar,Type 2 alveolar,0.2,0.20896699,0.36666667,0.34969234,0.26666668,0.27429715,0.16666667,0.16704355
778,0.99151236,False,Type 2 alveolar,Type 2 alveolar,0.26666668,0.27299127,0.36666667,0.35657403,0.06666667,0.05978403,0.3,0.31065068
427,0.9915116,False,Luminal_Macrophages,Luminal_Macrophages,0.4,0.41485813,0.06666667,0.059896674,0.4,0.38979313,0.13333334,0.13545205
4415,0.9915047,False,Type 2 alveolar,Type 2 alveolar,0.033333335,0.0421224,0.7,0.7082014,0.1,0.08778066,0.16666667,0.1618955
179,0.9915037,False,Fibroblasts,Fibroblasts,0.06666667,0.067205906,0.2,0.21259077,0.4,0.38300747,0.33333334,0.3371959
3409,0.9915035,False,Luminal_Macrophages,Luminal_Macrophages,0.76666665,0.7518994,0.2,0.19777419,0.0,0.013552245,0.033333335,0.03677413
1055,0.9915002,False,Type 2 alveolar,Type 2 alveolar,0.23333333,0.2194523,0.26666668,0.26973855,0.26666668,0.26354808,0.23333333,0.24726108
2940,0.9915,False,Type 2 alveolar,Type 2 alveolar,0.2413793,0.25837922,0.3448276,0.34089574,0.06896552,0.06631733,0.3448276,0.3344077
861,0.99149865,False,Type 2 alveolar,Type 2 alveolar,0.16666667,0.18366934,0.4,0.39217973,0.33333334,0.33201447,0.1,0.09213646
991,0.9914957,False,Type 2 alveolar,Type 2 alveolar,0.26666668,0.2740117,0.3,0.28769574,0.16666667,0.16196242,0.26666668,0.27633017
3965,0.991495,False,Fibroblasts,Fibroblasts,0.32258064,0.32855308,0.22580644,0.23684399,0.3548387,0.34010476,0.09677419,0.0944982
3690,0.991495,False,Fibroblasts,Fibroblasts,0.2,0.20261022,0.23333333,0.24028279,0.36666667,0.34965664,0.2,0.20745033
3799,0.99149436,False,Type 2 alveolar,Fibroblasts,0.13333334,0.13065727,0.3,0.2919582,0.3,0.29370654,0.26666668,0.283678
1987,0.99149054,False,Fibroblasts,Dendritic cells,0.16666667,0.18293983,0.033333335,0.034079082,0.4,0.38862535,0.4,0.39435568
95,0.9914898,False,Fibroblasts,Fibroblasts,0.22580644,0.24282677,0.12903225,0.12496898,0.58064514,0.57669747,0.06451613,0.055506803
3011,0.99148846,False,Luminal_Macrophages,Luminal_Macrophages,0.4,0.3840261,0.26666668,0.2783488,0.13333334,0.13228415,0.2,0.20534097
3198,0.9914801,False,Luminal_Macrophages,Luminal_Macrophages,0.51724136,0.50145566,0.2413793,0.25841913,0.13793103,0.13670745,0.10344828,0.10341776
2929,0.9914797,False,Fibroblasts,Fibroblasts,0.033333335,0.039248034,0.1,0.087518185,0.53333336,0.52877456,0.33333334,0.34445927
3354,0.9914764,False,Luminal_Macrophages,Luminal_Macrophages,0.43333334,0.4499033,0.1,0.10047723,0.4,0.399021,0.06666667,0.050598457
4949,0.9914657,False,Fibroblasts,Fibroblasts,0.23333333,0.23952648,0.16666667,0.16946739,0.33333334,0.31626475,0.26666668,0.27474138
514,0.99146074,False,Fibroblasts,Fibroblasts,0.033333335,0.03706713,0.36666667,0.36922866,0.4,0.38292146,0.2,0.2107828
1528,0.9914602,False,Type 2 alveolar,Type 2 alveolar,0.29032257,0.29780674,0.38709676,0.37001717,0.29032257,0.29159755,0.032258064,0.040578503
2055,0.9914583,False,Type 2 alveolar,Type 2 alveolar,0.19354838,0.18111376,0.29032257,0.29196295,0.29032257,0.28567374,0.22580644,0.24124949
2663,0.9914557,False,Fibroblasts,Fibroblasts,0.23333333,0.25042197,0.23333333,0.23108327,0.3,0.29529682,0.23333333,0.22319792
3963,0.99145526,False,Type 2 alveolar,Type 2 alveolar,0.1,0.10179926,0.5,0.49166837,0.3,0.31529024,0.1,0.09124219
3857,0.9914534,False,Type 2 alveolar,Type 2 alveolar,0.09677419,0.098277465,0.38709676,0.40268672,0.3548387,0.35236442,0.16129032,0.14667137
1211,0.99145246,False,Fibroblasts,Fibroblasts,0.36666667,0.3757652,0.06666667,0.06664817,0.4,0.38292336,0.16666667,0.17466328
4609,0.9914461,False,Dendritic cells,Dendritic cells,0.19354838,0.20101489,0.22580644,0.21913087,0.2580645,0.2677059,0.32258064,0.31214833
1105,0.9914448,False,Fibroblasts,Fibroblasts,0.06896552,0.06763288,0.0,0.017110296,0.55172414,0.5431835,0.37931034,0.3720733
2093,0.9914419,False,Type 2 alveolar,Type 2 alveolar,0.19354838,0.20855835,0.38709676,0.38058525,0.032258064,0.034364324,0.38709676,0.37649208
1864,0.9914356,False,Luminal_Macrophages,Luminal_Macrophages,0.4,0.38666406,0.3,0.3118325,0.23333333,0.23862968,0.06666667,0.062873825
1357,0.99143505,False,Type 2 alveolar,Type 2 alveolar,0.33333334,0.3463095,0.4,0.38920885,0.13333334,0.1269946,0.13333334,0.13748705
2867,0.9914337,False,Luminal_Macrophages,Luminal_Macrophages,0.36666667,0.349534,0.3,0.31182086,0.23333333,0.23618564,0.1,0.10245949
3932,0.99143153,False,Dendritic cells,Dendritic cells,0.16129032,0.16507635,0.032258064,0.029247208,0.12903225,0.11490619,0.67741936,0.6907702
1706,0.99143106,False,Type 2 alveolar,Type 2 alveolar,0.1,0.09048666,0.43333334,0.4389235,0.43333334,0.4257088,0.033333335,0.04488095
4796,0.99143004,False,Type 2 alveolar,Type 2 alveolar,0.3,0.3107656,0.33333334,0.3361278,0.26666668,0.2702466,0.1,0.08286003
4504,0.99142915,False,Luminal_Macrophages,Luminal_Macrophages,0.55172414,0.5502846,0.06896552,0.06301221,0.27586207,0.29300374,0.10344828,0.093699396
4870,0.9914278,False,Fibroblasts,Fibroblasts,0.1,0.1070511,0.23333333,0.23640408,0.5,0.48285556,0.16666667,0.17368923
2486,0.9914255,False,Type 2 alveolar,Type 2 alveolar,0.16129032,0.16954118,0.32258064,0.3107183,0.2580645,0.25277787,0.2580645,0.26696265
3038,0.9914224,False,Fibroblasts,Fibroblasts,0.13333334,0.12633672,0.1,0.102851994,0.56666666,0.55650806,0.2,0.21430318
2788,0.9914167,False,Luminal_Macrophages,Luminal_Macrophages,0.73333335,0.73000544,0.0,0.017166601,0.1,0.08898135,0.16666667,0.16384657
4733,0.99141574,False,Fibroblasts,Fibroblasts,0.16666667,0.17037153,0.23333333,0.24679697,0.5,0.49005893,0.1,0.09277259
4812,0.9914132,False,Type 2 alveolar,Dendritic cells,0.06666667,0.05726082,0.43333334,0.4352538,0.06666667,0.058898907,0.43333334,0.44858655
623,0.9914097,False,Luminal_Macrophages,Luminal_Macrophages,0.3,0.31718057,0.3,0.29521748,0.16666667,0.15883435,0.23333333,0.2287676
815,0.99140865,False,Luminal_Macrophages,Luminal_Macrophages,0.3548387,0.3507597,0.2580645,0.2620687,0.12903225,0.11592857,0.2580645,0.27124298
1721,0.9914062,False,Type 2 alveolar,Type 2 alveolar,0.46666667,0.4673101,0.5,0.48959723,0.0,0.016544176,0.033333335,0.026548436
3761,0.991406,False,Fibroblasts,Fibroblasts,0.23333333,0.24376325,0.26666668,0.27173838,0.33333334,0.31614536,0.16666667,0.16835299
537,0.9914054,False,Luminal_Macrophages,Luminal_Macrophages,0.46666667,0.45501453,0.2,0.20488782,0.26666668,0.27896795,0.06666667,0.061129667
3561,0.99140435,False,Dendritic cells,Dendritic cells,0.2,0.2091529,0.1,0.09367591,0.3,0.3080384,0.4,0.3891327
4641,0.9914042,False,Type 2 alveolar,Type 2 alveolar,0.16666667,0.1802842,0.4,0.38280827,0.23333333,0.23597339,0.2,0.20093408
3908,0.99139935,False,Dendritic cells,Dendritic cells,0.26666668,0.28386799,0.3,0.2990525,0.1,0.089376114,0.33333334,0.32770336
320,0.99139935,False,Luminal_Macrophages,Luminal_Macrophages,0.3448276,0.33277515,0.27586207,0.2885713,0.06896552,0.06381667,0.31034482,0.31483683
2387,0.99139845,False,Dendritic cells,Dendritic cells,0.12903225,0.12778588,0.2580645,0.27526754,0.19354838,0.1902204,0.41935483,0.4067261
2912,0.991397,False,Type 2 alveolar,Type 2 alveolar,0.033333335,0.05053934,0.33333334,0.32583308,0.33333334,0.32444343,0.3,0.29918417
3128,0.99139065,False,Luminal_Macrophages,Luminal_Macrophages,0.3548387,0.3720574,0.16129032,0.15625273,0.16129032,0.15140922,0.32258064,0.32028067
958,0.9913903,False,Fibroblasts,Fibroblasts,0.2,0.20758498,0.33333334,0.34296778,0.36666667,0.35129628,0.1,0.09815096
2504,0.99137884,False,Luminal_Macrophages,Luminal_Macrophages,0.33333334,0.33383203,0.33333334,0.32350704,0.06666667,0.059250623,0.26666668,0.28341034
4541,0.9913782,False,Dendritic cells,Dendritic cells,0.03448276,0.044031806,0.31034482,0.3124045,0.27586207,0.28149694,0.37931034,0.36206678
3422,0.99137676,False,Fibroblasts,Fibroblasts,0.33333334,0.34391102,0.1,0.09933971,0.36666667,0.35008043,0.2,0.20666884
1810,0.9913757,False,Fibroblasts,Fibroblasts,0.46666667,0.46070254,0.033333335,0.033771332,0.5,0.4887155,0.0,0.016810615
2433,0.9913756,False,Luminal_Macrophages,Luminal_Macrophages,0.43333334,0.4162823,0.3,0.29980233,0.23333333,0.24722196,0.033333335,0.03669342
4343,0.9913752,False,Dendritic cells,Dendritic cells,0.2,0.205827,0.16666667,0.1631369,0.26666668,0.27808928,0.36666667,0.3529468
735,0.99137473,False,Dendritic cells,Dendritic cells,0.13333334,0.1452423,0.3,0.3053415,0.16666667,0.16009027,0.4,0.38932592
3374,0.9913735,False,Type 2 alveolar,Type 2 alveolar,0.3,0.3112862,0.36666667,0.36052012,0.1,0.088893496,0.23333333,0.23930019
467,0.9913722,False,Type 2 alveolar,Type 2 alveolar,0.26666668,0.2830653,0.3,0.30085692,0.3,0.29387802,0.13333334,0.12219976
4986,0.9913687,False,Dendritic cells,Dendritic cells,0.33333334,0.3390148,0.033333335,0.044914495,0.13333334,0.1312719,0.5,0.48479882
3106,0.99136865,False,Luminal_Macrophages,Luminal_Macrophages,0.4,0.3876857,0.33333334,0.33683476,0.06666667,0.061718278,0.2,0.2137612
2914,0.9913613,False,Dendritic cells,Dendritic cells,0.03448276,0.04358359,0.06896552,0.056356933,0.3448276,0.34015876,0.55172414,0.5599007
609,0.9913613,False,Luminal_Macrophages,Luminal_Macrophages,0.26666668,0.28324926,0.26666668,0.26736143,0.23333333,0.22991621,0.23333333,0.21947314
2245,0.99136066,False,Fibroblasts,Fibroblasts,0.12903225,0.13297363,0.22580644,0.23053676,0.41935483,0.40207615,0.22580644,0.23441349
4566,0.99136055,False,Dendritic cells,Dendritic cells,0.2,0.2145128,0.13333334,0.12054227,0.13333334,0.12884551,0.53333336,0.5360994
1364,0.99135,False,Type 2 alveolar,Type 2 alveolar,0.3,0.29609028,0.36666667,0.35327643,0.033333335,0.039481387,0.3,0.31115195
163,0.9913488,False,Dendritic cells,Dendritic cells,0.033333335,0.038856708,0.16666667,0.16919929,0.16666667,0.1493642,0.6333333,0.64257973
1475,0.99134797,False,Fibroblasts,Fibroblasts,0.33333334,0.33938026,0.2,0.20767076,0.4,0.38269588,0.06666667,0.070253044
3731,0.9913437,False,Dendritic cells,Dendritic cells,0.33333334,0.35064602,0.1,0.09633501,0.13333334,0.1204843,0.43333334,0.43253472
2024,0.99134076,False,Luminal_Macrophages,Luminal_Macrophages,0.3,0.29083386,0.23333333,0.24921405,0.2,0.19184762,0.26666668,0.2681045
4822,0.9913378,False,Type 2 alveolar,Type 2 alveolar,0.3,0.30703005,0.33333334,0.32385498,0.13333334,0.12548724,0.23333333,0.24362773
4546,0.9913352,False,Type 2 alveolar,Type 2 alveolar,0.033333335,0.042089146,0.53333336,0.53109026,0.33333334,0.34190714,0.1,0.08491348
2460,0.99133414,False,Luminal_Macrophages,Luminal_Macrophages,0.37931034,0.3954528,0.06896552,0.0636955,0.37931034,0.3672486,0.1724138,0.17360307
4276,0.99133337,False,Type 2 alveolar,Type 2 alveolar,0.2,0.2099525,0.4,0.38266677,0.1,0.101153016,0.3,0.30622774
1026,0.9913279,False,Dendritic cells,Dendritic cells,0.2,0.21114121,0.3,0.30620307,0.13333334,0.12734601,0.36666667,0.35530972
3805,0.9913268,False,Dendritic cells,Dendritic cells,0.27586207,0.28925383,0.10344828,0.09532471,0.27586207,0.2798167,0.3448276,0.33560485
3617,0.9913266,False,Luminal_Macrophages,Luminal_Macrophages,0.48387095,0.46731308,0.3548387,0.36306295,0.12903225,0.12824328,0.032258064,0.041380703
3927,0.991322,False,Dendritic cells,Dendritic cells,0.2413793,0.24486823,0.2413793,0.25524637,0.1724138,0.1697788,0.3448276,0.33010653
3654,0.991321,False,Luminal_Macrophages,Luminal_Macrophages,0.41379312,0.39643517,0.37931034,0.3802738,0.1724138,0.17672512,0.03448276,0.046565924
4650,0.9913181,False,Type 2 alveolar,Type 2 alveolar,0.3448276,0.34756982,0.37931034,0.3727235,0.10344828,0.09267133,0.1724138,0.1870353
3308,0.9913164,False,Luminal_Macrophages,Luminal_Macrophages,0.5,0.50961393,0.33333334,0.34108663,0.06666667,0.061679535,0.1,0.08761991
2489,0.9913149,False,Dendritic cells,Dendritic cells,0.3,0.30583698,0.033333335,0.033892732,0.23333333,0.2443072,0.43333334,0.41596302
4318,0.9913101,False,Dendritic cells,Dendritic cells,0.1,0.09813799,0.16666667,0.16885999,0.26666668,0.2818531,0.46666667,0.45114896
2145,0.9913097,False,Fibroblasts,Fibroblasts,0.03448276,0.040400345,0.2413793,0.24881737,0.41379312,0.39641252,0.31034482,0.3143698
4982,0.991308,False,Type 2 alveolar,Type 2 alveolar,0.22580644,0.23575872,0.3548387,0.33745468,0.16129032,0.1652805,0.2580645,0.2615061
1244,0.9913034,False,Luminal_Macrophages,Luminal_Macrophages,0.26666668,0.28285158,0.23333333,0.21911804,0.23333333,0.23015541,0.26666668,0.26787496
3402,0.99130195,False,Dendritic cells,Dendritic cells,0.2,0.21131876,0.26666668,0.27274403,0.2,0.19419713,0.33333334,0.32174006
1884,0.9913002,False,Fibroblasts,Fibroblasts,0.16129032,0.15687051,0.22580644,0.23272571,0.41935483,0.40637502,0.19354838,0.20402871
2370,0.9912981,False,Luminal_Macrophages,Luminal_Macrophages,0.4,0.38915947,0.26666668,0.2724872,0.26666668,0.27825004,0.06666667,0.06010331
3554,0.9912953,False,Type 2 alveolar,Type 2 alveolar,0.2,0.21522413,0.43333334,0.4193284,0.16666667,0.16326222,0.2,0.20218526
2344,0.9912905,False,Fibroblasts,Fibroblasts,0.13333334,0.1392926,0.3,0.29975903,0.33333334,0.3161553,0.23333333,0.24479307
3950,0.99129,False,Type 2 alveolar,Type 2 alveolar,0.1,0.09722075,0.46666667,0.46037272,0.06666667,0.058319792,0.36666667,0.38408664
3482,0.99128747,False,Fibroblasts,Dendritic cells,0.23333333,0.25075838,0.1,0.0966776,0.33333334,0.32234222,0.33333334,0.33022183
4916,0.991286,False,Luminal_Macrophages,Luminal_Macrophages,0.31034482,0.31544885,0.1724138,0.15517797,0.2413793,0.24118705,0.27586207,0.28818613
1771,0.9912853,False,Dendritic cells,Dendritic cells,0.26666668,0.28409594,0.2,0.19982304,0.2,0.19786713,0.33333334,0.31821385
4085,0.9912835,False,Fibroblasts,Fibroblasts,0.27586207,0.29122373,0.1724138,0.16153532,0.31034482,0.30379027,0.2413793,0.24345073
1813,0.9912822,False,Luminal_Macrophages,Luminal_Macrophages,0.4,0.3864601,0.2,0.1961043,0.26666668,0.2754743,0.13333334,0.14196126
3411,0.99128115,False,Type 2 alveolar,Type 2 alveolar,0.16129032,0.17872801,0.4516129,0.43750998,0.19354838,0.19253096,0.19354838,0.19123106
2872,0.99127656,False,Fibroblasts,Fibroblasts,0.23333333,0.23834449,0.1,0.0969407,0.53333336,0.5189458,0.13333334,0.14576903
1679,0.99127394,False,Luminal_Macrophages,Luminal_Macrophages,0.37931034,0.36571378,0.13793103,0.13407548,0.2413793,0.24615379,0.2413793,0.2540569
3634,0.991271,False,Luminal_Macrophages,Luminal_Macrophages,0.4,0.38949817,0.26666668,0.27334604,0.16666667,0.15971053,0.16666667,0.17744528
1951,0.9912631,False,Luminal_Macrophages,Luminal_Macrophages,0.3548387,0.34506705,0.2580645,0.27028972,0.12903225,0.12133003,0.2580645,0.26331317
2973,0.9912625,False,Luminal_Macrophages,Luminal_Macrophages,0.4,0.39024982,0.2,0.2041706,0.06666667,0.05894178,0.33333334,0.3466378
3829,0.99126136,False,Fibroblasts,Fibroblasts,0.22580644,0.22989601,0.12903225,0.13788648,0.4516129,0.43413565,0.19354838,0.19808182
4825,0.9912509,False,Dendritic cells,Dendritic cells,0.26666668,0.28416494,0.033333335,0.03324971,0.2,0.19984578,0.5,0.48273957
2589,0.99124855,False,Type 2 alveolar,Type 2 alveolar,0.3,0.31034926,0.36666667,0.35862982,0.1,0.09053401,0.23333333,0.24048695
2062,0.9912428,False,Dendritic cells,Dendritic cells,0.31034482,0.3278591,0.1724138,0.17132078,0.1724138,0.16491675,0.3448276,0.33590335
989,0.99124235,False,Type 2 alveolar,Type 2 alveolar,0.26666668,0.284182,0.33333334,0.32293382,0.2,0.1948865,0.2,0.19799764
502,0.9912407,False,Luminal_Macrophages,Luminal_Macrophages,0.33333334,0.3440483,0.1,0.082481354,0.3,0.3005339,0.26666668,0.2729365
407,0.9912404,False,Dendritic cells,Dendritic cells,0.16666667,0.1665772,0.033333335,0.029771538,0.13333334,0.11946531,0.6666667,0.684186
4952,0.9912399,False,Type 2 alveolar,Type 2 alveolar,0.09677419,0.088609435,0.41935483,0.43687505,0.41935483,0.41604325,0.06451613,0.058472257
2070,0.9912378,False,Dendritic cells,Dendritic cells,0.13333334,0.14567778,0.26666668,0.25803122,0.26666668,0.27184653,0.33333334,0.3244444
195,0.9912362,False,Type 2 alveolar,Type 2 alveolar,0.13793103,0.15020695,0.3448276,0.3302768,0.2413793,0.23840255,0.27586207,0.28111365
763,0.9912355,False,Luminal_Macrophages,Luminal_Macrophages,0.33333334,0.32592854,0.3,0.2972174,0.13333334,0.12599169,0.23333333,0.25086233
216,0.99123484,False,Luminal_Macrophages,Luminal_Macrophages,0.33333334,0.34696338,0.1,0.08970189,0.26666668,0.270567,0.3,0.29276773
3571,0.99123365,False,Type 2 alveolar,Type 2 alveolar,0.26666668,0.28109494,0.36666667,0.35093966,0.26666668,0.2697711,0.1,0.09819429
4337,0.9912302,False,Fibroblasts,Fibroblasts,0.1,0.117041044,0.26666668,0.26149434,0.33333334,0.320966,0.3,0.3004986
551,0.99122715,False,Fibroblasts,Fibroblasts,0.033333335,0.03781911,0.43333334,0.44639322,0.46666667,0.4583271,0.06666667,0.057460528
2312,0.99122375,False,Fibroblasts,Fibroblasts,0.23333333,0.23175569,0.26666668,0.27528858,0.36666667,0.35069177,0.13333334,0.14226396
4055,0.99122083,False,Fibroblasts,Dendritic cells,0.26666668,0.28230804,0.13333334,0.12278268,0.3,0.2929923,0.3,0.301917
2577,0.9912208,False,Luminal_Macrophages,Luminal_Macrophages,0.31034482,0.32024595,0.10344828,0.0962682,0.31034482,0.29996645,0.27586207,0.28351945
792,0.9912203,False,Luminal_Macrophages,Luminal_Macrophages,0.33333334,0.32633042,0.16666667,0.15611017,0.26666668,0.2725245,0.23333333,0.2450349
4842,0.99122006,False,Dendritic cells,Dendritic cells,0.26666668,0.27905726,0.033333335,0.038502596,0.33333334,0.32924008,0.36666667,0.35320008
2820,0.99121857,False,Fibroblasts,Fibroblasts,0.16129032,0.16617441,0.29032257,0.3025126,0.4516129,0.43405002,0.09677419,0.09726299
4668,0.9912179,False,Luminal_Macrophages,Fibroblasts,0.26666668,0.26170877,0.23333333,0.2508975,0.26666668,0.26562947,0.23333333,0.22176425
3985,0.99121624,False,Fibroblasts,Fibroblasts,0.3548387,0.35649696,0.19354838,0.19699933,0.41935483,0.40178728,0.032258064,0.044716395
3794,0.9912149,False,Fibroblasts,Fibroblasts,0.1,0.082429774,0.36666667,0.38010547,0.46666667,0.46678987,0.06666667,0.07067491
2424,0.9912149,False,Type 2 alveolar,Type 2 alveolar,0.23333333,0.24680483,0.36666667,0.35242134,0.1,0.09667511,0.3,0.3040987
2854,0.99121463,False,Luminal_Macrophages,Luminal_Macrophages,0.5483871,0.5406585,0.09677419,0.08693205,0.19354838,0.19367251,0.16129032,0.17873698
4266,0.9912137,False,Fibroblasts,Fibroblasts,0.06666667,0.06230256,0.3,0.31582874,0.43333334,0.42012474,0.2,0.20174393
1303,0.99121296,False,Fibroblasts,Fibroblasts,0.1724138,0.17991863,0.27586207,0.2859313,0.37931034,0.36253464,0.1724138,0.17161539
3313,0.99121225,False,Luminal_Macrophages,Luminal_Macrophages,0.6451613,0.6571688,0.09677419,0.0837377,0.12903225,0.124493204,0.12903225,0.1346003
4987,0.9912094,False,Luminal_Macrophages,Luminal_Macrophages,0.46666667,0.46911314,0.16666667,0.16372474,0.26666668,0.28180134,0.1,0.08536069
2196,0.99120647,False,Dendritic cells,Dendritic cells,0.12903225,0.13575557,0.2580645,0.2689282,0.29032257,0.28768373,0.32258064,0.30763245
4350,0.99120414,False,Luminal_Macrophages,Luminal_Macrophages,0.33333334,0.3325655,0.33333334,0.32176578,0.06666667,0.06141039,0.26666668,0.28425837
860,0.9912012,False,Luminal_Macrophages,Luminal_Macrophages,0.36666667,0.35905722,0.26666668,0.282512,0.16666667,0.15667853,0.2,0.20175228
843,0.9911935,False,Fibroblasts,Fibroblasts,0.16666667,0.1705465,0.23333333,0.22890946,0.33333334,0.32014415,0.26666668,0.28039992
4615,0.9911935,False,Type 2 alveolar,Type 2 alveolar,0.06666667,0.06599238,0.46666667,0.45246613,0.033333335,0.030595075,0.43333334,0.45094645
3825,0.9911876,False,Dendritic cells,Dendritic cells,0.36666667,0.38363817,0.1,0.0896195,0.06666667,0.06731994,0.46666667,0.45942232
3092,0.99118304,False,Type 2 alveolar,Type 2 alveolar,0.13333334,0.134605,0.46666667,0.44903278,0.26666668,0.28021765,0.13333334,0.13614455
1061,0.9911815,False,Luminal_Macrophages,Luminal_Macrophages,0.53333336,0.53640634,0.3,0.31456408,0.1,0.08915599,0.06666667,0.059873614
4322,0.99118054,False,Fibroblasts,Fibroblasts,0.13333334,0.14100571,0.13333334,0.12582703,0.4,0.38986745,0.33333334,0.3432999
26,0.99117607,False,Fibroblasts,Fibroblasts,0.09677419,0.09833697,0.12903225,0.12972721,0.4516129,0.43396503,0.32258064,0.33797082
4096,0.99117225,False,Dendritic cells,Dendritic cells,0.1,0.092706814,0.26666668,0.2835198,0.2,0.20080242,0.43333334,0.422971
246,0.9911712,False,Luminal_Macrophages,Luminal_Macrophages,0.36666667,0.37163988,0.3,0.31268442,0.13333334,0.12539247,0.2,0.19028315
2581,0.99117106,False,Fibroblasts,Fibroblasts,0.16666667,0.17664556,0.26666668,0.2743456,0.33333334,0.3191914,0.23333333,0.22981742
2966,0.99116915,False,Type 2 alveolar,Type 2 alveolar,0.13793103,0.1292874,0.7241379,0.7151199,0.0,0.015216389,0.13793103,0.14037634
1800,0.99116814,False,Dendritic cells,Dendritic cells,0.23333333,0.24677968,0.13333334,0.13755067,0.2,0.19142736,0.43333334,0.42424232
1607,0.99116814,False,Type 2 alveolar,Type 2 alveolar,0.26666668,0.2843304,0.33333334,0.32698557,0.23333333,0.22883667,0.16666667,0.1598473
874,0.9911617,False,Luminal_Macrophages,Luminal_Macrophages,0.4,0.38579032,0.13333334,0.12986635,0.26666668,0.2791159,0.2,0.20522742
4448,0.99116004,False,Fibroblasts,Fibroblasts,0.1724138,0.17627974,0.2413793,0.24891734,0.37931034,0.3616304,0.20689656,0.21317257
2682,0.9911594,False,Luminal_Macrophages,Luminal_Macrophages,0.3,0.31683585,0.2,0.1899833,0.26666668,0.26751208,0.23333333,0.2256688
4235,0.9911579,False,Fibroblasts,Fibroblasts,0.2,0.2081669,0.16666667,0.16049202,0.33333334,0.32182378,0.3,0.30951738
600,0.99115264,False,Type 2 alveolar,Type 2 alveolar,0.23333333,0.246578,0.5,0.48230532,0.16666667,0.1696608,0.1,0.10145586
3577,0.9911521,False,Fibroblasts,Fibroblasts,0.13333334,0.14477135,0.13333334,0.12746258,0.4,0.38817495,0.33333334,0.33959106
642,0.991152,False,Type 2 alveolar,Dendritic cells,0.19354838,0.21124436,0.3548387,0.34716672,0.09677419,0.09092218,0.3548387,0.3506667
1587,0.99115163,False,Dendritic cells,Dendritic cells,0.26666668,0.27877468,0.16666667,0.15010276,0.26666668,0.2722554,0.3,0.2988671
4263,0.9911477,False,Type 2 alveolar,Type 2 alveolar,0.3548387,0.37248328,0.5483871,0.53528094,0.032258064,0.03231812,0.06451613,0.05991767
1010,0.9911379,False,Type 2 alveolar,Type 2 alveolar,0.3,0.31576684,0.56666666,0.5490463,0.033333335,0.033229508,0.1,0.10195732
675,0.9911363,False,Fibroblasts,Fibroblasts,0.032258064,0.031419776,0.32258064,0.3297058,0.41935483,0.40246567,0.22580644,0.2364087
3784,0.99113214,False,Type 2 alveolar,Type 2 alveolar,0.2,0.21452072,0.36666667,0.36440167,0.26666668,0.2698816,0.16666667,0.15119596
3100,0.9911309,False,Fibroblasts,Fibroblasts,0.3548387,0.36961305,0.12903225,0.12885779,0.48387095,0.4663072,0.032258064,0.03522195
906,0.9911279,False,Luminal_Macrophages,Luminal_Macrophages,0.4,0.39904344,0.16666667,0.14987905,0.26666668,0.2811504,0.16666667,0.16992714
1091,0.9911231,False,Luminal_Macrophages,Luminal_Macrophages,0.5,0.51775384,0.06666667,0.058494657,0.4,0.39224902,0.033333335,0.03150246
3155,0.99112165,False,Luminal_Macrophages,Luminal_Macrophages,0.36666667,0.36026898,0.2,0.1958951,0.16666667,0.15941247,0.26666668,0.28442338
4626,0.9911198,False,Type 2 alveolar,Dendritic cells,0.10344828,0.12120866,0.31034482,0.3016559,0.27586207,0.27446517,0.31034482,0.3026703
124,0.9911186,False,Dendritic cells,Dendritic cells,0.26666668,0.2844295,0.2,0.19829017,0.23333333,0.22581723,0.3,0.2914631
1713,0.9911185,False,Dendritic cells,Dendritic cells,0.033333335,0.036291726,0.2,0.20949617,0.3,0.30530843,0.46666667,0.44890365
1837,0.9911157,False,Type 2 alveolar,Type 2 alveolar,0.2,0.2128262,0.36666667,0.3524541,0.26666668,0.271609,0.16666667,0.16311064
1788,0.9911135,False,Dendritic cells,Dendritic cells,0.1724138,0.19018684,0.06896552,0.060373753,0.3448276,0.34269515,0.41379312,0.4067442
3879,0.99111015,False,Luminal_Macrophages,Luminal_Macrophages,0.43333334,0.41555366,0.2,0.2015715,0.16666667,0.17001052,0.2,0.21286432
2574,0.9911054,False,Fibroblasts,Fibroblasts,0.10344828,0.10107439,0.1724138,0.17237607,0.41379312,0.39841557,0.31034482,0.32813403
458,0.99110377,False,Dendritic cells,Dendritic cells,0.26666668,0.27511048,0.2,0.20934859,0.2,0.19372049,0.33333334,0.32182044
4561,0.99110353,False,Type 2 alveolar,Dendritic cells,0.26666668,0.27438122,0.33333334,0.32178065,0.06666667,0.06042638,0.33333334,0.34341177
3658,0.9911021,False,Dendritic cells,Dendritic cells,0.19354838,0.19302836,0.29032257,0.30811837,0.12903225,0.11944929,0.38709676,0.37940398
1977,0.9910982,False,Luminal_Macrophages,Luminal_Macrophages,0.38709676,0.37802815,0.3548387,0.34610382,0.22580644,0.23896734,0.032258064,0.0369007
2083,0.99109685,False,Fibroblasts,Fibroblasts,0.13793103,0.15249616,0.27586207,0.2772217,0.3448276,0.32702136,0.2413793,0.24326082
539,0.99109364,False,Dendritic cells,Dendritic cells,0.033333335,0.03883525,0.4,0.3885542,0.06666667,0.06029973,0.5,0.5123108
3019,0.9910916,False,Dendritic cells,Dendritic cells,0.19354838,0.20644659,0.19354838,0.18689469,0.29032257,0.29524112,0.32258064,0.31141764
4371,0.9910883,False,Dendritic cells,Dendritic cells,0.1,0.11091769,0.23333333,0.24023913,0.23333333,0.2321884,0.43333334,0.41665483
3597,0.9910855,False,Fibroblasts,Fibroblasts,0.26666668,0.27818835,0.26666668,0.2716647,0.33333334,0.31550434,0.13333334,0.1346426
1119,0.99108005,False,Luminal_Macrophages,Luminal_Macrophages,0.33333334,0.3248318,0.23333333,0.24137455,0.13333334,0.12399499,0.3,0.30979866
4551,0.9910781,False,Type 2 alveolar,Type 2 alveolar,0.2,0.20940596,0.36666667,0.35948822,0.26666668,0.2751046,0.16666667,0.15600124
1294,0.99107075,False,Dendritic cells,Dendritic cells,0.19354838,0.21028532,0.06451613,0.057292365,0.09677419,0.0861394,0.6451613,0.6462829
1723,0.99107075,False,Luminal_Macrophages,Luminal_Macrophages,0.3548387,0.3459391,0.12903225,0.120073386,0.2580645,0.26198816,0.2580645,0.2719994
1962,0.99106157,False,Fibroblasts,Fibroblasts,0.4,0.3836079,0.13333334,0.13884978,0.43333334,0.4318486,0.033333335,0.04569376
3742,0.9910587,False,Dendritic cells,Dendritic cells,0.16666667,0.17847008,0.16666667,0.16879337,0.3,0.30395243,0.36666667,0.34878412
4587,0.9910477,False,Type 2 alveolar,Type 2 alveolar,0.26666668,0.26868892,0.36666667,0.35565266,0.13333334,0.12644266,0.23333333,0.24921577
4552,0.9910476,False,Fibroblasts,Fibroblasts,0.2,0.201028,0.3,0.3168767,0.33333334,0.32433218,0.16666667,0.15776308
1792,0.99104565,False,Fibroblasts,Fibroblasts,0.19354838,0.19876401,0.22580644,0.2248194,0.32258064,0.30565903,0.2580645,0.27075753
1761,0.9910451,False,Fibroblasts,Fibroblasts,0.23333333,0.24774003,0.16666667,0.17016968,0.53333336,0.5278196,0.06666667,0.054270715
3466,0.99104434,False,Luminal_Macrophages,Luminal_Macrophages,0.4,0.38308385,0.3,0.2990048,0.26666668,0.27906725,0.033333335,0.038844083
347,0.9910412,False,Dendritic cells,Dendritic cells,0.31034482,0.328241,0.1724138,0.17243525,0.13793103,0.13080569,0.37931034,0.36851808
4345,0.99104077,False,Luminal_Macrophages,Luminal_Macrophages,0.4516129,0.4421011,0.29032257,0.3052616,0.19354838,0.19652782,0.06451613,0.05610948
1928,0.99104035,False,Type 2 alveolar,Type 2 alveolar,0.06666667,0.048747458,0.43333334,0.44202876,0.4,0.40120086,0.1,0.10802301
3502,0.9910393,False,Luminal_Macrophages,Luminal_Macrophages,0.43333334,0.41541186,0.26666668,0.2744808,0.16666667,0.16702281,0.13333334,0.1430846
3031,0.9910372,False,Type 2 alveolar,Type 2 alveolar,0.29032257,0.30485624,0.3548387,0.34725067,0.19354838,0.1969404,0.16129032,0.1509527
4297,0.9910371,False,Type 2 alveolar,Type 2 alveolar,0.23333333,0.25007796,0.36666667,0.35131663,0.06666667,0.06784794,0.33333334,0.33075747
256,0.99103475,False,Dendritic cells,Dendritic cells,0.16129032,0.15429842,0.19354838,0.19765522,0.12903225,0.1180936,0.516129,0.52995276
1267,0.99103343,False,Luminal_Macrophages,Luminal_Macrophages,0.36666667,0.38165224,0.033333335,0.035711396,0.36666667,0.3487335,0.23333333,0.23390286
3672,0.9910329,False,Type 2 alveolar,Type 2 alveolar,0.2,0.21198222,0.4,0.3882443,0.1,0.09382153,0.3,0.305952
2639,0.9910323,False,Type 2 alveolar,Type 2 alveolar,0.23333333,0.23653606,0.36666667,0.35207435,0.16666667,0.16332361,0.23333333,0.24806602
4772,0.99103004,False,Luminal_Macrophages,Luminal_Macrophages,0.36666667,0.3537859,0.33333334,0.3282742,0.26666668,0.27712518,0.033333335,0.040814757
405,0.9910285,False,Fibroblasts,Fibroblasts,0.26666668,0.2722812,0.26666668,0.27899522,0.3,0.29018462,0.16666667,0.15853903
601,0.991028,False,Fibroblasts,Fibroblasts,0.032258064,0.04461259,0.32258064,0.32093748,0.3548387,0.33853787,0.29032257,0.29591206
4990,0.99102753,False,Fibroblasts,Fibroblasts,0.2,0.21794488,0.26666668,0.2656662,0.3,0.2968174,0.23333333,0.21957155
592,0.9910235,False,Type 2 alveolar,Type 2 alveolar,0.27586207,0.28262642,0.41379312,0.40163603,0.13793103,0.13213508,0.1724138,0.18360245
1943,0.99102056,False,Fibroblasts,Fibroblasts,0.16666667,0.17279772,0.33333334,0.34516117,0.43333334,0.41780296,0.06666667,0.06423809
4128,0.9910177,False,Type 2 alveolar,Type 2 alveolar,0.06896552,0.06828704,0.44827586,0.4368133,0.13793103,0.13210754,0.3448276,0.36279216
453,0.9910173,False,Luminal_Macrophages,Luminal_Macrophages,0.33333334,0.34203795,0.06666667,0.065305375,0.26666668,0.27592742,0.33333334,0.3167292
1420,0.99101603,False,Luminal_Macrophages,Luminal_Macrophages,0.4,0.39581212,0.2,0.19031744,0.13333334,0.12923591,0.26666668,0.28463456
2079,0.9910144,False,Fibroblasts,Fibroblasts,0.23333333,0.24423078,0.26666668,0.26171622,0.33333334,0.32031265,0.16666667,0.17374036
1677,0.9910132,False,Type 2 alveolar,Type 2 alveolar,0.3,0.31521696,0.36666667,0.3594901,0.13333334,0.122536376,0.2,0.20275654
688,0.99101317,False,Luminal_Macrophages,Luminal_Macrophages,0.26666668,0.28174016,0.26666668,0.25514016,0.2,0.19355284,0.26666668,0.2695668
2239,0.99101293,False,Fibroblasts,Fibroblasts,0.23333333,0.25093186,0.23333333,0.23370889,0.3,0.2937097,0.23333333,0.22164954
531,0.9910111,False,Luminal_Macrophages,Luminal_Macrophages,0.7096774,0.7258467,0.16129032,0.16309886,0.032258064,0.027602285,0.09677419,0.083452106
4253,0.99100435,False,Luminal_Macrophages,Luminal_Macrophages,0.43333334,0.4405131,0.1,0.08721575,0.26666668,0.27747822,0.2,0.19479297
2029,0.991001,False,Type 2 alveolar,Type 2 alveolar,0.22580644,0.23176719,0.516129,0.498131,0.12903225,0.13261127,0.12903225,0.13749048
3585,0.9909998,False,Type 2 alveolar,Type 2 alveolar,0.27586207,0.2938624,0.41379312,0.3981534,0.10344828,0.10212775,0.20689656,0.20585647
3673,0.99099517,False,Luminal_Macrophages,Luminal_Macrophages,0.37931034,0.36530533,0.27586207,0.2843726,0.31034482,0.30634016,0.03448276,0.043981895
1724,0.99099433,False,Type 2 alveolar,Type 2 alveolar,0.3,0.30271924,0.33333334,0.3235673,0.1,0.091754735,0.26666668,0.28195873
1311,0.99099416,False,Dendritic cells,Dendritic cells,0.3,0.30701026,0.1,0.094189614,0.23333333,0.24433477,0.36666667,0.35446528
2610,0.99098736,False,Fibroblasts,Fibroblasts,0.20689656,0.19903569,0.03448276,0.034394193,0.7586207,0.7485448,0.0,0.018025286
558,0.9909827,False,Type 2 alveolar,Type 2 alveolar,0.23333333,0.25041068,0.33333334,0.3226342,0.13333334,0.12599792,0.3,0.30095726
3087,0.9909799,False,Fibroblasts,Fibroblasts,0.20689656,0.21115121,0.20689656,0.21200939,0.41379312,0.3957529,0.1724138,0.1810865
4876,0.99097556,False,Fibroblasts,Fibroblasts,0.23333333,0.24742717,0.2,0.19789404,0.46666667,0.4507238,0.1,0.10395503
2983,0.990972,False,Luminal_Macrophages,Luminal_Macrophages,0.7,0.6947034,0.0,0.018056046,0.13333334,0.121983975,0.16666667,0.16525656
4143,0.99097186,False,Type 2 alveolar,Type 2 alveolar,0.3,0.30240545,0.33333334,0.32605052,0.13333334,0.12255982,0.23333333,0.24898422
78,0.9909665,False,Fibroblasts,Fibroblasts,0.32258064,0.3347115,0.16129032,0.15499915,0.3548387,0.34306282,0.16129032,0.16722651
785,0.9909644,False,Type 2 alveolar,Type 2 alveolar,0.2,0.21807122,0.6333333,0.6281011,0.13333334,0.1268246,0.033333335,0.027003061
4706,0.990962,False,Luminal_Macrophages,Luminal_Macrophages,0.4,0.39040563,0.36666667,0.36840758,0.13333334,0.12485181,0.1,0.11633501
329,0.99096185,False,Luminal_Macrophages,Luminal_Macrophages,0.46666667,0.44859034,0.33333334,0.34465334,0.16666667,0.16925128,0.033333335,0.03750504
2924,0.99095196,False,Fibroblasts,Fibroblasts,0.033333335,0.039772607,0.33333334,0.3350992,0.43333334,0.41523725,0.2,0.209891
937,0.990951,False,Luminal_Macrophages,Luminal_Macrophages,0.7,0.718098,0.13333334,0.12644437,0.1,0.08892548,0.06666667,0.06653221
3419,0.9909489,False,Type 2 alveolar,Type 2 alveolar,0.22580644,0.24390858,0.38709676,0.374066,0.22580644,0.22524548,0.16129032,0.15677989
4065,0.9909452,False,Luminal_Macrophages,Luminal_Macrophages,0.46666667,0.45482606,0.16666667,0.16044657,0.06666667,0.06661775,0.3,0.31810954
4774,0.99094176,False,Type 2 alveolar,Type 2 alveolar,0.2413793,0.25937173,0.31034482,0.30101338,0.1724138,0.16362873,0.27586207,0.27598616
3468,0.99094063,False,Type 2 alveolar,Type 2 alveolar,0.16666667,0.17658852,0.5,0.48210546,0.13333334,0.13310914,0.2,0.20819683
4705,0.9909395,False,Luminal_Macrophages,Luminal_Macrophages,0.43333334,0.42123634,0.33333334,0.33529067,0.06666667,0.06064262,0.16666667,0.18283041
2229,0.9909393,False,Luminal_Macrophages,Luminal_Macrophages,0.33333334,0.32351735,0.26666668,0.27434358,0.1,0.0916946,0.3,0.31044444
2596,0.9909388,False,Dendritic cells,Dendritic cells,0.06451613,0.054861575,0.38709676,0.3921775,0.12903225,0.1205644,0.41935483,0.43239644
3420,0.9909357,False,Dendritic cells,Dendritic cells,0.37931034,0.37110975,0.03448276,0.03041945,0.0,0.018128643,0.5862069,0.5803422
2779,0.9909318,False,Luminal_Macrophages,Luminal_Macrophages,0.33333334,0.34045395,0.13333334,0.12760527,0.2,0.21101572,0.33333334,0.32092503
3142,0.990927,False,Luminal_Macrophages,Luminal_Macrophages,0.7241379,0.72028303,0.1724138,0.19055983,0.03448276,0.025103655,0.06896552,0.064053416
1774,0.99092305,False,Type 2 alveolar,Type 2 alveolar,0.3,0.3020112,0.36666667,0.35385117,0.06666667,0.061328292,0.26666668,0.28280932
3855,0.9909213,False,Luminal_Macrophages,Luminal_Macrophages,0.48387095,0.47382852,0.12903225,0.120917365,0.32258064,0.33216006,0.06451613,0.07309404
4204,0.99092126,False,Luminal_Macrophages,Luminal_Macrophages,0.43333334,0.4214022,0.16666667,0.16044036,0.23333333,0.24345796,0.16666667,0.17469947
4779,0.99091935,False,Luminal_Macrophages,Luminal_Macrophages,0.4,0.3818387,0.26666668,0.27685353,0.033333335,0.035071224,0.3,0.3062365
1911,0.99091846,False,Luminal_Macrophages,Luminal_Macrophages,0.43333334,0.41898838,0.13333334,0.12951523,0.3,0.3096087,0.13333334,0.1418877
1237,0.9909176,False,Luminal_Macrophages,Luminal_Macrophages,0.36666667,0.35537165,0.26666668,0.26630583,0.06666667,0.060157806,0.3,0.31816474
3295,0.9909135,False,Fibroblasts,Dendritic cells,0.13333334,0.14156562,0.26666668,0.27660736,0.3,0.28946507,0.3,0.29236192
4852,0.99091345,False,Luminal_Macrophages,Luminal_Macrophages,0.6,0.6059381,0.06666667,0.05850959,0.2,0.2122351,0.13333334,0.12331726
1489,0.9909122,False,Fibroblasts,Fibroblasts,0.33333334,0.34518185,0.13333334,0.1286047,0.36666667,0.35321975,0.16666667,0.1729937
1187,0.9909119,False,Dendritic cells,Dendritic cells,0.26666668,0.28234208,0.13333334,0.1227212,0.06666667,0.059102632,0.53333336,0.5358341
2989,0.99091,False,Luminal_Macrophages,Luminal_Macrophages,0.46666667,0.453999,0.2,0.19448763,0.16666667,0.17679335,0.16666667,0.17472003
127,0.99090564,False,Type 2 alveolar,Type 2 alveolar,0.23333333,0.24918567,0.4,0.38482141,0.2,0.20233642,0.16666667,0.16365658
3170,0.9909039,False,Fibroblasts,Fibroblasts,0.31034482,0.31111053,0.13793103,0.13040072,0.55172414,0.54106236,0.0,0.01742645
561,0.99090016,False,Type 2 alveolar,Type 2 alveolar,0.13333334,0.13102609,0.33333334,0.32015634,0.26666668,0.26395127,0.26666668,0.28486633
3081,0.9908991,False,Fibroblasts,Fibroblasts,0.26666668,0.27652997,0.2,0.203318,0.5,0.4817981,0.033333335,0.03835383
3998,0.9908982,False,Luminal_Macrophages,Luminal_Macrophages,0.44827586,0.4323677,0.20689656,0.2175474,0.06896552,0.06667007,0.27586207,0.28341493
4861,0.9908968,False,Fibroblasts,Fibroblasts,0.13793103,0.14589521,0.03448276,0.032330807,0.51724136,0.50118697,0.31034482,0.320587
2923,0.9908943,False,Type 2 alveolar,Type 2 alveolar,0.12903225,0.1413081,0.38709676,0.36888537,0.2580645,0.26104653,0.22580644,0.22876002
2499,0.9908915,False,Luminal_Macrophages,Luminal_Macrophages,0.53333336,0.52528083,0.16666667,0.16847186,0.23333333,0.24974512,0.06666667,0.056502223
3556,0.99088955,False,Dendritic cells,Dendritic cells,0.2580645,0.2740338,0.29032257,0.29257423,0.09677419,0.08659462,0.3548387,0.34679735
2991,0.9908867,False,Fibroblasts,Fibroblasts,0.16129032,0.17214021,0.16129032,0.1594426,0.4516129,0.435234,0.22580644,0.23318315
4669,0.9908832,False,Luminal_Macrophages,Luminal_Macrophages,0.36666667,0.37151065,0.033333335,0.03605287,0.36666667,0.34843302,0.23333333,0.2440034
29,0.99087834,False,Fibroblasts,Fibroblasts,0.32258064,0.34051785,0.09677419,0.09708034,0.3548387,0.34481123,0.22580644,0.21759062
1893,0.99087816,False,Dendritic cells,Dendritic cells,0.16666667,0.17350717,0.2,0.19820814,0.26666668,0.27806988,0.36666667,0.3502148
1824,0.99087507,False,Fibroblasts,Fibroblasts,0.33333334,0.3515832,0.1,0.09821018,0.43333334,0.41977042,0.13333334,0.13043617
3693,0.990873,False,Type 2 alveolar,Type 2 alveolar,0.2580645,0.2763186,0.3548387,0.3454903,0.29032257,0.28879592,0.09677419,0.08939522
3891,0.99087197,False,Type 2 alveolar,Type 2 alveolar,0.2580645,0.25947195,0.32258064,0.31832153,0.16129032,0.14729343,0.2580645,0.2749131
2700,0.990871,False,Luminal_Macrophages,Luminal_Macrophages,0.46666667,0.44840863,0.33333334,0.34058234,0.033333335,0.0346741,0.16666667,0.17633492
1795,0.9908678,False,Dendritic cells,Dendritic cells,0.23333333,0.24749579,0.16666667,0.16237941,0.26666668,0.27076864,0.33333334,0.31935617
3871,0.99086726,False,Type 2 alveolar,Type 2 alveolar,0.06666667,0.056249242,0.53333336,0.54140455,0.33333334,0.34352767,0.06666667,0.058818582
1732,0.9908658,False,Type 2 alveolar,Type 2 alveolar,0.033333335,0.04937011,0.36666667,0.34839833,0.3,0.30126342,0.3,0.3009682
947,0.9908633,False,Fibroblasts,Fibroblasts,0.2,0.20867997,0.23333333,0.24292673,0.36666667,0.34863102,0.2,0.19976224
3255,0.9908621,False,Type 2 alveolar,Type 2 alveolar,0.06896552,0.07559854,0.3448276,0.3339973,0.31034482,0.3028993,0.27586207,0.28750485
844,0.99085486,False,Dendritic cells,Dendritic cells,0.09677419,0.08461013,0.41935483,0.41322863,0.032258064,0.034455627,0.4516129,0.46770567
748,0.9908538,False,Type 2 alveolar,Type 2 alveolar,0.32258064,0.31954116,0.3548387,0.3416365,0.06451613,0.06246539,0.2580645,0.27635694
1323,0.9908523,False,Type 2 alveolar,Type 2 alveolar,0.033333335,0.040426753,0.53333336,0.5307075,0.1,0.084330425,0.33333334,0.34453532
4142,0.9908522,False,Luminal_Macrophages,Luminal_Macrophages,0.41379312,0.39549744,0.10344828,0.11141114,0.2413793,0.25123864,0.2413793,0.24185279
1392,0.99084824,False,Type 2 alveolar,Type 2 alveolar,0.3,0.31682202,0.46666667,0.4483631,0.13333334,0.13450608,0.1,0.10030876
2004,0.9908467,False,Type 2 alveolar,Type 2 alveolar,0.31034482,0.31593546,0.37931034,0.36100373,0.27586207,0.2839167,0.03448276,0.039144114
2085,0.99084604,False,Type 2 alveolar,Type 2 alveolar,0.2,0.20909978,0.43333334,0.41502535,0.33333334,0.33490762,0.033333335,0.040967226
4218,0.9908456,False,Fibroblasts,Fibroblasts,0.23333333,0.24208203,0.3,0.30543953,0.36666667,0.34835786,0.1,0.10412054
2,0.9908448,False,Luminal_Macrophages,Luminal_Macrophages,0.4827586,0.49574798,0.03448276,0.039803825,0.37931034,0.3786386,0.10344828,0.08580962
4690,0.9908445,False,Luminal_Macrophages,Luminal_Macrophages,0.44827586,0.4324704,0.06896552,0.06645993,0.20689656,0.21184263,0.27586207,0.28922698
289,0.9908443,False,Type 2 alveolar,Type 2 alveolar,0.1,0.09992104,0.5,0.49317634,0.4,0.38859123,0.0,0.01831142
3535,0.9908418,False,Type 2 alveolar,Type 2 alveolar,0.29032257,0.29734033,0.3548387,0.34247386,0.09677419,0.09082257,0.2580645,0.26936316
1483,0.99084175,False,Fibroblasts,Dendritic cells,0.2580645,0.2763811,0.032258064,0.030749945,0.3548387,0.34260976,0.3548387,0.3502592
3827,0.99084175,False,Luminal_Macrophages,Luminal_Macrophages,0.5862069,0.57493514,0.10344828,0.104816966,0.10344828,0.09640357,0.20689656,0.22384432
4628,0.9908413,False,Dendritic cells,Dendritic cells,0.12903225,0.14651094,0.29032257,0.29116118,0.2580645,0.25735614,0.32258064,0.30497172
1419,0.9908377,False,Luminal_Macrophages,Luminal_Macrophages,0.37931034,0.36270362,0.27586207,0.2827027,0.20689656,0.2051787,0.13793103,0.14941502
895,0.9908367,False,Type 2 alveolar,Type 2 alveolar,0.13333334,0.13472569,0.46666667,0.44889137,0.26666668,0.283601,0.13333334,0.13278192
4191,0.9908358,False,Fibroblasts,Fibroblasts,0.33333334,0.33021405,0.23333333,0.23942448,0.36666667,0.35145748,0.06666667,0.07890394
2339,0.9908349,False,Dendritic cells,Dendritic cells,0.13793103,0.12694673,0.13793103,0.1305851,0.0,0.014103962,0.7241379,0.7283642
710,0.9908303,False,Luminal_Macrophages,Luminal_Macrophages,0.43333334,0.42957172,0.033333335,0.036941074,0.36666667,0.35208887,0.16666667,0.18139839
2434,0.99082905,False,Luminal_Macrophages,Luminal_Macrophages,0.5,0.48512203,0.16666667,0.17472614,0.1,0.09653614,0.23333333,0.24361578
3287,0.9908238,False,Type 2 alveolar,Type 2 alveolar,0.26666668,0.2850191,0.3,0.2941192,0.3,0.28893036,0.13333334,0.13193142
4299,0.99082106,False,Luminal_Macrophages,Luminal_Macrophages,0.3,0.2920322,0.26666668,0.26132977,0.2,0.19494684,0.23333333,0.2516912
1059,0.9908208,False,Fibroblasts,Fibroblasts,0.16666667,0.16906904,0.23333333,0.23040064,0.36666667,0.35124102,0.23333333,0.24928921
2318,0.99081796,False,Type 2 alveolar,Type 2 alveolar,0.16129032,0.17329797,0.32258064,0.310717,0.2580645,0.2515641,0.2580645,0.26442102
4943,0.9908178,False,Type 2 alveolar,Type 2 alveolar,0.3,0.31836438,0.4,0.38382417,0.2,0.19906601,0.1,0.098745376
3756,0.9908162,False,Dendritic cells,Dendritic cells,0.06666667,0.063173525,0.23333333,0.23353037,0.1,0.08512548,0.6,0.61817056
1331,0.9908146,False,Type 2 alveolar,Type 2 alveolar,0.2,0.21288013,0.33333334,0.31791332,0.2,0.19704923,0.26666668,0.27215728
1915,0.99081427,False,Luminal_Macrophages,Luminal_Macrophages,0.36666667,0.35031328,0.3,0.31183618,0.23333333,0.23131527,0.1,0.10653527
2250,0.9908111,False,Type 2 alveolar,Type 2 alveolar,0.06666667,0.069727816,0.5,0.48162222,0.13333334,0.13400552,0.3,0.31464437
678,0.99080765,False,Type 2 alveolar,Type 2 alveolar,0.2,0.21566474,0.3,0.30271998,0.3,0.2931069,0.2,0.18850833
390,0.9908075,False,Fibroblasts,Fibroblasts,0.2413793,0.24701408,0.03448276,0.0320804,0.37931034,0.36332765,0.3448276,0.35757786
4006,0.9908072,False,Fibroblasts,Fibroblasts,0.10344828,0.11680054,0.31034482,0.30719706,0.3448276,0.32958972,0.2413793,0.24641271
120,0.9908047,False,Dendritic cells,Dendritic cells,0.23333333,0.24697946,0.2,0.2047445,0.2,0.1952253,0.36666667,0.3530507
3675,0.9908036,False,Dendritic cells,Dendritic cells,0.2580645,0.27488613,0.032258064,0.033829264,0.09677419,0.08785843,0.61290324,0.60342616
683,0.99080336,False,Fibroblasts,Fibroblasts,0.1,0.100216046,0.2,0.20336388,0.4,0.38160676,0.3,0.31481332
3836,0.9908004,False,Dendritic cells,Dendritic cells,0.09677419,0.0856524,0.12903225,0.12175475,0.2580645,0.272182,0.516129,0.52041084
3890,0.99080014,False,Type 2 alveolar,Type 2 alveolar,0.3,0.31189758,0.36666667,0.35433975,0.26666668,0.27316874,0.06666667,0.060593873
1389,0.9907999,False,Fibroblasts,Fibroblasts,0.2,0.2019773,0.13333334,0.13679749,0.36666667,0.34826645,0.3,0.31295875
1215,0.99079984,False,Dendritic cells,Dendritic cells,0.33333334,0.35173368,0.13333334,0.12506342,0.13333334,0.12570496,0.4,0.39749792
3274,0.9907998,False,Dendritic cells,Dendritic cells,0.29032257,0.3048534,0.29032257,0.2899422,0.032258064,0.03612762,0.38709676,0.36907673
938,0.9907938,False,Luminal_Macrophages,Luminal_Macrophages,0.43333334,0.4206762,0.26666668,0.28198487,0.1,0.09424484,0.2,0.20309417
2695,0.99078786,False,Luminal_Macrophages,Luminal_Macrophages,0.41379312,0.39784956,0.2413793,0.25145933,0.03448276,0.042827044,0.31034482,0.30786404
1120,0.9907867,False,Type 2 alveolar,Type 2 alveolar,0.2413793,0.2562709,0.3448276,0.33557522,0.10344828,0.094273984,0.31034482,0.31387994
1817,0.9907847,False,Fibroblasts,Fibroblasts,0.36666667,0.3706128,0.033333335,0.03382979,0.43333334,0.41490275,0.16666667,0.18065466
90,0.9907846,False,Luminal_Macrophages,Luminal_Macrophages,0.44827586,0.42984512,0.31034482,0.3263965,0.13793103,0.13797434,0.10344828,0.10578411
2746,0.99078393,False,Fibroblasts,Fibroblasts,0.23333333,0.23493655,0.2,0.20816137,0.33333334,0.31490117,0.23333333,0.24200086
4453,0.9907835,False,Dendritic cells,Dendritic cells,0.33333334,0.35176626,0.16666667,0.1649237,0.13333334,0.12692311,0.36666667,0.35638693
3980,0.9907817,False,Type 2 alveolar,Type 2 alveolar,0.033333335,0.04204239,0.4,0.3853851,0.33333334,0.32951164,0.23333333,0.24306089
556,0.9907757,False,Fibroblasts,Fibroblasts,0.33333334,0.3329411,0.26666668,0.28177324,0.36666667,0.34861034,0.033333335,0.036675397
3501,0.99077106,False,Fibroblasts,Fibroblasts,0.19354838,0.20546025,0.19354838,0.1982828,0.41935483,0.40089697,0.19354838,0.19535998
3529,0.99076986,False,Dendritic cells,Dendritic cells,0.23333333,0.245028,0.16666667,0.17343228,0.26666668,0.26553664,0.33333334,0.31600308
2662,0.9907659,False,Type 2 alveolar,Type 2 alveolar,0.13333334,0.12219807,0.36666667,0.3593338,0.26666668,0.27410853,0.23333333,0.2443596
1039,0.99076104,False,Dendritic cells,Dendritic cells,0.2,0.21810156,0.23333333,0.2317881,0.23333333,0.23370974,0.33333334,0.31640065
532,0.990759,False,Luminal_Macrophages,Luminal_Macrophages,0.79310346,0.8008733,0.06896552,0.06490198,0.06896552,0.054547112,0.06896552,0.07967758
4889,0.9907577,False,Type 2 alveolar,Type 2 alveolar,0.12903225,0.14751689,0.3548387,0.3482678,0.16129032,0.15722874,0.3548387,0.34698656
3054,0.9907572,False,Dendritic cells,Dendritic cells,0.16666667,0.1835536,0.06666667,0.06137256,0.2,0.20159861,0.56666666,0.5534752
4428,0.99075687,False,Luminal_Macrophages,Luminal_Macrophages,0.36666667,0.3560906,0.33333334,0.3397763,0.16666667,0.15875652,0.13333334,0.14537656
2078,0.990755,False,Luminal_Macrophages,Luminal_Macrophages,0.36666667,0.3591023,0.23333333,0.24626622,0.36666667,0.35574102,0.033333335,0.03889042
818,0.9907533,False,Dendritic cells,Dendritic cells,0.16666667,0.17646189,0.23333333,0.24203148,0.16666667,0.15899216,0.43333334,0.4225144
1606,0.99075276,False,Luminal_Macrophages,Luminal_Macrophages,0.36666667,0.35931757,0.1,0.08885451,0.26666668,0.27161115,0.26666668,0.2802167
3480,0.9907429,False,Luminal_Macrophages,Luminal_Macrophages,0.4827586,0.47118494,0.10344828,0.09650776,0.31034482,0.3247111,0.10344828,0.10759622
4351,0.9907424,False,Dendritic cells,Dendritic cells,0.27586207,0.29437724,0.20689656,0.2008003,0.13793103,0.12759171,0.37931034,0.37723073
4906,0.99074185,False,Type 2 alveolar,Type 2 alveolar,0.33333334,0.34868672,0.43333334,0.42479274,0.1,0.09002428,0.13333334,0.13649625
225,0.9907417,False,Type 2 alveolar,Type 2 alveolar,0.31034482,0.32081988,0.41379312,0.40013582,0.2413793,0.24942073,0.03448276,0.029623568
2020,0.99073964,False,Dendritic cells,Dendritic cells,0.033333335,0.036806665,0.3,0.30497956,0.26666668,0.2767345,0.4,0.38147923
747,0.9907335,False,Dendritic cells,Dendritic cells,0.2,0.19605121,0.26666668,0.2851997,0.2,0.19954942,0.33333334,0.31919965
1966,0.9907327,False,Fibroblasts,Fibroblasts,0.13333334,0.13358209,0.26666668,0.28048986,0.43333334,0.41479877,0.16666667,0.17112933
2130,0.990725,False,Fibroblasts,Dendritic cells,0.03448276,0.038160082,0.20689656,0.22176929,0.37931034,0.36889935,0.37931034,0.3711713
224,0.9907232,False,Type 2 alveolar,Type 2 alveolar,0.3,0.30679742,0.33333334,0.32462135,0.13333334,0.12349172,0.23333333,0.24508953
1917,0.99072284,False,Luminal_Macrophages,Luminal_Macrophages,0.38709676,0.37869966,0.12903225,0.118875094,0.19354838,0.19601507,0.29032257,0.3064102
2598,0.99072284,False,Dendritic cells,Dendritic cells,0.3,0.29937,0.13333334,0.12775767,0.0,0.018554345,0.56666666,0.5543181
2628,0.9907214,False,Luminal_Macrophages,Luminal_Macrophages,0.3,0.30131227,0.26666668,0.28391165,0.3,0.29642895,0.13333334,0.11834716
1474,0.99071926,False,Fibroblasts,Fibroblasts,0.20689656,0.21433595,0.27586207,0.2869841,0.3448276,0.33347782,0.1724138,0.16520208
140,0.990718,False,Fibroblasts,Fibroblasts,0.22580644,0.24253583,0.3548387,0.35288075,0.38709676,0.37049082,0.032258064,0.034092635
3766,0.9907163,False,Luminal_Macrophages,Luminal_Macrophages,0.36666667,0.3480993,0.33333334,0.3369577,0.26666668,0.27159822,0.033333335,0.04334486
4072,0.9907159,False,Type 2 alveolar,Type 2 alveolar,0.2413793,0.25416148,0.41379312,0.39522493,0.03448276,0.03928285,0.31034482,0.31133068
4459,0.9907157,False,Luminal_Macrophages,Luminal_Macrophages,0.6333333,0.61762476,0.1,0.110914685,0.033333335,0.030473253,0.23333333,0.24098729
1730,0.9907142,False,Type 2 alveolar,Type 2 alveolar,0.2580645,0.2766362,0.29032257,0.2839997,0.2580645,0.2543613,0.19354838,0.1850028
2269,0.9907137,False,Luminal_Macrophages,Luminal_Macrophages,0.36666667,0.34890544,0.3,0.30488175,0.26666668,0.28035754,0.06666667,0.06585529
849,0.990712,False,Luminal_Macrophages,Luminal_Macrophages,0.32258064,0.34115666,0.16129032,0.15843774,0.32258064,0.3146181,0.19354838,0.1857875
3457,0.9907108,False,Dendritic cells,Dendritic cells,0.033333335,0.03534135,0.4,0.39424002,0.1,0.08718159,0.46666667,0.48323706
3217,0.9907096,False,Type 2 alveolar,Type 2 alveolar,0.1,0.08680825,0.5,0.50564307,0.33333334,0.3462711,0.06666667,0.06127761
2808,0.9907058,False,Luminal_Macrophages,Luminal_Macrophages,0.4,0.40246335,0.06666667,0.058257695,0.4,0.38982058,0.13333334,0.14945844
3843,0.99070394,False,Type 2 alveolar,Type 2 alveolar,0.23333333,0.24473864,0.36666667,0.36463976,0.36666667,0.3501015,0.033333335,0.04052006
1591,0.990703,False,Dendritic cells,Dendritic cells,0.06896552,0.06587206,0.2413793,0.2528525,0.27586207,0.28298286,0.41379312,0.3982926
3039,0.9906915,False,Type 2 alveolar,Type 2 alveolar,0.37931034,0.39792734,0.4827586,0.470649,0.06896552,0.06374137,0.06896552,0.06768228
998,0.9906911,False,Dendritic cells,Dendritic cells,0.31034482,0.3289625,0.20689656,0.20342971,0.13793103,0.12970793,0.3448276,0.33789983
4095,0.9906842,False,Luminal_Macrophages,Luminal_Macrophages,0.6,0.5880574,0.06666667,0.06591727,0.33333334,0.3273937,0.0,0.018631604
3885,0.9906828,False,Fibroblasts,Fibroblasts,0.33333334,0.3408314,0.06666667,0.064638354,0.46666667,0.4500605,0.13333334,0.14446972
1896,0.9906814,False,Type 2 alveolar,Type 2 alveolar,0.31034482,0.32898194,0.37931034,0.3726277,0.1724138,0.16691014,0.13793103,0.13148016
1494,0.99068105,False,Type 2 alveolar,Type 2 alveolar,0.0,0.018637871,0.76666665,0.76226145,0.06666667,0.055156443,0.16666667,0.16394423
3572,0.9906796,False,Fibroblasts,Fibroblasts,0.06666667,0.048025943,0.33333334,0.34024736,0.56666666,0.5723954,0.033333335,0.039331365
2862,0.99067867,False,Dendritic cells,Dendritic cells,0.2,0.21864262,0.1,0.090095125,0.33333334,0.330506,0.36666667,0.36075625
4482,0.99067587,False,Dendritic cells,Dendritic cells,0.31034482,0.32543916,0.20689656,0.21045044,0.06896552,0.06315003,0.41379312,0.40096033
3027,0.9906732,False,Luminal_Macrophages,Luminal_Macrophages,0.4827586,0.4647936,0.27586207,0.27855808,0.03448276,0.033794172,0.20689656,0.22285418
4877,0.99067104,False,Type 2 alveolar,Type 2 alveolar,0.12903225,0.13281214,0.516129,0.50213313,0.12903225,0.12437025,0.22580644,0.2406845
4050,0.9906707,False,Fibroblasts,Fibroblasts,0.2580645,0.27630118,0.032258064,0.032680098,0.38709676,0.36847284,0.32258064,0.3225459
2822,0.99066466,False,Luminal_Macrophages,Luminal_Macrophages,0.43333334,0.4211806,0.06666667,0.06014866,0.26666668,0.2740989,0.23333333,0.24457179
4131,0.9906625,False,Fibroblasts,Fibroblasts,0.032258064,0.039144456,0.12903225,0.118391186,0.7419355,0.75372404,0.09677419,0.08874037
4361,0.9906613,False,Fibroblasts,Fibroblasts,0.13333334,0.13387005,0.4,0.39877424,0.46666667,0.44921505,0.0,0.01814062
1340,0.99065924,False,Type 2 alveolar,Type 2 alveolar,0.06666667,0.07382936,0.46666667,0.45555204,0.3,0.3115188,0.16666667,0.15909979
4961,0.9906567,False,Dendritic cells,Dendritic cells,0.2413793,0.26006594,0.31034482,0.309152,0.06896552,0.059594177,0.37931034,0.37118793
4599,0.99065375,False,Dendritic cells,Dendritic cells,0.23333333,0.2492052,0.2,0.2013654,0.23333333,0.23478855,0.33333334,0.31464085
3397,0.9906529,False,Luminal_Macrophages,Luminal_Macrophages,0.4516129,0.4417849,0.12903225,0.12148656,0.2580645,0.2767587,0.16129032,0.15996987
4903,0.99065286,False,Fibroblasts,Fibroblasts,0.23333333,0.23807609,0.3,0.30569646,0.36666667,0.34797245,0.1,0.10825507
434,0.9906523,False,Luminal_Macrophages,Luminal_Macrophages,0.37931034,0.36677867,0.31034482,0.32328838,0.2413793,0.24713105,0.06896552,0.062801875
846,0.9906517,False,Luminal_Macrophages,Luminal_Macrophages,0.3,0.30864164,0.3,0.29451805,0.13333334,0.12011872,0.26666668,0.27672166
2356,0.9906502,False,Type 2 alveolar,Type 2 alveolar,0.2,0.20952386,0.36666667,0.35699353,0.13333334,0.12430687,0.3,0.30917573
4292,0.9906491,False,Fibroblasts,Fibroblasts,0.31034482,0.31782877,0.2413793,0.25259712,0.3448276,0.3285425,0.10344828,0.101031646
2767,0.9906473,False,Luminal_Macrophages,Luminal_Macrophages,0.41379312,0.40089053,0.2413793,0.25664455,0.2413793,0.24481939,0.10344828,0.097645506
1263,0.9906471,False,Dendritic cells,Dendritic cells,0.26666668,0.2830721,0.26666668,0.26896703,0.13333334,0.124462575,0.33333334,0.32349822
4703,0.99064696,False,Type 2 alveolar,Type 2 alveolar,0.26666668,0.27638203,0.33333334,0.32146007,0.16666667,0.15983382,0.23333333,0.24232407
3611,0.9906451,False,Luminal_Macrophages,Luminal_Macrophages,0.4,0.3902007,0.3,0.29584575,0.0,0.01870979,0.3,0.2952438
3485,0.9906376,False,Luminal_Macrophages,Luminal_Macrophages,0.4,0.3823054,0.33333334,0.34811193,0.16666667,0.17061292,0.1,0.09896974
4417,0.99063635,False,Fibroblasts,Fibroblasts,0.26666668,0.28539395,0.3,0.2987897,0.33333334,0.3205263,0.1,0.09529006
4553,0.9906347,False,Dendritic cells,Dendritic cells,0.2,0.21470387,0.23333333,0.23736012,0.13333334,0.1264915,0.43333334,0.42144454
3764,0.99063385,False,Luminal_Macrophages,Luminal_Macrophages,0.48387095,0.4651387,0.16129032,0.16501825,0.19354838,0.20258722,0.16129032,0.16725582
197,0.9906298,False,Type 2 alveolar,Type 2 alveolar,0.1,0.10162606,0.5,0.48641998,0.06666667,0.061506245,0.33333334,0.35044765
3042,0.9906273,False,Luminal_Macrophages,Luminal_Macrophages,0.56666666,0.5519783,0.1,0.09963596,0.13333334,0.12964031,0.2,0.21874544
1885,0.9906269,False,Dendritic cells,Dendritic cells,0.06666667,0.057999924,0.16666667,0.1728065,0.13333334,0.12325381,0.6333333,0.6459397
2203,0.9906191,False,Type 2 alveolar,Type 2 alveolar,0.033333335,0.04206325,0.36666667,0.35708323,0.33333334,0.32415494,0.26666668,0.2766985
2748,0.990619,False,Fibroblasts,Fibroblasts,0.13793103,0.14738026,0.2413793,0.23922125,0.3448276,0.32822368,0.27586207,0.2851748
1812,0.99061435,False,Fibroblasts,Fibroblasts,0.31034482,0.32224715,0.1724138,0.17823212,0.4827586,0.46398735,0.03448276,0.03553335
1963,0.99061036,False,Fibroblasts,Fibroblasts,0.26666668,0.28526723,0.3,0.29807356,0.33333334,0.3164805,0.1,0.10017866
3931,0.99060553,False,Type 2 alveolar,Type 2 alveolar,0.3,0.3042137,0.4,0.381211,0.16666667,0.17341934,0.13333334,0.14115596
4029,0.9906043,False,Type 2 alveolar,Type 2 alveolar,0.19354838,0.20685662,0.32258064,0.31485748,0.32258064,0.31151238,0.16129032,0.16677351
4207,0.990604,False,Fibroblasts,Fibroblasts,0.1,0.09400501,0.33333334,0.34512392,0.43333334,0.42053628,0.13333334,0.14033478
2005,0.9905987,False,Dendritic cells,Dendritic cells,0.23333333,0.24979901,0.3,0.30233696,0.13333334,0.12357354,0.33333334,0.32429048
4737,0.9905971,False,Type 2 alveolar,Type 2 alveolar,0.27586207,0.28590405,0.37931034,0.3670482,0.13793103,0.13138744,0.20689656,0.21566029
885,0.99059683,False,Dendritic cells,Dendritic cells,0.26666668,0.285473,0.16666667,0.16561118,0.2,0.19639838,0.36666667,0.35251746
3856,0.9905939,False,Dendritic cells,Dendritic cells,0.2,0.21149372,0.23333333,0.24065185,0.2,0.19709425,0.36666667,0.3507602
3510,0.99059266,False,Dendritic cells,Dendritic cells,0.16129032,0.17943755,0.32258064,0.32324812,0.06451613,0.057019327,0.4516129,0.44029492
1623,0.99058837,False,Fibroblasts,Fibroblasts,0.29032257,0.30124947,0.032258064,0.04000691,0.3548387,0.33601543,0.32258064,0.32272816
1604,0.9905844,False,Luminal_Macrophages,Luminal_Macrophages,0.38709676,0.37641326,0.19354838,0.18826029,0.16129032,0.1584307,0.2580645,0.2768958
2847,0.9905827,False,Dendritic cells,Dendritic cells,0.23333333,0.24971874,0.33333334,0.3248974,0.033333335,0.03578258,0.4,0.38960135
2331,0.9905772,False,Fibroblasts,Fibroblasts,0.37931034,0.39379764,0.03448276,0.038840994,0.44827586,0.43408492,0.13793103,0.1332764
4695,0.99057704,False,Type 2 alveolar,Type 2 alveolar,0.09677419,0.10881544,0.41935483,0.40810445,0.29032257,0.2971273,0.19354838,0.18595284
3271,0.9905742,False,Type 2 alveolar,Type 2 alveolar,0.26666668,0.28551835,0.36666667,0.35598493,0.3,0.29516166,0.06666667,0.063335136
704,0.99057066,False,Fibroblasts,Fibroblasts,0.1,0.0908082,0.16666667,0.17386967,0.4,0.39033318,0.33333334,0.34498897
1934,0.99056935,False,Dendritic cells,Dendritic cells,0.13333334,0.14230324,0.23333333,0.23894934,0.23333333,0.23760876,0.4,0.38113865
828,0.99056745,False,Fibroblasts,Fibroblasts,0.16666667,0.16971606,0.23333333,0.23797905,0.36666667,0.34780157,0.23333333,0.24450329
1457,0.99056536,False,Fibroblasts,Fibroblasts,0.32258064,0.32317528,0.2580645,0.27526224,0.38709676,0.3682275,0.032258064,0.03333498
69,0.99055994,False,Fibroblasts,Fibroblasts,0.26666668,0.27887613,0.2,0.19518147,0.33333334,0.31927177,0.2,0.20667064
2461,0.99055487,False,Fibroblasts,Fibroblasts,0.033333335,0.03634676,0.2,0.21587679,0.4,0.384954,0.36666667,0.3628224
1233,0.9905546,False,Fibroblasts,Fibroblasts,0.23333333,0.24791694,0.2,0.19795229,0.33333334,0.3164902,0.23333333,0.23764056
2147,0.990552,False,Dendritic cells,Dendritic cells,0.1,0.10828837,0.16666667,0.1671023,0.23333333,0.24350525,0.5,0.48110405
2687,0.9905518,False,Type 2 alveolar,Type 2 alveolar,0.06896552,0.06550585,0.3448276,0.3401731,0.3448276,0.3340454,0.2413793,0.26027566
4237,0.9905496,False,Fibroblasts,Fibroblasts,0.033333335,0.03891169,0.23333333,0.2466557,0.4,0.38310248,0.33333334,0.33133015
1394,0.9905491,False,Dendritic cells,Dendritic cells,0.16666667,0.18514936,0.033333335,0.033752464,0.33333334,0.32905182,0.46666667,0.45204636
203,0.99054897,False,Type 2 alveolar,Type 2 alveolar,0.3,0.30966824,0.33333334,0.32116094,0.1,0.09327033,0.26666668,0.27590048
3574,0.99054897,False,Type 2 alveolar,Type 2 alveolar,0.29032257,0.30853665,0.32258064,0.32326862,0.19354838,0.18397593,0.19354838,0.18421875
904,0.9905486,False,Dendritic cells,Dendritic cells,0.23333333,0.24550481,0.26666668,0.27339795,0.13333334,0.12895207,0.36666667,0.35214514
3418,0.99054855,False,Luminal_Macrophages,Luminal_Macrophages,0.37931034,0.38778737,0.03448276,0.03784488,0.2413793,0.24844305,0.3448276,0.32592475
3394,0.9905478,False,Fibroblasts,Fibroblasts,0.23333333,0.24319918,0.16666667,0.17085388,0.46666667,0.44776225,0.13333334,0.1381847
1546,0.9905445,False,Dendritic cells,Dendritic cells,0.2,0.21465515,0.3,0.30425587,0.13333334,0.12796764,0.36666667,0.3531213
4138,0.9905438,False,Type 2 alveolar,Type 2 alveolar,0.2413793,0.22868514,0.31034482,0.31621838,0.20689656,0.20067832,0.2413793,0.25441822
1014,0.9905433,False,Fibroblasts,Fibroblasts,0.2,0.21788044,0.16666667,0.16063336,0.33333334,0.32045326,0.3,0.30103296
102,0.99054146,False,Type 2 alveolar,Type 2 alveolar,0.38709676,0.3866861,0.48387095,0.46762964,0.12903225,0.12676719,0.0,0.018917073
1845,0.990539,False,Type 2 alveolar,Type 2 alveolar,0.032258064,0.046034586,0.3548387,0.34082526,0.32258064,0.31767213,0.29032257,0.29546797
2262,0.9905296,False,Dendritic cells,Dendritic cells,0.2,0.21352948,0.23333333,0.23874465,0.2,0.19746412,0.36666667,0.35026175
3960,0.9905287,False,Type 2 alveolar,Type 2 alveolar,0.3448276,0.35312402,0.41379312,0.3965246,0.1724138,0.18305987,0.06896552,0.06729145
840,0.99052775,False,Type 2 alveolar,Type 2 alveolar,0.10344828,0.11729294,0.55172414,0.5428609,0.10344828,0.093367025,0.2413793,0.24647917
4995,0.9905264,False,Fibroblasts,Fibroblasts,0.13333334,0.14018114,0.33333334,0.3435723,0.5,0.48105267,0.033333335,0.03519386
580,0.99052334,False,Luminal_Macrophages,Luminal_Macrophages,0.53333336,0.52501893,0.3,0.31895337,0.1,0.0904071,0.06666667,0.065620594
2351,0.9905231,False,Dendritic cells,Dendritic cells,0.06666667,0.061619528,0.1,0.08650754,0.2,0.19958584,0.6333333,0.65228707
4140,0.99052006,False,Dendritic cells,Dendritic cells,0.033333335,0.04310062,0.33333334,0.3243683,0.26666668,0.2758592,0.36666667,0.35667187
2464,0.99051845,False,Fibroblasts,Fibroblasts,0.22580644,0.24349327,0.22580644,0.22295459,0.3548387,0.33872744,0.19354838,0.19482468
3026,0.99051803,False,Luminal_Macrophages,Luminal_Macrophages,0.6333333,0.61587936,0.06666667,0.065156735,0.26666668,0.27876976,0.033333335,0.040194172
4503,0.990518,False,Dendritic cells,Dendritic cells,0.16129032,0.17928183,0.09677419,0.08856298,0.06451613,0.05376332,0.67741936,0.67839193
4979,0.9905178,False,Fibroblasts,Fibroblasts,0.33333334,0.33673584,0.23333333,0.2488952,0.36666667,0.3493457,0.06666667,0.065023184
2478,0.9905166,False,Type 2 alveolar,Type 2 alveolar,0.06451613,0.064028606,0.4516129,0.4671627,0.38709676,0.3905138,0.09677419,0.07829489
4005,0.99051386,False,Dendritic cells,Dendritic cells,0.3,0.31113985,0.26666668,0.27449906,0.1,0.09383781,0.33333334,0.32052323
3036,0.9905135,False,Dendritic cells,Dendritic cells,0.29032257,0.3092956,0.16129032,0.15597302,0.19354838,0.19075644,0.3548387,0.34397495
3632,0.9905112,False,Fibroblasts,Fibroblasts,0.1,0.09126446,0.13333334,0.124494396,0.73333335,0.75231093,0.033333335,0.03193017
1272,0.9905109,False,Fibroblasts,Fibroblasts,0.13333334,0.11816972,0.0,0.018139092,0.7,0.7008391,0.16666667,0.16285214
713,0.99050486,False,Type 2 alveolar,Type 2 alveolar,0.2580645,0.27705482,0.32258064,0.31385866,0.22580644,0.22094743,0.19354838,0.1881391
3733,0.9905012,False,Fibroblasts,Fibroblasts,0.26666668,0.27909732,0.033333335,0.039900288,0.36666667,0.34928358,0.33333334,0.33171886
4802,0.99050105,False,Fibroblasts,Fibroblasts,0.3,0.31899786,0.13333334,0.12965553,0.53333336,0.52261037,0.033333335,0.028736278
3907,0.9904965,False,Fibroblasts,Fibroblasts,0.33333334,0.3389239,0.1,0.10186054,0.36666667,0.34765968,0.2,0.21155587
4839,0.9904959,False,Luminal_Macrophages,Luminal_Macrophages,0.516129,0.49942893,0.06451613,0.062208068,0.19354838,0.19754528,0.22580644,0.24081771
3598,0.99049515,False,Fibroblasts,Fibroblasts,0.26666668,0.27618125,0.13333334,0.1311065,0.5,0.4832171,0.1,0.1094951
3688,0.9904949,False,Fibroblasts,Fibroblasts,0.13793103,0.14310075,0.3448276,0.35866806,0.44827586,0.43203646,0.06896552,0.06619477
4454,0.9904935,False,Fibroblasts,Fibroblasts,0.06666667,0.061693583,0.33333334,0.3523464,0.5,0.49359456,0.1,0.09236549
2625,0.9904924,False,Fibroblasts,Fibroblasts,0.2,0.20536715,0.16666667,0.16334422,0.36666667,0.35097387,0.26666668,0.28031477
3813,0.9904914,False,Dendritic cells,Dendritic cells,0.26666668,0.2856838,0.16666667,0.16188969,0.26666668,0.25791323,0.3,0.29451326
3795,0.9904889,False,Fibroblasts,Fibroblasts,0.2580645,0.26847878,0.032258064,0.032342635,0.5483871,0.5293649,0.16129032,0.16981371
4892,0.9904867,False,Fibroblasts,Fibroblasts,0.2,0.21346584,0.23333333,0.23889416,0.36666667,0.34946787,0.2,0.19817215
2247,0.99048585,False,Fibroblasts,Fibroblasts,0.2580645,0.26802245,0.19354838,0.19529673,0.516129,0.49710074,0.032258064,0.039580137
3724,0.9904844,False,Type 2 alveolar,Type 2 alveolar,0.1,0.08925408,0.56666666,0.55838144,0.23333333,0.25050685,0.1,0.1018576
4021,0.9904792,False,Fibroblasts,Fibroblasts,0.2,0.2046072,0.06666667,0.071025364,0.4,0.3809584,0.33333334,0.34340906
3972,0.9904773,False,Dendritic cells,Dendritic cells,0.1,0.096044935,0.0,0.019045364,0.33333334,0.32171416,0.56666666,0.5631955
1330,0.9904717,False,Type 2 alveolar,Type 2 alveolar,0.26666668,0.28068706,0.36666667,0.34761015,0.033333335,0.037799228,0.33333334,0.33390358
4214,0.9904695,False,Type 2 alveolar,Type 2 alveolar,0.26666668,0.2810602,0.3,0.30466738,0.3,0.28864348,0.13333334,0.12562889
3580,0.9904685,False,Type 2 alveolar,Type 2 alveolar,0.13333334,0.14578152,0.46666667,0.44782597,0.16666667,0.16644438,0.23333333,0.23994811
4922,0.99046683,False,Type 2 alveolar,Type 2 alveolar,0.1724138,0.18852563,0.3448276,0.34046018,0.27586207,0.2788166,0.20689656,0.19219759
3849,0.9904652,False,Dendritic cells,Dendritic cells,0.16129032,0.17464346,0.19354838,0.19541514,0.19354838,0.19739805,0.4516129,0.4325434
2306,0.99046314,False,Luminal_Macrophages,Luminal_Macrophages,0.3448276,0.3446817,0.06896552,0.06801398,0.3448276,0.3268513,0.2413793,0.26045302
2960,0.99046236,False,Fibroblasts,Fibroblasts,0.26666668,0.2819097,0.26666668,0.27049896,0.3,0.2908544,0.16666667,0.15673696
1564,0.99045956,False,Type 2 alveolar,Type 2 alveolar,0.13793103,0.14769854,0.41379312,0.40169546,0.31034482,0.31965816,0.13793103,0.13094778
1685,0.99045527,False,Type 2 alveolar,Type 2 alveolar,0.3,0.31879517,0.5,0.4849217,0.13333334,0.1336277,0.06666667,0.06265546
4975,0.9904502,False,Fibroblasts,Fibroblasts,0.3,0.307193,0.2,0.19517429,0.33333334,0.3190594,0.16666667,0.17857331
3186,0.99044806,False,Fibroblasts,Fibroblasts,0.16666667,0.17129882,0.06666667,0.06128689,0.46666667,0.45294252,0.3,0.31447178
4308,0.99044585,False,Type 2 alveolar,Type 2 alveolar,0.06666667,0.07910558,0.36666667,0.34778878,0.3,0.2997696,0.26666668,0.27333602
4104,0.9904442,False,Fibroblasts,Fibroblasts,0.06666667,0.067631416,0.13333334,0.13946407,0.5,0.4808883,0.3,0.3120162
530,0.9904405,False,Luminal_Macrophages,Luminal_Macrophages,0.36666667,0.35928833,0.33333334,0.3226264,0.3,0.2989662,0.0,0.019119019
2920,0.99043846,False,Dendritic cells,Dendritic cells,0.16666667,0.16996677,0.2,0.20375222,0.23333333,0.24540414,0.4,0.3808769
4446,0.99043155,False,Type 2 alveolar,Type 2 alveolar,0.032258064,0.041257095,0.61290324,0.60075426,0.19354838,0.20368625,0.16129032,0.1543024
3616,0.9904302,False,Type 2 alveolar,Type 2 alveolar,0.22580644,0.23473926,0.516129,0.49698937,0.16129032,0.16195332,0.09677419,0.10631798
3912,0.9904276,False,Dendritic cells,Dendritic cells,0.3,0.3117936,0.033333335,0.04068444,0.3,0.29747403,0.36666667,0.3500479
2414,0.99042696,False,Type 2 alveolar,Type 2 alveolar,0.23333333,0.24621671,0.33333334,0.32493782,0.16666667,0.15591608,0.26666668,0.2729294
4978,0.9904251,False,Fibroblasts,Fibroblasts,0.06666667,0.052659754,0.1,0.09727204,0.5,0.4975851,0.33333334,0.35248303
2771,0.9904221,False,Luminal_Macrophages,Luminal_Macrophages,0.43333334,0.4210712,0.033333335,0.05029512,0.16666667,0.16886067,0.36666667,0.35977304
1385,0.9904218,False,Type 2 alveolar,Type 2 alveolar,0.09677419,0.11090084,0.3548387,0.33894747,0.32258064,0.31931537,0.22580644,0.23083629
3647,0.99042064,False,Fibroblasts,Fibroblasts,0.2,0.19127333,0.1,0.10466404,0.36666667,0.35623467,0.33333334,0.347828
2783,0.99041355,False,Fibroblasts,Fibroblasts,0.20689656,0.21422139,0.06896552,0.065554686,0.41379312,0.39803106,0.31034482,0.3221928
1799,0.9904109,False,Luminal_Macrophages,Luminal_Macrophages,0.37931034,0.3928869,0.03448276,0.03769272,0.3448276,0.3256495,0.2413793,0.24377088
3919,0.99041027,False,Dendritic cells,Dendritic cells,0.23333333,0.24706735,0.2,0.20544548,0.06666667,0.057882704,0.5,0.48960447
3150,0.99040794,False,Type 2 alveolar,Type 2 alveolar,0.13793103,0.14376672,0.41379312,0.40022427,0.27586207,0.2892104,0.1724138,0.16679855
4915,0.9904039,False,Fibroblasts,Fibroblasts,0.16666667,0.17620516,0.16666667,0.16233031,0.36666667,0.35181084,0.3,0.30965367
1716,0.9903977,False,Dendritic cells,Dendritic cells,0.26666668,0.2814335,0.06666667,0.058484558,0.06666667,0.055644196,0.6,0.6044378
4092,0.99039406,False,Dendritic cells,Dendritic cells,0.2,0.21745175,0.2,0.1984348,0.26666668,0.26842684,0.33333334,0.31568658
1760,0.9903938,False,Luminal_Macrophages,Luminal_Macrophages,0.53333336,0.5208068,0.06666667,0.059980854,0.3,0.31583694,0.1,0.10337543
2016,0.9903882,False,Fibroblasts,Fibroblasts,0.26666668,0.28460187,0.26666668,0.26795498,0.33333334,0.31696802,0.13333334,0.13047509
872,0.9903871,False,Fibroblasts,Fibroblasts,0.33333334,0.3505707,0.13333334,0.12552759,0.36666667,0.35524657,0.16666667,0.16865516
3167,0.9903864,False,Type 2 alveolar,Type 2 alveolar,0.2,0.21416628,0.4,0.38077286,0.06666667,0.06744951,0.33333334,0.33761132
663,0.99038315,False,Luminal_Macrophages,Luminal_Macrophages,0.33333334,0.32935986,0.23333333,0.227353,0.2,0.19072017,0.23333333,0.252567
3703,0.9903816,False,Type 2 alveolar,Type 2 alveolar,0.13333334,0.15032443,0.43333334,0.41994545,0.33333334,0.335579,0.1,0.09415105
4087,0.99038124,False,Dendritic cells,Dendritic cells,0.13793103,0.13731317,0.13793103,0.12865707,0.10344828,0.0941026,0.62068963,0.63992715
4698,0.9903754,False,Dendritic cells,Dendritic cells,0.033333335,0.044204425,0.4,0.38830036,0.1,0.09245043,0.46666667,0.4750448
4793,0.99037355,False,Type 2 alveolar,Type 2 alveolar,0.2413793,0.25976098,0.3448276,0.33089167,0.1724138,0.16709685,0.2413793,0.24225055
671,0.99036807,False,Type 2 alveolar,Type 2 alveolar,0.13333334,0.14175682,0.36666667,0.35064593,0.26666668,0.27750707,0.23333333,0.23009019
2865,0.99036586,False,Dendritic cells,Dendritic cells,0.2413793,0.26046157,0.06896552,0.06545058,0.31034482,0.31053087,0.37931034,0.36355695
4293,0.9903652,False,Luminal_Macrophages,Luminal_Macrophages,0.4,0.38921177,0.33333334,0.35260296,0.16666667,0.16514245,0.1,0.09304289
42,0.9903627,False,Luminal_Macrophages,Luminal_Macrophages,0.36666667,0.35563785,0.26666668,0.2764077,0.2,0.1917542,0.16666667,0.17620027
2755,0.99036163,False,Dendritic cells,Dendritic cells,0.06666667,0.07784724,0.26666668,0.2747628,0.16666667,0.1609293,0.5,0.4864606
2525,0.99036115,False,Type 2 alveolar,Type 2 alveolar,0.1,0.10161341,0.4,0.38072228,0.3,0.3097489,0.2,0.2079154
1269,0.99036,False,Fibroblasts,Fibroblasts,0.09677419,0.09322346,0.29032257,0.3058612,0.516129,0.5003998,0.09677419,0.10051554
1753,0.99035627,False,Type 2 alveolar,Type 2 alveolar,0.12903225,0.13241187,0.41935483,0.40006742,0.2580645,0.27124393,0.19354838,0.19627678
486,0.99035543,False,Fibroblasts,Dendritic cells,0.2,0.21928918,0.06666667,0.06333317,0.36666667,0.35335433,0.36666667,0.36402336
4657,0.9903546,False,Fibroblasts,Fibroblasts,0.20689656,0.21608485,0.27586207,0.28596467,0.31034482,0.3025783,0.20689656,0.19537225
2792,0.9903514,False,Fibroblasts,Fibroblasts,0.13333334,0.1421496,0.13333334,0.14113057,0.4,0.3807028,0.33333334,0.33601704
2859,0.9903508,False,Luminal_Macrophages,Luminal_Macrophages,0.43333334,0.43535653,0.43333334,0.42040005,0.0,0.017275248,0.13333334,0.12696812
2272,0.99035,False,Fibroblasts,Fibroblasts,0.13333334,0.1429441,0.26666668,0.27070642,0.33333334,0.3140333,0.26666668,0.27231613
3565,0.9903467,False,Dendritic cells,Dendritic cells,0.13333334,0.15121518,0.33333334,0.31930313,0.033333335,0.034758084,0.5,0.49472362
3810,0.99034506,False,Dendritic cells,Dendritic cells,0.22580644,0.24054106,0.032258064,0.03683341,0.3548387,0.34446687,0.38709676,0.3781587
2443,0.990341,False,Type 2 alveolar,Type 2 alveolar,0.1,0.11931796,0.36666667,0.35224968,0.23333333,0.2320597,0.3,0.29637262
660,0.99034035,False,Luminal_Macrophages,Luminal_Macrophages,0.73333335,0.718211,0.23333333,0.23442534,0.033333335,0.029136406,0.0,0.018227357
847,0.9903359,False,Fibroblasts,Fibroblasts,0.41379312,0.41476306,0.06896552,0.064506635,0.51724136,0.50237197,0.0,0.018358303
2479,0.99033093,False,Type 2 alveolar,Type 2 alveolar,0.33333334,0.34890544,0.43333334,0.4193576,0.06666667,0.06130422,0.16666667,0.17043275
917,0.9903309,False,Luminal_Macrophages,Luminal_Macrophages,0.48387095,0.4645327,0.12903225,0.13234475,0.19354838,0.20670179,0.19354838,0.19642065
1071,0.99032617,False,Dendritic cells,Dendritic cells,0.06666667,0.080489725,0.33333334,0.3335252,0.2,0.2053327,0.4,0.38065237
4826,0.99032056,False,Type 2 alveolar,Type 2 alveolar,0.23333333,0.25269222,0.4,0.38359085,0.2,0.19953388,0.16666667,0.164183
1610,0.9903199,False,Dendritic cells,Dendritic cells,0.16129032,0.16139413,0.0,0.019256394,0.2580645,0.25599638,0.58064514,0.56335306
3526,0.9903182,False,Dendritic cells,Dendritic cells,0.1,0.09739939,0.36666667,0.34990364,0.0,0.018079713,0.53333336,0.53461725
2328,0.9903153,False,Luminal_Macrophages,Luminal_Macrophages,0.516129,0.51083523,0.0,0.019112129,0.4516129,0.4375373,0.032258064,0.032515347
1160,0.9903151,False,Fibroblasts,Fibroblasts,0.1,0.107995845,0.3,0.29688013,0.33333334,0.31708333,0.26666668,0.27804068
3881,0.99030125,False,Fibroblasts,Fibroblasts,0.1,0.09585052,0.23333333,0.24065334,0.36666667,0.3514186,0.3,0.31207758
3489,0.9903002,False,Type 2 alveolar,Type 2 alveolar,0.2,0.21939965,0.4,0.3841071,0.2,0.19831859,0.2,0.19817467
4773,0.9902924,False,Luminal_Macrophages,Luminal_Macrophages,0.43333334,0.41391808,0.2,0.20149356,0.2,0.20364825,0.16666667,0.18094009
505,0.9902919,False,Luminal_Macrophages,Luminal_Macrophages,0.4516129,0.46278507,0.032258064,0.040502105,0.4516129,0.4420872,0.06451613,0.05462562
3870,0.99028707,False,Dendritic cells,Dendritic cells,0.2,0.21188629,0.26666668,0.27420622,0.06666667,0.059919886,0.46666667,0.45398757
1296,0.9902867,False,Fibroblasts,Fibroblasts,0.23333333,0.2527599,0.16666667,0.16573118,0.3,0.29132226,0.3,0.29018673
4505,0.9902841,False,Fibroblasts,Fibroblasts,0.13793103,0.15736288,0.27586207,0.27383897,0.31034482,0.29645053,0.27586207,0.27234766
1012,0.990284,False,Type 2 alveolar,Type 2 alveolar,0.16666667,0.18442267,0.43333334,0.42328927,0.06666667,0.057278726,0.33333334,0.33500934
1929,0.99028176,False,Type 2 alveolar,Type 2 alveolar,0.33333334,0.34435353,0.43333334,0.41469836,0.1,0.09919854,0.13333334,0.14174965
1473,0.99028045,False,Dendritic cells,Dendritic cells,0.32258064,0.33676845,0.09677419,0.092704356,0.22580644,0.23105775,0.3548387,0.3394694
795,0.9902729,False,Dendritic cells,Dendritic cells,0.16666667,0.18612091,0.06666667,0.057202052,0.36666667,0.3567008,0.4,0.39997628
3587,0.99027044,False,Dendritic cells,Dendritic cells,0.26666668,0.2793735,0.033333335,0.03811224,0.3,0.30197337,0.4,0.38054094
4700,0.99027,False,Luminal_Macrophages,Luminal_Macrophages,0.3,0.30538848,0.23333333,0.21979685,0.2,0.19407657,0.26666668,0.28073815
1465,0.99026114,False,Fibroblasts,Fibroblasts,0.31034482,0.3256727,0.27586207,0.27829617,0.37931034,0.35983264,0.03448276,0.03619848
1596,0.9902611,False,Luminal_Macrophages,Luminal_Macrophages,0.6451613,0.6316154,0.2580645,0.26290694,0.06451613,0.058584113,0.032258064,0.046893556
4904,0.9902578,False,Type 2 alveolar,Type 2 alveolar,0.23333333,0.25281775,0.36666667,0.36405584,0.36666667,0.35273147,0.033333335,0.030394934
3324,0.99025756,False,Fibroblasts,Fibroblasts,0.13333334,0.14439444,0.2,0.1979922,0.4,0.38252285,0.26666668,0.27509046
2980,0.99025697,False,Fibroblasts,Fibroblasts,0.33333334,0.35281935,0.06666667,0.058791414,0.43333334,0.42354098,0.16666667,0.16484827
2226,0.99024975,False,Luminal_Macrophages,Luminal_Macrophages,0.6,0.58607227,0.16666667,0.1749322,0.13333334,0.12776054,0.1,0.111235015
4190,0.9902496,False,Type 2 alveolar,Type 2 alveolar,0.03448276,0.031851616,0.7586207,0.77186215,0.10344828,0.08657849,0.10344828,0.10970769
4672,0.9902489,False,Dendritic cells,Dendritic cells,0.13333334,0.13021037,0.0,0.019502155,0.26666668,0.2661871,0.6,0.58410037
1616,0.99024767,False,Luminal_Macrophages,Luminal_Macrophages,0.37931034,0.37570158,0.3448276,0.32893166,0.03448276,0.038799755,0.2413793,0.256567
2107,0.99024725,False,Luminal_Macrophages,Luminal_Macrophages,0.26666668,0.2861722,0.26666668,0.26309234,0.26666668,0.26187766,0.2,0.18885781
425,0.9902454,False,Type 2 alveolar,Type 2 alveolar,0.13793103,0.14297085,0.4827586,0.4632494,0.03448276,0.037347693,0.3448276,0.35643205
4301,0.99024194,False,Fibroblasts,Fibroblasts,0.16666667,0.17211865,0.23333333,0.23677696,0.36666667,0.34715056,0.23333333,0.24395382
192,0.9902414,False,Fibroblasts,Fibroblasts,0.26666668,0.2861839,0.23333333,0.22166707,0.3,0.29314354,0.2,0.19900548
4939,0.9902398,False,Type 2 alveolar,Type 2 alveolar,0.06896552,0.0714877,0.41379312,0.3942727,0.2413793,0.24863213,0.27586207,0.2856074
4288,0.9902387,False,Dendritic cells,Dendritic cells,0.2413793,0.25522876,0.10344828,0.10125749,0.2413793,0.24705242,0.41379312,0.3964613
2119,0.99023867,False,Fibroblasts,Fibroblasts,0.27586207,0.29177457,0.20689656,0.20883226,0.37931034,0.3597876,0.13793103,0.13960554
2869,0.9902334,False,Fibroblasts,Fibroblasts,0.16666667,0.17293164,0.3,0.31326815,0.36666667,0.35467282,0.16666667,0.15912741
142,0.99023306,False,Type 2 alveolar,Type 2 alveolar,0.032258064,0.045360133,0.5483871,0.5297105,0.16129032,0.16043305,0.2580645,0.26449636
520,0.9902313,False,Dendritic cells,Dendritic cells,0.033333335,0.036002073,0.23333333,0.24734144,0.23333333,0.23619394,0.5,0.48046255
3057,0.990231,False,Dendritic cells,Dendritic cells,0.13793103,0.14474107,0.13793103,0.13274695,0.27586207,0.2885901,0.44827586,0.4339219
3098,0.9902297,False,Luminal_Macrophages,Luminal_Macrophages,0.26666668,0.26813278,0.23333333,0.25140777,0.23333333,0.22549438,0.26666668,0.2549651
4179,0.9902276,False,Fibroblasts,Fibroblasts,0.13333334,0.14789803,0.1,0.084679954,0.4,0.3957752,0.36666667,0.3716468
873,0.99022734,False,Type 2 alveolar,Type 2 alveolar,0.33333334,0.33569494,0.36666667,0.35537735,0.06666667,0.058410723,0.23333333,0.250517
1046,0.9902263,False,Fibroblasts,Fibroblasts,0.0,0.01954732,0.33333334,0.32833815,0.36666667,0.3524564,0.3,0.29965815
1869,0.990224,False,Fibroblasts,Fibroblasts,0.13333334,0.14937405,0.26666668,0.26788568,0.4,0.38044798,0.2,0.20229228
4272,0.99022394,False,Dendritic cells,Dendritic cells,0.16666667,0.1628852,0.0,0.019552046,0.4,0.3862503,0.43333334,0.43131244
448,0.9902232,False,Fibroblasts,Fibroblasts,0.2413793,0.25941366,0.27586207,0.27738133,0.3448276,0.32775477,0.13793103,0.13545032
1384,0.9902213,False,Type 2 alveolar,Type 2 alveolar,0.16129032,0.17116283,0.41935483,0.4057639,0.29032257,0.3000074,0.12903225,0.12306582
2046,0.990218,False,Type 2 alveolar,Dendritic cells,0.26666668,0.26461196,0.36666667,0.3561709,0.0,0.019564109,0.36666667,0.35965312
3650,0.9902174,False,Fibroblasts,Fibroblasts,0.09677419,0.08872098,0.16129032,0.15163788,0.7096774,0.7292426,0.032258064,0.030398546
2048,0.99021614,False,Fibroblasts,Fibroblasts,0.33333334,0.33480895,0.23333333,0.23763949,0.36666667,0.34709898,0.06666667,0.080452584
2967,0.99021506,False,Type 2 alveolar,Type 2 alveolar,0.26666668,0.2862366,0.36666667,0.35743573,0.33333334,0.32425776,0.033333335,0.03206994
3002,0.99021393,False,Fibroblasts,Fibroblasts,0.1,0.11586354,0.26666668,0.27037525,0.33333334,0.3180394,0.3,0.29572183
1749,0.9902122,False,Fibroblasts,Fibroblasts,0.033333335,0.03001635,0.06666667,0.06017748,0.8333333,0.8529089,0.06666667,0.05689723
679,0.9902097,False,Type 2 alveolar,Type 2 alveolar,0.19354838,0.21000499,0.5483871,0.5311356,0.16129032,0.16441436,0.09677419,0.09444508
1110,0.9902092,False,Luminal_Macrophages,Luminal_Macrophages,0.37931034,0.36142004,0.2413793,0.25436792,0.2413793,0.23968813,0.13793103,0.14452396
2038,0.99020857,False,Fibroblasts,Fibroblasts,0.06666667,0.05730022,0.3,0.31958282,0.56666666,0.5639167,0.06666667,0.059200224
2175,0.9902061,False,Fibroblasts,Fibroblasts,0.13333334,0.14308546,0.26666668,0.27650234,0.46666667,0.45047653,0.13333334,0.12993565
3327,0.9902027,False,Fibroblasts,Fibroblasts,0.26666668,0.28418347,0.16666667,0.16874439,0.33333334,0.31706035,0.23333333,0.23001184
3665,0.99020267,False,Dendritic cells,Dendritic cells,0.3,0.31052455,0.23333333,0.24240349,0.06666667,0.06104304,0.4,0.38602895
2817,0.9902015,False,Type 2 alveolar,Type 2 alveolar,0.03448276,0.044052873,0.37931034,0.36161628,0.2413793,0.2514062,0.3448276,0.34292465
1850,0.9901964,False,Fibroblasts,Dendritic cells,0.23333333,0.25294048,0.1,0.09279308,0.33333334,0.32598704,0.33333334,0.3282794
4622,0.99019617,False,Type 2 alveolar,Type 2 alveolar,0.32258064,0.32199347,0.38709676,0.36807626,0.032258064,0.03479083,0.2580645,0.27513942
2990,0.9901914,False,Dendritic cells,Dendritic cells,0.31034482,0.30192095,0.0,0.019617274,0.13793103,0.13127509,0.55172414,0.54718673
1239,0.9901878,False,Dendritic cells,Dendritic cells,0.033333335,0.029097848,0.4,0.39160508,0.13333334,0.12633942,0.43333334,0.4529576
3753,0.9901798,False,Luminal_Macrophages,Luminal_Macrophages,0.46666667,0.4572847,0.1,0.08974153,0.3,0.30934927,0.13333334,0.14362453
1203,0.9901759,False,Fibroblasts,Fibroblasts,0.3,0.3163875,0.1,0.096965805,0.36666667,0.35005257,0.23333333,0.23659404
277,0.9901752,False,Dendritic cells,Dendritic cells,0.3,0.28035042,0.033333335,0.033681445,0.0,0.015408817,0.6666667,0.67055935
1720,0.99017483,False,Fibroblasts,Dendritic cells,0.23333333,0.25200042,0.033333335,0.03431656,0.36666667,0.35327464,0.36666667,0.36040834
2710,0.9901736,False,Type 2 alveolar,Type 2 alveolar,0.23333333,0.24443133,0.36666667,0.3496324,0.1,0.09738145,0.3,0.30855483
419,0.9901724,False,Fibroblasts,Fibroblasts,0.26666668,0.28632188,0.26666668,0.26515597,0.3,0.2887707,0.16666667,0.15975146
2261,0.9901638,False,Luminal_Macrophages,Luminal_Macrophages,0.58064514,0.5741137,0.12903225,0.11589132,0.22580644,0.24305245,0.06451613,0.06694248
199,0.99016374,False,Fibroblasts,Fibroblasts,0.13333334,0.1517068,0.36666667,0.3679657,0.46666667,0.4524405,0.033333335,0.027887
3973,0.9901631,False,Fibroblasts,Fibroblasts,0.33333334,0.34526804,0.033333335,0.036409494,0.43333334,0.4136595,0.2,0.20466296
2774,0.9901616,False,Type 2 alveolar,Type 2 alveolar,0.29032257,0.3039153,0.48387095,0.4659174,0.06451613,0.06279291,0.16129032,0.16737439
4309,0.9901605,False,Type 2 alveolar,Type 2 alveolar,0.2,0.21052311,0.53333336,0.51527697,0.16666667,0.17582254,0.1,0.09837738
1122,0.9901599,False,Type 2 alveolar,Type 2 alveolar,0.2580645,0.27774465,0.29032257,0.28015262,0.2580645,0.25514317,0.19354838,0.18695962
891,0.9901589,False,Luminal_Macrophages,Luminal_Macrophages,0.62068963,0.60363615,0.03448276,0.04616489,0.10344828,0.10081955,0.2413793,0.24937935
1166,0.9901546,False,Type 2 alveolar,Type 2 alveolar,0.06666667,0.06819358,0.46666667,0.45224229,0.13333334,0.12806691,0.33333334,0.35149714
4010,0.9901543,False,Dendritic cells,Dendritic cells,0.26666668,0.28635797,0.2,0.1967143,0.2,0.19218065,0.33333334,0.3247471
1930,0.99015206,False,Dendritic cells,Dendritic cells,0.26666668,0.2812082,0.26666668,0.27182108,0.06666667,0.060410965,0.4,0.38655975
3517,0.9901519,False,Dendritic cells,Dendritic cells,0.2,0.20720617,0.16666667,0.16114399,0.26666668,0.27915668,0.36666667,0.35249317
4983,0.99014753,False,Fibroblasts,Fibroblasts,0.23333333,0.2502994,0.26666668,0.26940557,0.3,0.29207113,0.2,0.1882239
1096,0.990144,False,Dendritic cells,Dendritic cells,0.16666667,0.18548541,0.23333333,0.23241399,0.2,0.20089321,0.4,0.38120738
1825,0.9901438,False,Fibroblasts,Fibroblasts,0.19354838,0.1972559,0.19354838,0.19802062,0.41935483,0.39964244,0.19354838,0.20508108
4045,0.99013937,False,Fibroblasts,Fibroblasts,0.23333333,0.24258372,0.26666668,0.2612636,0.33333334,0.31901515,0.16666667,0.17713755
1277,0.9901375,False,Fibroblasts,Fibroblasts,0.26666668,0.28293237,0.16666667,0.16671622,0.33333334,0.31360835,0.23333333,0.23674305
4141,0.99013466,False,Fibroblasts,Fibroblasts,0.26666668,0.2801234,0.033333335,0.03780659,0.5,0.48026934,0.2,0.20180064
2743,0.99013275,False,Fibroblasts,Fibroblasts,0.3,0.30683953,0.13333334,0.122811474,0.33333334,0.3241207,0.23333333,0.24622828
1343,0.99013156,False,Luminal_Macrophages,Luminal_Macrophages,0.44827586,0.43640408,0.1724138,0.17817852,0.06896552,0.061100435,0.31034482,0.32431698
2738,0.9901283,False,Dendritic cells,Dendritic cells,0.23333333,0.25307682,0.2,0.19051701,0.2,0.19918722,0.36666667,0.35721895
1041,0.990128,False,Fibroblasts,Fibroblasts,0.3,0.31379429,0.13333334,0.12152957,0.5,0.49205968,0.06666667,0.07261645
3981,0.99012756,False,Fibroblasts,Fibroblasts,0.2,0.19926402,0.16666667,0.16597319,0.36666667,0.3483512,0.26666668,0.2864116
108,0.9901245,False,Type 2 alveolar,Type 2 alveolar,0.3,0.31688786,0.33333334,0.32288656,0.06666667,0.057362508,0.3,0.30286303
4025,0.99012434,False,Dendritic cells,Dendritic cells,0.3,0.31810707,0.16666667,0.16831088,0.13333334,0.11854435,0.4,0.39503762
1764,0.990123,False,Fibroblasts,Fibroblasts,0.26666668,0.28425828,0.16666667,0.15567283,0.3,0.29123974,0.26666668,0.26882917
63,0.990122,False,Type 2 alveolar,Type 2 alveolar,0.2580645,0.2747859,0.38709676,0.37609753,0.12903225,0.12027555,0.22580644,0.228841
2167,0.9901217,False,Luminal_Macrophages,Luminal_Macrophages,0.4,0.38894558,0.33333334,0.33252728,0.13333334,0.12543726,0.13333334,0.15308987
3582,0.99012,False,Luminal_Macrophages,Luminal_Macrophages,0.33333334,0.32309106,0.26666668,0.2764251,0.1,0.09048232,0.3,0.31000158
2392,0.9901189,False,Luminal_Macrophages,Luminal_Macrophages,0.43333334,0.4135712,0.36666667,0.36691374,0.16666667,0.1700065,0.033333335,0.04950853
3786,0.99011874,False,Dendritic cells,Dendritic cells,0.033333335,0.040459868,0.23333333,0.2459693,0.2,0.1931922,0.53333336,0.5203786
1500,0.99011767,False,Fibroblasts,Fibroblasts,0.1,0.117696896,0.3,0.30206776,0.36666667,0.34761316,0.23333333,0.23262218
1755,0.9901131,False,Fibroblasts,Fibroblasts,0.06666667,0.067169115,0.3,0.30248237,0.36666667,0.3468929,0.26666668,0.28345567
4960,0.9901112,False,Type 2 alveolar,Type 2 alveolar,0.32258064,0.34235832,0.41935483,0.41247272,0.12903225,0.124672264,0.12903225,0.120496735
3105,0.99010956,False,Dendritic cells,Dendritic cells,0.1724138,0.18240047,0.1724138,0.1696247,0.2413793,0.25117347,0.41379312,0.39680132
3880,0.9901046,False,Fibroblasts,Fibroblasts,0.26666668,0.2862457,0.033333335,0.033545084,0.36666667,0.34956297,0.33333334,0.33064625
379,0.99010175,False,Type 2 alveolar,Type 2 alveolar,0.29032257,0.2957231,0.32258064,0.31323606,0.16129032,0.15083843,0.22580644,0.24020235
219,0.9901,False,Luminal_Macrophages,Luminal_Macrophages,0.36666667,0.35380235,0.23333333,0.24468434,0.2,0.1930643,0.2,0.20844899
3695,0.99009967,False,Type 2 alveolar,Type 2 alveolar,0.16129032,0.17428821,0.41935483,0.39955422,0.19354838,0.19498375,0.22580644,0.23117384
4133,0.9900995,False,Fibroblasts,Fibroblasts,0.16666667,0.17620078,0.23333333,0.24261943,0.46666667,0.44686562,0.13333334,0.13431412
1809,0.9900917,False,Dendritic cells,Dendritic cells,0.16666667,0.18106517,0.13333334,0.11351667,0.33333334,0.33741507,0.36666667,0.36800307
76,0.9900903,False,Dendritic cells,Dendritic cells,0.22580644,0.24562584,0.29032257,0.2847248,0.032258064,0.030454889,0.4516129,0.43919447
4590,0.9900889,False,Dendritic cells,Dendritic cells,0.2,0.21636374,0.33333334,0.33309132,0.033333335,0.036791798,0.43333334,0.41375303
4789,0.9900809,False,Fibroblasts,Fibroblasts,0.26666668,0.2798748,0.33333334,0.33098805,0.36666667,0.3491737,0.033333335,0.039963476
2400,0.9900805,False,Luminal_Macrophages,Luminal_Macrophages,0.43333334,0.4269569,0.13333334,0.11987073,0.26666668,0.27765638,0.16666667,0.17551602
2201,0.9900745,False,Type 2 alveolar,Type 2 alveolar,0.20689656,0.21812046,0.44827586,0.4284249,0.31034482,0.31814393,0.03448276,0.035310723
3035,0.9900739,False,Fibroblasts,Fibroblasts,0.033333335,0.03387841,0.26666668,0.27954507,0.4,0.3801479,0.3,0.30642867
775,0.9900698,False,Dendritic cells,Dendritic cells,0.16666667,0.18652701,0.33333334,0.32795513,0.13333334,0.12983456,0.36666667,0.35568327
584,0.99006695,False,Type 2 alveolar,Type 2 alveolar,0.3,0.31659257,0.36666667,0.3542528,0.1,0.092547774,0.23333333,0.2366069
4220,0.9900668,False,Fibroblasts,Fibroblasts,0.16666667,0.1741802,0.33333334,0.34568614,0.43333334,0.41860855,0.06666667,0.061525125
1757,0.9900653,False,Fibroblasts,Fibroblasts,0.06666667,0.06330316,0.26666668,0.27851257,0.36666667,0.3501607,0.3,0.30802363
4784,0.9900649,False,Type 2 alveolar,Type 2 alveolar,0.16666667,0.17152593,0.4,0.38012984,0.23333333,0.23647618,0.2,0.211868
3636,0.99006325,False,Type 2 alveolar,Type 2 alveolar,0.12903225,0.1415734,0.38709676,0.39442918,0.38709676,0.37276655,0.09677419,0.09123087
3895,0.99006224,False,Fibroblasts,Fibroblasts,0.33333334,0.35320887,0.06666667,0.065912604,0.4,0.38214317,0.2,0.19873537
1588,0.9900614,False,Dendritic cells,Dendritic cells,0.06666667,0.06319279,0.23333333,0.24265714,0.26666668,0.27722007,0.43333334,0.41693
3622,0.9900599,False,Luminal_Macrophages,Luminal_Macrophages,0.4,0.38922837,0.13333334,0.124224775,0.3,0.311131,0.16666667,0.17541586
1317,0.990058,False,Fibroblasts,Fibroblasts,0.26666668,0.25964144,0.1,0.09941888,0.6333333,0.62105566,0.0,0.019884044
3808,0.9900568,False,Fibroblasts,Fibroblasts,0.2,0.20098753,0.2,0.19224806,0.6,0.5878656,0.0,0.018898828
583,0.99005556,False,Fibroblasts,Fibroblasts,0.0,0.019888945,0.10344828,0.10291959,0.51724136,0.5048749,0.37931034,0.37231663
2077,0.99005246,False,Dendritic cells,Dendritic cells,0.23333333,0.25322837,0.3,0.2935057,0.13333334,0.12724875,0.33333334,0.32601717
4554,0.99004453,False,Dendritic cells,Dendritic cells,0.3,0.31991097,0.13333334,0.13029633,0.1,0.09940611,0.46666667,0.45038655
1090,0.9900387,False,Type 2 alveolar,Type 2 alveolar,0.32258064,0.33405548,0.41935483,0.3994322,0.22580644,0.2325823,0.032258064,0.033930015
472,0.990029,False,Type 2 alveolar,Type 2 alveolar,0.2,0.21989648,0.36666667,0.35697418,0.1,0.089750364,0.33333334,0.3333789
2866,0.9900277,False,Type 2 alveolar,Type 2 alveolar,0.3548387,0.36785743,0.4516129,0.43166828,0.16129032,0.16221118,0.032258064,0.03826306
834,0.99002427,False,Type 2 alveolar,Type 2 alveolar,0.22580644,0.23911576,0.38709676,0.37203857,0.2580645,0.26470673,0.12903225,0.124138944
3060,0.9900231,False,Dendritic cells,Dendritic cells,0.06896552,0.05024283,0.3448276,0.35663182,0.1724138,0.17118269,0.41379312,0.42194268
2515,0.9900178,False,Type 2 alveolar,Type 2 alveolar,0.33333334,0.3418903,0.5,0.48003557,0.033333335,0.03794058,0.13333334,0.14013356
694,0.99001735,False,Fibroblasts,Fibroblasts,0.2413793,0.24280836,0.0,0.01853625,0.6896552,0.6720864,0.06896552,0.06656901
2613,0.9900169,False,Dendritic cells,Dendritic cells,0.13333334,0.1532996,0.36666667,0.36415726,0.06666667,0.060116064,0.43333334,0.42242706
853,0.9900161,False,Luminal_Macrophages,Luminal_Macrophages,0.36666667,0.35298386,0.23333333,0.22704835,0.26666668,0.27437672,0.13333334,0.145591
2309,0.9900117,False,Fibroblasts,Fibroblasts,0.2,0.19694476,0.26666668,0.28397894,0.33333334,0.31641203,0.2,0.20266432
1112,0.9900102,False,Dendritic cells,Dendritic cells,0.3,0.29240406,0.3,0.29350176,0.0,0.019979572,0.4,0.3941146
1707,0.9900059,False,Dendritic cells,Dendritic cells,0.16666667,0.17795461,0.3,0.30870017,0.1,0.097730175,0.43333334,0.41561502
4398,0.990003,False,Type 2 alveolar,Type 2 alveolar,0.3,0.30771077,0.4,0.38408253,0.1,0.09592343,0.2,0.21228325
1935,0.99000204,False,Fibroblasts,Fibroblasts,0.1,0.10679218,0.16666667,0.16840538,0.43333334,0.41333747,0.3,0.311465
1754,0.9899948,False,Fibroblasts,Fibroblasts,0.06666667,0.069302,0.3,0.3107576,0.4,0.3799896,0.23333333,0.23995073
149,0.9899914,False,Fibroblasts,Fibroblasts,0.13793103,0.13779436,0.06896552,0.05243222,0.55172414,0.548377,0.2413793,0.2613964
2023,0.9899899,False,Luminal_Macrophages,Luminal_Macrophages,0.38709676,0.3723057,0.32258064,0.31834975,0.032258064,0.031259824,0.2580645,0.27808473
174,0.98998934,False,Dendritic cells,Dendritic cells,0.10344828,0.09828835,0.37931034,0.36444893,0.0,0.015554273,0.51724136,0.5217084
2529,0.9899889,False,Dendritic cells,Dendritic cells,0.033333335,0.039010633,0.1,0.08415087,0.23333333,0.22916034,0.6333333,0.64767826
4914,0.98998815,False,Fibroblasts,Fibroblasts,0.32258064,0.3264432,0.2580645,0.2742257,0.3548387,0.33902812,0.06451613,0.060302965
3630,0.9899809,False,Fibroblasts,Fibroblasts,0.16666667,0.17615744,0.3,0.29831526,0.36666667,0.3483132,0.16666667,0.17721407
3542,0.9899784,False,Luminal_Macrophages,Luminal_Macrophages,0.516129,0.5264033,0.29032257,0.30009162,0.06451613,0.052334562,0.12903225,0.12117056
3792,0.98997146,False,Fibroblasts,Fibroblasts,0.3,0.3068987,0.26666668,0.27982503,0.33333334,0.32039684,0.1,0.092879385
3552,0.98997074,False,Dendritic cells,Dendritic cells,0.26666668,0.28299373,0.1,0.09501011,0.23333333,0.23706481,0.4,0.38493136
1833,0.98997027,False,Fibroblasts,Fibroblasts,0.33333334,0.3409395,0.033333335,0.036142,0.36666667,0.34660715,0.26666668,0.27631137
184,0.98996896,False,Luminal_Macrophages,Luminal_Macrophages,0.53333336,0.5484344,0.06666667,0.05791909,0.3,0.304961,0.1,0.08868548
2828,0.9899647,False,Luminal_Macrophages,Luminal_Macrophages,0.4,0.38150454,0.033333335,0.046567306,0.3,0.29842493,0.26666668,0.27350324
918,0.98996437,False,Luminal_Macrophages,Luminal_Macrophages,0.46666667,0.45590544,0.033333335,0.035456207,0.36666667,0.35735664,0.13333334,0.15128173
368,0.9899641,False,Luminal_Macrophages,Luminal_Macrophages,0.36666667,0.35323215,0.23333333,0.23874517,0.13333334,0.12669614,0.26666668,0.2813266
1992,0.98996246,False,Dendritic cells,Dendritic cells,0.2,0.20594788,0.06666667,0.06065384,0.26666668,0.28079388,0.46666667,0.4526045
4047,0.9899611,False,Dendritic cells,Dendritic cells,0.032258064,0.048666302,0.2580645,0.26173407,0.32258064,0.31857455,0.38709676,0.37102512
1769,0.98995537,False,Fibroblasts,Fibroblasts,0.13333334,0.13768202,0.33333334,0.32799616,0.53333336,0.5185812,0.0,0.015740631
1262,0.98995167,False,Luminal_Macrophages,Luminal_Macrophages,0.33333334,0.3300854,0.23333333,0.2216442,0.16666667,0.16150711,0.26666668,0.28676337
19,0.9899488,False,Fibroblasts,Fibroblasts,0.033333335,0.029465666,0.16666667,0.1843686,0.46666667,0.4504319,0.33333334,0.33573374
3700,0.9899331,False,Dendritic cells,Dendritic cells,0.26666668,0.28510574,0.23333333,0.23502807,0.16666667,0.16313781,0.33333334,0.31672838
4991,0.9899314,False,Luminal_Macrophages,Luminal_Macrophages,0.38709676,0.37431768,0.29032257,0.289343,0.06451613,0.05813755,0.2580645,0.27820173
2088,0.9899309,False,Luminal_Macrophages,Luminal_Macrophages,0.36666667,0.35318717,0.3,0.30425838,0.06666667,0.060008064,0.26666668,0.28254643
1487,0.98992956,False,Fibroblasts,Fibroblasts,0.26666668,0.28680754,0.2,0.1961513,0.33333334,0.3216249,0.2,0.19541627
4275,0.9899242,False,Dendritic cells,Dendritic cells,0.2,0.21177235,0.1,0.09295646,0.3,0.30837932,0.4,0.3868919
4023,0.98991966,False,Luminal_Macrophages,Luminal_Macrophages,0.3548387,0.34300336,0.29032257,0.29306263,0.06451613,0.056190774,0.29032257,0.3077432
4043,0.9899196,False,Fibroblasts,Fibroblasts,0.33333334,0.34249726,0.23333333,0.24433024,0.36666667,0.34995556,0.06666667,0.06321691
1580,0.9899173,False,Luminal_Macrophages,Luminal_Macrophages,0.5,0.48304912,0.033333335,0.052865468,0.43333334,0.43011877,0.033333335,0.033966646
4524,0.98991674,False,Type 2 alveolar,Type 2 alveolar,0.0,0.02016651,0.46666667,0.4504121,0.16666667,0.1631062,0.36666667,0.36631513
1398,0.9899151,False,Fibroblasts,Fibroblasts,0.16666667,0.16437395,0.1,0.09258312,0.5,0.48953974,0.23333333,0.25350314
4420,0.989913,False,Dendritic cells,Dendritic cells,0.1724138,0.18086413,0.27586207,0.28758574,0.20689656,0.206284,0.3448276,0.32526615
3178,0.98991144,False,Fibroblasts,Fibroblasts,0.13793103,0.1520378,0.3448276,0.3508979,0.41379312,0.39766714,0.10344828,0.09939717
3826,0.9899096,False,Luminal_Macrophages,Luminal_Macrophages,0.5,0.48193124,0.23333333,0.2457367,0.13333334,0.13122131,0.13333334,0.14111073
1454,0.9899015,False,Type 2 alveolar,Type 2 alveolar,0.3,0.3075152,0.33333334,0.32335472,0.1,0.08978153,0.26666668,0.2793485
3718,0.9899007,False,Type 2 alveolar,Type 2 alveolar,0.13333334,0.14942174,0.4,0.37980142,0.23333333,0.23510307,0.23333333,0.23567377
2824,0.9898994,False,Fibroblasts,Fibroblasts,0.26666668,0.27887818,0.26666668,0.27465633,0.33333334,0.3162199,0.13333334,0.1302456
4573,0.9898979,False,Dendritic cells,Dendritic cells,0.23333333,0.25288686,0.33333334,0.3237312,0.06666667,0.067317314,0.36666667,0.35606468
3726,0.98989576,False,Fibroblasts,Fibroblasts,0.2,0.20138271,0.3,0.31531265,0.4,0.37979153,0.1,0.1035131
3739,0.989894,False,Type 2 alveolar,Type 2 alveolar,0.16666667,0.1815754,0.4,0.3808764,0.2,0.1989115,0.23333333,0.2386367
1890,0.98989344,False,Fibroblasts,Fibroblasts,0.1,0.10729665,0.26666668,0.27792743,0.4,0.37978688,0.23333333,0.23498905
348,0.98989314,False,Type 2 alveolar,Type 2 alveolar,0.06896552,0.06351863,0.6551724,0.6437127,0.03448276,0.031175595,0.2413793,0.26159307
1978,0.9898921,False,Type 2 alveolar,Type 2 alveolar,0.23333333,0.25354913,0.3,0.29084238,0.26666668,0.26249436,0.2,0.19311413
3771,0.9898893,False,Dendritic cells,Dendritic cells,0.26666668,0.27864385,0.06666667,0.05936824,0.3,0.30824414,0.36666667,0.35374376
2520,0.9898851,False,Dendritic cells,Dendritic cells,0.032258064,0.03135118,0.19354838,0.18128514,0.032258064,0.025198415,0.7419355,0.76216525
2834,0.98988426,False,Dendritic cells,Dendritic cells,0.06666667,0.06258575,0.23333333,0.24513324,0.23333333,0.24176487,0.46666667,0.4505161
611,0.9898715,False,Type 2 alveolar,Type 2 alveolar,0.10344828,0.112496056,0.4827586,0.47256345,0.31034482,0.321554,0.10344828,0.09338651
1442,0.9898705,False,Luminal_Macrophages,Luminal_Macrophages,0.43333334,0.41307434,0.16666667,0.17488334,0.033333335,0.040440198,0.36666667,0.37160215
4560,0.9898665,False,Dendritic cells,Dendritic cells,0.29032257,0.28340116,0.06451613,0.053898085,0.032258064,0.029530473,0.61290324,0.6331703
3160,0.9898658,False,Fibroblasts,Fibroblasts,0.27586207,0.29101637,0.2413793,0.24649337,0.44827586,0.43195626,0.03448276,0.030533945
2946,0.98986155,False,Fibroblasts,Fibroblasts,0.06666667,0.07531138,0.3,0.30233264,0.36666667,0.3463897,0.26666668,0.2759663
4401,0.9898578,False,Dendritic cells,Dendritic cells,0.2413793,0.25251243,0.06896552,0.07631226,0.20689656,0.2087012,0.4827586,0.46247417
1115,0.9898576,False,Fibroblasts,Fibroblasts,0.2,0.20706928,0.3,0.31321555,0.36666667,0.3554367,0.13333334,0.12427851
2454,0.98985624,False,Dendritic cells,Dendritic cells,0.033333335,0.03353116,0.23333333,0.21304578,0.0,0.015657488,0.73333335,0.7377656
4236,0.9898518,False,Fibroblasts,Dendritic cells,0.10344828,0.09438608,0.0,0.020296501,0.44827586,0.44008562,0.44827586,0.44523185
2823,0.9898513,False,Dendritic cells,Dendritic cells,0.31034482,0.3256528,0.03448276,0.039472174,0.31034482,0.3067705,0.3448276,0.3281045
287,0.9898473,False,Luminal_Macrophages,Luminal_Macrophages,0.43333334,0.4137639,0.06666667,0.06593064,0.2,0.20974326,0.3,0.31056216
470,0.9898448,False,Dendritic cells,Dendritic cells,0.26666668,0.27922574,0.26666668,0.27441803,0.16666667,0.1557985,0.3,0.2905577
829,0.98984313,False,Dendritic cells,Dendritic cells,0.23333333,0.25364706,0.16666667,0.16286932,0.2,0.19679952,0.4,0.38668412
2579,0.989842,False,Luminal_Macrophages,Luminal_Macrophages,0.4,0.38217196,0.033333335,0.038194966,0.23333333,0.24878773,0.33333334,0.3308453
3781,0.9898381,False,Dendritic cells,Dendritic cells,0.2413793,0.25678143,0.20689656,0.19476233,0.2413793,0.24630088,0.31034482,0.30215535
2491,0.98983335,False,Fibroblasts,Fibroblasts,0.2413793,0.257992,0.20689656,0.19719093,0.31034482,0.29971713,0.2413793,0.24509993
2759,0.9898301,False,Fibroblasts,Fibroblasts,0.0,0.020339843,0.3,0.29995015,0.53333336,0.51438755,0.16666667,0.16532245
1700,0.9898292,False,Luminal_Macrophages,Luminal_Macrophages,0.46666667,0.446325,0.26666668,0.28429267,0.16666667,0.1669782,0.1,0.102404155
4007,0.9898246,False,Luminal_Macrophages,Luminal_Macrophages,0.33333334,0.3313038,0.13333334,0.123172276,0.3,0.2918398,0.23333333,0.25368413
3388,0.9898243,False,Luminal_Macrophages,Luminal_Macrophages,0.37931034,0.36317083,0.20689656,0.22481854,0.3448276,0.34061563,0.06896552,0.07139499
4651,0.9898227,False,Dendritic cells,Dendritic cells,0.2,0.22035469,0.36666667,0.35253754,0.033333335,0.03231191,0.4,0.3947959
2388,0.98982215,False,Luminal_Macrophages,Luminal_Macrophages,0.46666667,0.47183287,0.033333335,0.04852278,0.43333334,0.42431185,0.06666667,0.055332504
4757,0.9898212,False,Type 2 alveolar,Type 2 alveolar,0.16666667,0.18702424,0.33333334,0.32852277,0.33333334,0.32310125,0.16666667,0.16135176
2013,0.98981225,False,Type 2 alveolar,Type 2 alveolar,0.33333334,0.3408751,0.36666667,0.3462912,0.033333335,0.033929676,0.26666668,0.27890408
522,0.98981017,False,Luminal_Macrophages,Luminal_Macrophages,0.33333334,0.3498336,0.23333333,0.23721278,0.1,0.08981456,0.33333334,0.3231391
418,0.9898033,False,Fibroblasts,Fibroblasts,0.22580644,0.23100065,0.09677419,0.10177244,0.5483871,0.52799374,0.12903225,0.13923317
3934,0.98980004,False,Type 2 alveolar,Dendritic cells,0.16129032,0.1816902,0.29032257,0.28027555,0.2580645,0.254616,0.29032257,0.2834182
685,0.98979515,False,Fibroblasts,Fibroblasts,0.06896552,0.06771624,0.27586207,0.28376594,0.44827586,0.4291155,0.20689656,0.21940234
0,0.9897933,False,Luminal_Macrophages,Luminal_Macrophages,0.46666667,0.4462533,0.23333333,0.24157351,0.26666668,0.27315173,0.033333335,0.03902145
686,0.9897927,False,Fibroblasts,Fibroblasts,0.23333333,0.2516297,0.13333334,0.12823772,0.33333334,0.31801432,0.3,0.30211824
3008,0.98978823,False,Fibroblasts,Fibroblasts,0.16666667,0.17001829,0.16666667,0.17038725,0.36666667,0.34624317,0.3,0.3133513
2537,0.9897861,False,Fibroblasts,Fibroblasts,0.33333334,0.3469796,0.16666667,0.16539331,0.4,0.38084552,0.1,0.10678153
3483,0.9897788,False,Fibroblasts,Fibroblasts,0.2,0.21790043,0.1,0.10254197,0.36666667,0.35049504,0.33333334,0.32906252
4471,0.9897779,False,Dendritic cells,Dendritic cells,0.23333333,0.2506274,0.1,0.098696604,0.2,0.20315005,0.46666667,0.44752598
1129,0.9897765,False,Dendritic cells,Dendritic cells,0.31034482,0.3057602,0.1724138,0.17009534,0.0,0.020447096,0.51724136,0.5036974
4848,0.9897759,False,Luminal_Macrophages,Luminal_Macrophages,0.41379312,0.39334488,0.2413793,0.2461104,0.2413793,0.25403553,0.10344828,0.10650921
2692,0.9897744,False,Dendritic cells,Dendritic cells,0.3,0.293447,0.3,0.29277483,0.0,0.020451158,0.4,0.39332694
3945,0.9897721,False,Type 2 alveolar,Type 2 alveolar,0.36666667,0.3696455,0.4,0.38115135,0.033333335,0.0317261,0.2,0.21747705
4808,0.98977095,False,Fibroblasts,Dendritic cells,0.03448276,0.053519268,0.27586207,0.2772836,0.3448276,0.33260006,0.3448276,0.33659703
4653,0.9897642,False,Type 2 alveolar,Type 2 alveolar,0.33333334,0.3343447,0.4,0.37952837,0.23333333,0.24725193,0.033333335,0.038874988
441,0.989764,False,Dendritic cells,Dendritic cells,0.26666668,0.28175122,0.16666667,0.17205425,0.23333333,0.22726576,0.33333334,0.31892884
1717,0.9897633,False,Fibroblasts,Fibroblasts,0.31034482,0.3275229,0.03448276,0.037777998,0.3448276,0.32827252,0.31034482,0.30642655
4563,0.9897625,False,Fibroblasts,Fibroblasts,0.36666667,0.35787132,0.16666667,0.1675887,0.46666667,0.454987,0.0,0.019553008
4887,0.989757,False,Dendritic cells,Dendritic cells,0.36666667,0.38715258,0.1,0.09614481,0.13333334,0.12796263,0.4,0.3887399
1968,0.989749,False,Dendritic cells,Dendritic cells,0.32258064,0.33774215,0.06451613,0.06985659,0.19354838,0.19249758,0.41935483,0.39990366
2815,0.9897471,False,Dendritic cells,Dendritic cells,0.12903225,0.13731869,0.12903225,0.122817285,0.06451613,0.050225303,0.67741936,0.68963873
3367,0.98974115,False,Dendritic cells,Dendritic cells,0.31034482,0.3041528,0.13793103,0.13899213,0.0,0.019456584,0.55172414,0.5373985
2288,0.9897363,False,Type 2 alveolar,Type 2 alveolar,0.13333334,0.14056526,0.33333334,0.31923372,0.26666668,0.26023886,0.26666668,0.27996212
1783,0.98973423,False,Luminal_Macrophages,Luminal_Macrophages,0.46666667,0.44613507,0.36666667,0.36841142,0.13333334,0.13602912,0.033333335,0.049424358
1959,0.9897338,False,Fibroblasts,Fibroblasts,0.19354838,0.20166099,0.16129032,0.16354433,0.3548387,0.33430633,0.29032257,0.30048838
1843,0.98973316,False,Dendritic cells,Dendritic cells,0.26666668,0.28282756,0.06666667,0.060794245,0.06666667,0.052005343,0.6,0.60437286
2711,0.9897323,False,Fibroblasts,Luminal_Macrophages,0.32258064,0.34311596,0.09677419,0.09581373,0.3548387,0.3422408,0.22580644,0.21882951
2886,0.9897287,False,Type 2 alveolar,Type 2 alveolar,0.26666668,0.27543664,0.33333334,0.31719437,0.13333334,0.12892975,0.26666668,0.27843928
1234,0.9897257,False,Dendritic cells,Dendritic cells,0.26666668,0.2833567,0.06666667,0.060455743,0.3,0.3038585,0.36666667,0.35232902
645,0.98972464,False,Fibroblasts,Fibroblasts,0.3,0.31280783,0.26666668,0.27440953,0.33333334,0.32196212,0.1,0.0908205
1382,0.9897209,False,Fibroblasts,Fibroblasts,0.22580644,0.24173516,0.09677419,0.091055244,0.3548387,0.3399994,0.32258064,0.32721022
4679,0.9897207,False,Type 2 alveolar,Type 2 alveolar,0.033333335,0.046763066,0.4,0.3794414,0.26666668,0.27103233,0.3,0.3027632
1532,0.9897158,False,Fibroblasts,Fibroblasts,0.36666667,0.38638678,0.13333334,0.123055,0.46666667,0.45637658,0.033333335,0.03418163
1829,0.98971266,False,Type 2 alveolar,Type 2 alveolar,0.2580645,0.2786392,0.32258064,0.3113746,0.19354838,0.18760388,0.22580644,0.22238234
3342,0.989712,False,Dendritic cells,Dendritic cells,0.1,0.109767966,0.2,0.1916945,0.3,0.31080803,0.4,0.38772953
927,0.9897117,False,Dendritic cells,Dendritic cells,0.23333333,0.25307304,0.13333334,0.12231603,0.3,0.3008369,0.33333334,0.32377404
1452,0.98971134,False,Type 2 alveolar,Type 2 alveolar,0.2,0.20438386,0.4,0.38340077,0.13333334,0.12935525,0.26666668,0.2828601
3993,0.9897085,False,Dendritic cells,Dendritic cells,0.23333333,0.24690467,0.3,0.3070117,0.1,0.090276815,0.36666667,0.3558068
1126,0.9897079,False,Dendritic cells,Dendritic cells,0.033333335,0.04177969,0.26666668,0.27534825,0.23333333,0.2367896,0.46666667,0.44608244
3229,0.9897063,False,Type 2 alveolar,Type 2 alveolar,0.1,0.09768457,0.53333336,0.51961017,0.36666667,0.36211786,0.0,0.020587416
112,0.9897026,False,Type 2 alveolar,Type 2 alveolar,0.23333333,0.24056785,0.43333334,0.412828,0.13333334,0.13324389,0.2,0.21336026
3068,0.989696,False,Fibroblasts,Fibroblasts,0.2,0.21583824,0.23333333,0.22644646,0.36666667,0.3529456,0.2,0.20476969
4213,0.9896955,False,Dendritic cells,Dendritic cells,0.06666667,0.058266457,0.26666668,0.28440213,0.3,0.30287355,0.36666667,0.35445789
459,0.98969275,False,Fibroblasts,Fibroblasts,0.26666668,0.2732951,0.2,0.21045737,0.36666667,0.3460521,0.16666667,0.17019539
957,0.98969156,False,Type 2 alveolar,Type 2 alveolar,0.2580645,0.27868137,0.3548387,0.3420684,0.2580645,0.2578316,0.12903225,0.12141858
2782,0.9896855,False,Luminal_Macrophages,Luminal_Macrophages,0.4,0.37939706,0.3,0.31219655,0.06666667,0.066640526,0.23333333,0.24176587
3069,0.9896808,False,Fibroblasts,Fibroblasts,0.06666667,0.060025238,0.2,0.19336547,0.73333335,0.7259709,0.0,0.0206383
2438,0.9896808,False,Type 2 alveolar,Type 2 alveolar,0.23333333,0.25397173,0.3,0.29920048,0.16666667,0.15514097,0.3,0.29168692
3591,0.9896795,False,Type 2 alveolar,Type 2 alveolar,0.2,0.21592228,0.5,0.4873164,0.2,0.20471874,0.1,0.09204264
4722,0.9896792,False,Type 2 alveolar,Type 2 alveolar,0.2,0.21239944,0.4,0.37935838,0.16666667,0.16850099,0.23333333,0.23974118
2919,0.9896782,False,Type 2 alveolar,Type 2 alveolar,0.1,0.108421415,0.43333334,0.4189272,0.26666668,0.27888888,0.2,0.19376257
3433,0.989677,False,Type 2 alveolar,Type 2 alveolar,0.3,0.3010809,0.43333334,0.41779885,0.06666667,0.061555225,0.2,0.21956503
2762,0.98967665,False,Luminal_Macrophages,Luminal_Macrophages,0.4516129,0.4392059,0.16129032,0.15305054,0.09677419,0.09785296,0.29032257,0.3098905
3452,0.9896737,False,Fibroblasts,Fibroblasts,0.1,0.09021796,0.1,0.09250122,0.43333334,0.42996144,0.36666667,0.38731933
1103,0.98967224,False,Fibroblasts,Fibroblasts,0.16666667,0.15997545,0.33333334,0.35058576,0.43333334,0.41936904,0.06666667,0.07006973
848,0.9896721,False,Fibroblasts,Fibroblasts,0.1724138,0.16546425,0.0,0.020655723,0.79310346,0.78256464,0.03448276,0.031315334
3315,0.9896678,False,Fibroblasts,Fibroblasts,0.06666667,0.061925586,0.2,0.21585065,0.4,0.38407668,0.33333334,0.3381471
738,0.98966634,False,Type 2 alveolar,Type 2 alveolar,0.2580645,0.2771259,0.32258064,0.31589496,0.12903225,0.11505064,0.29032257,0.2919285
4741,0.9896653,False,Fibroblasts,Fibroblasts,0.2,0.21288937,0.13333334,0.13179581,0.4,0.38086823,0.26666668,0.2744466
3601,0.98965776,False,Luminal_Macrophages,Luminal_Macrophages,0.3448276,0.3531962,0.06896552,0.065806605,0.2413793,0.25369522,0.3448276,0.327302
3689,0.989654,False,Fibroblasts,Fibroblasts,0.13333334,0.14497235,0.26666668,0.26899096,0.43333334,0.41264138,0.16666667,0.17339538
4756,0.98965317,False,Type 2 alveolar,Type 2 alveolar,0.23333333,0.24126394,0.36666667,0.36025363,0.1,0.08571942,0.3,0.31276304
476,0.9896494,False,Dendritic cells,Dendritic cells,0.06666667,0.055952877,0.2,0.20912777,0.3,0.31157345,0.43333334,0.42334592
1081,0.9896472,False,Fibroblasts,Fibroblasts,0.13333334,0.15137324,0.36666667,0.36933228,0.4,0.38730156,0.1,0.09199288
1456,0.9896462,False,Fibroblasts,Fibroblasts,0.23333333,0.21887006,0.26666668,0.27788535,0.3,0.2937557,0.2,0.20948896
3047,0.98964465,False,Fibroblasts,Fibroblasts,0.27586207,0.29258674,0.20689656,0.20460138,0.3448276,0.32641208,0.1724138,0.17639972
2538,0.9896382,False,Fibroblasts,Fibroblasts,0.4,0.42072356,0.06666667,0.057193913,0.46666667,0.4591297,0.06666667,0.06295288
3252,0.9896355,False,Type 2 alveolar,Type 2 alveolar,0.27586207,0.2889432,0.3448276,0.33868912,0.3448276,0.3302371,0.03448276,0.042130604
1057,0.9896351,False,Dendritic cells,Dendritic cells,0.2413793,0.25494894,0.03448276,0.04164288,0.3448276,0.33340865,0.37931034,0.36999956
2986,0.98963195,False,Luminal_Macrophages,Luminal_Macrophages,0.5,0.50172365,0.0,0.019012397,0.43333334,0.41838446,0.06666667,0.060879454
1894,0.98962986,False,Dendritic cells,Dendritic cells,0.26666668,0.28740695,0.06666667,0.05914195,0.2,0.19724217,0.46666667,0.45620897
238,0.98962826,False,Type 2 alveolar,Type 2 alveolar,0.26666668,0.28194296,0.33333334,0.32594547,0.1,0.08664434,0.3,0.30546722
2882,0.9896272,False,Fibroblasts,Fibroblasts,0.22580644,0.23901513,0.22580644,0.2165205,0.29032257,0.27886295,0.2580645,0.26560143
2713,0.9896225,False,Dendritic cells,Dendritic cells,0.1724138,0.18519643,0.31034482,0.31831726,0.10344828,0.09465063,0.41379312,0.40183565
3924,0.9896206,False,Type 2 alveolar,Type 2 alveolar,0.22580644,0.24627653,0.3548387,0.34499556,0.09677419,0.08585853,0.32258064,0.32286933
1868,0.9896193,False,Type 2 alveolar,Type 2 alveolar,0.033333335,0.043766763,0.4,0.37923858,0.26666668,0.27269635,0.3,0.30429828
1366,0.9896095,False,Type 2 alveolar,Type 2 alveolar,0.2580645,0.27884558,0.32258064,0.30809706,0.22580644,0.21958236,0.19354838,0.193475
3530,0.9896054,False,Fibroblasts,Fibroblasts,0.3,0.31602344,0.26666668,0.27143234,0.33333334,0.32258794,0.1,0.089956224
3385,0.9896019,False,Type 2 alveolar,Type 2 alveolar,0.33333334,0.3541295,0.5,0.49521855,0.06666667,0.055363405,0.1,0.09528859
2773,0.98959905,False,Dendritic cells,Dendritic cells,0.19354838,0.20002852,0.29032257,0.3046443,0.16129032,0.15974477,0.3548387,0.33558238
234,0.9895988,False,Dendritic cells,Dendritic cells,0.0,0.020802304,0.16666667,0.16647299,0.26666668,0.26062313,0.56666666,0.55210155
3522,0.9895948,False,Luminal_Macrophages,Luminal_Macrophages,0.4,0.3813963,0.033333335,0.049480498,0.26666668,0.27132982,0.3,0.2977934
901,0.98959106,False,Fibroblasts,Fibroblasts,0.16129032,0.16470063,0.06451613,0.061601665,0.67741936,0.694827,0.09677419,0.07887075
2379,0.98959047,False,Luminal_Macrophages,Luminal_Macrophages,0.44827586,0.43020797,0.2413793,0.24489626,0.06896552,0.066214286,0.2413793,0.25868142
2995,0.9895864,False,Luminal_Macrophages,Type 2 alveolar,0.33333334,0.32698786,0.33333334,0.32828742,0.33333334,0.32389757,0.0,0.020827165
5,0.9895821,False,Fibroblasts,Fibroblasts,0.26666668,0.28635716,0.1,0.091520034,0.33333334,0.32097754,0.3,0.30114526
4020,0.98957556,False,Dendritic cells,Dendritic cells,0.2,0.2208488,0.2,0.18713221,0.16666667,0.16582823,0.43333334,0.42619073
627,0.9895717,False,Luminal_Macrophages,Luminal_Macrophages,0.53333336,0.5124767,0.23333333,0.24446832,0.16666667,0.17080471,0.06666667,0.0722503
1953,0.98956954,False,Type 2 alveolar,Type 2 alveolar,0.3,0.318997,0.33333334,0.32453966,0.06666667,0.05459945,0.3,0.30186388
4001,0.98955846,False,Luminal_Macrophages,Luminal_Macrophages,0.5,0.48785862,0.06666667,0.06627944,0.43333334,0.42497888,0.0,0.020883087
2616,0.98955804,False,Type 2 alveolar,Type 2 alveolar,0.22580644,0.24669045,0.38709676,0.36760327,0.12903225,0.12882772,0.2580645,0.2568786
2335,0.98955584,False,Fibroblasts,Fibroblasts,0.3,0.32088834,0.033333335,0.03285988,0.5,0.48228922,0.16666667,0.16396253
640,0.98955554,False,Dendritic cells,Dendritic cells,0.23333333,0.24660802,0.23333333,0.24094753,0.2,0.19004188,0.33333334,0.32240257
3818,0.98955286,False,Dendritic cells,Dendritic cells,0.16666667,0.17799988,0.36666667,0.37622777,0.06666667,0.053841732,0.4,0.39193067
281,0.9895518,False,Type 2 alveolar,Type 2 alveolar,0.06896552,0.055923425,0.5862069,0.5869842,0.10344828,0.09559397,0.2413793,0.2614984
1734,0.9895488,False,Luminal_Macrophages,Luminal_Macrophages,0.6333333,0.6164156,0.3,0.3154156,0.033333335,0.029348595,0.033333335,0.038820114
2563,0.98954433,False,Dendritic cells,Dendritic cells,0.033333335,0.0428411,0.3,0.30830568,0.23333333,0.23643118,0.43333334,0.41242203
1072,0.9895322,False,Dendritic cells,Dendritic cells,0.33333334,0.34339884,0.2,0.21087019,0.06666667,0.060317867,0.4,0.38541314
628,0.9895307,False,Luminal_Macrophages,Luminal_Macrophages,0.41935483,0.3997004,0.09677419,0.09549005,0.22580644,0.23274933,0.2580645,0.27206022
2154,0.98952943,False,Dendritic cells,Dendritic cells,0.2580645,0.27246237,0.09677419,0.08389724,0.29032257,0.2968659,0.3548387,0.3467745
4009,0.98952854,False,Fibroblasts,Fibroblasts,0.32258064,0.32469103,0.16129032,0.16010177,0.516129,0.49637467,0.0,0.018832495
966,0.98952764,False,Fibroblasts,Fibroblasts,0.0,0.020944694,0.1,0.09480286,0.5,0.4902139,0.4,0.39403862
2361,0.98952514,False,Dendritic cells,Dendritic cells,0.26666668,0.28761637,0.13333334,0.13031514,0.13333334,0.12771055,0.46666667,0.45435798
4419,0.9895246,False,Dendritic cells,Dendritic cells,0.3548387,0.35340422,0.22580644,0.23966366,0.032258064,0.03935167,0.38709676,0.36758044
1086,0.9895221,False,Dendritic cells,Dendritic cells,0.3,0.31716928,0.2,0.20378648,0.06666667,0.059898883,0.43333334,0.4191453
4517,0.989522,False,Type 2 alveolar,Type 2 alveolar,0.19354838,0.20410293,0.38709676,0.3693658,0.16129032,0.15806521,0.2580645,0.26846606
4147,0.98952097,False,Fibroblasts,Fibroblasts,0.4,0.39506453,0.16666667,0.16525047,0.43333334,0.41872695,0.0,0.020958042
2118,0.9895201,False,Luminal_Macrophages,Luminal_Macrophages,0.38709676,0.376041,0.16129032,0.15138626,0.22580644,0.23304614,0.22580644,0.23952657
1047,0.98951995,False,Fibroblasts,Fibroblasts,0.3,0.311828,0.1,0.07903994,0.56666666,0.56883204,0.033333335,0.0403
361,0.9895199,False,Dendritic cells,Dendritic cells,0.2580645,0.2724743,0.29032257,0.2968731,0.12903225,0.11793602,0.32258064,0.31271666
3088,0.9895157,False,Dendritic cells,Dendritic cells,0.3,0.31959212,0.16666667,0.16411926,0.033333335,0.034709774,0.5,0.4815789
3169,0.9895109,False,Type 2 alveolar,Type 2 alveolar,0.26666668,0.28551775,0.4,0.3790218,0.3,0.3000647,0.033333335,0.035395756
2155,0.9895075,False,Fibroblasts,Fibroblasts,0.1724138,0.18089691,0.20689656,0.20340084,0.3448276,0.32733828,0.27586207,0.28836396
3073,0.9895053,False,Fibroblasts,Fibroblasts,0.33333334,0.34108415,0.2,0.21323854,0.4,0.38026536,0.06666667,0.06541188
1006,0.9895002,False,Dendritic cells,Dendritic cells,0.16666667,0.18766628,0.2,0.19881901,0.16666667,0.16374476,0.46666667,0.44977
3729,0.9894974,False,Fibroblasts,Fibroblasts,0.23333333,0.22552937,0.23333333,0.2291435,0.3,0.29098868,0.23333333,0.25433847
334,0.98949367,False,Type 2 alveolar,Type 2 alveolar,0.23333333,0.25434607,0.33333334,0.32368279,0.13333334,0.12512465,0.3,0.29684657
4585,0.9894927,False,Luminal_Macrophages,Luminal_Macrophages,0.38709676,0.36642715,0.29032257,0.29861924,0.2580645,0.2707824,0.06451613,0.06417121
4969,0.9894909,False,Dendritic cells,Dendritic cells,0.19354838,0.21456651,0.32258064,0.31981897,0.06451613,0.058640465,0.41935483,0.40697408
1909,0.98948705,False,Fibroblasts,Fibroblasts,0.3,0.31208593,0.1,0.09095953,0.33333334,0.32134783,0.26666668,0.2756067
271,0.98948705,False,Dendritic cells,Dendritic cells,0.3,0.30309775,0.26666668,0.26558092,0.0,0.017928159,0.43333334,0.41339326
2741,0.9894868,False,Dendritic cells,Dendritic cells,0.27586207,0.29688838,0.06896552,0.058912486,0.31034482,0.30775133,0.3448276,0.33644778
1750,0.989483,False,Fibroblasts,Dendritic cells,0.23333333,0.25436732,0.23333333,0.22131817,0.26666668,0.26081285,0.26666668,0.26350164
1693,0.9894797,False,Dendritic cells,Dendritic cells,0.32258064,0.33650067,0.22580644,0.22922826,0.032258064,0.035956778,0.41935483,0.39831433
155,0.98947936,False,Luminal_Macrophages,Luminal_Macrophages,0.46666667,0.4485973,0.26666668,0.27740094,0.1,0.097028136,0.16666667,0.17697364
1201,0.98947924,False,Fibroblasts,Fibroblasts,0.2,0.21124081,0.2,0.20743825,0.36666667,0.34562513,0.23333333,0.23569584
3893,0.9894778,False,Fibroblasts,Fibroblasts,0.06896552,0.07304182,0.27586207,0.2863222,0.4827586,0.46171418,0.1724138,0.17892171
378,0.98947704,False,Dendritic cells,Dendritic cells,0.26666668,0.2844436,0.06666667,0.061024003,0.3,0.30326897,0.36666667,0.35126337
4658,0.9894769,False,Fibroblasts,Fibroblasts,0.31034482,0.33139095,0.13793103,0.130313,0.37931034,0.36718985,0.1724138,0.17110617
4931,0.9894746,False,Type 2 alveolar,Type 2 alveolar,0.16666667,0.17694694,0.43333334,0.41438898,0.23333333,0.24410386,0.16666667,0.16456023
4838,0.98947453,False,Luminal_Macrophages,Luminal_Macrophages,0.36666667,0.3512382,0.26666668,0.28468177,0.2,0.19437745,0.16666667,0.1697025
2112,0.9894734,False,Luminal_Macrophages,Luminal_Macrophages,0.5,0.5141513,0.033333335,0.04023522,0.4,0.39126676,0.06666667,0.054346733
4332,0.9894734,False,Dendritic cells,Dendritic cells,0.37931034,0.39926174,0.13793103,0.12647305,0.06896552,0.07006729,0.41379312,0.40419787
2270,0.98946655,False,Type 2 alveolar,Type 2 alveolar,0.3448276,0.3396634,0.4827586,0.47204155,0.10344828,0.09826263,0.06896552,0.09003243
2243,0.98946655,False,Dendritic cells,Dendritic cells,0.37931034,0.37527102,0.13793103,0.14083886,0.0,0.018159045,0.4827586,0.465731
1300,0.9894662,False,Fibroblasts,Fibroblasts,0.06666667,0.072896846,0.33333334,0.34817073,0.46666667,0.44694716,0.13333334,0.13198528
3847,0.98946434,False,Dendritic cells,Dendritic cells,0.16666667,0.17803414,0.3,0.30970383,0.16666667,0.16350643,0.36666667,0.3487556
4070,0.98945946,False,Type 2 alveolar,Type 2 alveolar,0.26666668,0.2859175,0.36666667,0.35571265,0.2,0.2018303,0.16666667,0.15653951
341,0.9894588,False,Dendritic cells,Dendritic cells,0.2,0.20185469,0.0,0.01922769,0.13333334,0.11366184,0.6666667,0.66525584
2162,0.98945844,False,Dendritic cells,Dendritic cells,0.3,0.31476432,0.033333335,0.03521276,0.26666668,0.27110606,0.4,0.37891683
1261,0.9894577,False,Fibroblasts,Fibroblasts,0.33333334,0.32850116,0.3,0.30059525,0.36666667,0.35041434,0.0,0.020489283
3627,0.9894562,False,Dendritic cells,Dendritic cells,0.1,0.10649731,0.2,0.19466582,0.26666668,0.28125697,0.43333334,0.4175799
4807,0.9894527,False,Fibroblasts,Fibroblasts,0.23333333,0.250082,0.16666667,0.17101261,0.33333334,0.3123316,0.26666668,0.26657382
3208,0.98944736,False,Fibroblasts,Fibroblasts,0.06896552,0.07489029,0.2413793,0.25079,0.37931034,0.35820505,0.31034482,0.3161147
4041,0.989444,False,Luminal_Macrophages,Luminal_Macrophages,0.6333333,0.6166066,0.0,0.02111204,0.1,0.09582114,0.26666668,0.26646027
3165,0.9894423,False,Dendritic cells,Dendritic cells,0.0,0.019653268,0.2,0.20146221,0.2,0.19337411,0.6,0.58551043
2006,0.9894374,False,Fibroblasts,Fibroblasts,0.23333333,0.24661045,0.2,0.1966261,0.46666667,0.44891542,0.1,0.107848056
3460,0.98943394,False,Fibroblasts,Fibroblasts,0.29032257,0.30833015,0.29032257,0.2925927,0.38709676,0.36596462,0.032258064,0.03311255
1257,0.9894338,False,Dendritic cells,Dendritic cells,0.06666667,0.06425901,0.3,0.3125011,0.23333333,0.24196458,0.4,0.38127527
1572,0.98943233,False,Dendritic cells,Dendritic cells,0.16666667,0.18593982,0.13333334,0.11741453,0.33333334,0.33519548,0.36666667,0.36145014
4049,0.98943037,False,Type 2 alveolar,Type 2 alveolar,0.16129032,0.17715794,0.38709676,0.37478617,0.09677419,0.08794559,0.3548387,0.36011037
231,0.9894287,False,Dendritic cells,Dendritic cells,0.26666668,0.2878093,0.13333334,0.13237648,0.13333334,0.12961379,0.46666667,0.45020044
2316,0.9894266,False,Fibroblasts,Fibroblasts,0.36666667,0.36469305,0.2,0.2194481,0.4,0.3808268,0.033333335,0.035032053
2680,0.9894254,False,Fibroblasts,Fibroblasts,0.13333334,0.13721319,0.06666667,0.056635965,0.56666666,0.5555482,0.23333333,0.2506026
4144,0.9894198,False,Type 2 alveolar,Type 2 alveolar,0.13793103,0.1561013,0.44827586,0.42864323,0.2413793,0.24436946,0.1724138,0.17088601
4314,0.9894122,False,Dendritic cells,Dendritic cells,0.26666668,0.28401512,0.23333333,0.2371605,0.13333334,0.12564594,0.36666667,0.35317844
4594,0.98941076,False,Fibroblasts,Fibroblasts,0.33333334,0.34791076,0.1,0.09600187,0.36666667,0.34948635,0.2,0.20660107
1838,0.9894093,False,Fibroblasts,Fibroblasts,0.03448276,0.02841616,0.27586207,0.2896279,0.55172414,0.53660935,0.13793103,0.1453466
1628,0.9894051,False,Luminal_Macrophages,Fibroblasts,0.26666668,0.25729764,0.26666668,0.2597218,0.26666668,0.26179084,0.2,0.22118975
1986,0.989395,False,Type 2 alveolar,Type 2 alveolar,0.06666667,0.070498504,0.36666667,0.35418296,0.33333334,0.32460704,0.23333333,0.25071144
4099,0.9893915,False,Type 2 alveolar,Type 2 alveolar,0.3,0.31906304,0.4,0.38314885,0.13333334,0.12896746,0.16666667,0.16882062
499,0.9893877,False,Fibroblasts,Fibroblasts,0.33333334,0.35079345,0.033333335,0.034526408,0.46666667,0.44544208,0.16666667,0.1692381
4324,0.9893874,False,Dendritic cells,Dendritic cells,0.27586207,0.25638667,0.13793103,0.14304164,0.2413793,0.25749397,0.3448276,0.34307775
709,0.9893868,False,Fibroblasts,Fibroblasts,0.16666667,0.17538898,0.26666668,0.2791707,0.43333334,0.41290224,0.13333334,0.13253802
772,0.9893785,False,Fibroblasts,Fibroblasts,0.23333333,0.23742007,0.2,0.2064802,0.43333334,0.41209042,0.13333334,0.14400937
4295,0.98937607,False,Dendritic cells,Dendritic cells,0.1,0.10809422,0.26666668,0.2798203,0.2,0.1974059,0.43333334,0.4146796
4436,0.9893742,False,Type 2 alveolar,Type 2 alveolar,0.27586207,0.28774416,0.37931034,0.36254254,0.13793103,0.13344727,0.20689656,0.21626604
1266,0.9893739,False,Type 2 alveolar,Type 2 alveolar,0.09677419,0.104912646,0.48387095,0.46495107,0.19354838,0.19121619,0.22580644,0.23892014
3619,0.9893707,False,Dendritic cells,Dendritic cells,0.16666667,0.1724267,0.06666667,0.06445358,0.26666668,0.28216523,0.5,0.48095447
4589,0.98937005,False,Type 2 alveolar,Type 2 alveolar,0.36666667,0.36258528,0.5,0.48636615,0.13333334,0.1297887,0.0,0.021259937
1348,0.98936665,False,Fibroblasts,Fibroblasts,0.16666667,0.17608872,0.23333333,0.22873318,0.33333334,0.31666672,0.26666668,0.27851132
345,0.9893663,False,Fibroblasts,Fibroblasts,0.09677419,0.09693006,0.16129032,0.16166475,0.4516129,0.4303455,0.29032257,0.31105962
528,0.98936445,False,Dendritic cells,Dendritic cells,0.13333334,0.15361197,0.1,0.088399395,0.33333334,0.3343258,0.43333334,0.42366287
3575,0.9893528,False,Fibroblasts,Fibroblasts,0.2,0.19699235,0.2,0.19382466,0.33333334,0.32122195,0.26666668,0.287961
2979,0.98935044,False,Luminal_Macrophages,Luminal_Macrophages,0.43333334,0.44110757,0.2,0.20444286,0.3,0.30908206,0.06666667,0.04536745
3330,0.98934835,False,Type 2 alveolar,Type 2 alveolar,0.26666668,0.2849087,0.4,0.37916425,0.16666667,0.16619912,0.16666667,0.16972792
4278,0.98934567,False,Fibroblasts,Fibroblasts,0.20689656,0.22093199,0.2413793,0.23994496,0.37931034,0.359436,0.1724138,0.17968704
4647,0.9893444,False,Luminal_Macrophages,Luminal_Macrophages,0.36666667,0.35745707,0.13333334,0.123099595,0.23333333,0.23146552,0.26666668,0.28797784
999,0.98933995,False,Dendritic cells,Dendritic cells,0.0,0.020503594,0.44827586,0.43653554,0.06896552,0.05938578,0.4827586,0.48357508
921,0.98933965,False,Dendritic cells,Dendritic cells,0.09677419,0.07800584,0.32258064,0.33957872,0.09677419,0.094221815,0.48387095,0.4881936
769,0.9893378,False,Luminal_Macrophages,Luminal_Macrophages,0.5,0.48367625,0.36666667,0.36166602,0.0,0.017836088,0.13333334,0.13682161
2786,0.9893367,False,Dendritic cells,Dendritic cells,0.36666667,0.36256665,0.23333333,0.2307705,0.0,0.021326512,0.4,0.3853363
3898,0.9893367,False,Dendritic cells,Dendritic cells,0.23333333,0.24677202,0.26666668,0.2729941,0.033333335,0.03489379,0.46666667,0.4453401
3519,0.98933595,False,Dendritic cells,Dendritic cells,0.16666667,0.16941285,0.13333334,0.123391494,0.26666668,0.28524864,0.43333334,0.42194706
4264,0.9893341,False,Fibroblasts,Fibroblasts,0.22580644,0.2200969,0.2580645,0.27193,0.48387095,0.46824875,0.032258064,0.039724328
304,0.98933357,False,Fibroblasts,Fibroblasts,0.13793103,0.15317398,0.2413793,0.2456857,0.37931034,0.35797745,0.2413793,0.24316289
4075,0.9893323,False,Luminal_Macrophages,Luminal_Macrophages,0.43333334,0.41878304,0.26666668,0.27194914,0.16666667,0.15988162,0.13333334,0.14938617
4160,0.9893281,False,Dendritic cells,Dendritic cells,0.16129032,0.17706427,0.32258064,0.32815048,0.16129032,0.15492463,0.3548387,0.3398606
125,0.9893263,False,Type 2 alveolar,Type 2 alveolar,0.2413793,0.26272672,0.3448276,0.33450213,0.10344828,0.09376076,0.31034482,0.30901036
1603,0.9893247,False,Fibroblasts,Fibroblasts,0.16666667,0.17469247,0.2,0.21332486,0.33333334,0.31759524,0.3,0.29438743
1768,0.98932326,False,Dendritic cells,Dendritic cells,0.33333334,0.35468683,0.06666667,0.065602854,0.16666667,0.1559082,0.43333334,0.42380208
3576,0.9893223,False,Fibroblasts,Fibroblasts,0.10344828,0.099355586,0.3448276,0.3393393,0.55172414,0.5399498,0.0,0.021355374
3265,0.989318,False,Luminal_Macrophages,Luminal_Macrophages,0.6,0.58869565,0.0,0.019452736,0.033333335,0.035244506,0.36666667,0.35660708
4157,0.9893169,False,Dendritic cells,Dendritic cells,0.0,0.021081354,0.33333334,0.33361828,0.2,0.19846897,0.46666667,0.44683143
214,0.98931277,False,Dendritic cells,Dendritic cells,0.26666668,0.28779453,0.16666667,0.16691329,0.2,0.19260514,0.36666667,0.35268706
3592,0.9893118,False,Dendritic cells,Dendritic cells,0.033333335,0.046288792,0.26666668,0.27508757,0.33333334,0.3249029,0.36666667,0.35372078
1818,0.98931056,False,Dendritic cells,Dendritic cells,0.23333333,0.25451338,0.23333333,0.22852731,0.2,0.20019875,0.33333334,0.3167605
3159,0.9893081,False,Fibroblasts,Fibroblasts,0.1724138,0.182231,0.20689656,0.20207997,0.3448276,0.3282604,0.27586207,0.28742865
4621,0.9893063,False,Luminal_Macrophages,Luminal_Macrophages,0.4,0.3850297,0.26666668,0.2697142,0.0,0.018339949,0.33333334,0.3269162
1670,0.9893002,False,Dendritic cells,Dendritic cells,0.06666667,0.0739967,0.2,0.19550514,0.26666668,0.28073627,0.46666667,0.449762
349,0.98929393,False,Luminal_Macrophages,Luminal_Macrophages,0.37931034,0.3660581,0.2413793,0.25155407,0.10344828,0.09528831,0.27586207,0.28709948
3288,0.9892913,False,Dendritic cells,Dendritic cells,0.26666668,0.28536227,0.16666667,0.16838354,0.16666667,0.16767155,0.4,0.37858266
3600,0.98929125,False,Fibroblasts,Fibroblasts,0.26666668,0.28800023,0.3,0.300084,0.33333334,0.31802282,0.1,0.093893014
701,0.9892812,False,Fibroblasts,Fibroblasts,0.06666667,0.061498303,0.2,0.20833695,0.43333334,0.41706398,0.3,0.3131007
1921,0.98927915,False,Dendritic cells,Dendritic cells,0.16666667,0.18760785,0.3,0.2996319,0.033333335,0.03383379,0.5,0.47892642
4981,0.98927903,False,Fibroblasts,Fibroblasts,0.3,0.3105924,0.3,0.30773282,0.36666667,0.3452248,0.033333335,0.036450002
1933,0.9892781,False,Fibroblasts,Fibroblasts,0.23333333,0.25477716,0.13333334,0.12401408,0.33333334,0.32189643,0.3,0.2993123
667,0.9892774,False,Dendritic cells,Dendritic cells,0.26666668,0.28599054,0.06666667,0.053254724,0.2,0.20212124,0.46666667,0.45863348
835,0.9892755,False,Luminal_Macrophages,Luminal_Macrophages,0.44827586,0.4268269,0.20689656,0.21343292,0.20689656,0.21421883,0.13793103,0.14552134
1085,0.98927444,False,Type 2 alveolar,Type 2 alveolar,0.23333333,0.24951948,0.4,0.38812774,0.33333334,0.32375446,0.033333335,0.038598385
1560,0.9892729,False,Dendritic cells,Dendritic cells,0.06666667,0.05613572,0.26666668,0.27109098,0.06666667,0.05574333,0.6,0.61702996
2930,0.98927206,False,Dendritic cells,Dendritic cells,0.26666668,0.28763667,0.2,0.2004859,0.2,0.19492231,0.33333334,0.31695512
4283,0.9892687,False,Fibroblasts,Fibroblasts,0.23333333,0.2547959,0.23333333,0.23125558,0.33333334,0.3192437,0.2,0.1947048
147,0.98926395,False,Type 2 alveolar,Type 2 alveolar,0.26666668,0.28505248,0.4,0.37959197,0.2,0.19893591,0.13333334,0.13641968
3370,0.9892619,False,Type 2 alveolar,Type 2 alveolar,0.033333335,0.045235056,0.4,0.37852386,0.3,0.30164844,0.26666668,0.2745926
1958,0.989261,False,Fibroblasts,Fibroblasts,0.1,0.08892505,0.33333334,0.33410758,0.56666666,0.5562635,0.0,0.020703886
1433,0.98925894,False,Fibroblasts,Fibroblasts,0.26666668,0.2831752,0.033333335,0.038306914,0.36666667,0.3485271,0.33333334,0.32999074
4193,0.98925835,False,Fibroblasts,Fibroblasts,0.2580645,0.24935624,0.12903225,0.116257206,0.5483871,0.56045794,0.06451613,0.07392858
1009,0.98925835,False,Dendritic cells,Dendritic cells,0.13333334,0.14467978,0.16666667,0.15987028,0.3,0.3101368,0.4,0.38531312
4988,0.989258,False,Fibroblasts,Fibroblasts,0.3,0.31774876,0.033333335,0.036462154,0.46666667,0.44518262,0.2,0.20060652
3267,0.9892571,False,Type 2 alveolar,Dendritic cells,0.06666667,0.063249744,0.46666667,0.4485977,0.0,0.01773676,0.46666667,0.47041574
2856,0.98925525,False,Dendritic cells,Dendritic cells,0.3,0.3111597,0.26666668,0.27647737,0.033333335,0.033852484,0.4,0.37851048
119,0.9892536,False,Type 2 alveolar,Type 2 alveolar,0.16666667,0.16286881,0.7,0.7214928,0.033333335,0.026443096,0.1,0.08919525
4562,0.98925173,False,Luminal_Macrophages,Luminal_Macrophages,0.6333333,0.6259322,0.0,0.021496492,0.26666668,0.2644263,0.1,0.08814504
3992,0.98925155,False,Luminal_Macrophages,Luminal_Macrophages,0.4,0.39232725,0.33333334,0.32380491,0.06666667,0.06237091,0.2,0.22149685
1836,0.98924756,False,Type 2 alveolar,Type 2 alveolar,0.1,0.11116557,0.4,0.38139185,0.26666668,0.27700603,0.23333333,0.23043658
200,0.98924667,False,Type 2 alveolar,Type 2 alveolar,0.06666667,0.058243614,0.36666667,0.35771906,0.33333334,0.32919732,0.23333333,0.25484008
4917,0.9892449,False,Dendritic cells,Dendritic cells,0.16666667,0.17520499,0.23333333,0.24240558,0.2,0.20389962,0.4,0.3784898
1349,0.98924416,False,Luminal_Macrophages,Luminal_Macrophages,0.46666667,0.4793899,0.13333334,0.12409096,0.33333334,0.34212175,0.06666667,0.05439738
3958,0.98923486,False,Fibroblasts,Fibroblasts,0.13333334,0.14085665,0.3,0.314007,0.43333334,0.41293794,0.13333334,0.13219841
1399,0.9892348,False,Luminal_Macrophages,Luminal_Macrophages,0.36666667,0.3545005,0.3,0.2908863,0.0,0.021530448,0.33333334,0.33308277
4242,0.98923457,False,Dendritic cells,Dendritic cells,0.26666668,0.28154048,0.033333335,0.03999041,0.3,0.29953846,0.4,0.37893066
1338,0.9892299,False,Fibroblasts,Fibroblasts,0.29032257,0.29819727,0.29032257,0.3035597,0.38709676,0.36555666,0.032258064,0.032686386
3876,0.9892246,False,Type 2 alveolar,Type 2 alveolar,0.19354838,0.21182513,0.41935483,0.40696707,0.032258064,0.035532158,0.3548387,0.34567568
3701,0.9892221,False,Dendritic cells,Dendritic cells,0.3,0.32155576,0.13333334,0.13134864,0.2,0.1929594,0.36666667,0.3541362
546,0.9892219,False,Dendritic cells,Dendritic cells,0.1,0.10216422,0.16666667,0.16588853,0.1,0.0792219,0.6333333,0.65272534
3772,0.989219,False,Dendritic cells,Dendritic cells,0.33333334,0.3441948,0.033333335,0.038423516,0.26666668,0.27227697,0.36666667,0.34510472
2621,0.98921883,False,Type 2 alveolar,Type 2 alveolar,0.13793103,0.14649457,0.37931034,0.3596399,0.20689656,0.20500466,0.27586207,0.2888608
629,0.9892156,False,Fibroblasts,Fibroblasts,0.31034482,0.33191353,0.06896552,0.053542018,0.51724136,0.5167447,0.10344828,0.097799726
1747,0.9892104,False,Type 2 alveolar,Type 2 alveolar,0.13333334,0.13480385,0.6,0.5784209,0.26666668,0.27249187,0.0,0.014283467
985,0.9892091,False,Dendritic cells,Dendritic cells,0.26666668,0.28279212,0.13333334,0.12789753,0.23333333,0.2387897,0.36666667,0.3505207
4866,0.98920786,False,Luminal_Macrophages,Luminal_Macrophages,0.53333336,0.5117491,0.2,0.20636912,0.033333335,0.0350911,0.23333333,0.24679075
1302,0.98920685,False,Type 2 alveolar,Type 2 alveolar,0.033333335,0.036358856,0.53333336,0.51594466,0.0,0.018560719,0.43333334,0.42913577
3820,0.9892051,False,Luminal_Macrophages,Luminal_Macrophages,0.4516129,0.47320265,0.09677419,0.08831694,0.3548387,0.35021347,0.09677419,0.088266954
3705,0.9891938,False,Fibroblasts,Fibroblasts,0.06451613,0.07450355,0.32258064,0.3242022,0.38709676,0.3654844,0.22580644,0.23580983
1124,0.98919356,False,Fibroblasts,Fibroblasts,0.06896552,0.06571337,0.2413793,0.260589,0.4827586,0.46439782,0.20689656,0.2092998
4054,0.9891866,False,Fibroblasts,Fibroblasts,0.06666667,0.056107637,0.13333334,0.1406119,0.5,0.48893216,0.3,0.31434825
3014,0.9891834,False,Type 2 alveolar,Type 2 alveolar,0.16129032,0.18292353,0.38709676,0.38530445,0.3548387,0.350639,0.09677419,0.08113309
3668,0.9891817,False,Type 2 alveolar,Type 2 alveolar,0.19354838,0.20734516,0.38709676,0.37238565,0.2580645,0.26590434,0.16129032,0.1543649
325,0.98918164,False,Dendritic cells,Dendritic cells,0.13333334,0.15354417,0.16666667,0.15613137,0.33333334,0.33475918,0.36666667,0.35556528
4346,0.98918134,False,Luminal_Macrophages,Luminal_Macrophages,0.36666667,0.3525037,0.26666668,0.27158272,0.1,0.09252565,0.26666668,0.2833879
6,0.98917776,False,Fibroblasts,Fibroblasts,0.23333333,0.24462037,0.16666667,0.16398504,0.33333334,0.31437054,0.26666668,0.27702406
2637,0.9891675,False,Dendritic cells,Dendritic cells,0.22580644,0.23864855,0.22580644,0.23462932,0.16129032,0.15517206,0.38709676,0.37155005
3547,0.9891628,False,Fibroblasts,Fibroblasts,0.33333334,0.3357432,0.2,0.21586436,0.4,0.37832555,0.06666667,0.0700669
1923,0.98916215,False,Fibroblasts,Fibroblasts,0.23333333,0.24777289,0.3,0.3072361,0.33333334,0.3163211,0.13333334,0.12866989
2998,0.9891581,False,Dendritic cells,Dendritic cells,0.26666668,0.27380168,0.23333333,0.24788211,0.06666667,0.063481316,0.43333334,0.4148349
2115,0.98915184,False,Dendritic cells,Dendritic cells,0.10344828,0.1155502,0.27586207,0.28545654,0.20689656,0.2064686,0.41379312,0.39252472
2905,0.9891455,False,Dendritic cells,Dendritic cells,0.3,0.2922298,0.26666668,0.26914227,0.0,0.01923341,0.43333334,0.41939455
3180,0.9891442,False,Dendritic cells,Dendritic cells,0.26666668,0.28594002,0.16666667,0.15600462,0.23333333,0.2357716,0.33333334,0.32228377
1451,0.9891358,False,Type 2 alveolar,Type 2 alveolar,0.27586207,0.27884465,0.41379312,0.39206475,0.03448276,0.037027832,0.27586207,0.2920628
285,0.98912865,False,Fibroblasts,Fibroblasts,0.3,0.31591815,0.3,0.29527614,0.36666667,0.34964776,0.033333335,0.039157927
1417,0.98912245,False,Dendritic cells,Dendritic cells,0.32258064,0.327626,0.032258064,0.037931833,0.2580645,0.2691004,0.38709676,0.3653417
332,0.98911643,False,Type 2 alveolar,Type 2 alveolar,0.23333333,0.25252298,0.36666667,0.34865597,0.2,0.19624354,0.2,0.20257756
4399,0.9891132,False,Type 2 alveolar,Type 2 alveolar,0.06896552,0.068282425,0.4827586,0.46166813,0.20689656,0.208632,0.2413793,0.26141742
4586,0.98911303,False,Dendritic cells,Dendritic cells,0.06666667,0.057157636,0.26666668,0.28182736,0.23333333,0.23994662,0.43333334,0.42106843
1099,0.9891124,False,Dendritic cells,Dendritic cells,0.033333335,0.03318896,0.4,0.3862215,0.06666667,0.058814313,0.5,0.5217753
2806,0.9891115,False,Fibroblasts,Fibroblasts,0.22580644,0.24198315,0.16129032,0.15542397,0.516129,0.50021833,0.09677419,0.10237458
50,0.98911023,False,Luminal_Macrophages,Luminal_Macrophages,0.56666666,0.5549197,0.16666667,0.1633598,0.1,0.09327435,0.16666667,0.18844618
2139,0.98911,False,Type 2 alveolar,Type 2 alveolar,0.3,0.30813357,0.36666667,0.3484208,0.06666667,0.063132495,0.26666668,0.28031313
3677,0.98910606,False,Type 2 alveolar,Type 2 alveolar,0.23333333,0.2551213,0.36666667,0.34957743,0.3,0.29674554,0.1,0.09855581
3671,0.9891006,False,Fibroblasts,Dendritic cells,0.23333333,0.24830922,0.033333335,0.040156234,0.36666667,0.35356525,0.36666667,0.35796928
4607,0.98909926,False,Type 2 alveolar,Type 2 alveolar,0.1724138,0.18626675,0.37931034,0.36954442,0.31034482,0.3182934,0.13793103,0.12589544
1360,0.9890961,False,Type 2 alveolar,Type 2 alveolar,0.43333334,0.41585883,0.46666667,0.47542328,0.06666667,0.062333304,0.033333335,0.046384554
3022,0.98909557,False,Luminal_Macrophages,Luminal_Macrophages,0.51724136,0.50676215,0.03448276,0.037991114,0.0,0.018300487,0.44827586,0.4369463
2843,0.98908854,False,Fibroblasts,Fibroblasts,0.20689656,0.21265258,0.1724138,0.1676991,0.3448276,0.32771942,0.27586207,0.29192895
4919,0.98908705,False,Type 2 alveolar,Type 2 alveolar,0.26666668,0.283751,0.5,0.4799095,0.033333335,0.031597864,0.2,0.20474158
2359,0.98908633,False,Dendritic cells,Dendritic cells,0.13333334,0.12777165,0.4,0.38509467,0.0,0.021827338,0.46666667,0.4653063
2158,0.9890857,False,Luminal_Macrophages,Luminal_Macrophages,0.4,0.37881204,0.3,0.32113105,0.2,0.19935925,0.1,0.100697614
313,0.9890842,False,Dendritic cells,Dendritic cells,0.032258064,0.041388772,0.22580644,0.23668288,0.29032257,0.29214716,0.4516129,0.42978126
2280,0.98908406,False,Fibroblasts,Luminal_Macrophages,0.33333334,0.35516518,0.13333334,0.13082,0.36666667,0.3519511,0.16666667,0.1620637
4100,0.9890811,False,Type 2 alveolar,Type 2 alveolar,0.16666667,0.17617655,0.5,0.47816208,0.16666667,0.17187792,0.16666667,0.17378339
1597,0.98908025,False,Fibroblasts,Fibroblasts,0.16129032,0.17993245,0.19354838,0.19674577,0.41935483,0.3996115,0.22580644,0.22371025
2850,0.9890802,False,Luminal_Macrophages,Luminal_Macrophages,0.37931034,0.3649423,0.13793103,0.13318996,0.20689656,0.20416604,0.27586207,0.29770175
2795,0.9890768,False,Type 2 alveolar,Type 2 alveolar,0.26666668,0.28218362,0.4,0.38331094,0.13333334,0.12817603,0.2,0.20632942
2271,0.9890721,False,Type 2 alveolar,Type 2 alveolar,0.13793103,0.13848744,0.3448276,0.32297173,0.27586207,0.27607083,0.2413793,0.26246995
4836,0.9890649,False,Type 2 alveolar,Type 2 alveolar,0.10344828,0.11143578,0.44827586,0.42914522,0.13793103,0.13519141,0.31034482,0.32422754
3949,0.98906463,False,Fibroblasts,Fibroblasts,0.23333333,0.254731,0.06666667,0.06713969,0.36666667,0.34584293,0.33333334,0.3322864
3476,0.98906344,False,Type 2 alveolar,Type 2 alveolar,0.16666667,0.17251682,0.4,0.37812686,0.23333333,0.23742896,0.2,0.21192737
3937,0.9890627,False,Fibroblasts,Fibroblasts,0.13333334,0.13997719,0.23333333,0.23557359,0.4,0.3781255,0.23333333,0.24632373
4370,0.9890612,False,Dendritic cells,Dendritic cells,0.26666668,0.2882079,0.1,0.09380066,0.3,0.30033648,0.33333334,0.317655
2363,0.98906034,False,Dendritic cells,Dendritic cells,0.20689656,0.22131124,0.03448276,0.037238717,0.2413793,0.24608803,0.51724136,0.49536207
766,0.98905754,False,Fibroblasts,Fibroblasts,0.2,0.20675881,0.13333334,0.12638131,0.43333334,0.41840038,0.23333333,0.24845949
4902,0.98905396,False,Fibroblasts,Fibroblasts,0.1,0.120078884,0.26666668,0.26295027,0.33333334,0.31515765,0.3,0.30181324
353,0.9890536,False,Luminal_Macrophages,Luminal_Macrophages,0.6,0.5826075,0.1,0.10573755,0.0,0.016155284,0.3,0.29549968
3685,0.9890533,False,Luminal_Macrophages,Luminal_Macrophages,0.4,0.38872537,0.1,0.089381196,0.23333333,0.2443193,0.26666668,0.2775741
1584,0.98905146,False,Type 2 alveolar,Type 2 alveolar,0.37931034,0.3694764,0.41379312,0.40172997,0.20689656,0.20696251,0.0,0.021831116
4060,0.9890468,False,Type 2 alveolar,Type 2 alveolar,0.26666668,0.288573,0.56666666,0.5595292,0.1,0.09012238,0.06666667,0.061775405
146,0.9890461,False,Type 2 alveolar,Type 2 alveolar,0.33333334,0.3478513,0.4,0.38780546,0.06666667,0.05695337,0.2,0.20738985
2814,0.9890456,False,Type 2 alveolar,Type 2 alveolar,0.0,0.021908741,0.56666666,0.5629314,0.36666667,0.36030573,0.06666667,0.054854136
2971,0.98904437,False,Luminal_Macrophages,Luminal_Macrophages,0.8,0.80901384,0.13333334,0.11991054,0.0,0.012897421,0.06666667,0.05817828
3357,0.9890418,False,Fibroblasts,Fibroblasts,0.33333334,0.35524967,0.2,0.19887093,0.4,0.38426253,0.06666667,0.06161689
3562,0.98903865,False,Fibroblasts,Fibroblasts,0.13793103,0.13699424,0.13793103,0.12756579,0.41379312,0.40317246,0.31034482,0.33226746
2644,0.98903716,False,Fibroblasts,Fibroblasts,0.16666667,0.17666337,0.33333334,0.34526232,0.43333334,0.41352886,0.06666667,0.06454543
1424,0.9890356,False,Dendritic cells,Dendritic cells,0.0,0.02192874,0.06666667,0.06499579,0.4,0.3825479,0.53333336,0.53052753
70,0.9890339,False,Type 2 alveolar,Type 2 alveolar,0.16666667,0.16493648,0.33333334,0.31766483,0.23333333,0.22879979,0.26666668,0.28859884
3272,0.9890317,False,Type 2 alveolar,Type 2 alveolar,0.22580644,0.20817053,0.2580645,0.27056822,0.2580645,0.25376382,0.2580645,0.26749742
3558,0.98903054,False,Dendritic cells,Dendritic cells,0.43333334,0.42997685,0.033333335,0.0389262,0.0,0.016346069,0.53333336,0.51475084
3901,0.98902965,False,Luminal_Macrophages,Luminal_Macrophages,0.5,0.47805926,0.06666667,0.06752915,0.26666668,0.28714004,0.16666667,0.16727158
2475,0.9890264,False,Type 2 alveolar,Type 2 alveolar,0.26666668,0.28304902,0.36666667,0.34471956,0.26666668,0.27084193,0.1,0.10138951
3379,0.9890238,False,Type 2 alveolar,Type 2 alveolar,0.13793103,0.15818201,0.3448276,0.32563472,0.2413793,0.24308072,0.27586207,0.27310258
1525,0.98902327,False,Type 2 alveolar,Type 2 alveolar,0.23333333,0.24763209,0.43333334,0.41137993,0.2,0.20563544,0.13333334,0.13535257
2228,0.9890105,False,Dendritic cells,Dendritic cells,0.2,0.18904759,0.1,0.092859656,0.26666668,0.2886457,0.43333334,0.42944708
552,0.9890082,False,Fibroblasts,Fibroblasts,0.2,0.21959443,0.23333333,0.23572257,0.36666667,0.3456416,0.2,0.19904141
4611,0.9890067,False,Dendritic cells,Dendritic cells,0.0,0.01907431,0.2413793,0.24429162,0.10344828,0.0885849,0.6551724,0.6480492
1219,0.98900026,False,Fibroblasts,Fibroblasts,0.29032257,0.31073114,0.12903225,0.12400677,0.4516129,0.43463895,0.12903225,0.13062316
696,0.9890001,False,Dendritic cells,Dendritic cells,0.33333334,0.33630887,0.3,0.28684145,0.0,0.019024312,0.36666667,0.3578254
4409,0.9889999,False,Type 2 alveolar,Type 2 alveolar,0.13333334,0.1497555,0.4,0.38074753,0.3,0.30557805,0.16666667,0.163919
2766,0.98899883,False,Fibroblasts,Fibroblasts,0.1,0.09362388,0.0,0.019082675,0.46666667,0.4510404,0.43333334,0.43625304
4046,0.9889962,False,Type 2 alveolar,Type 2 alveolar,0.16129032,0.17184018,0.516129,0.49627858,0.22580644,0.23726419,0.09677419,0.09461704
1705,0.9889796,False,Type 2 alveolar,Dendritic cells,0.26666668,0.26750496,0.36666667,0.34487456,0.0,0.021202492,0.36666667,0.36641794
1924,0.98897845,False,Type 2 alveolar,Type 2 alveolar,0.10344828,0.11656114,0.44827586,0.42937776,0.2413793,0.25030956,0.20689656,0.20375153
932,0.9889715,False,Fibroblasts,Fibroblasts,0.06451613,0.056367878,0.2580645,0.2685542,0.3548387,0.34092996,0.32258064,0.334148
1258,0.98896897,False,Dendritic cells,Dendritic cells,0.3,0.31173864,0.1,0.09082189,0.26666668,0.27699012,0.33333334,0.32044932
3796,0.9889677,False,Fibroblasts,Fibroblasts,0.22580644,0.2341099,0.32258064,0.33169723,0.38709676,0.36503223,0.06451613,0.069160655
2928,0.98896426,False,Luminal_Macrophages,Luminal_Macrophages,0.36666667,0.37570587,0.033333335,0.035106495,0.36666667,0.34459522,0.23333333,0.24459243
2031,0.98896235,False,Dendritic cells,Dendritic cells,0.3548387,0.3692408,0.09677419,0.09214695,0.12903225,0.13670543,0.41935483,0.4019068
1131,0.9889589,False,Luminal_Macrophages,Luminal_Macrophages,0.4516129,0.42953074,0.16129032,0.16198961,0.32258064,0.33433515,0.06451613,0.07414448
4078,0.9889559,False,Type 2 alveolar,Type 2 alveolar,0.13333334,0.11818976,0.5,0.4930554,0.33333334,0.34382048,0.033333335,0.044934332
2260,0.98895043,False,Dendritic cells,Dendritic cells,0.26666668,0.28494385,0.26666668,0.27048865,0.1,0.088357024,0.36666667,0.35621044
3353,0.988947,False,Type 2 alveolar,Type 2 alveolar,0.27586207,0.28934628,0.37931034,0.3572043,0.03448276,0.035180707,0.31034482,0.31826872
4377,0.98894083,False,Fibroblasts,Fibroblasts,0.16666667,0.17562898,0.06666667,0.055632424,0.43333334,0.42224926,0.33333334,0.3464893
3486,0.9889396,False,Dendritic cells,Dendritic cells,0.1,0.11840995,0.3,0.3037109,0.23333333,0.2302036,0.36666667,0.34767556
52,0.9889376,False,Dendritic cells,Dendritic cells,0.0,0.020648848,0.36666667,0.35707542,0.23333333,0.23480926,0.4,0.38746643
2730,0.9889334,False,Fibroblasts,Fibroblasts,0.0,0.02213321,0.06666667,0.062699065,0.5,0.49238884,0.43333334,0.4227789
252,0.9889249,False,Type 2 alveolar,Type 2 alveolar,0.0,0.022150226,0.58064514,0.56509584,0.22580644,0.2207231,0.19354838,0.19203085
4290,0.98892194,False,Type 2 alveolar,Type 2 alveolar,0.0,0.019759754,0.53333336,0.5227902,0.06666667,0.055053696,0.4,0.40239632
3122,0.98892105,False,Type 2 alveolar,Type 2 alveolar,0.26666668,0.27677935,0.36666667,0.35233706,0.1,0.0921717,0.26666668,0.2787119
3218,0.98891044,False,Dendritic cells,Dendritic cells,0.22580644,0.2479856,0.12903225,0.12272179,0.12903225,0.11633002,0.516129,0.5129626
433,0.9889102,False,Dendritic cells,Dendritic cells,0.03448276,0.0429545,0.27586207,0.28491938,0.2413793,0.2460299,0.44827586,0.42609626
2315,0.988905,False,Fibroblasts,Fibroblasts,0.06666667,0.047027748,0.1,0.09744891,0.46666667,0.4671892,0.36666667,0.3883341
21,0.9889048,False,Luminal_Macrophages,Fibroblasts,0.26666668,0.25141266,0.23333333,0.24736337,0.26666668,0.2597302,0.23333333,0.24149373
2570,0.9889024,False,Dendritic cells,Dendritic cells,0.26666668,0.28206775,0.23333333,0.2401275,0.1,0.09138885,0.4,0.38641596
4485,0.9889005,False,Fibroblasts,Fibroblasts,0.26666668,0.28752905,0.23333333,0.23467003,0.3,0.29507753,0.2,0.1827234
3500,0.98889613,False,Fibroblasts,Fibroblasts,0.12903225,0.14006764,0.32258064,0.33155227,0.38709676,0.36488903,0.16129032,0.16349109
1932,0.9888942,False,Type 2 alveolar,Type 2 alveolar,0.36666667,0.38887826,0.46666667,0.45916346,0.06666667,0.06383243,0.1,0.08812589
4907,0.98889375,False,Luminal_Macrophages,Luminal_Macrophages,0.46666667,0.4463238,0.0,0.020960897,0.16666667,0.16791825,0.36666667,0.36479706
2868,0.9888926,False,Dendritic cells,Dendritic cells,0.23333333,0.25053325,0.13333334,0.12250719,0.23333333,0.23834825,0.4,0.38861135
1022,0.9888923,False,Dendritic cells,Dendritic cells,0.26666668,0.2784401,0.23333333,0.24377534,0.13333334,0.12687464,0.36666667,0.35090995
2218,0.98888564,False,Fibroblasts,Fibroblasts,0.2,0.20052852,0.033333335,0.03483487,0.53333336,0.5111046,0.23333333,0.25353202
2386,0.98888147,False,Fibroblasts,Fibroblasts,0.2,0.21378714,0.26666668,0.25739396,0.33333334,0.32036898,0.2,0.20844997
2606,0.98888,False,Luminal_Macrophages,Luminal_Macrophages,0.51724136,0.5073281,0.44827586,0.4359491,0.03448276,0.034630787,0.0,0.022091994
4449,0.9888773,False,Type 2 alveolar,Type 2 alveolar,0.22580644,0.23125881,0.38709676,0.36664516,0.16129032,0.15949653,0.22580644,0.24259949
1108,0.9888747,False,Fibroblasts,Fibroblasts,0.0,0.022250615,0.1,0.088346645,0.46666667,0.4593941,0.43333334,0.43000856
2448,0.9888682,False,Luminal_Macrophages,Dendritic cells,0.46666667,0.45157647,0.06666667,0.06785288,0.0,0.021077478,0.46666667,0.45949325
974,0.9888619,False,Type 2 alveolar,Type 2 alveolar,0.3,0.2976141,0.4,0.38020164,0.3,0.2999082,0.0,0.022276113
2664,0.98885894,False,Dendritic cells,Dendritic cells,0.16666667,0.17586714,0.3,0.31308165,0.16666667,0.15931353,0.36666667,0.3517377
575,0.98885596,False,Fibroblasts,Fibroblasts,0.3,0.31465372,0.26666668,0.27430105,0.36666667,0.35014066,0.06666667,0.060904592
3649,0.9888528,False,Type 2 alveolar,Type 2 alveolar,0.13793103,0.14899293,0.55172414,0.5384525,0.20689656,0.21812908,0.10344828,0.09442548
3975,0.988852,False,Dendritic cells,Dendritic cells,0.13333334,0.14140278,0.13333334,0.1263068,0.26666668,0.28089312,0.46666667,0.45139727
3573,0.98884666,False,Type 2 alveolar,Type 2 alveolar,0.31034482,0.33265144,0.44827586,0.4350713,0.10344828,0.09707528,0.13793103,0.13520195
4036,0.98884356,False,Luminal_Macrophages,Luminal_Macrophages,0.4,0.38106805,0.16666667,0.16328575,0.26666668,0.27950582,0.16666667,0.1761404
1727,0.98884034,False,Dendritic cells,Dendritic cells,0.0,0.022319295,0.43333334,0.42297336,0.1,0.088502035,0.46666667,0.4662053
4667,0.98884004,False,Luminal_Macrophages,Luminal_Macrophages,0.29032257,0.3126425,0.22580644,0.21283895,0.19354838,0.18784504,0.29032257,0.28667346
481,0.98883975,False,Dendritic cells,Dendritic cells,0.2413793,0.24268244,0.2413793,0.26239666,0.13793103,0.12940527,0.37931034,0.36551568
4736,0.98883855,False,Dendritic cells,Dendritic cells,0.1,0.094100066,0.0,0.01844003,0.36666667,0.35024378,0.53333336,0.5372162
672,0.9888352,False,Fibroblasts,Fibroblasts,0.26666668,0.28899625,0.16666667,0.16016278,0.3,0.29260585,0.26666668,0.25823516
4362,0.98883295,False,Dendritic cells,Dendritic cells,0.22580644,0.24468152,0.16129032,0.15803152,0.22580644,0.22926551,0.38709676,0.36802143
3667,0.9888296,False,Dendritic cells,Dendritic cells,0.29032257,0.30434957,0.032258064,0.035050314,0.22580644,0.23132789,0.4516129,0.42927215
1195,0.98882943,False,Type 2 alveolar,Type 2 alveolar,0.13333334,0.14176983,0.53333336,0.52091205,0.23333333,0.247238,0.1,0.09008016
508,0.98882437,False,Fibroblasts,Fibroblasts,0.06451613,0.06639194,0.19354838,0.19853657,0.4516129,0.42926168,0.29032257,0.30580983
774,0.9888241,False,Fibroblasts,Fibroblasts,0.0,0.019071633,0.4,0.37849015,0.56666666,0.5699467,0.033333335,0.032491498
3352,0.9888153,False,Dendritic cells,Dendritic cells,0.20689656,0.22431603,0.06896552,0.063317426,0.31034482,0.3152947,0.41379312,0.39707184
2435,0.98881406,False,Type 2 alveolar,Type 2 alveolar,0.13333334,0.1486766,0.43333334,0.41114658,0.2,0.19981484,0.23333333,0.24036194
4098,0.988814,False,Dendritic cells,Dendritic cells,0.1,0.11474917,0.16666667,0.16649495,0.3,0.3076229,0.43333334,0.411133
2649,0.9888134,False,Dendritic cells,Dendritic cells,0.23333333,0.2557065,0.06666667,0.061190575,0.33333334,0.32712144,0.36666667,0.35598147
4849,0.98881155,False,Dendritic cells,Dendritic cells,0.0,0.022376936,0.46666667,0.44898164,0.033333335,0.031362932,0.5,0.4972785
2264,0.98880756,False,Type 2 alveolar,Type 2 alveolar,0.033333335,0.04014684,0.46666667,0.45114228,0.1,0.093139485,0.4,0.4155714
2407,0.98880523,False,Fibroblasts,Fibroblasts,0.26666668,0.27762285,0.23333333,0.2426944,0.43333334,0.41094384,0.06666667,0.06873892
3398,0.98880374,False,Fibroblasts,Fibroblasts,0.23333333,0.2548271,0.033333335,0.03423205,0.6666667,0.65696186,0.06666667,0.05397895
3956,0.9888018,False,Type 2 alveolar,Type 2 alveolar,0.13333334,0.13511255,0.46666667,0.44492114,0.0,0.020617247,0.4,0.39934903
865,0.98880017,False,Fibroblasts,Fibroblasts,0.1,0.0865902,0.43333334,0.43624204,0.46666667,0.45767686,0.0,0.019490937
1960,0.98879886,False,Fibroblasts,Fibroblasts,0.13793103,0.13287105,0.10344828,0.09920371,0.55172414,0.5386264,0.20689656,0.22929882
4603,0.9887971,False,Fibroblasts,Fibroblasts,0.16666667,0.18024589,0.23333333,0.24215981,0.4,0.38147733,0.2,0.19611694
2622,0.98879695,False,Fibroblasts,Fibroblasts,0.033333335,0.036818225,0.3,0.31014776,0.5,0.4775939,0.16666667,0.17544004
3531,0.98879355,False,Fibroblasts,Fibroblasts,0.3,0.32017753,0.16666667,0.16439244,0.43333334,0.41319472,0.1,0.10223532
2757,0.98879117,False,Luminal_Macrophages,Luminal_Macrophages,0.4,0.3775823,0.26666668,0.27252713,0.033333335,0.038007908,0.3,0.31188267
1548,0.988791,False,Dendritic cells,Dendritic cells,0.36666667,0.35672274,0.033333335,0.055751316,0.06666667,0.063405514,0.53333336,0.5241204
4334,0.9887863,False,Type 2 alveolar,Type 2 alveolar,0.16666667,0.1703874,0.8,0.7775725,0.0,0.012472897,0.033333335,0.039567176
856,0.98878473,False,Fibroblasts,Fibroblasts,0.1,0.11287275,0.26666668,0.2762245,0.4,0.3792188,0.23333333,0.23168397
4246,0.98877734,False,Fibroblasts,Dendritic cells,0.2413793,0.26382467,0.06896552,0.06054694,0.3448276,0.3341152,0.3448276,0.34151322
2343,0.9887749,False,Luminal_Macrophages,Luminal_Macrophages,0.41379312,0.39134285,0.1724138,0.17401394,0.31034482,0.3161102,0.10344828,0.11853296
4027,0.988772,False,Fibroblasts,Fibroblasts,0.20689656,0.21654451,0.2413793,0.2541874,0.37931034,0.3589407,0.1724138,0.17032741
1377,0.98877114,False,Dendritic cells,Dendritic cells,0.23333333,0.25579107,0.06666667,0.06185887,0.33333334,0.32999054,0.36666667,0.3523596
3884,0.9887705,False,Dendritic cells,Dendritic cells,0.2,0.20258528,0.0,0.019873688,0.33333334,0.32157972,0.46666667,0.4559613
2674,0.98876977,False,Fibroblasts,Fibroblasts,0.23333333,0.24608305,0.1,0.10620484,0.46666667,0.44420618,0.2,0.2035059
4794,0.98876786,False,Fibroblasts,Fibroblasts,0.3,0.31227872,0.26666668,0.27161068,0.36666667,0.34420237,0.06666667,0.07190828
4775,0.98876685,False,Dendritic cells,Dendritic cells,0.2580645,0.28053075,0.19354838,0.18911532,0.19354838,0.18360709,0.3548387,0.3467468
1458,0.9887655,False,Dendritic cells,Dendritic cells,0.1724138,0.19025613,0.31034482,0.31497148,0.10344828,0.09186092,0.41379312,0.40291142
3645,0.98876446,False,Dendritic cells,Dendritic cells,0.23333333,0.25174752,0.1,0.09507482,0.3,0.30405694,0.36666667,0.34912074
4856,0.9887632,False,Fibroblasts,Dendritic cells,0.1724138,0.1736131,0.0,0.021274168,0.41379312,0.39314958,0.41379312,0.41196308
4844,0.9887552,False,Dendritic cells,Dendritic cells,0.13793103,0.14579022,0.13793103,0.1266704,0.13793103,0.12670206,0.5862069,0.6008373
262,0.98874664,False,Type 2 alveolar,Type 2 alveolar,0.0,0.02250668,0.7,0.68576515,0.13333334,0.125767,0.16666667,0.1659611
3102,0.98874426,False,Dendritic cells,Dendritic cells,0.2580645,0.27040738,0.2580645,0.26823315,0.16129032,0.1498284,0.32258064,0.31153107
354,0.98874277,False,Fibroblasts,Fibroblasts,0.12903225,0.13558125,0.19354838,0.18826064,0.38709676,0.36986998,0.29032257,0.30628806
3581,0.98874044,False,Luminal_Macrophages,Luminal_Macrophages,0.4,0.39231494,0.36666667,0.3518327,0.23333333,0.23399368,0.0,0.021858735
1114,0.98873985,False,Fibroblasts,Fibroblasts,0.41935483,0.42195112,0.12903225,0.1212443,0.4516129,0.43688065,0.0,0.019924
2985,0.9887373,False,Type 2 alveolar,Dendritic cells,0.13333334,0.15585873,0.3,0.28871644,0.26666668,0.26520005,0.3,0.29022482
3340,0.9887359,False,Luminal_Macrophages,Luminal_Macrophages,0.38709676,0.36456865,0.32258064,0.3341698,0.22580644,0.23117408,0.06451613,0.07008748
2311,0.98873526,False,Fibroblasts,Fibroblasts,0.23333333,0.25246873,0.33333334,0.3350267,0.36666667,0.34413722,0.06666667,0.06836738
1,0.98873186,False,Luminal_Macrophages,Luminal_Macrophages,0.32258064,0.3444439,0.12903225,0.1123701,0.32258064,0.31670648,0.22580644,0.22647952
1179,0.9887303,False,Fibroblasts,Fibroblasts,0.16666667,0.17530969,0.1,0.08623126,0.4,0.39122933,0.33333334,0.34722963
4638,0.9887301,False,Fibroblasts,Fibroblasts,0.06666667,0.066535056,0.26666668,0.2597807,0.43333334,0.41781104,0.23333333,0.25587308
3253,0.9887259,False,Luminal_Macrophages,Luminal_Macrophages,0.33333334,0.32467163,0.23333333,0.24253385,0.16666667,0.15278015,0.26666668,0.28001437
3331,0.9887252,False,Dendritic cells,Dendritic cells,0.1,0.10872064,0.23333333,0.24716234,0.2,0.19767262,0.46666667,0.44644445
1695,0.98872423,False,Fibroblasts,Fibroblasts,0.33333334,0.35195065,0.13333334,0.13726754,0.43333334,0.4150164,0.1,0.09576537
3381,0.9887194,False,Fibroblasts,Fibroblasts,0.033333335,0.041724984,0.3,0.3033364,0.4,0.3774388,0.26666668,0.27749985
4319,0.9887145,False,Type 2 alveolar,Type 2 alveolar,0.16666667,0.17584436,0.56666666,0.5468967,0.06666667,0.06386566,0.2,0.21339323
1944,0.9887133,False,Dendritic cells,Dendritic cells,0.36666667,0.35096252,0.23333333,0.23648842,0.0,0.01941821,0.4,0.39313084
3838,0.9887113,False,Luminal_Macrophages,Luminal_Macrophages,0.516129,0.4935517,0.032258064,0.0406832,0.22580644,0.23530914,0.22580644,0.230456
2829,0.9887038,False,Type 2 alveolar,Type 2 alveolar,0.27586207,0.29845452,0.3448276,0.33551297,0.27586207,0.2745425,0.10344828,0.09148997
98,0.9887036,False,Luminal_Macrophages,Luminal_Macrophages,0.41379312,0.3912003,0.27586207,0.27739504,0.03448276,0.03573563,0.27586207,0.29566908
2418,0.9886996,False,Fibroblasts,Fibroblasts,0.43333334,0.42940512,0.0,0.02260079,0.5,0.48521906,0.06666667,0.06277503
2801,0.98869824,False,Type 2 alveolar,Type 2 alveolar,0.16666667,0.17744152,0.5,0.47739646,0.3,0.31106102,0.033333335,0.03410104
4608,0.9886918,False,Dendritic cells,Dendritic cells,0.23333333,0.25477368,0.2,0.20117606,0.16666667,0.15799813,0.4,0.38605216
1113,0.9886874,False,Fibroblasts,Fibroblasts,0.2580645,0.27013072,0.12903225,0.1287213,0.4516129,0.4292987,0.16129032,0.17184933
3,0.9886808,False,Fibroblasts,Fibroblasts,0.31034482,0.33204046,0.10344828,0.10439102,0.37931034,0.36529717,0.20689656,0.19827135
4486,0.98867977,False,Fibroblasts,Fibroblasts,0.22580644,0.21214257,0.22580644,0.21728839,0.29032257,0.28986403,0.2580645,0.280705
1401,0.988678,False,Type 2 alveolar,Type 2 alveolar,0.22580644,0.24845052,0.29032257,0.28697482,0.19354838,0.1832689,0.29032257,0.28130573
2670,0.9886769,False,Type 2 alveolar,Type 2 alveolar,0.16666667,0.17873043,0.36666667,0.37724912,0.36666667,0.3591456,0.1,0.08487487
3061,0.9886729,False,Luminal_Macrophages,Luminal_Macrophages,0.4,0.397833,0.26666668,0.269879,0.0,0.01944181,0.33333334,0.31284615
1989,0.9886689,False,Dendritic cells,Dendritic cells,0.03448276,0.032064117,0.10344828,0.10085842,0.10344828,0.085794605,0.7586207,0.78128284
2444,0.98866564,False,Fibroblasts,Fibroblasts,0.2413793,0.24325165,0.20689656,0.2166987,0.51724136,0.49457264,0.03448276,0.045476995
4063,0.9886559,False,Fibroblasts,Fibroblasts,0.2,0.20651723,0.16666667,0.16706811,0.43333334,0.41064513,0.2,0.21576951
2787,0.9886541,False,Fibroblasts,Fibroblasts,0.10344828,0.096486524,0.10344828,0.09483565,0.7241379,0.7468298,0.06896552,0.061848085
3916,0.9886538,False,Type 2 alveolar,Type 2 alveolar,0.33333334,0.32382587,0.36666667,0.35348168,0.3,0.3019768,0.0,0.02071568
3334,0.9886521,False,Type 2 alveolar,Type 2 alveolar,0.26666668,0.2863072,0.36666667,0.3439709,0.033333335,0.036048803,0.33333334,0.3336731
4019,0.9886502,False,Fibroblasts,Fibroblasts,0.16666667,0.16547018,0.2,0.19771287,0.36666667,0.3474507,0.26666668,0.28936625
2164,0.9886487,False,Dendritic cells,Dendritic cells,0.26666668,0.25000885,0.26666668,0.28781143,0.13333334,0.13489112,0.33333334,0.3272886
1558,0.9886429,False,Type 2 alveolar,Type 2 alveolar,0.26666668,0.28938094,0.33333334,0.32579878,0.23333333,0.22650869,0.16666667,0.15831167
4549,0.98863876,False,Type 2 alveolar,Type 2 alveolar,0.13793103,0.15122142,0.37931034,0.36494958,0.1724138,0.16405207,0.31034482,0.31977692
1808,0.98863584,False,Dendritic cells,Dendritic cells,0.2,0.22272836,0.33333334,0.32149982,0.06666667,0.061746426,0.4,0.3940254
4028,0.98863554,False,Type 2 alveolar,Type 2 alveolar,0.033333335,0.04502367,0.46666667,0.44393772,0.26666668,0.27185693,0.23333333,0.23918173
2740,0.98863155,False,Fibroblasts,Fibroblasts,0.2,0.21115175,0.33333334,0.34491858,0.4,0.38067082,0.06666667,0.06325892
4466,0.98863,False,Type 2 alveolar,Type 2 alveolar,0.032258064,0.035743482,0.4516129,0.42887294,0.2580645,0.26707247,0.2580645,0.26831114
4643,0.98863,False,Type 2 alveolar,Type 2 alveolar,0.16666667,0.18703528,0.56666666,0.5501519,0.06666667,0.060441397,0.2,0.20237143
1049,0.98862785,False,Fibroblasts,Dendritic cells,0.0,0.022744345,0.31034482,0.3084998,0.3448276,0.33092177,0.3448276,0.33783412
1709,0.9886266,False,Luminal_Macrophages,Luminal_Macrophages,0.36666667,0.35023198,0.3,0.30127296,0.06666667,0.060354553,0.26666668,0.2881405
3494,0.9886226,False,Fibroblasts,Fibroblasts,0.23333333,0.24720725,0.23333333,0.24037407,0.43333334,0.41057858,0.1,0.10184005
1337,0.9886219,False,Fibroblasts,Fibroblasts,0.1,0.097350545,0.16666667,0.16679406,0.43333334,0.41322657,0.3,0.3226288
4081,0.98861974,False,Fibroblasts,Fibroblasts,0.26666668,0.2894272,0.26666668,0.25562325,0.3,0.29474702,0.16666667,0.16020247
2174,0.98861694,False,Fibroblasts,Fibroblasts,0.13333334,0.15029646,0.23333333,0.23750168,0.46666667,0.4439006,0.16666667,0.16830131
424,0.98861104,False,Type 2 alveolar,Type 2 alveolar,0.33333334,0.3225868,0.36666667,0.3546352,0.033333335,0.043256182,0.26666668,0.27952176
4923,0.9886097,False,Dendritic cells,Dendritic cells,0.16666667,0.17287548,0.26666668,0.28323856,0.13333334,0.12711899,0.43333334,0.41676697
4999,0.98860943,False,Fibroblasts,Fibroblasts,0.033333335,0.034638323,0.0,0.021476168,0.56666666,0.55864567,0.4,0.38523984
2726,0.9886043,False,Luminal_Macrophages,Luminal_Macrophages,0.4,0.3820301,0.1,0.09517847,0.26666668,0.27170983,0.23333333,0.25108156
1897,0.98860294,False,Type 2 alveolar,Type 2 alveolar,0.2,0.20673844,0.46666667,0.44387254,0.3,0.3067894,0.033333335,0.042599563
56,0.9885913,False,Dendritic cells,Dendritic cells,0.06666667,0.058240104,0.1,0.08560911,0.3,0.30934486,0.53333336,0.54680586
3894,0.98858315,False,Dendritic cells,Dendritic cells,0.20689656,0.22012705,0.1724138,0.17612138,0.20689656,0.21279214,0.41379312,0.39095947
4167,0.98858297,False,Luminal_Macrophages,Luminal_Macrophages,0.4,0.38145608,0.2,0.19957457,0.13333334,0.12946856,0.26666668,0.28950077
3620,0.9885818,False,Fibroblasts,Fibroblasts,0.0,0.022036513,0.1,0.10079989,0.56666666,0.5504549,0.33333334,0.32670867
1293,0.9885817,False,Dendritic cells,Dendritic cells,0.06666667,0.07852107,0.23333333,0.23475315,0.26666668,0.276229,0.43333334,0.41049683
4403,0.98857456,False,Type 2 alveolar,Type 2 alveolar,0.03448276,0.038884133,0.44827586,0.42542493,0.2413793,0.25100824,0.27586207,0.28468266
253,0.988574,False,Fibroblasts,Fibroblasts,0.3,0.28907308,0.1,0.10102624,0.6,0.5880749,0.0,0.021825727
1256,0.9885734,False,Fibroblasts,Fibroblasts,0.06666667,0.071621306,0.16666667,0.16294602,0.5,0.48086736,0.26666668,0.28456536
457,0.9885679,False,Dendritic cells,Dendritic cells,0.26666668,0.28429005,0.26666668,0.27190748,0.13333334,0.120128654,0.33333334,0.3236738
2696,0.98855966,False,Type 2 alveolar,Type 2 alveolar,0.3,0.3108474,0.33333334,0.32179815,0.06666667,0.055321153,0.3,0.31203336
1247,0.9885588,False,Dendritic cells,Dendritic cells,0.0,0.022882331,0.31034482,0.30788204,0.31034482,0.30300966,0.37931034,0.3662259
3549,0.9885583,False,Type 2 alveolar,Type 2 alveolar,0.13793103,0.14657138,0.44827586,0.42676026,0.31034482,0.32458782,0.10344828,0.10208052
1178,0.98855454,False,Fibroblasts,Fibroblasts,0.1,0.095773414,0.3,0.30779377,0.36666667,0.34800234,0.23333333,0.24843048
2485,0.9885528,False,Fibroblasts,Fibroblasts,0.0,0.022894384,0.06666667,0.057695013,0.6,0.5879551,0.33333334,0.33145547
2807,0.9885438,False,Dendritic cells,Dendritic cells,0.23333333,0.25624576,0.16666667,0.16052705,0.13333334,0.12659647,0.46666667,0.45663074
3624,0.9885405,False,Luminal_Macrophages,Luminal_Macrophages,0.4,0.38868433,0.2,0.19830391,0.13333334,0.12342603,0.26666668,0.28958574
2810,0.9885351,False,Luminal_Macrophages,Luminal_Macrophages,0.53333336,0.51683754,0.0,0.020771775,0.16666667,0.16882466,0.3,0.29356602
1854,0.988531,False,Fibroblasts,Fibroblasts,0.2580645,0.27848643,0.09677419,0.08414414,0.61290324,0.60259527,0.032258064,0.034774143
3878,0.98852825,False,Luminal_Macrophages,Luminal_Macrophages,0.44827586,0.4253324,0.31034482,0.31275004,0.2413793,0.24338739,0.0,0.01853015
2054,0.988525,False,Luminal_Macrophages,Luminal_Macrophages,0.36666667,0.3595943,0.033333335,0.048147395,0.26666668,0.27480263,0.33333334,0.31745568
1044,0.9885243,False,Luminal_Macrophages,Luminal_Macrophages,0.3548387,0.35188702,0.3548387,0.334839,0.29032257,0.293381,0.0,0.019892892
166,0.9885236,False,Fibroblasts,Fibroblasts,0.13333334,0.14994302,0.23333333,0.23967649,0.4,0.3787136,0.23333333,0.23166692
487,0.98852,False,Luminal_Macrophages,Luminal_Macrophages,0.55172414,0.5378706,0.0,0.022959989,0.10344828,0.102070026,0.3448276,0.33709937
1001,0.9885198,False,Fibroblasts,Fibroblasts,0.26666668,0.28756252,0.16666667,0.15765801,0.33333334,0.31938162,0.23333333,0.23539788
1156,0.9885195,False,Luminal_Macrophages,Luminal_Macrophages,0.7,0.72296095,0.06666667,0.05551143,0.13333334,0.1293348,0.1,0.09219278
4052,0.9885184,False,Dendritic cells,Dendritic cells,0.06666667,0.07197542,0.2,0.20482814,0.26666668,0.27949288,0.46666667,0.4437035
562,0.9885183,False,Luminal_Macrophages,Luminal_Macrophages,0.46666667,0.45765483,0.13333334,0.119381845,0.3,0.31074682,0.1,0.11221656
2220,0.98851717,False,Luminal_Macrophages,Luminal_Macrophages,0.56666666,0.56479067,0.06666667,0.070367955,0.0,0.01926444,0.36666667,0.34557694
2508,0.98851657,False,Type 2 alveolar,Type 2 alveolar,0.26666668,0.283839,0.36666667,0.35199517,0.33333334,0.32503793,0.033333335,0.039127883
727,0.98851657,False,Fibroblasts,Fibroblasts,0.033333335,0.042574763,0.33333334,0.33159173,0.4,0.3787747,0.23333333,0.2470588
4996,0.9885165,False,Fibroblasts,Fibroblasts,0.33333334,0.3412583,0.033333335,0.035752427,0.4,0.37703303,0.23333333,0.24595627
3607,0.9885164,False,Fibroblasts,Fibroblasts,0.0,0.01745757,0.3448276,0.35004118,0.4827586,0.4597914,0.1724138,0.17270985
1038,0.9885153,False,Type 2 alveolar,Type 2 alveolar,0.27586207,0.29553124,0.37931034,0.36088598,0.27586207,0.27916226,0.06896552,0.06442049
4289,0.98851055,False,Luminal_Macrophages,Luminal_Macrophages,0.6551724,0.6462456,0.03448276,0.0432443,0.2413793,0.2555967,0.06896552,0.05491334
1876,0.9885075,False,Type 2 alveolar,Type 2 alveolar,0.23333333,0.23181145,0.33333334,0.31839564,0.2,0.19347456,0.23333333,0.2563184
3109,0.98850477,False,Type 2 alveolar,Type 2 alveolar,0.22580644,0.23958544,0.38709676,0.3681167,0.12903225,0.1250219,0.2580645,0.26727602
3475,0.9885033,False,Luminal_Macrophages,Luminal_Macrophages,0.4827586,0.46007943,0.3448276,0.34598836,0.03448276,0.034168474,0.13793103,0.1597638
3304,0.9885019,False,Fibroblasts,Fibroblasts,0.06666667,0.05985523,0.23333333,0.24101798,0.5,0.48381528,0.2,0.21531151
2999,0.9885016,False,Type 2 alveolar,Type 2 alveolar,0.0,0.019812267,0.62068963,0.6030417,0.2413793,0.24456383,0.13793103,0.1325822
621,0.9884902,False,Fibroblasts,Dendritic cells,0.10344828,0.096646525,0.06896552,0.054016914,0.41379312,0.41252393,0.41379312,0.4368126
911,0.98848724,False,Dendritic cells,Dendritic cells,0.2,0.22073668,0.2,0.19615656,0.26666668,0.26895556,0.33333334,0.31415123
1230,0.9884817,False,Fibroblasts,Fibroblasts,0.0,0.023036512,0.33333334,0.32684413,0.53333336,0.5219764,0.13333334,0.12814292
610,0.9884787,False,Type 2 alveolar,Type 2 alveolar,0.0,0.023042556,0.43333334,0.41841102,0.16666667,0.16115123,0.4,0.39739516
919,0.9884785,False,Fibroblasts,Fibroblasts,0.33333334,0.3524949,0.2,0.20388146,0.4,0.38140675,0.06666667,0.062216956
3205,0.98847777,False,Fibroblasts,Fibroblasts,0.23333333,0.2473424,0.2,0.20493767,0.43333334,0.41028884,0.13333334,0.13743103
2635,0.988477,False,Fibroblasts,Fibroblasts,0.1724138,0.17907542,0.1724138,0.16971041,0.37931034,0.35896775,0.27586207,0.2922465
3432,0.98847604,False,Luminal_Macrophages,Luminal_Macrophages,0.41379312,0.40938193,0.03448276,0.04117754,0.37931034,0.3606736,0.1724138,0.18876694
4791,0.98847497,False,Type 2 alveolar,Type 2 alveolar,0.26666668,0.26678115,0.3,0.2911735,0.16666667,0.15244313,0.26666668,0.28960222
2372,0.988467,False,Luminal_Macrophages,Luminal_Macrophages,0.6333333,0.62082803,0.2,0.21849763,0.1,0.0894392,0.06666667,0.07123508
3495,0.9884642,False,Dendritic cells,Dendritic cells,0.2413793,0.26445094,0.20689656,0.20197044,0.1724138,0.16774566,0.37931034,0.3658329
3041,0.98846334,False,Type 2 alveolar,Type 2 alveolar,0.2,0.21410078,0.43333334,0.41624177,0.13333334,0.12735161,0.23333333,0.24230579
3699,0.98846143,False,Dendritic cells,Dendritic cells,0.0,0.023077091,0.33333334,0.32410324,0.13333334,0.12035117,0.53333336,0.5324685
1819,0.98845947,False,Type 2 alveolar,Type 2 alveolar,0.29032257,0.30961272,0.38709676,0.3651475,0.22580644,0.22959737,0.09677419,0.09564235
2725,0.9884529,False,Luminal_Macrophages,Luminal_Macrophages,0.4827586,0.47560441,0.0,0.022594213,0.44827586,0.4323359,0.06896552,0.06946539
3103,0.9884497,False,Fibroblasts,Fibroblasts,0.29032257,0.3104052,0.06451613,0.055997476,0.3548387,0.34025678,0.29032257,0.29334056
3594,0.988448,False,Dendritic cells,Dendritic cells,0.16666667,0.17720161,0.16666667,0.16209546,0.26666668,0.27923575,0.4,0.38146725
1642,0.9884328,False,Fibroblasts,Fibroblasts,0.16666667,0.17918155,0.3,0.31061944,0.43333334,0.41774547,0.1,0.09245352
720,0.9884327,False,Type 2 alveolar,Type 2 alveolar,0.4,0.40984055,0.43333334,0.41019875,0.13333334,0.13635817,0.033333335,0.04360253
38,0.98843074,False,Luminal_Macrophages,Luminal_Macrophages,0.43333334,0.41629624,0.16666667,0.16056521,0.26666668,0.280272,0.13333334,0.14286655
4617,0.9884293,False,Fibroblasts,Fibroblasts,0.06666667,0.060549024,0.13333334,0.12701975,0.56666666,0.55595654,0.23333333,0.25647473
3939,0.98842055,False,Luminal_Macrophages,Luminal_Macrophages,0.36666667,0.351392,0.33333334,0.3254491,0.3,0.3039471,0.0,0.019211764
27,0.98842025,False,Dendritic cells,Dendritic cells,0.26666668,0.28484407,0.2,0.20498203,0.16666667,0.15903412,0.36666667,0.35113975
2429,0.98841923,False,Luminal_Macrophages,Luminal_Macrophages,0.4,0.37683845,0.26666668,0.28480384,0.3,0.3040569,0.033333335,0.034300786
9,0.9884132,False,Fibroblasts,Fibroblasts,0.2413793,0.25599197,0.03448276,0.03870165,0.55172414,0.5285506,0.1724138,0.17675576
3201,0.98841286,False,Luminal_Macrophages,Luminal_Macrophages,0.36666667,0.34986126,0.26666668,0.2808793,0.26666668,0.27562836,0.1,0.09363111
2582,0.9884127,False,Type 2 alveolar,Type 2 alveolar,0.12903225,0.12564474,0.48387095,0.47045997,0.12903225,0.122656174,0.2580645,0.28123918
1759,0.9884125,False,Luminal_Macrophages,Luminal_Macrophages,0.41935483,0.3997549,0.12903225,0.12545715,0.16129032,0.16149779,0.29032257,0.3132902
302,0.98840976,False,Fibroblasts,Fibroblasts,0.33333334,0.3437221,0.2,0.21028778,0.4,0.37681946,0.06666667,0.06917065
2602,0.9884065,False,Fibroblasts,Fibroblasts,0.3,0.32041153,0.1,0.09077611,0.53333336,0.51937026,0.06666667,0.06944214
1159,0.98840487,False,Luminal_Macrophages,Luminal_Macrophages,0.4516129,0.43302068,0.12903225,0.12990192,0.12903225,0.12443429,0.29032257,0.3126432
3416,0.98840326,False,Luminal_Macrophages,Luminal_Macrophages,0.4,0.39057708,0.1,0.08622945,0.23333333,0.24179433,0.26666668,0.2813992
2756,0.9883999,False,Type 2 alveolar,Type 2 alveolar,0.36666667,0.37234,0.53333336,0.51538336,0.0,0.017526781,0.1,0.094749905
2213,0.9883942,False,Fibroblasts,Fibroblasts,0.2,0.20975217,0.33333334,0.34679273,0.4,0.3826511,0.06666667,0.06080401
602,0.9883927,False,Dendritic cells,Dendritic cells,0.06666667,0.0699652,0.16666667,0.16523041,0.13333334,0.11155497,0.6333333,0.65324944
2094,0.98837847,False,Fibroblasts,Fibroblasts,0.2,0.20006502,0.033333335,0.034331225,0.5,0.4767569,0.26666668,0.28884688
3234,0.98837715,False,Dendritic cells,Dendritic cells,0.06896552,0.07222395,0.20689656,0.21488547,0.2413793,0.2533776,0.4827586,0.45951292
2404,0.9883695,False,Type 2 alveolar,Type 2 alveolar,0.1,0.107842624,0.4,0.38239673,0.2,0.19434229,0.3,0.3154183
3337,0.98836476,False,Dendritic cells,Dendritic cells,0.13333334,0.11402883,0.3,0.31398335,0.13333334,0.12936741,0.43333334,0.44262043
4475,0.98836434,False,Luminal_Macrophages,Luminal_Macrophages,0.43333334,0.41877428,0.23333333,0.24306878,0.26666668,0.28020254,0.06666667,0.05795447
3177,0.9883639,False,Type 2 alveolar,Type 2 alveolar,0.20689656,0.20864116,0.41379312,0.39240456,0.0,0.021527536,0.37931034,0.3774267
60,0.9883637,False,Fibroblasts,Fibroblasts,0.32258064,0.33840063,0.19354838,0.18820715,0.38709676,0.36916536,0.09677419,0.104226835
450,0.98836225,False,Luminal_Macrophages,Luminal_Macrophages,0.33333334,0.32514346,0.26666668,0.2646911,0.13333334,0.12022333,0.26666668,0.28994212
121,0.98835677,False,Fibroblasts,Fibroblasts,0.1724138,0.18916316,0.1724138,0.17717403,0.37931034,0.3560239,0.27586207,0.2776389
4165,0.9883512,False,Fibroblasts,Fibroblasts,0.13333334,0.12965648,0.26666668,0.27132127,0.6,0.5803793,0.0,0.018642977
2934,0.9883421,False,Fibroblasts,Fibroblasts,0.23333333,0.2365543,0.2,0.20631805,0.4,0.37668425,0.16666667,0.1804434
2594,0.9883416,False,Luminal_Macrophages,Luminal_Macrophages,0.43333334,0.42307183,0.4,0.39258963,0.16666667,0.1610218,0.0,0.02331671
3319,0.9883346,False,Type 2 alveolar,Dendritic cells,0.0,0.023330795,0.36666667,0.35047734,0.26666668,0.2661098,0.36666667,0.36008203
3823,0.9883319,False,Luminal_Macrophages,Luminal_Macrophages,0.4,0.37733895,0.3,0.3231868,0.13333334,0.13265814,0.16666667,0.16681607
4407,0.9883315,False,Type 2 alveolar,Type 2 alveolar,0.26666668,0.28404272,0.4,0.3785624,0.3,0.29810062,0.033333335,0.039294194
4598,0.98833025,False,Luminal_Macrophages,Luminal_Macrophages,0.5,0.47885025,0.033333335,0.037024148,0.3,0.2978103,0.16666667,0.18631531
3428,0.98832905,False,Dendritic cells,Dendritic cells,0.27586207,0.2885116,0.06896552,0.06681209,0.2413793,0.2520716,0.41379312,0.39260468
4811,0.9883282,False,Luminal_Macrophages,Luminal_Macrophages,0.73333335,0.70998985,0.033333335,0.03460186,0.0,0.01490205,0.23333333,0.2405063
3515,0.98832524,False,Dendritic cells,Dendritic cells,0.23333333,0.25151396,0.13333334,0.13369752,0.23333333,0.2381381,0.4,0.37665042
2301,0.98831344,False,Luminal_Macrophages,Luminal_Macrophages,0.6,0.58013105,0.23333333,0.2567065,0.06666667,0.06479645,0.1,0.09836604
1141,0.9883104,False,Fibroblasts,Fibroblasts,0.13333334,0.14047317,0.23333333,0.23131758,0.4,0.3786365,0.23333333,0.24957275
1805,0.9883103,False,Type 2 alveolar,Type 2 alveolar,0.06666667,0.07107265,0.46666667,0.4432872,0.2,0.20395604,0.26666668,0.2816842
4837,0.98830974,False,Dendritic cells,Dendritic cells,0.16666667,0.19004717,0.06666667,0.05393717,0.36666667,0.360227,0.4,0.3957887
4408,0.9883083,False,Luminal_Macrophages,Luminal_Macrophages,0.53333336,0.50995,0.033333335,0.03754423,0.23333333,0.24223542,0.2,0.2102704
3828,0.98830247,False,Type 2 alveolar,Type 2 alveolar,0.2413793,0.25844955,0.44827586,0.42585826,0.03448276,0.03350526,0.27586207,0.2821869
3463,0.98830056,False,Luminal_Macrophages,Luminal_Macrophages,0.38709676,0.37442183,0.22580644,0.23503488,0.09677419,0.08605024,0.29032257,0.30449298
4205,0.9882996,False,Type 2 alveolar,Type 2 alveolar,0.0,0.019669812,0.44827586,0.4520068,0.44827586,0.43470818,0.10344828,0.09361521
2679,0.9882944,False,Type 2 alveolar,Type 2 alveolar,0.26666668,0.27811977,0.4,0.37677953,0.3,0.29980937,0.033333335,0.045291383
3368,0.98828965,False,Luminal_Macrophages,Luminal_Macrophages,0.41935483,0.3959342,0.32258064,0.33491656,0.19354838,0.19639446,0.06451613,0.072754815
3669,0.98828596,False,Dendritic cells,Dendritic cells,0.10344828,0.114716545,0.27586207,0.28245872,0.2413793,0.24694255,0.37931034,0.35588223
190,0.9882857,False,Dendritic cells,Dendritic cells,0.2,0.22342855,0.13333334,0.12726022,0.16666667,0.15838955,0.5,0.49092165
1797,0.9882844,False,Dendritic cells,Dendritic cells,0.12903225,0.13853078,0.09677419,0.076041296,0.2580645,0.2719972,0.516129,0.5134307
3148,0.98828346,False,Type 2 alveolar,Type 2 alveolar,0.23333333,0.2524776,0.43333334,0.4105944,0.2,0.20428877,0.13333334,0.13263918
4303,0.9882827,False,Dendritic cells,Dendritic cells,0.26666668,0.28472885,0.16666667,0.15441565,0.23333333,0.23870584,0.33333334,0.32214966
1406,0.98828226,False,Luminal_Macrophages,Luminal_Macrophages,0.51724136,0.50868225,0.0,0.023435416,0.10344828,0.10306576,0.37931034,0.36481655
626,0.9882822,False,Fibroblasts,Fibroblasts,0.33333334,0.35121512,0.033333335,0.03817252,0.46666667,0.44323108,0.16666667,0.16738127
3156,0.988281,False,Luminal_Macrophages,Luminal_Macrophages,0.41379312,0.4026667,0.10344828,0.09113673,0.27586207,0.28161824,0.20689656,0.22457832
2884,0.98827434,False,Dendritic cells,Dendritic cells,0.1724138,0.18402576,0.13793103,0.13400196,0.27586207,0.28770143,0.41379312,0.39427087
156,0.9882712,False,Type 2 alveolar,Type 2 alveolar,0.3,0.3164628,0.5,0.48260066,0.1,0.09394168,0.1,0.106994875
3187,0.9882631,False,Type 2 alveolar,Type 2 alveolar,0.26666668,0.27994627,0.33333334,0.32314122,0.13333334,0.12005156,0.26666668,0.2768609
3470,0.9882592,False,Fibroblasts,Fibroblasts,0.13333334,0.13789418,0.23333333,0.23661399,0.36666667,0.3431851,0.26666668,0.28230673
4992,0.98825574,False,Dendritic cells,Dendritic cells,0.31034482,0.3338334,0.13793103,0.13325608,0.1724138,0.16907378,0.37931034,0.3638368
1758,0.9882552,False,Fibroblasts,Fibroblasts,0.22580644,0.24767888,0.16129032,0.15944332,0.41935483,0.3977122,0.19354838,0.19516554
2075,0.9882497,False,Dendritic cells,Dendritic cells,0.0,0.019938534,0.033333335,0.036895372,0.46666667,0.44857934,0.5,0.4945867
129,0.9882488,False,Dendritic cells,Dendritic cells,0.2,0.22350237,0.06666667,0.053766288,0.2,0.1928728,0.53333336,0.5298585
1910,0.98824865,False,Dendritic cells,Dendritic cells,0.033333335,0.040380016,0.26666668,0.28312272,0.33333334,0.32349896,0.36666667,0.35299832
3737,0.9882486,False,Fibroblasts,Fibroblasts,0.2,0.2047858,0.23333333,0.23461369,0.56666666,0.54316384,0.0,0.01743671
1157,0.98824346,False,Fibroblasts,Fibroblasts,0.23333333,0.24966387,0.16666667,0.16610742,0.36666667,0.34371293,0.23333333,0.24051583
2558,0.98824304,False,Dendritic cells,Dendritic cells,0.16666667,0.18183716,0.23333333,0.24167676,0.16666667,0.16148365,0.43333334,0.4150024
572,0.9882414,False,Luminal_Macrophages,Luminal_Macrophages,0.36666667,0.35581744,0.16666667,0.17891863,0.13333334,0.12066528,0.33333334,0.34459865
233,0.98823327,False,Dendritic cells,Dendritic cells,0.3,0.32121432,0.26666668,0.26898578,0.06666667,0.056594875,0.36666667,0.35320503
1484,0.9882322,False,Type 2 alveolar,Type 2 alveolar,0.1,0.111605175,0.36666667,0.3431311,0.26666668,0.27392247,0.26666668,0.2713413
3461,0.98823184,False,Luminal_Macrophages,Luminal_Macrophages,0.46666667,0.45589066,0.13333334,0.12057301,0.26666668,0.28049353,0.13333334,0.14304283
791,0.9882318,False,Dendritic cells,Dendritic cells,0.033333335,0.045381695,0.3,0.30542386,0.23333333,0.23939751,0.43333334,0.40979692
673,0.98822474,False,Dendritic cells,Dendritic cells,0.36666667,0.3794831,0.06666667,0.07740078,0.13333334,0.13140701,0.43333334,0.41170907
3172,0.98822075,False,Type 2 alveolar,Type 2 alveolar,0.33333334,0.34750396,0.4,0.38003048,0.2,0.20938784,0.06666667,0.063077725
2634,0.98821795,False,Fibroblasts,Fibroblasts,0.1,0.09850686,0.16666667,0.17274249,0.43333334,0.4112624,0.3,0.31748822
4963,0.98821324,False,Fibroblasts,Fibroblasts,0.2,0.20468709,0.06666667,0.061696146,0.43333334,0.4147303,0.3,0.31888643
3769,0.98820615,False,Type 2 alveolar,Type 2 alveolar,0.06666667,0.056307144,0.8,0.8231456,0.1,0.086771816,0.033333335,0.0337754
4730,0.9882041,False,Type 2 alveolar,Type 2 alveolar,0.3,0.32095638,0.43333334,0.41893706,0.06666667,0.05747116,0.2,0.20263539
3162,0.98820335,False,Fibroblasts,Luminal_Macrophages,0.3,0.32359338,0.1,0.09084661,0.33333334,0.31945246,0.26666668,0.2661076
2945,0.9882014,False,Fibroblasts,Fibroblasts,0.33333334,0.33891654,0.2,0.21343297,0.43333334,0.4097361,0.033333335,0.037914358
1341,0.9881988,False,Luminal_Macrophages,Luminal_Macrophages,0.6333333,0.6097309,0.26666668,0.2717625,0.0,0.015003283,0.1,0.10350333
3376,0.9881976,False,Fibroblasts,Fibroblasts,0.3,0.32155874,0.13333334,0.13537937,0.5,0.49037662,0.06666667,0.052685294
1751,0.98818904,False,Fibroblasts,Fibroblasts,0.33333334,0.34983853,0.033333335,0.038088616,0.46666667,0.44304478,0.16666667,0.16902813
3730,0.98817945,False,Dendritic cells,Dendritic cells,0.46666667,0.45254108,0.0,0.023641152,0.033333335,0.03327777,0.5,0.49054
1631,0.9881771,False,Luminal_Macrophages,Luminal_Macrophages,0.46666667,0.4467332,0.1,0.10670156,0.0,0.01694423,0.43333334,0.42962098
3179,0.98817706,False,Type 2 alveolar,Type 2 alveolar,0.0,0.022771517,0.5,0.48862875,0.13333334,0.12105868,0.36666667,0.36754107
2790,0.98817295,False,Dendritic cells,Dendritic cells,0.0,0.023654092,0.06666667,0.06054953,0.4,0.38325486,0.53333336,0.5325415
2073,0.9881649,False,Fibroblasts,Fibroblasts,0.0,0.021759326,0.03448276,0.036393605,0.6551724,0.63363653,0.31034482,0.30821046
2510,0.9881642,False,Fibroblasts,Fibroblasts,0.23333333,0.25506538,0.13333334,0.12344145,0.33333334,0.3195536,0.3,0.30193955
4662,0.9881626,False,Fibroblasts,Fibroblasts,0.3,0.32270205,0.2,0.19790949,0.4,0.3784157,0.1,0.10097275
2420,0.9881599,False,Dendritic cells,Dendritic cells,0.29032257,0.30992505,0.2580645,0.2621423,0.09677419,0.092091985,0.3548387,0.33584064
428,0.9881582,False,Type 2 alveolar,Type 2 alveolar,0.20689656,0.21649687,0.37931034,0.3556268,0.13793103,0.13845466,0.27586207,0.28942168
3962,0.98815656,False,Dendritic cells,Dendritic cells,0.3,0.2955017,0.26666668,0.2679839,0.0,0.022369573,0.43333334,0.41414478
2890,0.98814964,False,Luminal_Macrophages,Luminal_Macrophages,0.41379312,0.39009237,0.31034482,0.31134412,0.03448276,0.03610666,0.2413793,0.26245686
4181,0.9881487,False,Dendritic cells,Dendritic cells,0.19354838,0.21725093,0.16129032,0.15574509,0.09677419,0.08671549,0.5483871,0.54028845
1637,0.988148,False,Dendritic cells,Dendritic cells,0.20689656,0.21826573,0.27586207,0.288197,0.13793103,0.13094223,0.37931034,0.36259508
3216,0.9881465,False,Luminal_Macrophages,Luminal_Macrophages,0.4,0.3815899,0.13333334,0.12803636,0.2,0.20650199,0.26666668,0.28387168
130,0.98814446,False,Dendritic cells,Dendritic cells,0.23333333,0.25704435,0.2,0.1874463,0.26666668,0.26661226,0.3,0.28889707
1409,0.9881429,False,Type 2 alveolar,Type 2 alveolar,0.41935483,0.41251162,0.4516129,0.44240046,0.12903225,0.12137377,0.0,0.023714205
3281,0.9881406,False,Luminal_Macrophages,Luminal_Macrophages,0.37931034,0.3661834,0.27586207,0.27734038,0.3448276,0.33423567,0.0,0.022240572
1974,0.98814005,False,Fibroblasts,Fibroblasts,0.3,0.32371995,0.13333334,0.12945387,0.36666667,0.35015804,0.2,0.19666818
4971,0.98813784,False,Dendritic cells,Dendritic cells,0.29032257,0.28960687,0.22580644,0.24953078,0.16129032,0.15343672,0.32258064,0.30742565
2898,0.9881343,False,Fibroblasts,Fibroblasts,0.23333333,0.2513793,0.06666667,0.06510911,0.4,0.3778262,0.3,0.30568534
2325,0.98813,False,Fibroblasts,Fibroblasts,0.10344828,0.11912072,0.20689656,0.19329076,0.37931034,0.36917612,0.31034482,0.31841242
3709,0.98812765,False,Fibroblasts,Fibroblasts,0.13333334,0.14458436,0.2,0.2037868,0.36666667,0.342922,0.3,0.30870682
4932,0.98812413,False,Type 2 alveolar,Type 2 alveolar,0.2,0.21181789,0.4,0.37927395,0.1,0.096974306,0.3,0.31193382
941,0.98811954,False,Type 2 alveolar,Type 2 alveolar,0.16666667,0.18167734,0.46666667,0.4429057,0.13333334,0.13374725,0.23333333,0.2416697
3626,0.9881148,False,Fibroblasts,Fibroblasts,0.26666668,0.29043716,0.033333335,0.030106919,0.56666666,0.5548738,0.13333334,0.12458211
4527,0.9881121,False,Luminal_Macrophages,Luminal_Macrophages,0.4,0.37622422,0.3,0.31404713,0.23333333,0.24046472,0.06666667,0.069263935
2513,0.9881066,False,Type 2 alveolar,Type 2 alveolar,0.16666667,0.18180193,0.46666667,0.4529641,0.16666667,0.1753182,0.2,0.18991578
3663,0.9881052,False,Dendritic cells,Dendritic cells,0.3,0.322889,0.06666667,0.055963986,0.033333335,0.034234013,0.6,0.586913
3360,0.9880985,False,Luminal_Macrophages,Luminal_Macrophages,0.43333334,0.41659307,0.26666668,0.2841182,0.1,0.09293724,0.2,0.20635155
1223,0.9880975,False,Luminal_Macrophages,Luminal_Macrophages,0.4,0.37619498,0.13333334,0.14331412,0.26666668,0.2718797,0.2,0.20861119
275,0.9880952,False,Luminal_Macrophages,Luminal_Macrophages,0.4,0.38078266,0.26666668,0.27899176,0.13333334,0.12874109,0.2,0.2114845
2337,0.9880924,False,Type 2 alveolar,Type 2 alveolar,0.1724138,0.18980296,0.44827586,0.43086195,0.13793103,0.13152972,0.2413793,0.24780533
266,0.9880899,False,Dendritic cells,Dendritic cells,0.2,0.2115232,0.2,0.20650685,0.2,0.20579015,0.4,0.3761798
1648,0.9880897,False,Fibroblasts,Fibroblasts,0.06896552,0.06990802,0.2413793,0.2480821,0.41379312,0.3899725,0.27586207,0.29203737
3892,0.98808944,False,Fibroblasts,Fibroblasts,0.23333333,0.23693106,0.3,0.3124821,0.43333334,0.40951213,0.033333335,0.041074682
2105,0.9880803,False,Fibroblasts,Fibroblasts,0.033333335,0.030514134,0.06666667,0.056174107,0.76666665,0.79050595,0.13333334,0.122805744
109,0.98807687,False,Luminal_Macrophages,Luminal_Macrophages,0.41379312,0.39439875,0.31034482,0.32062617,0.10344828,0.098996334,0.1724138,0.18597877
4815,0.988076,False,Dendritic cells,Dendritic cells,0.26666668,0.27818462,0.033333335,0.039297406,0.26666668,0.2730327,0.43333334,0.40948528
3085,0.9880733,False,Type 2 alveolar,Type 2 alveolar,0.3,0.323693,0.46666667,0.4451723,0.16666667,0.1668271,0.06666667,0.06430762
899,0.9880648,False,Fibroblasts,Fibroblasts,0.12903225,0.1350043,0.09677419,0.08617155,0.4516129,0.43834522,0.32258064,0.3404789
4061,0.9880606,False,Type 2 alveolar,Type 2 alveolar,0.3,0.30560082,0.46666667,0.44278792,0.16666667,0.17103828,0.06666667,0.08057303
4405,0.9880604,False,Dendritic cells,Dendritic cells,0.3,0.32387924,0.06666667,0.061145872,0.16666667,0.1633861,0.46666667,0.4515888
1682,0.9880593,False,Type 2 alveolar,Type 2 alveolar,0.23333333,0.2535608,0.36666667,0.3486393,0.13333334,0.12747926,0.26666668,0.27032068
1138,0.98804915,False,Type 2 alveolar,Type 2 alveolar,0.31034482,0.325903,0.41379312,0.39436558,0.06896552,0.06449136,0.20689656,0.21524008
2916,0.9880485,False,Dendritic cells,Dendritic cells,0.31034482,0.33026713,0.03448276,0.038463492,0.1724138,0.1640811,0.4827586,0.46718836
175,0.98804677,False,Fibroblasts,Fibroblasts,0.23333333,0.25723976,0.033333335,0.032452505,0.4,0.37919897,0.33333334,0.3311088
406,0.98804647,False,Fibroblasts,Luminal_Macrophages,0.3548387,0.37874576,0.06451613,0.061363015,0.38709676,0.3741514,0.19354838,0.18573985
2669,0.988044,False,Dendritic cells,Dendritic cells,0.22580644,0.24971847,0.16129032,0.1606757,0.12903225,0.11822413,0.48387095,0.4713817
4030,0.9880393,False,Fibroblasts,Fibroblasts,0.32258064,0.33411166,0.06451613,0.05752074,0.3548387,0.3379128,0.2580645,0.27045482
2750,0.98803824,False,Luminal_Macrophages,Luminal_Macrophages,0.4,0.40652207,0.033333335,0.050734814,0.36666667,0.35389614,0.2,0.18884699
4968,0.9880325,False,Dendritic cells,Dendritic cells,0.23333333,0.24939568,0.3,0.30787262,0.033333335,0.029643008,0.43333334,0.41308874
2076,0.9880272,False,Fibroblasts,Fibroblasts,0.033333335,0.03256977,0.26666668,0.28856957,0.5,0.47681803,0.2,0.20204261
3235,0.9880269,False,Dendritic cells,Dendritic cells,0.23333333,0.25727952,0.23333333,0.23276147,0.16666667,0.15999462,0.36666667,0.3499644
2609,0.98802656,False,Type 2 alveolar,Type 2 alveolar,0.2580645,0.28201136,0.3548387,0.34212467,0.19354838,0.19132203,0.19354838,0.1845419
3113,0.98802525,False,Fibroblasts,Fibroblasts,0.26666668,0.28818893,0.26666668,0.26909387,0.33333334,0.31662014,0.13333334,0.12609705
2098,0.9880249,False,Type 2 alveolar,Type 2 alveolar,0.0,0.017311854,0.7241379,0.7307763,0.06896552,0.048862778,0.20689656,0.20304914
2797,0.98802227,False,Dendritic cells,Dendritic cells,0.3,0.28891325,0.0,0.023524906,0.23333333,0.23376392,0.46666667,0.45379794
1872,0.9880119,False,Type 2 alveolar,Type 2 alveolar,0.033333335,0.045038983,0.6,0.5892007,0.26666668,0.27893725,0.1,0.08682309
969,0.9880045,False,Type 2 alveolar,Type 2 alveolar,0.0,0.023990924,0.46666667,0.4611576,0.36666667,0.35264456,0.16666667,0.16220684
1173,0.98800105,False,Fibroblasts,Fibroblasts,0.06666667,0.056442525,0.1,0.08622626,0.46666667,0.46956232,0.36666667,0.3877689
4116,0.988001,False,Type 2 alveolar,Type 2 alveolar,0.0,0.022426711,0.43333334,0.4349046,0.43333334,0.41134486,0.13333334,0.13132378
2300,0.98799866,False,Fibroblasts,Fibroblasts,0.3,0.31199107,0.2,0.2076057,0.4,0.3759973,0.1,0.10440596
3451,0.987998,False,Fibroblasts,Fibroblasts,0.23333333,0.25420657,0.2,0.19685441,0.36666667,0.34580836,0.2,0.20313074
3238,0.98799735,False,Type 2 alveolar,Type 2 alveolar,0.06666667,0.054459646,0.7,0.7197486,0.06666667,0.05486836,0.16666667,0.17092338
2937,0.9879965,False,Luminal_Macrophages,Luminal_Macrophages,0.32258064,0.3259719,0.32258064,0.3106801,0.09677419,0.08466783,0.2580645,0.2786802
167,0.9879935,False,Fibroblasts,Fibroblasts,0.26666668,0.2681809,0.3,0.31705502,0.4,0.375987,0.033333335,0.038777135
2450,0.987993,False,Fibroblasts,Fibroblasts,0.0,0.024013909,0.3,0.29971966,0.4,0.3779915,0.3,0.29827487
1976,0.98799163,False,Dendritic cells,Dendritic cells,0.22580644,0.23313932,0.12903225,0.12918866,0.2580645,0.27459195,0.38709676,0.3630801
2442,0.9879845,False,Fibroblasts,Fibroblasts,0.26666668,0.29069766,0.3,0.2969882,0.33333334,0.31581807,0.1,0.096496105
933,0.98797494,False,Fibroblasts,Fibroblasts,0.26666668,0.29071677,0.16666667,0.16478808,0.5,0.48368496,0.06666667,0.060810193
2657,0.987972,False,Luminal_Macrophages,Luminal_Macrophages,0.44827586,0.43879017,0.0,0.020433271,0.3448276,0.33025736,0.20689656,0.21051921
1927,0.98797053,False,Luminal_Macrophages,Luminal_Macrophages,0.46666667,0.47802314,0.1,0.087399654,0.26666668,0.27936918,0.16666667,0.155208
3877,0.9879623,False,Dendritic cells,Dendritic cells,0.26666668,0.29074207,0.2,0.19821738,0.13333334,0.12485874,0.4,0.38618183
2362,0.9879598,False,Type 2 alveolar,Type 2 alveolar,0.13333334,0.1420902,0.56666666,0.5530228,0.06666667,0.05623015,0.23333333,0.24865685
4110,0.98795754,False,Type 2 alveolar,Type 2 alveolar,0.3,0.29272977,0.56666666,0.55295825,0.13333334,0.13022712,0.0,0.024084907
2238,0.9879548,False,Type 2 alveolar,Type 2 alveolar,0.1,0.11110401,0.6333333,0.6171354,0.06666667,0.05877422,0.2,0.21298635
3997,0.9879503,False,Fibroblasts,Fibroblasts,0.19354838,0.20199852,0.29032257,0.29947293,0.48387095,0.45977163,0.032258064,0.038756933
3520,0.9879456,False,Type 2 alveolar,Type 2 alveolar,0.31034482,0.3344536,0.44827586,0.4298232,0.13793103,0.13638522,0.10344828,0.099338
3343,0.98794544,False,Dendritic cells,Dendritic cells,0.26666668,0.28914258,0.06666667,0.06278141,0.3,0.30163327,0.36666667,0.3464428
4613,0.9879454,False,Fibroblasts,Fibroblasts,0.26666668,0.27793697,0.033333335,0.038848024,0.4,0.3758908,0.3,0.3073242
1522,0.98794043,False,Dendritic cells,Dendritic cells,0.0,0.02411906,0.33333334,0.3278473,0.3,0.29412153,0.36666667,0.3539121
3478,0.98794,False,Type 2 alveolar,Type 2 alveolar,0.2413793,0.255395,0.44827586,0.42415583,0.20689656,0.21371591,0.10344828,0.106733195
2585,0.98793364,False,Dendritic cells,Dendritic cells,0.27586207,0.27528843,0.0,0.020935075,0.2413793,0.24457699,0.4827586,0.45919946
4336,0.9879326,False,Dendritic cells,Dendritic cells,0.13333334,0.15746811,0.23333333,0.23073803,0.3,0.29651,0.33333334,0.31528383
3905,0.9879317,False,Fibroblasts,Fibroblasts,0.06666667,0.063466564,0.4,0.37906355,0.53333336,0.5396217,0.0,0.017848153
1859,0.9879274,False,Fibroblasts,Fibroblasts,0.23333333,0.25676757,0.13333334,0.12385266,0.33333334,0.31866875,0.3,0.30071107
4859,0.98792356,False,Fibroblasts,Fibroblasts,0.26666668,0.28840914,0.1,0.08260196,0.6,0.6024104,0.033333335,0.026578514
573,0.98791677,False,Fibroblasts,Fibroblasts,0.19354838,0.20978314,0.09677419,0.09280617,0.38709676,0.3668983,0.32258064,0.3305124
2014,0.9879167,False,Luminal_Macrophages,Luminal_Macrophages,0.6333333,0.61461174,0.0,0.024166556,0.26666668,0.26528203,0.1,0.0959397
3557,0.98791575,False,Type 2 alveolar,Type 2 alveolar,0.1,0.11657395,0.5,0.47583148,0.2,0.20385242,0.2,0.20374216
4410,0.9879133,False,Fibroblasts,Fibroblasts,0.16129032,0.1571291,0.29032257,0.30677927,0.41935483,0.39934275,0.12903225,0.13674894
2346,0.987911,False,Dendritic cells,Dendritic cells,0.03448276,0.042655684,0.27586207,0.2873994,0.2413793,0.24584709,0.44827586,0.42409778
4896,0.98789465,False,Dendritic cells,Dendritic cells,0.31034482,0.33455557,0.13793103,0.12699217,0.13793103,0.13316955,0.41379312,0.4052828
1259,0.987892,False,Fibroblasts,Fibroblasts,0.2,0.21568136,0.13333334,0.13573238,0.4,0.37578392,0.26666668,0.27280232
1629,0.98789096,False,Dendritic cells,Dendritic cells,0.26666668,0.289229,0.16666667,0.16397804,0.23333333,0.23498912,0.33333334,0.31180385
3101,0.98788965,False,Dendritic cells,Dendritic cells,0.0,0.02422076,0.41379312,0.39902487,0.13793103,0.13693872,0.44827586,0.43981567
591,0.9878887,False,Luminal_Macrophages,Luminal_Macrophages,0.53333336,0.53979146,0.13333334,0.12103877,0.26666668,0.28443113,0.06666667,0.054738633
3004,0.98788726,False,Fibroblasts,Fibroblasts,0.20689656,0.21894582,0.2413793,0.25355557,0.4827586,0.46391502,0.06896552,0.063583605
2235,0.9878823,False,Dendritic cells,Dendritic cells,0.033333335,0.04612257,0.06666667,0.04702695,0.26666668,0.26207095,0.6333333,0.64477944
2002,0.98788136,False,Dendritic cells,Luminal_Macrophages,0.33333334,0.34840938,0.033333335,0.03682492,0.26666668,0.2723363,0.36666667,0.3424294
1335,0.98788077,False,Type 2 alveolar,Type 2 alveolar,0.3,0.304154,0.4,0.3757615,0.26666668,0.27887103,0.033333335,0.041213416
444,0.9878763,False,Luminal_Macrophages,Luminal_Macrophages,0.46666667,0.4585399,0.1,0.08387936,0.3,0.3127879,0.13333334,0.14479282
2578,0.98787224,False,Type 2 alveolar,Type 2 alveolar,0.23333333,0.25758886,0.36666667,0.35620707,0.033333335,0.033108443,0.36666667,0.3530956
2848,0.98786855,False,Luminal_Macrophages,Luminal_Macrophages,0.41935483,0.40155733,0.22580644,0.23006086,0.06451613,0.058050703,0.29032257,0.31033114
1426,0.9878679,False,Dendritic cells,Dendritic cells,0.26666668,0.28301117,0.1,0.09225606,0.26666668,0.27458638,0.36666667,0.35014638
1143,0.9878672,False,Fibroblasts,Fibroblasts,0.06666667,0.06690025,0.0,0.024032071,0.53333336,0.51728326,0.4,0.3917844
3311,0.9878671,False,Dendritic cells,Dendritic cells,0.23333333,0.2575991,0.06666667,0.0571348,0.33333334,0.32423764,0.36666667,0.36102846
4476,0.9878661,False,Type 2 alveolar,Type 2 alveolar,0.0,0.020964863,0.6333333,0.6137518,0.16666667,0.1619804,0.2,0.20330289
4579,0.98786366,False,Dendritic cells,Dendritic cells,0.0,0.024272736,0.13793103,0.13200316,0.2413793,0.23702271,0.62068963,0.60670143
1393,0.98786277,False,Type 2 alveolar,Type 2 alveolar,0.20689656,0.21449779,0.62068963,0.5983635,0.1724138,0.17046551,0.0,0.01667325
4974,0.98786044,False,Fibroblasts,Fibroblasts,0.23333333,0.24746095,0.26666668,0.2768182,0.43333334,0.41779727,0.06666667,0.05792357
615,0.9878595,False,Type 2 alveolar,Type 2 alveolar,0.1,0.10798653,0.5,0.48755386,0.26666668,0.28296113,0.13333334,0.121498436
4038,0.9878582,False,Dendritic cells,Dendritic cells,0.26666668,0.28763196,0.23333333,0.23139825,0.033333335,0.036651615,0.46666667,0.44431812
606,0.98785263,False,Dendritic cells,Dendritic cells,0.09677419,0.09748989,0.06451613,0.05167436,0.16129032,0.14983734,0.67741936,0.70099837
4355,0.9878401,False,Fibroblasts,Luminal_Macrophages,0.4,0.42431974,0.1,0.0952176,0.43333334,0.42403847,0.06666667,0.056424234
1945,0.98784006,False,Luminal_Macrophages,Luminal_Macrophages,0.41379312,0.39422727,0.37931034,0.37455627,0.20689656,0.2073325,0.0,0.023883946
85,0.98784,False,Dendritic cells,Dendritic cells,0.22580644,0.24763505,0.06451613,0.05448134,0.32258064,0.32507205,0.38709676,0.3728116
3815,0.98783565,False,Dendritic cells,Dendritic cells,0.2,0.22335061,0.13333334,0.12484075,0.033333335,0.03431147,0.6333333,0.6174972
2369,0.98783344,False,Dendritic cells,Dendritic cells,0.032258064,0.03220988,0.09677419,0.08992351,0.19354838,0.17611413,0.67741936,0.7017524
3043,0.9878312,False,Type 2 alveolar,Type 2 alveolar,0.1724138,0.18547565,0.44827586,0.4239382,0.03448276,0.035938133,0.3448276,0.35464796
2169,0.98783016,False,Fibroblasts,Fibroblasts,0.2,0.19252563,0.26666668,0.27182153,0.53333336,0.51646805,0.0,0.019184815
1101,0.98782647,False,Type 2 alveolar,Type 2 alveolar,0.26666668,0.29101375,0.53333336,0.52375746,0.1,0.096335664,0.1,0.08889317
94,0.98781973,False,Luminal_Macrophages,Luminal_Macrophages,0.516129,0.50143456,0.16129032,0.15162428,0.32258064,0.32480407,0.0,0.022137139
855,0.9878144,False,Type 2 alveolar,Type 2 alveolar,0.26666668,0.2706691,0.4,0.3791784,0.0,0.020368673,0.33333334,0.3297838
589,0.98781425,False,Fibroblasts,Fibroblasts,0.26666668,0.29042813,0.1,0.09558138,0.43333334,0.4133805,0.2,0.20061
1339,0.98781115,False,Dendritic cells,Dendritic cells,0.4,0.40640494,0.06666667,0.059627935,0.0,0.01797278,0.53333336,0.5159943
2183,0.9878051,False,Dendritic cells,Dendritic cells,0.23333333,0.25772306,0.2,0.19988592,0.2,0.19689521,0.36666667,0.34549582
1857,0.9877994,False,Type 2 alveolar,Type 2 alveolar,0.3,0.30234113,0.36666667,0.34226543,0.0,0.02087936,0.33333334,0.3345141
3657,0.9877976,False,Type 2 alveolar,Type 2 alveolar,0.2,0.20521626,0.43333334,0.40892857,0.2,0.20900741,0.16666667,0.17684773
3173,0.987791,False,Fibroblasts,Fibroblasts,0.22580644,0.24387074,0.2580645,0.2644182,0.32258064,0.30378383,0.19354838,0.18792725
3120,0.9877906,False,Fibroblasts,Fibroblasts,0.0,0.01849713,0.26666668,0.2701152,0.43333334,0.4089145,0.3,0.30247316
145,0.9877831,False,Fibroblasts,Dendritic cells,0.23333333,0.25477552,0.033333335,0.036324963,0.36666667,0.35177872,0.36666667,0.3571208
3816,0.9877827,False,Luminal_Macrophages,Luminal_Macrophages,0.4,0.39094338,0.13333334,0.12214104,0.2,0.19581439,0.26666668,0.2911012
491,0.98778254,False,Luminal_Macrophages,Luminal_Macrophages,0.5,0.49408704,0.0,0.024434958,0.4,0.38428685,0.1,0.09719123
742,0.9877805,False,Fibroblasts,Fibroblasts,0.22580644,0.22979428,0.032258064,0.036205526,0.41935483,0.39491588,0.32258064,0.33908436
1376,0.9877795,False,Type 2 alveolar,Type 2 alveolar,0.3,0.31199002,0.33333334,0.32241508,0.1,0.086477205,0.26666668,0.27911767
2423,0.9877713,False,Luminal_Macrophages,Luminal_Macrophages,0.67741936,0.65661025,0.2580645,0.2726734,0.032258064,0.028609805,0.032258064,0.042106643
3989,0.9877655,False,Dendritic cells,Dendritic cells,0.0,0.024469024,0.3,0.2994816,0.33333334,0.32135254,0.36666667,0.3546968
4525,0.9877618,False,Fibroblasts,Fibroblasts,0.23333333,0.24936558,0.16666667,0.16793403,0.4,0.37552366,0.2,0.20717676
796,0.9877615,False,Fibroblasts,Fibroblasts,0.2580645,0.27584636,0.12903225,0.11855441,0.32258064,0.30858156,0.29032257,0.2970177
4083,0.9877568,False,Type 2 alveolar,Type 2 alveolar,0.2,0.21308142,0.36666667,0.34539214,0.2,0.19678806,0.23333333,0.24473839
4577,0.9877565,False,Dendritic cells,Dendritic cells,0.09677419,0.07322301,0.09677419,0.10117117,0.19354838,0.19261254,0.61290324,0.63299316
3514,0.9877515,False,Type 2 alveolar,Type 2 alveolar,0.06666667,0.067764364,0.53333336,0.51459956,0.13333334,0.1275701,0.26666668,0.29006603
2405,0.9877511,False,Fibroblasts,Fibroblasts,0.2,0.21776974,0.26666668,0.27245894,0.36666667,0.34216887,0.16666667,0.16760248
838,0.987749,False,Type 2 alveolar,Type 2 alveolar,0.23333333,0.25437826,0.36666667,0.34543508,0.26666668,0.2701238,0.13333334,0.13006283
3551,0.9877461,False,Luminal_Macrophages,Luminal_Macrophages,0.43333334,0.4312153,0.0,0.022088246,0.43333334,0.41094357,0.13333334,0.13575287
632,0.9877439,False,Fibroblasts,Fibroblasts,0.033333335,0.04223052,0.13333334,0.1287468,0.76666665,0.78228164,0.06666667,0.04674098
4913,0.9877428,False,Type 2 alveolar,Type 2 alveolar,0.27586207,0.28660607,0.6551724,0.6423594,0.0,0.013770412,0.06896552,0.057264138
1298,0.98774254,False,Luminal_Macrophages,Luminal_Macrophages,0.41935483,0.40008402,0.29032257,0.30670536,0.16129032,0.15604617,0.12903225,0.13716446
4400,0.98774135,False,Type 2 alveolar,Type 2 alveolar,0.23333333,0.25785056,0.33333334,0.3293728,0.33333334,0.32232672,0.1,0.09044992
3261,0.98773783,False,Dendritic cells,Dendritic cells,0.13333334,0.14462098,0.1,0.08587294,0.3,0.3132367,0.46666667,0.45626932
4180,0.9877339,False,Fibroblasts,Fibroblasts,0.16666667,0.17360605,0.06666667,0.059481937,0.46666667,0.4493192,0.3,0.31759283
3707,0.9877312,False,Fibroblasts,Fibroblasts,0.23333333,0.23813377,0.033333335,0.03214715,0.46666667,0.44331524,0.26666668,0.28640378
3335,0.987723,False,Fibroblasts,Luminal_Macrophages,0.3,0.32455406,0.16666667,0.15875854,0.33333334,0.32382768,0.2,0.19285972
392,0.98771924,False,Type 2 alveolar,Type 2 alveolar,0.033333335,0.03236413,0.7,0.7245615,0.13333334,0.124929234,0.13333334,0.11814515
3625,0.98771816,False,Dendritic cells,Dendritic cells,0.10344828,0.109049216,0.10344828,0.094385125,0.27586207,0.2948248,0.51724136,0.5017409
2419,0.9877156,False,Luminal_Macrophages,Luminal_Macrophages,0.36666667,0.3563768,0.16666667,0.15583128,0.2,0.19655654,0.26666668,0.29123542
2974,0.98771524,False,Luminal_Macrophages,Luminal_Macrophages,0.5,0.488603,0.16666667,0.1534941,0.23333333,0.24932103,0.1,0.10858183
4012,0.9877142,False,Fibroblasts,Fibroblasts,0.2580645,0.27221793,0.32258064,0.32592762,0.38709676,0.36252514,0.032258064,0.039329395
3951,0.9877114,False,Fibroblasts,Fibroblasts,0.23333333,0.25160503,0.033333335,0.035437636,0.53333336,0.5087562,0.2,0.20420113
2360,0.9877048,False,Type 2 alveolar,Type 2 alveolar,0.26666668,0.29125705,0.33333334,0.32754928,0.33333334,0.3162818,0.06666667,0.06491182
2383,0.9877015,False,Luminal_Macrophages,Luminal_Macrophages,0.37931034,0.3638364,0.31034482,0.31781912,0.10344828,0.094325125,0.20689656,0.22401929
4985,0.98769933,False,Dendritic cells,Dendritic cells,0.0,0.024181368,0.33333334,0.3228688,0.1,0.08586325,0.56666666,0.56708664
4366,0.9876906,False,Luminal_Macrophages,Luminal_Macrophages,0.4827586,0.4725035,0.13793103,0.12356744,0.2413793,0.25752515,0.13793103,0.14640397
3566,0.9876904,False,Type 2 alveolar,Type 2 alveolar,0.23333333,0.23723799,0.36666667,0.3501642,0.13333334,0.12521659,0.26666668,0.28738114
4354,0.9876885,False,Fibroblasts,Fibroblasts,0.26666668,0.2857914,0.1,0.09150885,0.46666667,0.4505348,0.16666667,0.17216504
2187,0.98768413,False,Luminal_Macrophages,Luminal_Macrophages,0.53333336,0.5087016,0.1,0.1036169,0.33333334,0.34264025,0.033333335,0.045041244
4776,0.9876784,False,Type 2 alveolar,Type 2 alveolar,0.1,0.11093651,0.33333334,0.31510797,0.3,0.2935821,0.26666668,0.28037336
83,0.98767656,False,Dendritic cells,Dendritic cells,0.23333333,0.24017109,0.3,0.28753823,0.0,0.017809173,0.46666667,0.45448157
411,0.9876713,False,Fibroblasts,Fibroblasts,0.41379312,0.4384505,0.06896552,0.059437223,0.44827586,0.44198036,0.06896552,0.06013191
4222,0.987669,False,Type 2 alveolar,Type 2 alveolar,0.20689656,0.22320679,0.4827586,0.45809653,0.1724138,0.17812368,0.13793103,0.14057298
2157,0.98766744,False,Dendritic cells,Dendritic cells,0.20689656,0.21015513,0.0,0.021406582,0.27586207,0.27585632,0.51724136,0.49258196
1488,0.98766243,False,Type 2 alveolar,Type 2 alveolar,0.33333334,0.34651333,0.53333336,0.50865823,0.033333335,0.038583167,0.1,0.10624533
4875,0.9876545,False,Dendritic cells,Dendritic cells,0.0,0.024690941,0.36666667,0.35579807,0.13333334,0.1307951,0.5,0.4887159
2724,0.9876523,False,Fibroblasts,Fibroblasts,0.06666667,0.062850386,0.16666667,0.17075022,0.53333336,0.5124542,0.23333333,0.25394517
4851,0.9876517,False,Type 2 alveolar,Type 2 alveolar,0.33333334,0.3387079,0.43333334,0.40863675,0.2,0.20476413,0.033333335,0.04789123
544,0.9876492,False,Dendritic cells,Dendritic cells,0.3,0.32470155,0.16666667,0.15538351,0.16666667,0.16118982,0.36666667,0.35872507
4680,0.9876452,False,Fibroblasts,Fibroblasts,0.23333333,0.25073045,0.13333334,0.124393426,0.33333334,0.31756365,0.3,0.3073125
2918,0.9876452,False,Luminal_Macrophages,Luminal_Macrophages,0.4827586,0.45804903,0.1724138,0.17326498,0.20689656,0.21127614,0.13793103,0.15740985
617,0.98763937,False,Fibroblasts,Fibroblasts,0.3,0.32472128,0.06666667,0.059590407,0.56666666,0.56050605,0.06666667,0.05518228
4606,0.9876349,False,Luminal_Macrophages,Luminal_Macrophages,0.4,0.37879226,0.23333333,0.25279438,0.3,0.30526912,0.06666667,0.063144244
4935,0.98763376,False,Luminal_Macrophages,Luminal_Macrophages,0.53333336,0.50860083,0.033333335,0.04230183,0.23333333,0.24706712,0.2,0.20203018
456,0.9876324,False,Luminal_Macrophages,Luminal_Macrophages,0.5,0.4962129,0.0,0.024735114,0.36666667,0.346399,0.13333334,0.13265288
4828,0.98763156,False,Fibroblasts,Fibroblasts,0.26666668,0.28620765,0.06666667,0.053388305,0.5,0.48854142,0.16666667,0.1718626
2777,0.98762983,False,Fibroblasts,Dendritic cells,0.23333333,0.20859295,0.23333333,0.23928048,0.26666668,0.2698482,0.26666668,0.28227836
3806,0.98762417,False,Dendritic cells,Dendritic cells,0.0,0.024751667,0.26666668,0.25916916,0.06666667,0.050346617,0.6666667,0.66573256
3199,0.9876218,False,Type 2 alveolar,Type 2 alveolar,0.2580645,0.28282094,0.3548387,0.33911583,0.32258064,0.31687006,0.06451613,0.061193105
4298,0.98761934,False,Dendritic cells,Dendritic cells,0.06666667,0.06281465,0.26666668,0.28552395,0.23333333,0.23923731,0.43333334,0.41242406
1542,0.987619,False,Type 2 alveolar,Type 2 alveolar,0.31034482,0.32263395,0.44827586,0.42351383,0.20689656,0.21027732,0.03448276,0.043574892
3168,0.98761857,False,Fibroblasts,Fibroblasts,0.2,0.21648715,0.26666668,0.27494243,0.33333334,0.3171095,0.2,0.19146091
141,0.9876106,False,Fibroblasts,Fibroblasts,0.13333334,0.13831736,0.23333333,0.23092881,0.36666667,0.3442923,0.26666668,0.28646144
321,0.98760784,False,Fibroblasts,Fibroblasts,0.3,0.31846735,0.16666667,0.16240905,0.36666667,0.34614,0.16666667,0.17298359
165,0.9876069,False,Type 2 alveolar,Type 2 alveolar,0.0,0.02478616,0.53333336,0.5203524,0.16666667,0.16168828,0.3,0.29317313
2449,0.9875927,False,Type 2 alveolar,Type 2 alveolar,0.1,0.08575158,0.76666665,0.7777922,0.0,0.013689005,0.13333334,0.12276719
106,0.9875897,False,Type 2 alveolar,Type 2 alveolar,0.1,0.11530433,0.5,0.4856615,0.23333333,0.2428496,0.16666667,0.15618455
2296,0.9875817,False,Dendritic cells,Dendritic cells,0.26666668,0.29150334,0.2,0.19457388,0.16666667,0.15755463,0.36666667,0.35636812
3915,0.98757696,False,Type 2 alveolar,Type 2 alveolar,0.33333334,0.35121828,0.46666667,0.44224596,0.16666667,0.17362785,0.033333335,0.032907944
641,0.9875684,False,Type 2 alveolar,Type 2 alveolar,0.3,0.31921744,0.4,0.38797265,0.23333333,0.23897915,0.06666667,0.053830776
1937,0.98755574,False,Fibroblasts,Fibroblasts,0.27586207,0.30001888,0.20689656,0.20762828,0.37931034,0.36006975,0.13793103,0.1322831
4592,0.9875523,False,Type 2 alveolar,Type 2 alveolar,0.32258064,0.32937858,0.4516129,0.42671746,0.19354838,0.20011427,0.032258064,0.04378964
4037,0.9875508,False,Luminal_Macrophages,Luminal_Macrophages,0.41379312,0.3964134,0.31034482,0.30696034,0.27586207,0.27172792,0.0,0.02489838
3149,0.9875465,False,Dendritic cells,Dendritic cells,0.23333333,0.24035932,0.06666667,0.07570256,0.23333333,0.24217843,0.46666667,0.44175968
1527,0.9875452,False,Luminal_Macrophages,Luminal_Macrophages,0.4827586,0.45850915,0.37931034,0.37865016,0.0,0.020294603,0.13793103,0.14254612
1053,0.9875359,False,Dendritic cells,Dendritic cells,0.26666668,0.29159483,0.13333334,0.12234109,0.1,0.090247996,0.5,0.49581602
822,0.9875257,False,Luminal_Macrophages,Luminal_Macrophages,0.46666667,0.4538865,0.16666667,0.15449828,0.16666667,0.17009579,0.2,0.22151943
3392,0.98752046,False,Luminal_Macrophages,Luminal_Macrophages,0.5,0.48951247,0.43333334,0.42758325,0.06666667,0.057945147,0.0,0.024959087
2342,0.9875189,False,Type 2 alveolar,Type 2 alveolar,0.16666667,0.17126074,0.4,0.37900016,0.16666667,0.16270438,0.26666668,0.28703472
1589,0.98751885,False,Dendritic cells,Dendritic cells,0.37931034,0.37773997,0.0,0.02496232,0.13793103,0.12770425,0.4827586,0.4695934
1602,0.9875154,False,Type 2 alveolar,Type 2 alveolar,0.16129032,0.1817064,0.41935483,0.3984588,0.19354838,0.18947524,0.22580644,0.23035955
770,0.9875102,False,Fibroblasts,Fibroblasts,0.23333333,0.25734323,0.23333333,0.23166257,0.36666667,0.3433578,0.16666667,0.16763636
4234,0.98750216,False,Type 2 alveolar,Type 2 alveolar,0.033333335,0.043559957,0.5,0.48385948,0.26666668,0.28143576,0.2,0.19114484
1653,0.98749894,False,Dendritic cells,Dendritic cells,0.13333334,0.15060982,0.26666668,0.27439234,0.2,0.19834194,0.4,0.37665594
758,0.9874932,False,Type 2 alveolar,Type 2 alveolar,0.2,0.2171614,0.4,0.37945008,0.3,0.30785212,0.1,0.09553641
1559,0.9874925,False,Dendritic cells,Dendritic cells,0.23333333,0.25834832,0.1,0.09815748,0.13333334,0.1224947,0.53333336,0.5209995
3126,0.98749155,False,Type 2 alveolar,Type 2 alveolar,0.27586207,0.28222695,0.5862069,0.5694385,0.13793103,0.12968254,0.0,0.018651983
1509,0.9874888,False,Type 2 alveolar,Type 2 alveolar,0.0,0.023009412,0.5,0.50201297,0.43333334,0.41532597,0.06666667,0.059651628
3499,0.98748577,False,Dendritic cells,Dendritic cells,0.23333333,0.25373504,0.1,0.0882095,0.3,0.30462673,0.36666667,0.35342878
2440,0.98748195,False,Luminal_Macrophages,Luminal_Macrophages,0.36666667,0.34882215,0.3,0.31363872,0.1,0.092808455,0.23333333,0.24473071
1463,0.98748195,False,Luminal_Macrophages,Luminal_Macrophages,0.5,0.47935385,0.033333335,0.055401366,0.1,0.10296808,0.36666667,0.36227673
889,0.9874808,False,Fibroblasts,Fibroblasts,0.06666667,0.067465924,0.26666668,0.27644882,0.43333334,0.408295,0.23333333,0.24779025
4460,0.98747635,False,Type 2 alveolar,Type 2 alveolar,0.19354838,0.20668826,0.58064514,0.5555978,0.16129032,0.17076087,0.06451613,0.066953026
455,0.9874722,False,Dendritic cells,Dendritic cells,0.09677419,0.10548565,0.22580644,0.23317483,0.22580644,0.23478225,0.4516129,0.42655727
699,0.9874705,False,Fibroblasts,Fibroblasts,0.1724138,0.17537287,0.27586207,0.29473743,0.37931034,0.35425135,0.1724138,0.17563838
1170,0.9874676,False,Luminal_Macrophages,Luminal_Macrophages,0.46666667,0.45462984,0.13333334,0.12030536,0.16666667,0.16676371,0.23333333,0.25830108
2855,0.9874675,False,Dendritic cells,Dendritic cells,0.20689656,0.22809789,0.10344828,0.08946353,0.31034482,0.31420848,0.37931034,0.36823007
1739,0.9874657,False,Type 2 alveolar,Type 2 alveolar,0.2,0.20539731,0.4,0.37822154,0.13333334,0.13004313,0.26666668,0.28633803
4977,0.9874652,False,Luminal_Macrophages,Luminal_Macrophages,0.43333334,0.40826374,0.23333333,0.23470227,0.1,0.10283464,0.23333333,0.25419936
2246,0.9874624,False,Dendritic cells,Dendritic cells,0.19354838,0.21171835,0.2580645,0.26496977,0.19354838,0.18906325,0.3548387,0.33424863
1570,0.9874574,False,Fibroblasts,Fibroblasts,0.2,0.21274944,0.26666668,0.2790025,0.4,0.3771,0.13333334,0.13114808
4441,0.98745346,False,Luminal_Macrophages,Luminal_Macrophages,0.41379312,0.38870004,0.27586207,0.27746248,0.0,0.021535575,0.31034482,0.3123019
2686,0.9874497,False,Fibroblasts,Fibroblasts,0.2,0.19174226,0.26666668,0.28551048,0.36666667,0.34982383,0.16666667,0.17292342
3349,0.98744416,False,Fibroblasts,Fibroblasts,0.26666668,0.26268032,0.0,0.0251116,0.4,0.38005954,0.33333334,0.33214852
297,0.98743415,False,Luminal_Macrophages,Luminal_Macrophages,0.53333336,0.5102075,0.033333335,0.04242583,0.16666667,0.16466084,0.26666668,0.2827058
698,0.9874303,False,Dendritic cells,Dendritic cells,0.33333334,0.35395417,0.16666667,0.17118533,0.06666667,0.06444621,0.43333334,0.4104143
3176,0.9874195,False,Type 2 alveolar,Type 2 alveolar,0.2413793,0.26654035,0.37931034,0.36267546,0.31034482,0.30325606,0.06896552,0.067528106
220,0.98741287,False,Luminal_Macrophages,Luminal_Macrophages,0.46666667,0.44149244,0.2,0.20309272,0.3,0.30619842,0.033333335,0.049216453
2291,0.9874128,False,Dendritic cells,Dendritic cells,0.0,0.02517435,0.06666667,0.060603496,0.4,0.38089958,0.53333336,0.5333226
2926,0.98741055,False,Type 2 alveolar,Type 2 alveolar,0.29032257,0.2968008,0.38709676,0.36624363,0.06451613,0.06019037,0.2580645,0.27676523
290,0.9874101,False,Type 2 alveolar,Dendritic cells,0.0,0.025179777,0.33333334,0.32643402,0.33333334,0.3197017,0.33333334,0.32868454
298,0.9874081,False,Dendritic cells,Dendritic cells,0.23333333,0.23497273,0.2,0.2235444,0.23333333,0.23055474,0.33333334,0.31092808
4066,0.98739845,False,Dendritic cells,Dendritic cells,0.2,0.2222103,0.033333335,0.036326084,0.13333334,0.118395545,0.6333333,0.62306803
1577,0.9873944,False,Type 2 alveolar,Type 2 alveolar,0.3,0.29538077,0.4,0.3794081,0.0,0.022337265,0.3,0.3028739
3623,0.9873909,False,Luminal_Macrophages,Luminal_Macrophages,0.6,0.6236345,0.2,0.19101514,0.13333334,0.1349171,0.06666667,0.050433215
3300,0.9873831,False,Luminal_Macrophages,Luminal_Macrophages,0.43333334,0.40828127,0.26666668,0.26648507,0.0,0.019763121,0.3,0.3054706
804,0.9873793,False,Fibroblasts,Fibroblasts,0.43333334,0.4292006,0.0,0.025241401,0.5,0.4885147,0.06666667,0.05704331
4685,0.9873777,False,Luminal_Macrophages,Luminal_Macrophages,0.44827586,0.42962065,0.1724138,0.17089757,0.37931034,0.37423718,0.0,0.025244609
4805,0.9873776,False,Fibroblasts,Fibroblasts,0.26666668,0.29191157,0.13333334,0.12690774,0.33333334,0.3186444,0.26666668,0.26253635
3224,0.98737717,False,Fibroblasts,Fibroblasts,0.31034482,0.3137498,0.31034482,0.30624408,0.37931034,0.35816538,0.0,0.02184076
1118,0.9873762,False,Dendritic cells,Dendritic cells,0.16666667,0.17930968,0.13333334,0.12921362,0.26666668,0.27927122,0.43333334,0.41220546
961,0.9873738,False,Dendritic cells,Dendritic cells,0.3448276,0.3700799,0.13793103,0.12794381,0.10344828,0.09940674,0.41379312,0.4025696
4522,0.98737293,False,Type 2 alveolar,Type 2 alveolar,0.3,0.3106666,0.4,0.3840438,0.13333334,0.124035425,0.16666667,0.1812542
3309,0.987371,False,Luminal_Macrophages,Luminal_Macrophages,0.37931034,0.36617404,0.3448276,0.332706,0.03448276,0.039364703,0.2413793,0.2617553
3841,0.9873632,False,Type 2 alveolar,Type 2 alveolar,0.2413793,0.26541376,0.41379312,0.39037946,0.20689656,0.20503674,0.13793103,0.13917011
3936,0.9873615,False,Luminal_Macrophages,Luminal_Macrophages,0.4,0.38936403,0.26666668,0.27243626,0.0,0.019507462,0.33333334,0.31869227
4450,0.987361,False,Fibroblasts,Fibroblasts,0.23333333,0.24442174,0.1,0.09316908,0.36666667,0.34821966,0.3,0.31418952
3384,0.98736024,False,Luminal_Macrophages,Luminal_Macrophages,0.46666667,0.44537377,0.23333333,0.24173556,0.13333334,0.12934668,0.16666667,0.18354395
538,0.98735994,False,Luminal_Macrophages,Luminal_Macrophages,0.38709676,0.38282022,0.0,0.023290887,0.2580645,0.26005372,0.3548387,0.33383512
4397,0.9873585,False,Type 2 alveolar,Type 2 alveolar,0.31034482,0.3312751,0.4827586,0.47296914,0.13793103,0.1422838,0.06896552,0.05347197
4286,0.9873576,False,Dendritic cells,Dendritic cells,0.33333334,0.32909334,0.16666667,0.17359401,0.0,0.018357422,0.5,0.47895524
576,0.9873572,False,Type 2 alveolar,Type 2 alveolar,0.16129032,0.17314592,0.58064514,0.5571072,0.032258064,0.030510454,0.22580644,0.2392364
1908,0.9873534,False,Luminal_Macrophages,Luminal_Macrophages,0.44827586,0.42298266,0.03448276,0.04427427,0.27586207,0.28171748,0.2413793,0.25102556
1858,0.98734784,False,Type 2 alveolar,Type 2 alveolar,0.06666667,0.061999913,0.53333336,0.5462206,0.3,0.31241703,0.1,0.079362474
2901,0.98734343,False,Type 2 alveolar,Type 2 alveolar,0.23333333,0.25038606,0.43333334,0.4167853,0.2,0.20826034,0.13333334,0.124568254
1551,0.9873426,False,Type 2 alveolar,Type 2 alveolar,0.2,0.20627017,0.46666667,0.44813716,0.33333334,0.32654807,0.0,0.019044619
1425,0.98733836,False,Type 2 alveolar,Type 2 alveolar,0.1,0.110351115,0.4,0.37467676,0.26666668,0.27528536,0.23333333,0.23968682
88,0.9873366,False,Type 2 alveolar,Type 2 alveolar,0.1,0.12532678,0.33333334,0.3223246,0.26666668,0.26058805,0.3,0.29176056
2737,0.9873365,False,Fibroblasts,Fibroblasts,0.3,0.3038935,0.0,0.021433491,0.4,0.37617248,0.3,0.29850054
4616,0.9873267,False,Fibroblasts,Fibroblasts,0.26666668,0.27389926,0.23333333,0.25144744,0.43333334,0.4093856,0.06666667,0.065267764
1295,0.98731744,False,Luminal_Macrophages,Luminal_Macrophages,0.36666667,0.35517448,0.0,0.025365068,0.3,0.29411978,0.33333334,0.32534066
4252,0.98730946,False,Type 2 alveolar,Type 2 alveolar,0.3,0.32238767,0.46666667,0.4438897,0.2,0.1973958,0.033333335,0.036326785
4928,0.98730874,False,Luminal_Macrophages,Luminal_Macrophages,0.43333334,0.41968438,0.0,0.025382554,0.26666668,0.26388863,0.3,0.2910445
4217,0.98730505,False,Type 2 alveolar,Type 2 alveolar,0.0,0.025389895,0.41379312,0.40400034,0.1724138,0.16809674,0.41379312,0.40251306
1082,0.98730344,False,Fibroblasts,Fibroblasts,0.13333334,0.12965873,0.1,0.078820094,0.6333333,0.6587264,0.13333334,0.13279477
3858,0.98730236,False,Dendritic cells,Dendritic cells,0.0,0.024376983,0.31034482,0.3088426,0.27586207,0.27688032,0.41379312,0.38990012
3686,0.9872851,False,Type 2 alveolar,Type 2 alveolar,0.16666667,0.1802217,0.43333334,0.4239015,0.3,0.31187484,0.1,0.08400194
4395,0.98728347,False,Fibroblasts,Fibroblasts,0.16129032,0.16429366,0.22580644,0.23693256,0.3548387,0.32940564,0.2580645,0.2693681
3633,0.9872764,False,Type 2 alveolar,Type 2 alveolar,0.22580644,0.23259377,0.41935483,0.39390755,0.0,0.018413667,0.3548387,0.355085
4387,0.98727566,False,Luminal_Macrophages,Dendritic cells,0.44827586,0.43935522,0.0,0.025448708,0.10344828,0.09444863,0.44827586,0.44074747
877,0.9872754,False,Dendritic cells,Dendritic cells,0.2580645,0.2768092,0.12903225,0.12386188,0.22580644,0.2325109,0.38709676,0.366818
2805,0.9872739,False,Fibroblasts,Fibroblasts,0.2413793,0.24744424,0.20689656,0.21278127,0.37931034,0.35385808,0.1724138,0.18591641
3290,0.9872726,False,Fibroblasts,Fibroblasts,0.29032257,0.30739382,0.19354838,0.20193191,0.3548387,0.3380045,0.16129032,0.15266976
1076,0.98727137,False,Dendritic cells,Dendritic cells,0.19354838,0.21739171,0.06451613,0.055986628,0.32258064,0.3241946,0.41935483,0.40242702
4727,0.98726577,False,Fibroblasts,Fibroblasts,0.16666667,0.17727341,0.2,0.20251252,0.36666667,0.34119824,0.26666668,0.27901584
3181,0.9872625,False,Type 2 alveolar,Type 2 alveolar,0.0,0.025475008,0.6,0.588734,0.33333334,0.32855415,0.06666667,0.057236917
3540,0.98725706,False,Type 2 alveolar,Type 2 alveolar,0.13333334,0.15881924,0.36666667,0.35505924,0.33333334,0.32794842,0.16666667,0.15817313
3355,0.98725533,False,Dendritic cells,Dendritic cells,0.33333334,0.33076987,0.2,0.22548933,0.06666667,0.0650706,0.4,0.37867025
4750,0.9872507,False,Fibroblasts,Fibroblasts,0.36666667,0.371557,0.06666667,0.053518485,0.46666667,0.4543162,0.1,0.12060831
2232,0.9872473,False,Dendritic cells,Dendritic cells,0.2,0.21343252,0.16666667,0.15900613,0.26666668,0.2787395,0.36666667,0.34882182
4719,0.9872375,False,Fibroblasts,Fibroblasts,0.09677419,0.09636759,0.2580645,0.26514155,0.38709676,0.36197844,0.2580645,0.27651238
3046,0.98723644,False,Fibroblasts,Fibroblasts,0.27586207,0.2997605,0.1724138,0.16965397,0.37931034,0.35654312,0.1724138,0.17404251
1139,0.9872233,False,Fibroblasts,Fibroblasts,0.27586207,0.29125655,0.13793103,0.13471702,0.3448276,0.32248825,0.2413793,0.25153822
664,0.9872233,False,Type 2 alveolar,Type 2 alveolar,0.23333333,0.2588867,0.53333336,0.5133116,0.1,0.09627044,0.13333334,0.13153124
4146,0.98721856,False,Luminal_Macrophages,Luminal_Macrophages,0.44827586,0.4327475,0.0,0.025562864,0.13793103,0.13624366,0.41379312,0.4054459
4781,0.98721653,False,Luminal_Macrophages,Luminal_Macrophages,0.29032257,0.3155153,0.19354838,0.18695283,0.29032257,0.2906968,0.22580644,0.20683506
4211,0.9872097,False,Type 2 alveolar,Type 2 alveolar,0.3,0.3242752,0.36666667,0.35328516,0.2,0.20130543,0.13333334,0.12113422
2452,0.98720753,False,Type 2 alveolar,Type 2 alveolar,0.32258064,0.3245275,0.41935483,0.39376992,0.22580644,0.22848035,0.032258064,0.053222258
1285,0.98720706,False,Dendritic cells,Dendritic cells,0.2,0.21191965,0.13333334,0.12246132,0.26666668,0.2803329,0.4,0.38528615
4539,0.9872024,False,Dendritic cells,Dendritic cells,0.22580644,0.2384468,0.2580645,0.27101937,0.19354838,0.17863725,0.32258064,0.31189656
3525,0.9872019,False,Type 2 alveolar,Type 2 alveolar,0.09677419,0.09159039,0.38709676,0.36668438,0.2580645,0.2618665,0.2580645,0.2798587
2121,0.98720133,False,Dendritic cells,Dendritic cells,0.0,0.025597349,0.33333334,0.32257217,0.3,0.2953121,0.36666667,0.3565184
1866,0.987199,False,Dendritic cells,Dendritic cells,0.06666667,0.04755147,0.43333334,0.42684653,0.033333335,0.03685706,0.46666667,0.48874494
1008,0.9871915,False,Fibroblasts,Fibroblasts,0.13333334,0.1309341,0.3,0.32561702,0.43333334,0.4140526,0.13333334,0.12939627
1109,0.98719126,False,Type 2 alveolar,Type 2 alveolar,0.16666667,0.18225656,0.5,0.4743825,0.13333334,0.13689391,0.2,0.20646703
2409,0.98718685,False,Type 2 alveolar,Type 2 alveolar,0.2413793,0.2553245,0.37931034,0.3655318,0.10344828,0.09160054,0.27586207,0.28754315
4468,0.9871828,False,Type 2 alveolar,Type 2 alveolar,0.3,0.32350782,0.46666667,0.44360492,0.1,0.09742736,0.13333334,0.1354599
3193,0.9871767,False,Dendritic cells,Dendritic cells,0.19354838,0.20952144,0.09677419,0.09120537,0.29032257,0.29999605,0.41935483,0.39927706
3865,0.98715544,False,Type 2 alveolar,Type 2 alveolar,0.2580645,0.27697197,0.48387095,0.46395823,0.12903225,0.123255834,0.12903225,0.13581394
273,0.98715323,False,Fibroblasts,Fibroblasts,0.23333333,0.2481228,0.3,0.31090415,0.33333334,0.31718168,0.13333334,0.12379142
1455,0.987149,False,Type 2 alveolar,Type 2 alveolar,0.2,0.2213405,0.4,0.37927887,0.2,0.2043615,0.2,0.19501913
3593,0.9871487,False,Fibroblasts,Fibroblasts,0.31034482,0.33604747,0.06896552,0.062229097,0.37931034,0.363506,0.2413793,0.23821744
3738,0.987148,False,Luminal_Macrophages,Luminal_Macrophages,0.4,0.37429598,0.3,0.30935964,0.26666668,0.27647278,0.033333335,0.03987163
4862,0.98714703,False,Type 2 alveolar,Type 2 alveolar,0.0,0.025705872,0.43333334,0.42371607,0.36666667,0.35459536,0.2,0.1959827
475,0.987147,False,Luminal_Macrophages,Dendritic cells,0.44827586,0.42712894,0.10344828,0.108166724,0.0,0.020987606,0.44827586,0.4437167
993,0.9871461,False,Type 2 alveolar,Type 2 alveolar,0.13333334,0.13994199,0.5,0.48257968,0.06666667,0.058379155,0.3,0.31909922
389,0.9871439,False,Dendritic cells,Dendritic cells,0.23333333,0.25763834,0.13333334,0.13474059,0.13333334,0.124771036,0.5,0.48285004
4795,0.9871433,False,Type 2 alveolar,Type 2 alveolar,0.2580645,0.27645493,0.41935483,0.39364144,0.29032257,0.29425424,0.032258064,0.035649408
3866,0.9871376,False,Type 2 alveolar,Type 2 alveolar,0.23333333,0.25733915,0.36666667,0.35271907,0.06666667,0.054889526,0.33333334,0.33505225
3735,0.9871375,False,Fibroblasts,Fibroblasts,0.06666667,0.06113591,0.33333334,0.33187544,0.36666667,0.34793037,0.23333333,0.25905833
3832,0.98712516,False,Type 2 alveolar,Type 2 alveolar,0.0,0.025285754,0.33333334,0.3337972,0.33333334,0.32072258,0.33333334,0.32019442
4845,0.9871239,False,Type 2 alveolar,Type 2 alveolar,0.0,0.023185894,0.6333333,0.61466676,0.13333334,0.12624776,0.23333333,0.23589958
2097,0.98712116,False,Fibroblasts,Fibroblasts,0.2,0.21118788,0.26666668,0.2812364,0.46666667,0.44558665,0.06666667,0.061989017
4713,0.98711663,False,Luminal_Macrophages,Luminal_Macrophages,0.36666667,0.35708117,0.0,0.025766784,0.33333334,0.32189777,0.3,0.29525432
4329,0.98711425,False,Type 2 alveolar,Type 2 alveolar,0.0,0.021215394,0.43333334,0.41415483,0.23333333,0.23788944,0.33333334,0.32674035
1347,0.98710334,False,Dendritic cells,Dendritic cells,0.0,0.025793368,0.06896552,0.060852293,0.41379312,0.40170717,0.51724136,0.51164716
4600,0.9871031,False,Type 2 alveolar,Dendritic cells,0.23333333,0.2558745,0.36666667,0.34438685,0.033333335,0.036585968,0.36666667,0.3631527
2225,0.98709553,False,Fibroblasts,Dendritic cells,0.0,0.025808915,0.31034482,0.3096198,0.3448276,0.32914156,0.3448276,0.33542973
4258,0.9870868,False,Dendritic cells,Dendritic cells,0.29032257,0.316149,0.22580644,0.21989496,0.09677419,0.08952263,0.38709676,0.37443334
3339,0.9870867,False,Fibroblasts,Fibroblasts,0.23333333,0.25160182,0.23333333,0.24089144,0.46666667,0.45091045,0.06666667,0.05659633
1069,0.9870864,False,Dendritic cells,Dendritic cells,0.2,0.220753,0.16666667,0.15867966,0.2,0.20507424,0.43333334,0.41549313
830,0.9870815,False,Type 2 alveolar,Type 2 alveolar,0.26666668,0.29250354,0.46666667,0.44634518,0.06666667,0.061531574,0.2,0.19961964
2863,0.9870783,False,Type 2 alveolar,Type 2 alveolar,0.0,0.025843387,0.43333334,0.41433033,0.2,0.1943303,0.36666667,0.36549595
1227,0.9870782,False,Dendritic cells,Dendritic cells,0.3,0.32584363,0.2,0.18927239,0.1,0.09313362,0.4,0.39175037
581,0.98707646,False,Fibroblasts,Fibroblasts,0.2580645,0.2795814,0.22580644,0.22536124,0.41935483,0.393953,0.09677419,0.10110436
1158,0.9870738,False,Dendritic cells,Dendritic cells,0.20689656,0.21171798,0.0,0.021030981,0.3448276,0.33181745,0.44827586,0.4354336
909,0.98706824,False,Dendritic cells,Dendritic cells,0.13333334,0.14762084,0.16666667,0.1616503,0.23333333,0.24490927,0.46666667,0.44581953
3030,0.9870665,False,Fibroblasts,Fibroblasts,0.31034482,0.3099937,0.03448276,0.04219743,0.41379312,0.38827714,0.2413793,0.25953165
716,0.98705024,False,Dendritic cells,Dendritic cells,0.43333334,0.41388258,0.0,0.025032481,0.06666667,0.06753366,0.5,0.49355122
1193,0.98704374,False,Type 2 alveolar,Type 2 alveolar,0.1,0.10467734,0.46666667,0.44148478,0.16666667,0.16593607,0.26666668,0.28790185
4744,0.98704296,False,Luminal_Macrophages,Luminal_Macrophages,0.46666667,0.44868127,0.16666667,0.15873803,0.23333333,0.24662888,0.13333334,0.14595184
4575,0.987042,False,Fibroblasts,Fibroblasts,0.31034482,0.33427796,0.20689656,0.2088794,0.37931034,0.36345714,0.10344828,0.09338544
1901,0.98703915,False,Dendritic cells,Dendritic cells,0.2413793,0.23371497,0.20689656,0.21295287,0.0,0.019865382,0.55172414,0.53346676
1752,0.9870365,False,Luminal_Macrophages,Luminal_Macrophages,0.61290324,0.5883414,0.22580644,0.2517334,0.09677419,0.096356116,0.06451613,0.063569054
372,0.9870337,False,Luminal_Macrophages,Luminal_Macrophages,0.53333336,0.5272249,0.033333335,0.043672916,0.43333334,0.4135092,0.0,0.015593004
605,0.9870337,False,Fibroblasts,Fibroblasts,0.1,0.09167018,0.3,0.32074535,0.43333334,0.41573057,0.16666667,0.17185394
2416,0.987032,False,Dendritic cells,Dendritic cells,0.10344828,0.08889006,0.27586207,0.2644843,0.0,0.015612534,0.62068963,0.63101315
3861,0.9870307,False,Type 2 alveolar,Type 2 alveolar,0.26666668,0.27191943,0.43333334,0.40961888,0.3,0.29777575,0.0,0.020685898
597,0.98701984,False,Dendritic cells,Dendritic cells,0.06666667,0.06043623,0.0,0.022062646,0.4,0.38027012,0.53333336,0.537231
1391,0.9870186,False,Type 2 alveolar,Type 2 alveolar,0.16666667,0.17293827,0.76666665,0.7565093,0.06666667,0.050861154,0.0,0.01969125
1641,0.9870176,False,Type 2 alveolar,Type 2 alveolar,0.16666667,0.17550218,0.46666667,0.44415838,0.26666668,0.28379592,0.1,0.096543424
2931,0.9870149,False,Type 2 alveolar,Type 2 alveolar,0.16666667,0.17453025,0.46666667,0.44541967,0.13333334,0.12861009,0.23333333,0.25143993
3720,0.98700315,False,Fibroblasts,Fibroblasts,0.33333334,0.33093265,0.26666668,0.2718728,0.4,0.37640694,0.0,0.020787591
4740,0.9870014,False,Dendritic cells,Dendritic cells,0.3,0.32599714,0.13333334,0.12043685,0.2,0.19930655,0.36666667,0.35425943
3154,0.98699653,False,Luminal_Macrophages,Luminal_Macrophages,0.46666667,0.4406597,0.26666668,0.2699555,0.26666668,0.2696872,0.0,0.019697586
1638,0.9869912,False,Fibroblasts,Fibroblasts,0.0,0.020853234,0.2413793,0.24627732,0.44827586,0.42225826,0.31034482,0.3106111
3439,0.98698795,False,Fibroblasts,Fibroblasts,0.41379312,0.40165308,0.13793103,0.13354236,0.44827586,0.43878046,0.0,0.026024135
2298,0.98698074,False,Fibroblasts,Fibroblasts,0.033333335,0.03834669,0.23333333,0.2312098,0.46666667,0.44275165,0.26666668,0.2876919
2208,0.9869748,False,Luminal_Macrophages,Luminal_Macrophages,0.43333334,0.41314477,0.16666667,0.17815836,0.26666668,0.28122544,0.13333334,0.12747145
3900,0.986965,False,Fibroblasts,Fibroblasts,0.13333334,0.14136153,0.3,0.3135036,0.4,0.37393,0.16666667,0.17120482
2764,0.98696136,False,Luminal_Macrophages,Luminal_Macrophages,0.5,0.48645478,0.1,0.10620952,0.0,0.019867739,0.4,0.38746795
4472,0.98695046,False,Type 2 alveolar,Type 2 alveolar,0.0,0.026099017,0.46666667,0.45257783,0.4,0.38906223,0.13333334,0.13226089
1887,0.9869407,False,Fibroblasts,Fibroblasts,0.2,0.20739062,0.13333334,0.12806351,0.4,0.37915117,0.26666668,0.28539473
73,0.9869403,False,Fibroblasts,Fibroblasts,0.0,0.021392085,0.26666668,0.26563254,0.56666666,0.54158145,0.16666667,0.17139398
4835,0.9869379,False,Luminal_Macrophages,Luminal_Macrophages,0.43333334,0.41879007,0.26666668,0.2783031,0.13333334,0.12175235,0.16666667,0.18115449
4786,0.9869366,False,Fibroblasts,Fibroblasts,0.1724138,0.18522027,0.20689656,0.20239536,0.37931034,0.35768482,0.2413793,0.25469956
4057,0.9869355,False,Type 2 alveolar,Type 2 alveolar,0.16666667,0.18508424,0.43333334,0.4136437,0.3,0.30771148,0.1,0.0935606
1380,0.98693013,False,Type 2 alveolar,Type 2 alveolar,0.3,0.31330982,0.4,0.37386024,0.033333335,0.03422684,0.26666668,0.27860314
786,0.98692924,False,Fibroblasts,Fibroblasts,0.20689656,0.21527201,0.1724138,0.16323414,0.41379312,0.39683118,0.20689656,0.22466262
4994,0.98692894,False,Luminal_Macrophages,Luminal_Macrophages,0.93333334,0.9071913,0.033333335,0.04310103,0.0,0.011387563,0.033333335,0.038320195
2178,0.9869274,False,Type 2 alveolar,Type 2 alveolar,0.20689656,0.2048612,0.62068963,0.59657973,0.1724138,0.17569149,0.0,0.022867603
2022,0.9869241,False,Luminal_Macrophages,Luminal_Macrophages,0.36666667,0.35049036,0.26666668,0.2797834,0.33333334,0.3233579,0.033333335,0.04636836
638,0.9869225,False,Dendritic cells,Dendritic cells,0.19354838,0.21759553,0.032258064,0.034365866,0.3548387,0.34210244,0.41935483,0.40593612
498,0.98692095,False,Fibroblasts,Fibroblasts,0.16666667,0.18913196,0.33333334,0.33702618,0.43333334,0.41353938,0.06666667,0.060302503
1675,0.9869151,False,Type 2 alveolar,Type 2 alveolar,0.12903225,0.13264623,0.5483871,0.5277496,0.06451613,0.058983915,0.2580645,0.2806203
4118,0.9869109,False,Type 2 alveolar,Type 2 alveolar,0.26666668,0.2928449,0.33333334,0.33122712,0.33333334,0.31758836,0.06666667,0.058339577
1778,0.9869095,False,Luminal_Macrophages,Luminal_Macrophages,0.7586207,0.7339409,0.20689656,0.2150215,0.03448276,0.032981567,0.0,0.018056035
4381,0.9868992,False,Dendritic cells,Dendritic cells,0.2580645,0.27205774,0.032258064,0.036408655,0.22580644,0.23386423,0.48387095,0.4576694
2968,0.9868965,False,Type 2 alveolar,Type 2 alveolar,0.1,0.12146693,0.5,0.47813484,0.13333334,0.12899154,0.26666668,0.27140665
2015,0.9868956,False,Dendritic cells,Dendritic cells,0.3,0.32620883,0.23333333,0.2301385,0.1,0.09273275,0.36666667,0.35092
46,0.98689497,False,Fibroblasts,Fibroblasts,0.26666668,0.2882592,0.13333334,0.1321594,0.43333334,0.40829715,0.16666667,0.17128427
4089,0.9868883,False,Fibroblasts,Fibroblasts,0.2580645,0.28358078,0.09677419,0.08392293,0.516129,0.50275683,0.12903225,0.12973946
4921,0.98686635,False,Fibroblasts,Fibroblasts,0.2,0.20956,0.26666668,0.25590825,0.33333334,0.3178245,0.2,0.21670723
3640,0.9868506,False,Luminal_Macrophages,Luminal_Macrophages,0.36666667,0.34651592,0.2,0.2055308,0.16666667,0.1605186,0.26666668,0.28743467
4285,0.98685044,False,Fibroblasts,Fibroblasts,0.22580644,0.24044423,0.22580644,0.23173186,0.38709676,0.36079764,0.16129032,0.16702628
1390,0.98684305,False,Fibroblasts,Fibroblasts,0.09677419,0.07046031,0.38709676,0.4038445,0.41935483,0.4266396,0.09677419,0.09905566
2349,0.98684055,False,Dendritic cells,Dendritic cells,0.2,0.22485885,0.33333334,0.3241117,0.033333335,0.034793414,0.43333334,0.41623604
3415,0.98684007,False,Fibroblasts,Fibroblasts,0.16129032,0.17296661,0.16129032,0.16106765,0.38709676,0.36099958,0.29032257,0.30496612
1501,0.9868349,False,Type 2 alveolar,Type 2 alveolar,0.033333335,0.03987453,0.46666667,0.44033647,0.23333333,0.24353002,0.26666668,0.27625895
970,0.9868315,False,Type 2 alveolar,Type 2 alveolar,0.06666667,0.052856512,0.46666667,0.49300367,0.4,0.39863065,0.06666667,0.055509184
3075,0.98682916,False,Fibroblasts,Fibroblasts,0.16666667,0.17897457,0.3,0.31403378,0.43333334,0.41424072,0.1,0.092750944
1619,0.98682594,False,Fibroblasts,Fibroblasts,0.33333334,0.33314934,0.0,0.020552523,0.36666667,0.34050253,0.3,0.3057956
2282,0.9868253,False,Luminal_Macrophages,Luminal_Macrophages,0.62068963,0.59993136,0.1724138,0.18604328,0.06896552,0.06337437,0.13793103,0.15065101
2051,0.9868217,False,Type 2 alveolar,Type 2 alveolar,0.2580645,0.27666456,0.38709676,0.36480635,0.19354838,0.18948229,0.16129032,0.1690469
4080,0.98682034,False,Type 2 alveolar,Type 2 alveolar,0.1724138,0.18925433,0.44827586,0.43004075,0.06896552,0.060841337,0.31034482,0.31986353
2082,0.9868185,False,Type 2 alveolar,Type 2 alveolar,0.37931034,0.3859436,0.4827586,0.45677504,0.0,0.019729802,0.13793103,0.13755155
2347,0.9868126,False,Type 2 alveolar,Type 2 alveolar,0.2580645,0.27047625,0.41935483,0.3929801,0.29032257,0.29078537,0.032258064,0.04575833
1931,0.98681146,False,Type 2 alveolar,Type 2 alveolar,0.23333333,0.2544683,0.43333334,0.40927896,0.3,0.30524218,0.033333335,0.031010566
295,0.98681027,False,Fibroblasts,Fibroblasts,0.16129032,0.1771098,0.16129032,0.15486956,0.41935483,0.39939612,0.2580645,0.26862454
1523,0.9868007,False,Dendritic cells,Dendritic cells,0.3,0.3229601,0.23333333,0.2367719,0.1,0.08967796,0.36666667,0.35059005
1023,0.98679745,False,Type 2 alveolar,Type 2 alveolar,0.0,0.026405074,0.56666666,0.5499185,0.033333335,0.033069782,0.4,0.39060667
4604,0.9867876,False,Dendritic cells,Dendritic cells,0.26666668,0.29006296,0.13333334,0.123068504,0.26666668,0.26969516,0.33333334,0.31717333
1547,0.9867866,False,Dendritic cells,Dendritic cells,0.1,0.08620317,0.2,0.20865197,0.06666667,0.054036625,0.6333333,0.65110815
1684,0.9867839,False,Fibroblasts,Fibroblasts,0.44827586,0.43436494,0.03448276,0.04186995,0.51724136,0.50472015,0.0,0.01904496
4035,0.9867836,False,Fibroblasts,Fibroblasts,0.16666667,0.17292666,0.36666667,0.35760185,0.46666667,0.4492988,0.0,0.020172713
4042,0.98678046,False,Fibroblasts,Fibroblasts,0.3,0.32238364,0.16666667,0.14742728,0.33333334,0.3261336,0.2,0.20405544
3283,0.9867788,False,Dendritic cells,Dendritic cells,0.2,0.21363026,0.13333334,0.12387266,0.26666668,0.27947885,0.4,0.38301823
4284,0.9867787,False,Type 2 alveolar,Type 2 alveolar,0.10344828,0.10715928,0.51724136,0.4931561,0.0,0.02273172,0.37931034,0.37695295
1515,0.9867751,False,Fibroblasts,Fibroblasts,0.13333334,0.13852201,0.2,0.19818702,0.4,0.37536314,0.26666668,0.2879278
971,0.98676664,False,Luminal_Macrophages,Luminal_Macrophages,0.5,0.47353318,0.26666668,0.2753582,0.033333335,0.035952475,0.2,0.2151561
4198,0.9867643,False,Dendritic cells,Dendritic cells,0.26666668,0.28341553,0.06666667,0.06128969,0.26666668,0.27638915,0.4,0.37890562
2462,0.9867554,False,Dendritic cells,Dendritic cells,0.0,0.026489219,0.1,0.090829216,0.33333334,0.32009,0.56666666,0.56259155
91,0.9867505,False,Dendritic cells,Dendritic cells,0.09677419,0.09311861,0.16129032,0.15814656,0.12903225,0.10933255,0.61290324,0.63940233
1834,0.98675025,False,Fibroblasts,Fibroblasts,0.13333334,0.14025588,0.13333334,0.12282579,0.43333334,0.41734132,0.3,0.31957704
4215,0.9867446,False,Fibroblasts,Fibroblasts,0.1724138,0.19892469,0.20689656,0.19959639,0.31034482,0.30242386,0.31034482,0.29905507
1228,0.98673975,False,Dendritic cells,Dendritic cells,0.26666668,0.2931872,0.13333334,0.13080153,0.13333334,0.12505919,0.46666667,0.45095208
3994,0.9867385,False,Type 2 alveolar,Type 2 alveolar,0.23333333,0.24912629,0.43333334,0.4103701,0.06666667,0.06310685,0.26666668,0.27739674
3090,0.98673546,False,Luminal_Macrophages,Luminal_Macrophages,0.5,0.47347096,0.3,0.31406233,0.16666667,0.17722523,0.033333335,0.035241477
3012,0.9867202,False,Type 2 alveolar,Type 2 alveolar,0.2580645,0.2801845,0.38709676,0.36679044,0.22580644,0.23024602,0.12903225,0.12277907
229,0.986718,False,Fibroblasts,Fibroblasts,0.27586207,0.2997726,0.20689656,0.19922118,0.3448276,0.325939,0.1724138,0.17506723
198,0.9867166,False,Fibroblasts,Fibroblasts,0.032258064,0.036276814,0.22580644,0.2306977,0.48387095,0.45730424,0.2580645,0.27572116
3966,0.9867075,False,Dendritic cells,Dendritic cells,0.23333333,0.25440183,0.13333334,0.11666582,0.3,0.30551648,0.33333334,0.32341588
1519,0.98668545,False,Luminal_Macrophages,Luminal_Macrophages,0.4,0.40607694,0.0,0.020552108,0.4,0.37422115,0.2,0.1991498
2881,0.9866837,False,Dendritic cells,Dendritic cells,0.23333333,0.25760257,0.1,0.08995664,0.3,0.30236328,0.36666667,0.35007748
1466,0.9866814,False,Fibroblasts,Fibroblasts,0.3448276,0.33895576,0.27586207,0.28034133,0.37931034,0.35854504,0.0,0.0221579
1176,0.9866659,False,Luminal_Macrophages,Luminal_Macrophages,0.48387095,0.46416578,0.2580645,0.2717785,0.06451613,0.057553183,0.19354838,0.2065026
1665,0.98665965,False,Luminal_Macrophages,Luminal_Macrophages,0.43333334,0.4138983,0.16666667,0.15942103,0.26666668,0.27467114,0.13333334,0.15200949
2067,0.9866544,False,Dendritic cells,Dendritic cells,0.33333334,0.36002454,0.13333334,0.12875547,0.13333334,0.12997179,0.4,0.38124818
1881,0.9866532,False,Dendritic cells,Dendritic cells,0.33333334,0.3271325,0.0,0.023955964,0.23333333,0.23607099,0.43333334,0.41284055
665,0.9866489,False,Fibroblasts,Fibroblasts,0.2,0.21683644,0.2,0.20477559,0.4,0.3732978,0.2,0.20509022
1446,0.9866388,False,Fibroblasts,Fibroblasts,0.0,0.020273509,0.13333334,0.1397823,0.6666667,0.6429211,0.2,0.19702308
3811,0.9866387,False,Fibroblasts,Fibroblasts,0.033333335,0.038935997,0.3,0.30403402,0.43333334,0.40661085,0.23333333,0.25041917
565,0.9866383,False,Luminal_Macrophages,Luminal_Macrophages,0.48387095,0.4571476,0.032258064,0.040547155,0.29032257,0.29490048,0.19354838,0.2074047
1533,0.98663574,False,Fibroblasts,Fibroblasts,0.0,0.021060297,0.3,0.30280465,0.43333334,0.4066048,0.26666668,0.26953027
3230,0.9866346,False,Fibroblasts,Fibroblasts,0.33333334,0.35074317,0.1,0.081695475,0.46666667,0.45824042,0.1,0.10932092
529,0.98663366,False,Type 2 alveolar,Type 2 alveolar,0.06666667,0.05162935,0.6666667,0.6863153,0.2,0.2070841,0.06666667,0.054971237
2751,0.9866242,False,Type 2 alveolar,Type 2 alveolar,0.23333333,0.2483982,0.43333334,0.40658164,0.033333335,0.03581947,0.3,0.30920067
4250,0.98662305,False,Luminal_Macrophages,Luminal_Macrophages,0.79310346,0.80409396,0.0,0.015763406,0.10344828,0.087658055,0.10344828,0.09248451
1710,0.98661464,False,Dendritic cells,Dendritic cells,0.3,0.29414892,0.0,0.026770713,0.33333334,0.32403836,0.36666667,0.355042
4296,0.9866129,False,Luminal_Macrophages,Luminal_Macrophages,0.4,0.3983231,0.4,0.3749027,0.2,0.20677854,0.0,0.019995667
1949,0.986604,False,Dendritic cells,Dendritic cells,0.43333334,0.43924552,0.0,0.02087983,0.1,0.09322473,0.46666667,0.44664997
1892,0.98660254,False,Luminal_Macrophages,Luminal_Macrophages,0.48387095,0.4570761,0.2580645,0.28055698,0.19354838,0.19502716,0.06451613,0.06733986
4424,0.9865914,False,Type 2 alveolar,Type 2 alveolar,0.31034482,0.30758065,0.37931034,0.35831472,0.31034482,0.30728734,0.0,0.026817255
3363,0.9865863,False,Type 2 alveolar,Type 2 alveolar,0.26666668,0.28495303,0.43333334,0.41780198,0.13333334,0.122037284,0.16666667,0.1752077
351,0.9865786,False,Luminal_Macrophages,Luminal_Macrophages,0.4516129,0.4288388,0.22580644,0.2314475,0.32258064,0.31851193,0.0,0.02120183
4182,0.9865768,False,Type 2 alveolar,Type 2 alveolar,0.1,0.10884327,0.46666667,0.44194403,0.0,0.01800312,0.43333334,0.43120962
1681,0.9865768,False,Fibroblasts,Fibroblasts,0.23333333,0.25076154,0.1,0.08963977,0.36666667,0.3501805,0.3,0.30941817
2353,0.986565,False,Type 2 alveolar,Type 2 alveolar,0.16666667,0.19075572,0.43333334,0.41488886,0.2,0.2027809,0.2,0.19157453
4254,0.9865624,False,Type 2 alveolar,Type 2 alveolar,0.26666668,0.28065044,0.36666667,0.34333777,0.06666667,0.06312031,0.3,0.3128915
3025,0.9865559,False,Dendritic cells,Dendritic cells,0.03448276,0.04430151,0.1724138,0.18948327,0.37931034,0.36921018,0.41379312,0.39700502
4535,0.9865555,False,Type 2 alveolar,Type 2 alveolar,0.13333334,0.14762732,0.4,0.3837398,0.16666667,0.15603797,0.3,0.31259495
934,0.986554,False,Luminal_Macrophages,Luminal_Macrophages,0.5,0.47669333,0.2,0.19848874,0.06666667,0.064592585,0.23333333,0.2602253
4850,0.98655164,False,Fibroblasts,Fibroblasts,0.0,0.024892159,0.3,0.295806,0.5,0.47729725,0.2,0.20200461
303,0.9865417,False,Fibroblasts,Fibroblasts,0.32258064,0.3191962,0.19354838,0.19783586,0.48387095,0.46033883,0.0,0.022629116
4434,0.9865351,False,Fibroblasts,Fibroblasts,0.3,0.31205773,0.26666668,0.28153875,0.33333334,0.32523665,0.1,0.08116688
3256,0.9865343,False,Luminal_Macrophages,Luminal_Macrophages,0.5,0.47946957,0.23333333,0.25049555,0.06666667,0.060265668,0.2,0.20976926
1210,0.9865335,False,Fibroblasts,Fibroblasts,0.3,0.31128722,0.16666667,0.1677841,0.43333334,0.40640035,0.1,0.11452836
1436,0.9865287,False,Type 2 alveolar,Type 2 alveolar,0.2580645,0.27814272,0.41935483,0.39241228,0.032258064,0.03308219,0.29032257,0.29636282
2151,0.9865163,False,Fibroblasts,Fibroblasts,0.06896552,0.053684104,0.27586207,0.2929041,0.3448276,0.33314154,0.31034482,0.3202702
1524,0.9865146,False,Fibroblasts,Fibroblasts,0.23333333,0.24538456,0.13333334,0.13136001,0.36666667,0.34166923,0.26666668,0.2815862
1510,0.986512,False,Dendritic cells,Dendritic cells,0.3,0.3172223,0.1,0.087708846,0.23333333,0.24308707,0.36666667,0.3519818
4185,0.9865118,False,Type 2 alveolar,Type 2 alveolar,0.16666667,0.16910651,0.43333334,0.4130775,0.13333334,0.12661274,0.26666668,0.29120317
2357,0.98650914,False,Type 2 alveolar,Type 2 alveolar,0.0,0.02121747,0.5,0.49622568,0.46666667,0.4434592,0.033333335,0.039097603
482,0.98650473,False,Type 2 alveolar,Type 2 alveolar,0.03448276,0.041546345,0.79310346,0.7661129,0.0,0.01619207,0.1724138,0.17614868
1593,0.9865041,False,Fibroblasts,Fibroblasts,0.0,0.025129164,0.033333335,0.035196,0.5,0.4808495,0.46666667,0.45882538
4758,0.9865038,False,Fibroblasts,Fibroblasts,0.23333333,0.25501347,0.1,0.09100114,0.36666667,0.34867305,0.3,0.30531234
3251,0.98650104,False,Fibroblasts,Fibroblasts,0.13793103,0.14617535,0.1724138,0.166335,0.44827586,0.42735672,0.2413793,0.2601329
3407,0.9864923,False,Dendritic cells,Dendritic cells,0.16129032,0.18520331,0.2580645,0.26116696,0.22580644,0.22157414,0.3548387,0.33205557
2631,0.9864852,False,Fibroblasts,Fibroblasts,0.06666667,0.051712837,0.3,0.3128051,0.36666667,0.35459083,0.26666668,0.28089124
1954,0.9864669,False,Type 2 alveolar,Type 2 alveolar,0.19354838,0.21209762,0.38709676,0.37188584,0.2580645,0.26658148,0.16129032,0.14943509
2066,0.9864666,False,Fibroblasts,Fibroblasts,0.23333333,0.24693485,0.06666667,0.059777986,0.4,0.37982187,0.3,0.31346533
1938,0.9864565,False,Fibroblasts,Fibroblasts,0.26666668,0.27884674,0.26666668,0.27665094,0.4,0.37291297,0.06666667,0.07158932
2618,0.9864505,False,Fibroblasts,Fibroblasts,0.16666667,0.18488632,0.16666667,0.17026863,0.43333334,0.4062343,0.23333333,0.23861071
1905,0.9864418,False,Type 2 alveolar,Type 2 alveolar,0.19354838,0.2204625,0.516129,0.49427897,0.09677419,0.09697659,0.19354838,0.18828204
1245,0.9864414,False,Luminal_Macrophages,Luminal_Macrophages,0.37931034,0.35219306,0.27586207,0.28373617,0.03448276,0.036676325,0.31034482,0.32739443
2659,0.9864411,False,Dendritic cells,Dendritic cells,0.0,0.019367397,0.22580644,0.23355693,0.3548387,0.34232685,0.41935483,0.40474883
3344,0.9864403,False,Fibroblasts,Luminal_Macrophages,0.36666667,0.39378607,0.16666667,0.1622097,0.4,0.39324453,0.06666667,0.050759695
3609,0.9864379,False,Fibroblasts,Fibroblasts,0.19354838,0.19322489,0.032258064,0.03315816,0.516129,0.4893283,0.2580645,0.28428861
2044,0.98643005,False,Dendritic cells,Dendritic cells,0.16666667,0.17213741,0.0,0.021669183,0.36666667,0.3536927,0.46666667,0.4525008
3114,0.9864289,False,Dendritic cells,Dendritic cells,0.2580645,0.2852067,0.16129032,0.1470228,0.2580645,0.25708538,0.32258064,0.3106851
3264,0.98642844,False,Type 2 alveolar,Type 2 alveolar,0.3,0.32714316,0.5,0.4772485,0.13333334,0.132903,0.06666667,0.062705435
212,0.98642784,False,Type 2 alveolar,Type 2 alveolar,0.0,0.02154896,0.6,0.57571435,0.13333334,0.13047466,0.26666668,0.27226204
3999,0.98642325,False,Dendritic cells,Dendritic cells,0.16129032,0.17921428,0.22580644,0.21823426,0.22580644,0.23503596,0.38709676,0.36751547
3277,0.98642135,False,Dendritic cells,Dendritic cells,0.2,0.2185372,0.033333335,0.034273054,0.26666668,0.274347,0.5,0.47284272
3711,0.98641646,False,Type 2 alveolar,Type 2 alveolar,0.36666667,0.36766276,0.4,0.37283286,0.23333333,0.23620549,0.0,0.023298882
3072,0.98640746,False,Luminal_Macrophages,Luminal_Macrophages,0.43333334,0.4198307,0.0,0.026446722,0.26666668,0.26740497,0.3,0.2863176
752,0.986406,False,Luminal_Macrophages,Luminal_Macrophages,0.4,0.37411612,0.2,0.22269024,0.2,0.19869593,0.2,0.2044977
488,0.9864048,False,Fibroblasts,Fibroblasts,0.033333335,0.042184833,0.2,0.2042029,0.53333336,0.506143,0.23333333,0.24746934
1540,0.9864034,False,Fibroblasts,Fibroblasts,0.2413793,0.26243117,0.27586207,0.2820034,0.3448276,0.32913846,0.13793103,0.126427
2908,0.9863982,False,Fibroblasts,Dendritic cells,0.23333333,0.2560434,0.033333335,0.037826885,0.36666667,0.34667528,0.36666667,0.35945445
4664,0.9863979,False,Type 2 alveolar,Type 2 alveolar,0.23333333,0.25534266,0.46666667,0.44648945,0.23333333,0.23852813,0.06666667,0.05963973
3933,0.9863953,False,Dendritic cells,Dendritic cells,0.13333334,0.15819271,0.3,0.30235,0.16666667,0.16386731,0.4,0.37559003
3456,0.98639053,False,Type 2 alveolar,Type 2 alveolar,0.2,0.22283596,0.4,0.3781444,0.06666667,0.06130325,0.33333334,0.33771634
2548,0.98638433,False,Type 2 alveolar,Type 2 alveolar,0.26666668,0.293898,0.43333334,0.40997466,0.16666667,0.16653647,0.13333334,0.12959093
730,0.9863812,False,Luminal_Macrophages,Type 2 alveolar,0.4827586,0.4602641,0.4827586,0.4780155,0.03448276,0.035236906,0.0,0.026483461
3231,0.98637944,False,Luminal_Macrophages,Luminal_Macrophages,0.4,0.3794315,0.0,0.027241085,0.3,0.29667193,0.3,0.29665548
4824,0.9863758,False,Dendritic cells,Dendritic cells,0.26666668,0.28473365,0.26666668,0.2758481,0.1,0.08788678,0.36666667,0.35153145
1478,0.98636544,False,Type 2 alveolar,Type 2 alveolar,0.0,0.025198994,0.5862069,0.57346493,0.27586207,0.2779322,0.13793103,0.123403884
1254,0.9863653,False,Type 2 alveolar,Type 2 alveolar,0.2,0.21713483,0.46666667,0.4422885,0.23333333,0.24346785,0.1,0.09710875
814,0.986364,False,Dendritic cells,Dendritic cells,0.13333334,0.15062915,0.3,0.30997613,0.13333334,0.1273386,0.43333334,0.41205615
3132,0.98636127,False,Fibroblasts,Fibroblasts,0.22580644,0.24467687,0.032258064,0.040665105,0.41935483,0.39600086,0.32258064,0.31865713
32,0.98636067,False,Fibroblasts,Fibroblasts,0.0,0.023744019,0.3,0.30353466,0.36666667,0.34773457,0.33333334,0.32498682
3210,0.9863603,False,Type 2 alveolar,Type 2 alveolar,0.10344828,0.10565777,0.5862069,0.5589275,0.31034482,0.31634462,0.0,0.01907013
1287,0.98635703,False,Luminal_Macrophages,Luminal_Macrophages,0.5862069,0.5728625,0.27586207,0.29522803,0.06896552,0.05502397,0.06896552,0.07688547
308,0.9863561,False,Type 2 alveolar,Type 2 alveolar,0.3,0.3272878,0.36666667,0.3582133,0.13333334,0.12307457,0.2,0.19142428
3659,0.986356,False,Type 2 alveolar,Type 2 alveolar,0.3,0.30757925,0.4,0.37271208,0.23333333,0.24125254,0.06666667,0.0784562
1687,0.9863542,False,Fibroblasts,Fibroblasts,0.26666668,0.2939584,0.13333334,0.13018182,0.5,0.48008412,0.1,0.09577569
4614,0.98634857,False,Dendritic cells,Dendritic cells,0.26666668,0.290387,0.23333333,0.23691587,0.16666667,0.16101068,0.33333334,0.31168646
936,0.98634595,False,Fibroblasts,Fibroblasts,0.033333335,0.03276274,0.2,0.20772488,0.5,0.4732625,0.26666668,0.28624994
2106,0.9863449,False,Dendritic cells,Dendritic cells,0.29032257,0.31763282,0.16129032,0.15676543,0.16129032,0.152112,0.38709676,0.3734897
1007,0.98633915,False,Luminal_Macrophages,Dendritic cells,0.33333334,0.31451452,0.33333334,0.32541752,0.0,0.027321685,0.33333334,0.3327463
2053,0.9863388,False,Type 2 alveolar,Type 2 alveolar,0.0,0.027322398,0.37931034,0.3609542,0.31034482,0.30710953,0.31034482,0.3046139
689,0.98633516,False,Type 2 alveolar,Type 2 alveolar,0.33333334,0.3341186,0.5,0.4726703,0.16666667,0.17119695,0.0,0.022014188
4161,0.98632324,False,Type 2 alveolar,Type 2 alveolar,0.2,0.21770307,0.4,0.37758029,0.16666667,0.16173287,0.23333333,0.24298379
943,0.9863187,False,Fibroblasts,Fibroblasts,0.3,0.3160576,0.26666668,0.27218294,0.4,0.37263742,0.033333335,0.039122023
4782,0.98631185,False,Type 2 alveolar,Type 2 alveolar,0.2,0.20187858,0.46666667,0.4392904,0.0,0.02018709,0.33333334,0.33864397
123,0.98630625,False,Luminal_Macrophages,Luminal_Macrophages,0.6333333,0.60861427,0.2,0.21397047,0.13333334,0.13066486,0.033333335,0.04675044
1830,0.98629916,False,Luminal_Macrophages,Luminal_Macrophages,0.43333334,0.40754032,0.26666668,0.26505798,0.0,0.023262396,0.3,0.30413923
4413,0.98629785,False,Fibroblasts,Fibroblasts,0.13793103,0.14556736,0.31034482,0.3079352,0.55172414,0.5267294,0.0,0.019768069
903,0.9862786,False,Fibroblasts,Fibroblasts,0.27586207,0.29338133,0.20689656,0.21682008,0.44827586,0.42264512,0.06896552,0.0671535
3638,0.98627716,False,Type 2 alveolar,Type 2 alveolar,0.0,0.027445689,0.4,0.3965711,0.4,0.38842624,0.2,0.18755703
3479,0.9862762,False,Fibroblasts,Fibroblasts,0.4,0.39501965,0.13333334,0.14224927,0.46666667,0.44419944,0.0,0.01853169
3775,0.98627615,False,Luminal_Macrophages,Luminal_Macrophages,0.4516129,0.43621382,0.3548387,0.34279,0.0,0.018446453,0.19354838,0.20254968
4747,0.9862728,False,Type 2 alveolar,Type 2 alveolar,0.12903225,0.14600864,0.41935483,0.3990929,0.19354838,0.18635598,0.2580645,0.26854247
3590,0.98626965,False,Luminal_Macrophages,Luminal_Macrophages,0.516129,0.48951912,0.16129032,0.1604396,0.19354838,0.203416,0.12903225,0.1466253
1449,0.986257,False,Fibroblasts,Fibroblasts,0.2,0.20317166,0.26666668,0.29098096,0.46666667,0.4402122,0.06666667,0.06563525
2661,0.9862434,False,Dendritic cells,Dendritic cells,0.16129032,0.18848863,0.16129032,0.16160516,0.16129032,0.15322015,0.516129,0.49668604
205,0.9862423,False,Luminal_Macrophages,Luminal_Macrophages,0.53333336,0.5090684,0.16666667,0.16341615,0.06666667,0.06752603,0.23333333,0.25998935
1351,0.98623717,False,Dendritic cells,Dendritic cells,0.4,0.40033105,0.0,0.027194569,0.13333334,0.13296768,0.46666667,0.4395067
247,0.9862366,False,Luminal_Macrophages,Luminal_Macrophages,0.53333336,0.53558046,0.0,0.02527968,0.36666667,0.35195482,0.1,0.087185025
4452,0.9862347,False,Luminal_Macrophages,Dendritic cells,0.41935483,0.39205667,0.0,0.022389246,0.19354838,0.19331597,0.38709676,0.39223814
2861,0.98623455,False,Dendritic cells,Dendritic cells,0.20689656,0.21942958,0.06896552,0.056944914,0.2413793,0.25637728,0.4827586,0.46724832
4785,0.98623025,False,Dendritic cells,Dendritic cells,0.16666667,0.18501508,0.13333334,0.118132316,0.23333333,0.24252439,0.46666667,0.45432815
4154,0.9862088,False,Type 2 alveolar,Dendritic cells,0.0,0.027582368,0.33333334,0.32427672,0.33333334,0.32056126,0.33333334,0.32757965
3528,0.9862083,False,Type 2 alveolar,Type 2 alveolar,0.2,0.2226529,0.4,0.38075918,0.13333334,0.124990776,0.26666668,0.27159718
2009,0.9861998,False,Type 2 alveolar,Type 2 alveolar,0.0,0.027600437,0.44827586,0.4317896,0.31034482,0.30035925,0.2413793,0.24025077
3922,0.98619795,False,Fibroblasts,Fibroblasts,0.0,0.025377562,0.033333335,0.035559867,0.6333333,0.61114275,0.33333334,0.32791978
1694,0.98618525,False,Dendritic cells,Dendritic cells,0.16129032,0.17194104,0.22580644,0.23499751,0.19354838,0.20133616,0.41935483,0.3917253
1361,0.98618317,False,Fibroblasts,Fibroblasts,0.36666667,0.37377518,0.0,0.020525128,0.4,0.37424374,0.23333333,0.23145594
521,0.9861773,False,Luminal_Macrophages,Luminal_Macrophages,0.46666667,0.4390213,0.2,0.2083949,0.3,0.3063346,0.033333335,0.0462492
3220,0.98617715,False,Luminal_Macrophages,Luminal_Macrophages,0.51724136,0.54346687,0.03448276,0.035903003,0.3448276,0.33999574,0.10344828,0.0806344
1903,0.98617435,False,Fibroblasts,Fibroblasts,0.20689656,0.22699489,0.27586207,0.2834151,0.3448276,0.32632583,0.1724138,0.16326419
1765,0.9861703,False,Fibroblasts,Fibroblasts,0.16129032,0.1608102,0.032258064,0.038138855,0.5483871,0.5212078,0.2580645,0.27984312
1098,0.98616296,False,Type 2 alveolar,Type 2 alveolar,0.33333334,0.34650564,0.46666667,0.43899253,0.16666667,0.17301895,0.033333335,0.041482884
4872,0.98615366,False,Type 2 alveolar,Type 2 alveolar,0.3,0.30468658,0.36666667,0.34283677,0.0,0.023006141,0.33333334,0.32947052
2050,0.9861519,False,Luminal_Macrophages,Luminal_Macrophages,0.56666666,0.55109423,0.26666668,0.28997347,0.1,0.087876156,0.06666667,0.07105608
1748,0.98613775,False,Fibroblasts,Fibroblasts,0.3,0.31166553,0.1,0.09239766,0.36666667,0.34654447,0.23333333,0.24939232
2984,0.9861349,False,Type 2 alveolar,Type 2 alveolar,0.2,0.21854423,0.43333334,0.412845,0.06666667,0.05942478,0.3,0.30918604
4890,0.9861334,False,Fibroblasts,Fibroblasts,0.13333334,0.12477778,0.06666667,0.060856756,0.6,0.58663225,0.2,0.22773321
7,0.98612815,False,Type 2 alveolar,Type 2 alveolar,0.0,0.027743677,0.41379312,0.40580902,0.1724138,0.16159302,0.41379312,0.40485424
2385,0.9861199,False,Fibroblasts,Luminal_Macrophages,0.33333334,0.36109343,0.13333334,0.13198203,0.36666667,0.35263902,0.16666667,0.15428552
1403,0.9861198,False,Type 2 alveolar,Type 2 alveolar,0.13333334,0.15507244,0.43333334,0.40557295,0.23333333,0.23899028,0.2,0.20036435
2028,0.98611355,False,Type 2 alveolar,Type 2 alveolar,0.3448276,0.33648452,0.37931034,0.35988048,0.0,0.021851368,0.27586207,0.28178367
249,0.98610705,False,Type 2 alveolar,Type 2 alveolar,0.2580645,0.2780446,0.3548387,0.34724134,0.3548387,0.3346502,0.032258064,0.040063795
2358,0.986107,False,Type 2 alveolar,Type 2 alveolar,0.36666667,0.35898697,0.4,0.37989372,0.23333333,0.23760931,0.0,0.023510044
4760,0.98610115,False,Fibroblasts,Fibroblasts,0.27586207,0.28961605,0.1724138,0.17222956,0.41379312,0.3861796,0.13793103,0.15197481
607,0.9861005,False,Fibroblasts,Fibroblasts,0.3,0.30811396,0.23333333,0.24789418,0.43333334,0.40553436,0.033333335,0.038457546
2242,0.9860979,False,Luminal_Macrophages,Luminal_Macrophages,0.5,0.48010266,0.13333334,0.12542643,0.23333333,0.253104,0.13333334,0.1413669
3307,0.9860881,False,Luminal_Macrophages,Luminal_Macrophages,0.61290324,0.59370166,0.09677419,0.08815204,0.29032257,0.29279137,0.0,0.025354985
3610,0.9860862,False,Dendritic cells,Dendritic cells,0.3,0.30339584,0.0,0.024431791,0.33333334,0.31999183,0.36666667,0.3521806
1895,0.986079,False,Luminal_Macrophages,Luminal_Macrophages,0.55172414,0.542752,0.0,0.024057483,0.03448276,0.03826724,0.41379312,0.3949232
1427,0.9860722,False,Dendritic cells,Dendritic cells,0.2,0.2278556,0.1,0.078111015,0.2,0.1966874,0.5,0.49734595
4340,0.98606825,False,Luminal_Macrophages,Luminal_Macrophages,0.516129,0.4882656,0.032258064,0.044640984,0.22580644,0.23956513,0.22580644,0.22752832
2168,0.9860584,False,Luminal_Macrophages,Luminal_Macrophages,0.6333333,0.6091308,0.1,0.09631939,0.0,0.017560888,0.26666668,0.27698892
1882,0.9860539,False,Type 2 alveolar,Type 2 alveolar,0.13793103,0.14702083,0.55172414,0.52383196,0.03448276,0.035150975,0.27586207,0.29399633
3055,0.98604906,False,Dendritic cells,Dendritic cells,0.10344828,0.118147545,0.20689656,0.20224796,0.27586207,0.28906474,0.41379312,0.39053982
4540,0.9860443,False,Fibroblasts,Fibroblasts,0.16129032,0.17796212,0.19354838,0.18576217,0.41935483,0.39922965,0.22580644,0.23704606
2501,0.9860432,False,Dendritic cells,Dendritic cells,0.29032257,0.31823617,0.19354838,0.18457921,0.12903225,0.11711952,0.38709676,0.38006502
3579,0.986039,False,Fibroblasts,Fibroblasts,0.23333333,0.2563886,0.033333335,0.037745535,0.43333334,0.40541127,0.3,0.30045465
1479,0.9860345,False,Dendritic cells,Dendritic cells,0.033333335,0.045921687,0.3,0.31534263,0.2,0.19288164,0.46666667,0.44585404
646,0.986034,False,Fibroblasts,Fibroblasts,0.23333333,0.26126537,0.26666668,0.2635973,0.3,0.28619352,0.2,0.1889438
890,0.98602915,False,Fibroblasts,Luminal_Macrophages,0.33333334,0.3505275,0.06666667,0.061324503,0.36666667,0.3440671,0.23333333,0.24408095
554,0.98602784,False,Dendritic cells,Dendritic cells,0.2,0.21853967,0.1,0.100375764,0.26666668,0.27569556,0.43333334,0.40538895
3778,0.98602647,False,Luminal_Macrophages,Luminal_Macrophages,0.36666667,0.3632963,0.0,0.021869028,0.36666667,0.34209,0.26666668,0.2727447
2384,0.9860246,False,Type 2 alveolar,Type 2 alveolar,0.16666667,0.17962834,0.46666667,0.4387159,0.3,0.3120698,0.06666667,0.0695859
3976,0.98602337,False,Type 2 alveolar,Type 2 alveolar,0.2,0.22525555,0.43333334,0.40749183,0.13333334,0.13122156,0.23333333,0.23603104
3387,0.9860179,False,Dendritic cells,Dendritic cells,0.2413793,0.26934358,0.10344828,0.101029545,0.20689656,0.20625436,0.44827586,0.42337254
2736,0.9860111,False,Type 2 alveolar,Type 2 alveolar,0.13333334,0.12467075,0.33333334,0.3213029,0.3,0.2927152,0.23333333,0.26131117
3846,0.9860004,False,Fibroblasts,Fibroblasts,0.3448276,0.32607964,0.27586207,0.2841192,0.37931034,0.37005916,0.0,0.019742046
764,0.98599356,False,Fibroblasts,Fibroblasts,0.2,0.1793075,0.2,0.21537384,0.46666667,0.45934626,0.13333334,0.14597242
1225,0.985992,False,Fibroblasts,Fibroblasts,0.2413793,0.26123765,0.1724138,0.17145768,0.37931034,0.35225052,0.20689656,0.21505417
3559,0.9859914,False,Luminal_Macrophages,Luminal_Macrophages,0.56666666,0.53864956,0.033333335,0.036619555,0.16666667,0.16694081,0.23333333,0.25779012
4515,0.98599124,False,Luminal_Macrophages,Luminal_Macrophages,0.51724136,0.5204785,0.0,0.0247804,0.41379312,0.3872109,0.06896552,0.067530215
3372,0.98598975,False,Dendritic cells,Dendritic cells,0.0,0.023885557,0.26666668,0.2708016,0.33333334,0.31889787,0.4,0.38641495
928,0.9859758,False,Luminal_Macrophages,Luminal_Macrophages,0.3548387,0.34366363,0.22580644,0.25385484,0.06451613,0.059016854,0.3548387,0.34346464
1145,0.9859754,False,Fibroblasts,Fibroblasts,0.06451613,0.05825195,0.22580644,0.24310486,0.4516129,0.42982793,0.2580645,0.2688153
1956,0.985969,False,Fibroblasts,Fibroblasts,0.10344828,0.09334112,0.06896552,0.054913085,0.79310346,0.8211655,0.03448276,0.03058036
1396,0.98595566,False,Type 2 alveolar,Type 2 alveolar,0.0,0.014652698,0.82758623,0.84102225,0.13793103,0.11579639,0.03448276,0.028528713
110,0.9859521,False,Luminal_Macrophages,Luminal_Macrophages,0.4827586,0.47992477,0.44827586,0.42301393,0.0,0.016638322,0.06896552,0.08042301
2374,0.9859483,False,Type 2 alveolar,Type 2 alveolar,0.23333333,0.2586444,0.36666667,0.34508744,0.13333334,0.12680922,0.26666668,0.2694589
1435,0.98594815,False,Luminal_Macrophages,Luminal_Macrophages,0.53333336,0.5052296,0.16666667,0.16800956,0.3,0.3042176,0.0,0.022543252
691,0.98594797,False,Type 2 alveolar,Type 2 alveolar,0.0,0.028104046,0.3448276,0.33337808,0.31034482,0.30634245,0.3448276,0.3321754
2768,0.98593765,False,Fibroblasts,Luminal_Macrophages,0.3,0.32812464,0.13333334,0.12872365,0.33333334,0.31768405,0.23333333,0.22546762
2632,0.98593694,False,Fibroblasts,Fibroblasts,0.2413793,0.26152074,0.13793103,0.14591575,0.44827586,0.42568153,0.1724138,0.16688201
4766,0.9859367,False,Luminal_Macrophages,Luminal_Macrophages,0.46666667,0.4473741,0.0,0.023267193,0.3,0.29116595,0.23333333,0.23819275
2252,0.9859142,False,Type 2 alveolar,Type 2 alveolar,0.26666668,0.28575346,0.46666667,0.4436269,0.06666667,0.06153475,0.2,0.20908487
1820,0.985904,False,Dendritic cells,Dendritic cells,0.26666668,0.27349308,0.23333333,0.23272012,0.0,0.0213656,0.5,0.47242123
2784,0.9859008,False,Fibroblasts,Fibroblasts,0.03448276,0.04119157,0.2413793,0.25252903,0.44827586,0.42007747,0.27586207,0.28620195
2690,0.98588103,False,Fibroblasts,Fibroblasts,0.0,0.021215,0.3,0.2971396,0.46666667,0.44128907,0.23333333,0.24035628
4924,0.98587936,False,Type 2 alveolar,Type 2 alveolar,0.13333334,0.14363362,0.5,0.477538,0.06666667,0.06088743,0.3,0.31794098
2124,0.98586303,False,Dendritic cells,Dendritic cells,0.16666667,0.184179,0.26666668,0.27742824,0.1,0.089389905,0.46666667,0.4490028
1443,0.98585635,False,Luminal_Macrophages,Dendritic cells,0.46666667,0.4383794,0.06666667,0.07382862,0.0,0.021108486,0.46666667,0.46668345
2802,0.98585373,False,Luminal_Macrophages,Luminal_Macrophages,0.5862069,0.55799943,0.2413793,0.26582366,0.03448276,0.034397744,0.13793103,0.14177915
3751,0.9858522,False,Type 2 alveolar,Type 2 alveolar,0.13333334,0.13966654,0.56666666,0.538371,0.26666668,0.2869156,0.033333335,0.035046864
2505,0.98584586,False,Fibroblasts,Fibroblasts,0.06666667,0.058849122,0.16666667,0.17429467,0.46666667,0.44617587,0.3,0.32068023
2279,0.98584574,False,Dendritic cells,Dendritic cells,0.2,0.22468328,0.3,0.29510757,0.033333335,0.036958557,0.46666667,0.44325066
4311,0.9858451,False,Dendritic cells,Dendritic cells,0.3,0.30923843,0.23333333,0.25240466,0.1,0.095456466,0.36666667,0.34290043
1785,0.98584,False,Fibroblasts,Fibroblasts,0.06666667,0.056080304,0.23333333,0.24807161,0.4,0.38226637,0.3,0.31358165
1639,0.98583174,False,Dendritic cells,Dendritic cells,0.26666668,0.28866276,0.23333333,0.23967378,0.06666667,0.06034733,0.43333334,0.41131616
4734,0.98582625,False,Luminal_Macrophages,Luminal_Macrophages,0.43333334,0.4196838,0.33333334,0.31863534,0.0,0.020627378,0.23333333,0.24105349
1238,0.98581964,False,Luminal_Macrophages,Luminal_Macrophages,0.5,0.50384563,0.0,0.022556184,0.033333335,0.035292294,0.46666667,0.43830588
4151,0.98581594,False,Luminal_Macrophages,Luminal_Macrophages,0.4,0.37284955,0.26666668,0.28631765,0.26666668,0.27538383,0.06666667,0.065449014
307,0.9858119,False,Type 2 alveolar,Type 2 alveolar,0.16666667,0.1836465,0.4,0.3777272,0.13333334,0.12722996,0.3,0.31139642
3280,0.98580796,False,Dendritic cells,Dendritic cells,0.13793103,0.16004957,0.06896552,0.055474143,0.31034482,0.31661043,0.4827586,0.46786588
4088,0.9857987,False,Dendritic cells,Dendritic cells,0.16666667,0.17954217,0.2,0.19103508,0.0,0.015527038,0.6333333,0.6138958
1134,0.9857947,False,Luminal_Macrophages,Luminal_Macrophages,0.44827586,0.42375392,0.10344828,0.09955965,0.13793103,0.13831016,0.31034482,0.33837625
2258,0.9857935,False,Luminal_Macrophages,Luminal_Macrophages,0.43333334,0.4119186,0.3,0.31026673,0.1,0.093001686,0.16666667,0.18481293
651,0.9857895,False,Type 2 alveolar,Type 2 alveolar,0.0,0.024580093,0.41379312,0.41763407,0.41379312,0.40107456,0.1724138,0.15671125
3546,0.9857796,False,Fibroblasts,Fibroblasts,0.36666667,0.36464745,0.0,0.02010661,0.46666667,0.440245,0.16666667,0.17500085
144,0.9857768,False,Fibroblasts,Fibroblasts,0.2,0.22844642,0.033333335,0.032367032,0.4,0.38102207,0.36666667,0.35816452
4715,0.985772,False,Luminal_Macrophages,Luminal_Macrophages,0.44827586,0.43091872,0.0,0.027038606,0.2413793,0.24279669,0.31034482,0.29924598
3322,0.9857713,False,Type 2 alveolar,Type 2 alveolar,0.1724138,0.1909505,0.41379312,0.39552036,0.27586207,0.28578272,0.13793103,0.12774642
1608,0.9857415,False,Luminal_Macrophages,Luminal_Macrophages,0.51724136,0.49023,0.20689656,0.22475162,0.06896552,0.0674599,0.20689656,0.21755853
3527,0.9857311,False,Dendritic cells,Dendritic cells,0.032258064,0.036529496,0.4516129,0.42307514,0.0,0.019550875,0.516129,0.5208445
1615,0.98573,False,Luminal_Macrophages,Luminal_Macrophages,0.43333334,0.40479335,0.26666668,0.2917477,0.23333333,0.23596835,0.06666667,0.0674906
84,0.9857262,False,Type 2 alveolar,Type 2 alveolar,0.13333334,0.15033957,0.4,0.37554514,0.16666667,0.16257389,0.3,0.3115414
2144,0.98572594,False,Type 2 alveolar,Type 2 alveolar,0.2413793,0.26518896,0.37931034,0.35685274,0.03448276,0.039221276,0.3448276,0.33873704
870,0.98571515,False,Luminal_Macrophages,Luminal_Macrophages,0.4,0.37762696,0.0,0.025376035,0.26666668,0.2698604,0.33333334,0.32713667
3404,0.9857064,False,Type 2 alveolar,Type 2 alveolar,0.0,0.025446061,0.56666666,0.54177094,0.13333334,0.13647445,0.3,0.29630846
2956,0.9856955,False,Fibroblasts,Fibroblasts,0.26666668,0.27009186,0.06666667,0.06817588,0.43333334,0.40472427,0.23333333,0.257008
1289,0.98569524,False,Fibroblasts,Fibroblasts,0.13333334,0.13704664,0.2,0.19660378,0.4,0.3747867,0.26666668,0.2915629
782,0.9856824,False,Type 2 alveolar,Type 2 alveolar,0.32258064,0.33756652,0.38709676,0.35846165,0.032258064,0.036306534,0.2580645,0.26766527
263,0.9856815,False,Luminal_Macrophages,Luminal_Macrophages,0.6666667,0.64142483,0.0,0.019988585,0.16666667,0.16327147,0.16666667,0.17531511
1167,0.98567975,False,Type 2 alveolar,Type 2 alveolar,0.0,0.02256849,0.4,0.37796873,0.3,0.2933908,0.3,0.30607206
1499,0.9856749,False,Luminal_Macrophages,Luminal_Macrophages,0.46666667,0.4380165,0.13333334,0.15070792,0.033333335,0.039052512,0.36666667,0.3722231
4369,0.98567367,False,Luminal_Macrophages,Luminal_Macrophages,0.56666666,0.55511713,0.06666667,0.05528494,0.36666667,0.36094528,0.0,0.028652668
4200,0.98566616,False,Fibroblasts,Fibroblasts,0.33333334,0.3262224,0.23333333,0.26200107,0.36666667,0.3489026,0.06666667,0.062873945
3373,0.9856582,False,Luminal_Macrophages,Luminal_Macrophages,0.36666667,0.3379831,0.26666668,0.28290442,0.26666668,0.2762651,0.1,0.1028473
299,0.985657,False,Type 2 alveolar,Type 2 alveolar,0.2413793,0.25071776,0.41379312,0.38769555,0.06896552,0.066376984,0.27586207,0.2952097
913,0.98565596,False,Type 2 alveolar,Type 2 alveolar,0.2,0.22868803,0.36666667,0.34400326,0.1,0.09578668,0.33333334,0.33152202
2753,0.985647,False,Type 2 alveolar,Type 2 alveolar,0.26666668,0.28948405,0.4,0.3728801,0.3,0.298414,0.033333335,0.039221864
2381,0.9856442,False,Type 2 alveolar,Type 2 alveolar,0.06451613,0.06686044,0.4516129,0.42290136,0.22580644,0.23152268,0.2580645,0.27871552
4433,0.98563576,False,Dendritic cells,Dendritic cells,0.3,0.32241845,0.2,0.20631005,0.13333334,0.121696584,0.36666667,0.34957495
3196,0.985634,False,Dendritic cells,Dendritic cells,0.0,0.02546412,0.2,0.20326778,0.36666667,0.35431194,0.43333334,0.41695613
2735,0.9856324,False,Luminal_Macrophages,Luminal_Macrophages,0.6,0.5721336,0.1,0.10426762,0.23333333,0.2578009,0.06666667,0.065797895
566,0.9856267,False,Fibroblasts,Fibroblasts,0.26666668,0.2954133,0.06666667,0.06367434,0.33333334,0.32334152,0.33333334,0.31757087
4581,0.9856239,False,Dendritic cells,Dendritic cells,0.2,0.2287522,0.033333335,0.03333174,0.33333334,0.32238942,0.43333334,0.41552666
2281,0.9856101,False,Type 2 alveolar,Type 2 alveolar,0.26666668,0.29035538,0.43333334,0.4137359,0.13333334,0.12415095,0.16666667,0.17175768
4097,0.9856056,False,Type 2 alveolar,Type 2 alveolar,0.3,0.3038333,0.4,0.3712112,0.3,0.300105,0.0,0.024850491
202,0.98558277,False,Dendritic cells,Dendritic cells,0.09677419,0.11692222,0.29032257,0.29900897,0.22580644,0.22391787,0.38709676,0.36015087
2465,0.9855717,False,Fibroblasts,Fibroblasts,0.2,0.20754074,0.33333334,0.33251584,0.46666667,0.43862754,0.0,0.021315956
2527,0.9855681,False,Type 2 alveolar,Type 2 alveolar,0.3,0.3074082,0.36666667,0.34532884,0.06666667,0.059140723,0.26666668,0.28812218
1811,0.98555624,False,Luminal_Macrophages,Luminal_Macrophages,0.46666667,0.4429269,0.26666668,0.28740966,0.1,0.094852194,0.16666667,0.1748112
3971,0.9855475,False,Type 2 alveolar,Dendritic cells,0.0,0.021319965,0.4516129,0.4310609,0.09677419,0.08842112,0.4516129,0.459198
3568,0.98552805,False,Type 2 alveolar,Type 2 alveolar,0.0,0.025305038,0.5,0.4747653,0.2,0.19629073,0.3,0.3036389
68,0.9855131,False,Luminal_Macrophages,Luminal_Macrophages,0.4,0.38091722,0.23333333,0.2485357,0.1,0.09010901,0.26666668,0.28043813
1766,0.9855067,False,Type 2 alveolar,Type 2 alveolar,0.06451613,0.07628905,0.48387095,0.4548844,0.16129032,0.16148156,0.29032257,0.30734497
1192,0.98549294,False,Fibroblasts,Fibroblasts,0.23333333,0.2143948,0.26666668,0.28058892,0.33333334,0.32325774,0.16666667,0.18175851
3117,0.9854855,False,Fibroblasts,Fibroblasts,0.1,0.11517108,0.2,0.19478253,0.43333334,0.4095218,0.26666668,0.2805247
1782,0.98548275,False,Dendritic cells,Dendritic cells,0.03448276,0.03196515,0.03448276,0.032878567,0.20689656,0.18198381,0.7241379,0.75317246
4605,0.98547417,False,Luminal_Macrophages,Luminal_Macrophages,0.48387095,0.4548193,0.22580644,0.23361051,0.2580645,0.271852,0.032258064,0.039718222
2534,0.98547024,False,Dendritic cells,Dendritic cells,0.33333334,0.3554867,0.033333335,0.04023953,0.16666667,0.16297032,0.46666667,0.44130346
824,0.98546964,False,Type 2 alveolar,Type 2 alveolar,0.27586207,0.3049228,0.51724136,0.4936845,0.06896552,0.06418738,0.13793103,0.13720536
4317,0.9854681,False,Fibroblasts,Fibroblasts,0.26666668,0.27629873,0.033333335,0.03712728,0.43333334,0.40426958,0.26666668,0.28230447
1554,0.9854662,False,Fibroblasts,Fibroblasts,0.033333335,0.041458797,0.3,0.31071976,0.43333334,0.40426573,0.23333333,0.24355571
150,0.9854605,False,Fibroblasts,Fibroblasts,0.13333334,0.15713193,0.26666668,0.2719471,0.4,0.37395707,0.2,0.19696389
1182,0.9854594,False,Fibroblasts,Fibroblasts,0.0,0.02535268,0.4,0.3903727,0.43333334,0.4138794,0.16666667,0.17039523
4569,0.98545754,False,Fibroblasts,Fibroblasts,0.33333334,0.35927367,0.13333334,0.1213928,0.4,0.3828556,0.13333334,0.13647786
881,0.98545164,False,Luminal_Macrophages,Luminal_Macrophages,0.4827586,0.45499766,0.20689656,0.21821237,0.31034482,0.30900908,0.0,0.017780917
948,0.98544896,False,Fibroblasts,Fibroblasts,0.23333333,0.23944095,0.3,0.3030334,0.46666667,0.43756455,0.0,0.019961115
366,0.9854385,False,Type 2 alveolar,Type 2 alveolar,0.26666668,0.2957896,0.5,0.48021573,0.06666667,0.06448723,0.16666667,0.15950748
2137,0.9854351,False,Type 2 alveolar,Type 2 alveolar,0.1,0.080874875,0.8333333,0.8524068,0.0,0.010056238,0.06666667,0.056662027
2308,0.9854034,False,Type 2 alveolar,Type 2 alveolar,0.26666668,0.29585978,0.46666667,0.44369522,0.13333334,0.13248906,0.13333334,0.12795594
557,0.9854029,False,Dendritic cells,Dendritic cells,0.2413793,0.26675484,0.10344828,0.0969403,0.27586207,0.27968076,0.37931034,0.35662413
1844,0.9854021,False,Fibroblasts,Fibroblasts,0.23333333,0.25429714,0.033333335,0.033025187,0.43333334,0.40444574,0.3,0.30823195
751,0.9853737,False,Luminal_Macrophages,Luminal_Macrophages,0.36666667,0.343195,0.26666668,0.26809946,0.1,0.09421898,0.26666668,0.29448655
254,0.9853708,False,Luminal_Macrophages,Luminal_Macrophages,0.4516129,0.42235452,0.2580645,0.273954,0.2580645,0.26638314,0.032258064,0.037308324
2352,0.98537,False,Dendritic cells,Dendritic cells,0.26666668,0.2926969,0.16666667,0.15826036,0.2,0.2032298,0.36666667,0.34581298
1217,0.9853674,False,Fibroblasts,Fibroblasts,0.16666667,0.17127638,0.0,0.018623017,0.53333336,0.50406814,0.3,0.30603242
2521,0.98535544,False,Type 2 alveolar,Type 2 alveolar,0.16129032,0.15449739,0.7419355,0.77122456,0.06451613,0.042276025,0.032258064,0.032002024
2432,0.98535407,False,Dendritic cells,Dendritic cells,0.0,0.02929194,0.32258064,0.31929758,0.19354838,0.19354653,0.48387095,0.45786396
1342,0.9853479,False,Luminal_Macrophages,Luminal_Macrophages,0.48387095,0.45456687,0.22580644,0.22992323,0.2580645,0.27143487,0.032258064,0.044075027
1922,0.98534304,False,Fibroblasts,Fibroblasts,0.26666668,0.2890568,0.3,0.30692384,0.36666667,0.34494823,0.06666667,0.059071124
3413,0.9853335,False,Fibroblasts,Fibroblasts,0.23333333,0.24233228,0.16666667,0.16504864,0.4,0.3722851,0.2,0.22033401
1198,0.9852998,False,Type 2 alveolar,Type 2 alveolar,0.0,0.02508408,0.46666667,0.44160822,0.3,0.29565817,0.23333333,0.23764956
3586,0.9852966,False,Fibroblasts,Fibroblasts,0.1,0.077178724,0.1,0.11509878,0.6333333,0.6476413,0.16666667,0.16008121
2338,0.98529655,False,Type 2 alveolar,Type 2 alveolar,0.0,0.023974057,0.4,0.38219944,0.33333334,0.32172704,0.26666668,0.2720995
2895,0.98528767,False,Fibroblasts,Fibroblasts,0.29032257,0.3197472,0.12903225,0.11953731,0.3548387,0.34243554,0.22580644,0.2182799
852,0.9852876,False,Dendritic cells,Dendritic cells,0.0,0.025868675,0.23333333,0.2368894,0.2,0.18369018,0.56666666,0.55355173
960,0.9852792,False,Luminal_Macrophages,Luminal_Macrophages,0.32258064,0.29838756,0.2580645,0.2536037,0.2580645,0.25727683,0.16129032,0.19073194
3182,0.98527116,False,Type 2 alveolar,Type 2 alveolar,0.16666667,0.18538168,0.46666667,0.4419117,0.06666667,0.061963968,0.3,0.3107427
4313,0.985263,False,Type 2 alveolar,Type 2 alveolar,0.26666668,0.28971782,0.4,0.37768456,0.1,0.092841394,0.23333333,0.23975623
4171,0.9852603,False,Dendritic cells,Dendritic cells,0.23333333,0.24186598,0.36666667,0.33718723,0.0,0.020557499,0.4,0.40038928
1669,0.9852464,False,Dendritic cells,Dendritic cells,0.2,0.2211093,0.13333334,0.12695713,0.26666668,0.2750646,0.4,0.376869
1981,0.9852461,False,Dendritic cells,Dendritic cells,0.32258064,0.29307285,0.032258064,0.0349899,0.0,0.017514978,0.6451613,0.6544223
2935,0.98524255,False,Dendritic cells,Dendritic cells,0.23333333,0.25073698,0.23333333,0.24544454,0.16666667,0.16075172,0.36666667,0.34306675
383,0.9852242,False,Fibroblasts,Fibroblasts,0.3,0.2875349,0.033333335,0.038408887,0.6666667,0.6495801,0.0,0.024476094
2181,0.98522073,False,Type 2 alveolar,Type 2 alveolar,0.22580644,0.25000176,0.5483871,0.5193002,0.032258064,0.03178635,0.19354838,0.1989116
862,0.98521346,False,Dendritic cells,Dendritic cells,0.1,0.11861871,0.2,0.1883882,0.26666668,0.277621,0.43333334,0.41537204
2698,0.98520935,False,Type 2 alveolar,Type 2 alveolar,0.23333333,0.2502836,0.4,0.3848192,0.1,0.085599415,0.26666668,0.27929777
1614,0.9851983,False,Dendritic cells,Dendritic cells,0.3,0.3264736,0.23333333,0.23646307,0.1,0.0858192,0.36666667,0.3512441
1690,0.98519385,False,Fibroblasts,Fibroblasts,0.26666668,0.29028186,0.23333333,0.22585566,0.36666667,0.34453207,0.13333334,0.13933046
1078,0.9851817,False,Fibroblasts,Fibroblasts,0.0,0.023403583,0.23333333,0.23243663,0.5,0.47126,0.26666668,0.27289975
4823,0.98517114,False,Fibroblasts,Fibroblasts,0.13793103,0.14521562,0.10344828,0.10088575,0.4827586,0.45566344,0.27586207,0.2982352
1448,0.98516166,False,Luminal_Macrophages,Luminal_Macrophages,0.53333336,0.5036567,0.26666668,0.28781828,0.16666667,0.16706899,0.033333335,0.04145609
3819,0.98515797,False,Dendritic cells,Dendritic cells,0.4,0.40522167,0.0,0.024462298,0.16666667,0.15838987,0.43333334,0.4119261
4489,0.98515064,False,Fibroblasts,Fibroblasts,0.19354838,0.19206338,0.032258064,0.03292508,0.48387095,0.45565724,0.29032257,0.31935427
2368,0.9851489,False,Fibroblasts,Fibroblasts,0.26666668,0.26152787,0.0,0.021424536,0.4,0.3754366,0.33333334,0.341611
1472,0.9851197,False,Fibroblasts,Fibroblasts,0.0,0.02356254,0.46666667,0.4569181,0.5,0.47998798,0.033333335,0.039531395
1506,0.98511404,False,Dendritic cells,Dendritic cells,0.0,0.019611932,0.2,0.21015997,0.36666667,0.34573323,0.43333334,0.42449492
1326,0.985105,False,Type 2 alveolar,Type 2 alveolar,0.2,0.22456081,0.5,0.47644114,0.06666667,0.060435478,0.23333333,0.23856252
4787,0.98510426,False,Fibroblasts,Fibroblasts,0.26666668,0.29645813,0.16666667,0.16174555,0.46666667,0.4519877,0.1,0.08980859
3513,0.9851017,False,Dendritic cells,Dendritic cells,0.0,0.021820214,0.2,0.20797636,0.3,0.29246095,0.5,0.47774246
2524,0.98509336,False,Luminal_Macrophages,Luminal_Macrophages,0.4,0.37953332,0.33333334,0.32398674,0.26666668,0.27378643,0.0,0.02269349
1745,0.9850921,False,Type 2 alveolar,Type 2 alveolar,0.033333335,0.04440975,0.6,0.5710807,0.033333335,0.032436922,0.33333334,0.3520727
4206,0.98508894,False,Fibroblasts,Fibroblasts,0.36666667,0.3602672,0.2,0.2067256,0.43333334,0.40991065,0.0,0.023096554
1344,0.9850849,False,Dendritic cells,Dendritic cells,0.2,0.2092725,0.3,0.28284281,0.0,0.020557692,0.5,0.48732698
2507,0.9850836,False,Type 2 alveolar,Type 2 alveolar,0.3448276,0.32915366,0.37931034,0.36515144,0.0,0.020245029,0.27586207,0.2854499
2851,0.9850784,False,Type 2 alveolar,Type 2 alveolar,0.37931034,0.39145625,0.51724136,0.492143,0.0,0.01769735,0.10344828,0.098703444
2482,0.9850757,False,Fibroblasts,Fibroblasts,0.31034482,0.31699428,0.20689656,0.2260166,0.44827586,0.41842723,0.03448276,0.038561843
4634,0.9850697,False,Dendritic cells,Dendritic cells,0.1,0.115856186,0.16666667,0.15311518,0.3,0.3140044,0.43333334,0.41702422
3835,0.9850596,False,Type 2 alveolar,Type 2 alveolar,0.2413793,0.27047926,0.4827586,0.4559375,0.20689656,0.2076773,0.06896552,0.06590586
3702,0.985054,False,Fibroblasts,Fibroblasts,0.26666668,0.2897029,0.23333333,0.24018908,0.43333334,0.40799606,0.06666667,0.062111944
3226,0.9850445,False,Dendritic cells,Dendritic cells,0.2413793,0.27129036,0.1724138,0.17109522,0.1724138,0.16963628,0.41379312,0.3879781
261,0.98503333,False,Fibroblasts,Fibroblasts,0.033333335,0.04383047,0.23333333,0.23735681,0.46666667,0.43673334,0.26666668,0.28207943
1194,0.9850278,False,Dendritic cells,Dendritic cells,0.06896552,0.05978402,0.03448276,0.03580003,0.1724138,0.15165085,0.7241379,0.7527651
3714,0.98501605,False,Luminal_Macrophages,Luminal_Macrophages,0.46666667,0.4469542,0.06666667,0.07080231,0.16666667,0.15641126,0.3,0.32583228
1107,0.9850052,False,Type 2 alveolar,Type 2 alveolar,0.26666668,0.28007072,0.43333334,0.40737677,0.06666667,0.06263366,0.23333333,0.24991885
2043,0.9850041,False,Type 2 alveolar,Type 2 alveolar,0.2,0.22083329,0.46666667,0.43667492,0.033333335,0.037632566,0.3,0.30485925
1062,0.9850003,False,Dendritic cells,Dendritic cells,0.06896552,0.061682608,0.13793103,0.13124315,0.10344828,0.08741966,0.6896552,0.71965456
4281,0.98498935,False,Dendritic cells,Dendritic cells,0.32258064,0.34221396,0.06451613,0.068579234,0.19354838,0.19987328,0.41935483,0.38933352
2209,0.9849858,False,Dendritic cells,Dendritic cells,0.2,0.21287894,0.13333334,0.11804828,0.06666667,0.051923368,0.6,0.6171494
1657,0.9849837,False,Fibroblasts,Fibroblasts,0.20689656,0.23119852,0.06896552,0.05995684,0.41379312,0.3927692,0.31034482,0.31607544
1265,0.9849643,False,Fibroblasts,Fibroblasts,0.0,0.019608708,0.33333334,0.33234745,0.46666667,0.43758118,0.2,0.21046266
3982,0.9849445,False,Fibroblasts,Fibroblasts,0.2580645,0.2867077,0.12903225,0.12940954,0.41935483,0.3892439,0.19354838,0.19463885
185,0.984934,False,Fibroblasts,Fibroblasts,0.13333334,0.1538289,0.23333333,0.22695187,0.36666667,0.34291604,0.26666668,0.27630317
2049,0.98492396,False,Type 2 alveolar,Type 2 alveolar,0.16666667,0.17548835,0.4,0.3755907,0.16666667,0.16092387,0.26666668,0.2879971
4771,0.9849198,False,Type 2 alveolar,Type 2 alveolar,0.23333333,0.25677055,0.36666667,0.34546527,0.1,0.091040924,0.3,0.30672327
2483,0.98491526,False,Type 2 alveolar,Type 2 alveolar,0.26666668,0.28074878,0.6333333,0.6080983,0.0,0.016087405,0.1,0.095065564
3390,0.98490715,False,Luminal_Macrophages,Luminal_Macrophages,0.56666666,0.53739643,0.26666668,0.28948298,0.033333335,0.032417815,0.13333334,0.14070274
3524,0.9849065,False,Dendritic cells,Dendritic cells,0.23333333,0.25217432,0.23333333,0.2446794,0.13333334,0.12038779,0.4,0.3827585
1611,0.9848964,False,Type 2 alveolar,Type 2 alveolar,0.2,0.22480989,0.4,0.38393846,0.3,0.3053972,0.1,0.08585441
2708,0.9848746,False,Fibroblasts,Fibroblasts,0.26666668,0.28596765,0.26666668,0.27761644,0.4,0.37855494,0.06666667,0.057860907
977,0.98487437,False,Luminal_Macrophages,Type 2 alveolar,0.37931034,0.34905908,0.3448276,0.35037458,0.20689656,0.2111475,0.06896552,0.08941887
1874,0.98486847,False,Dendritic cells,Dendritic cells,0.36666667,0.3586092,0.2,0.20842978,0.0,0.021833308,0.43333334,0.41112772
4465,0.9848619,False,Type 2 alveolar,Type 2 alveolar,0.36666667,0.35665342,0.43333334,0.41307044,0.2,0.2046149,0.0,0.025661312
3639,0.98485386,False,Type 2 alveolar,Type 2 alveolar,0.23333333,0.25585985,0.4,0.3768344,0.26666668,0.27443245,0.1,0.092873335
151,0.9848367,False,Type 2 alveolar,Type 2 alveolar,0.13333334,0.15652673,0.43333334,0.41273603,0.23333333,0.24046654,0.2,0.19027072
3278,0.9848272,False,Dendritic cells,Dendritic cells,0.13333334,0.14825848,0.2,0.21118549,0.26666668,0.27090162,0.4,0.36965445
4451,0.9848252,False,Fibroblasts,Fibroblasts,0.13333334,0.13453291,0.1,0.09214637,0.5,0.47750401,0.26666668,0.29581672
2320,0.98482424,False,Type 2 alveolar,Type 2 alveolar,0.0,0.027810099,0.46666667,0.44254768,0.3,0.2937675,0.23333333,0.23587468
53,0.9848181,False,Dendritic cells,Dendritic cells,0.26666668,0.29437178,0.1,0.09461635,0.2,0.2026587,0.43333334,0.40835318
274,0.98478484,False,Luminal_Macrophages,Luminal_Macrophages,0.37931034,0.3604939,0.0,0.028255507,0.3448276,0.33321375,0.27586207,0.27803686
1832,0.98478335,False,Fibroblasts,Fibroblasts,0.33333334,0.36376667,0.13333334,0.124588154,0.4,0.38055876,0.13333334,0.13108641
1853,0.9847764,False,Type 2 alveolar,Type 2 alveolar,0.16666667,0.16739793,0.56666666,0.54148114,0.06666667,0.06140491,0.2,0.22971602
3049,0.98477423,False,Fibroblasts,Fibroblasts,0.3,0.32511535,0.1,0.102701806,0.43333334,0.40288186,0.16666667,0.16930103
866,0.98477274,False,Luminal_Macrophages,Luminal_Macrophages,0.46666667,0.46284303,0.0,0.016827231,0.4,0.37336907,0.13333334,0.14696063
2289,0.9847716,False,Fibroblasts,Fibroblasts,0.2,0.21769685,0.1,0.091055974,0.4,0.37848732,0.3,0.31275997
2702,0.9847561,False,Fibroblasts,Fibroblasts,0.33333334,0.33275783,0.2,0.21846467,0.43333334,0.40342104,0.033333335,0.045356397
2446,0.98475474,False,Fibroblasts,Fibroblasts,0.23333333,0.24316165,0.13333334,0.12893951,0.36666667,0.34057,0.26666668,0.28732887
741,0.9847524,False,Dendritic cells,Dendritic cells,0.23333333,0.2589785,0.23333333,0.23818338,0.13333334,0.12947625,0.4,0.37336192
1678,0.98474616,False,Luminal_Macrophages,Luminal_Macrophages,0.43333334,0.41358513,0.1,0.0905808,0.16666667,0.16532639,0.3,0.33050764
3206,0.98473793,False,Type 2 alveolar,Type 2 alveolar,0.13333334,0.14378452,0.43333334,0.41124848,0.13333334,0.12489402,0.3,0.32007295
3221,0.984733,False,Dendritic cells,Dendritic cells,0.2413793,0.27191335,0.10344828,0.09271204,0.31034482,0.30804878,0.3448276,0.32732582
4532,0.98472893,False,Dendritic cells,Dendritic cells,0.23333333,0.25922275,0.1,0.08908463,0.3,0.30465278,0.36666667,0.34703985
4886,0.9846907,False,Luminal_Macrophages,Luminal_Macrophages,0.41379312,0.40913063,0.41379312,0.38783702,0.0,0.02073041,0.1724138,0.18230197
103,0.98468506,False,Luminal_Macrophages,Luminal_Macrophages,0.37931034,0.3660994,0.31034482,0.29292595,0.0,0.019755702,0.31034482,0.32121897
494,0.9846651,False,Type 2 alveolar,Type 2 alveolar,0.23333333,0.26016194,0.6,0.5698744,0.033333335,0.032789137,0.13333334,0.13717452
755,0.9846571,False,Type 2 alveolar,Type 2 alveolar,0.23333333,0.26401907,0.36666667,0.35805318,0.33333334,0.3226317,0.06666667,0.05529608
3696,0.9846501,False,Type 2 alveolar,Type 2 alveolar,0.06666667,0.06443509,0.5,0.47153172,0.16666667,0.17352745,0.26666668,0.2905058
4660,0.9846479,False,Fibroblasts,Fibroblasts,0.26666668,0.28586882,0.26666668,0.27816865,0.36666667,0.33889458,0.1,0.09706794
2517,0.98464715,False,Dendritic cells,Dendritic cells,0.2,0.2214572,0.23333333,0.24258187,0.13333334,0.12538712,0.43333334,0.41057384
746,0.9846471,False,Fibroblasts,Fibroblasts,0.0,0.024556959,0.3,0.3061489,0.4,0.3708119,0.3,0.29848224
587,0.98464036,False,Fibroblasts,Fibroblasts,0.26666668,0.28316593,0.033333335,0.03464966,0.43333334,0.40261403,0.26666668,0.27957043
2382,0.984638,False,Dendritic cells,Dendritic cells,0.3,0.31868142,0.06666667,0.062298093,0.23333333,0.24537598,0.4,0.37364456
2503,0.98460096,False,Luminal_Macrophages,Luminal_Macrophages,0.46666667,0.43967742,0.26666668,0.2947918,0.06666667,0.06285786,0.2,0.20267293
1640,0.98459226,False,Luminal_Macrophages,Luminal_Macrophages,0.43333334,0.4025178,0.26666668,0.28397202,0.26666668,0.27623597,0.033333335,0.037274227
3443,0.98458457,False,Luminal_Macrophages,Luminal_Macrophages,0.5,0.48069876,0.0,0.029571218,0.4,0.38847038,0.1,0.10125963
4696,0.98456615,False,Type 2 alveolar,Type 2 alveolar,0.2,0.2072288,0.56666666,0.53579897,0.033333335,0.0351619,0.2,0.22181036
3679,0.984558,False,Type 2 alveolar,Type 2 alveolar,0.26666668,0.27955312,0.43333334,0.40777156,0.06666667,0.061344385,0.23333333,0.25133097
36,0.98454356,False,Type 2 alveolar,Type 2 alveolar,0.29032257,0.29925266,0.41935483,0.38844198,0.032258064,0.03383708,0.2580645,0.27846825
2057,0.9845227,False,Dendritic cells,Dendritic cells,0.2,0.21967223,0.23333333,0.24461563,0.06666667,0.06289951,0.5,0.4728126
4462,0.9845142,False,Fibroblasts,Fibroblasts,0.3,0.28948575,0.16666667,0.17921126,0.53333336,0.512876,0.0,0.018426968
3660,0.98450667,False,Dendritic cells,Dendritic cells,0.22580644,0.2489489,0.16129032,0.15735061,0.2580645,0.26590875,0.3548387,0.32779175
1018,0.9844968,False,Fibroblasts,Fibroblasts,0.23333333,0.2392612,0.26666668,0.2815599,0.43333334,0.40232685,0.06666667,0.07685208
3736,0.98449445,False,Dendritic cells,Dendritic cells,0.20689656,0.22436248,0.03448276,0.037875045,0.27586207,0.28601497,0.4827586,0.45174748
2498,0.9844898,False,Dendritic cells,Dendritic cells,0.31034482,0.34136528,0.1724138,0.16940732,0.13793103,0.1275567,0.37931034,0.36167073
2184,0.98448783,False,Luminal_Macrophages,Luminal_Macrophages,0.6666667,0.6392874,0.13333334,0.12968822,0.2,0.2085931,0.0,0.022431262
1762,0.98447967,False,Type 2 alveolar,Type 2 alveolar,0.3,0.32122445,0.46666667,0.43562603,0.033333335,0.03366471,0.2,0.20948488
33,0.98447144,False,Type 2 alveolar,Type 2 alveolar,0.2,0.22270326,0.5,0.4713307,0.23333333,0.24168716,0.06666667,0.06427889
2189,0.9844708,False,Fibroblasts,Fibroblasts,0.26666668,0.28539112,0.23333333,0.24566728,0.43333334,0.41046274,0.06666667,0.058478802
373,0.98446316,False,Type 2 alveolar,Type 2 alveolar,0.0,0.025303323,0.4,0.38241377,0.33333334,0.3198459,0.26666668,0.27243698
211,0.98445743,False,Type 2 alveolar,Type 2 alveolar,0.27586207,0.29331514,0.37931034,0.35557705,0.06896552,0.061613586,0.27586207,0.28949416
400,0.9844475,False,Luminal_Macrophages,Luminal_Macrophages,0.44827586,0.43549865,0.1724138,0.18283214,0.0,0.02068671,0.37931034,0.36098257
3325,0.98442894,False,Fibroblasts,Fibroblasts,0.06666667,0.055271007,0.13333334,0.13992652,0.56666666,0.5469202,0.23333333,0.2578823
4432,0.9844225,False,Luminal_Macrophages,Luminal_Macrophages,0.41379312,0.38263816,0.31034482,0.31956717,0.2413793,0.2466193,0.03448276,0.051175356
725,0.98441815,False,Type 2 alveolar,Type 2 alveolar,0.2,0.2267385,0.46666667,0.4403684,0.13333334,0.12846792,0.2,0.20442525
367,0.98441446,False,Dendritic cells,Dendritic cells,0.2,0.22956899,0.06666667,0.057780974,0.23333333,0.23493545,0.5,0.47771454
965,0.98440546,False,Type 2 alveolar,Type 2 alveolar,0.3448276,0.34962267,0.41379312,0.38260406,0.0,0.019375425,0.2413793,0.24839781
2921,0.9843965,False,Luminal_Macrophages,Type 2 alveolar,0.33333334,0.31557232,0.33333334,0.3299892,0.33333334,0.32323155,0.0,0.031206882
1598,0.9843899,False,Luminal_Macrophages,Luminal_Macrophages,0.53333336,0.5021131,0.33333334,0.3363274,0.0,0.018565832,0.13333334,0.14299364
1128,0.98438656,False,Type 2 alveolar,Type 2 alveolar,0.23333333,0.2645602,0.4,0.38145682,0.13333334,0.12467737,0.23333333,0.22930565
4571,0.9843808,False,Fibroblasts,Fibroblasts,0.36666667,0.36594665,0.0,0.025083058,0.46666667,0.43614832,0.16666667,0.172822
2678,0.9843722,False,Type 2 alveolar,Type 2 alveolar,0.0,0.028413218,0.41379312,0.39805794,0.3448276,0.32930717,0.2413793,0.2442217
1980,0.98436576,False,Type 2 alveolar,Type 2 alveolar,0.0,0.020174189,0.4,0.38088816,0.33333334,0.32117668,0.26666668,0.27776095
1913,0.98436576,False,Fibroblasts,Fibroblasts,0.26666668,0.27299678,0.0,0.020333175,0.46666667,0.4353981,0.26666668,0.27127188
1416,0.9843535,False,Dendritic cells,Dendritic cells,0.23333333,0.25414962,0.1,0.08308302,0.26666668,0.27714336,0.4,0.385624
836,0.98435223,False,Dendritic cells,Dendritic cells,0.26666668,0.29104117,0.16666667,0.17358765,0.1,0.09309747,0.46666667,0.4422737
1140,0.98434776,False,Dendritic cells,Dendritic cells,0.4,0.38695365,0.16666667,0.17734402,0.0,0.020627117,0.43333334,0.4150752
2340,0.98432416,False,Fibroblasts,Fibroblasts,0.26666668,0.28554586,0.13333334,0.12408366,0.36666667,0.34456474,0.23333333,0.2458058
1280,0.9843007,False,Luminal_Macrophages,Luminal_Macrophages,0.62068963,0.589291,0.10344828,0.1120181,0.13793103,0.13964307,0.13793103,0.15904789
4860,0.98429835,False,Luminal_Macrophages,Luminal_Macrophages,0.4,0.37925172,0.36666667,0.35601163,0.23333333,0.23835054,0.0,0.026386091
635,0.98428935,False,Dendritic cells,Dendritic cells,0.31034482,0.322823,0.31034482,0.29471534,0.0,0.018943094,0.37931034,0.36351857
3875,0.98428345,False,Luminal_Macrophages,Luminal_Macrophages,0.46666667,0.4352335,0.3,0.32376814,0.2,0.20285244,0.033333335,0.0381459
4280,0.98427075,False,Fibroblasts,Fibroblasts,0.16666667,0.18842822,0.26666668,0.2763636,0.4,0.37494537,0.16666667,0.16026278
2615,0.9842662,False,Type 2 alveolar,Type 2 alveolar,0.12903225,0.14355232,0.4516129,0.4293977,0.2580645,0.27501202,0.16129032,0.15203796
3441,0.98426396,False,Dendritic cells,Dendritic cells,0.26666668,0.2958975,0.06666667,0.05883382,0.3,0.30224127,0.36666667,0.34302738
1886,0.9842596,False,Type 2 alveolar,Type 2 alveolar,0.0,0.027245943,0.46666667,0.43518588,0.26666668,0.26952225,0.26666668,0.26804596
2060,0.98425364,False,Dendritic cells,Dendritic cells,0.16666667,0.17797464,0.0,0.020184778,0.36666667,0.34670022,0.46666667,0.45514035
3902,0.98424757,False,Fibroblasts,Fibroblasts,0.13333334,0.15851137,0.26666668,0.27056867,0.43333334,0.40182844,0.16666667,0.16909155
2101,0.9842359,False,Fibroblasts,Fibroblasts,0.26666668,0.2809816,0.06666667,0.0581486,0.4,0.37698978,0.26666668,0.28388005
3310,0.98423487,False,Type 2 alveolar,Type 2 alveolar,0.33333334,0.34046566,0.5,0.46846977,0.0,0.020869443,0.16666667,0.17019516
2086,0.98423386,False,Fibroblasts,Fibroblasts,0.27586207,0.28321213,0.3448276,0.33639646,0.37931034,0.35620913,0.0,0.024182282
2480,0.9842334,False,Type 2 alveolar,Type 2 alveolar,0.37931034,0.37932333,0.41379312,0.3822599,0.0,0.019934248,0.20689656,0.21848254
12,0.9842091,False,Type 2 alveolar,Type 2 alveolar,0.2580645,0.28555006,0.4516129,0.4264769,0.12903225,0.122586474,0.16129032,0.16538653
2399,0.98420316,False,Fibroblasts,Fibroblasts,0.23333333,0.26492703,0.06666667,0.057946917,0.36666667,0.34674686,0.33333334,0.33037916
3763,0.9841907,False,Type 2 alveolar,Dendritic cells,0.22580644,0.2574251,0.3548387,0.34178355,0.06451613,0.05437129,0.3548387,0.34642008
4701,0.9841846,False,Dendritic cells,Dendritic cells,0.13333334,0.14788485,0.23333333,0.2504126,0.1,0.09046043,0.53333336,0.5112421
2244,0.9841792,False,Dendritic cells,Dendritic cells,0.22580644,0.25018275,0.16129032,0.1685556,0.22580644,0.22338802,0.38709676,0.35787365
1132,0.9841713,False,Fibroblasts,Fibroblasts,0.06666667,0.07289534,0.2,0.20298126,0.46666667,0.43500915,0.26666668,0.28911424
300,0.984156,False,Luminal_Macrophages,Luminal_Macrophages,0.5,0.46831197,0.16666667,0.17931384,0.06666667,0.06828194,0.26666668,0.28409228
2297,0.98415434,False,Fibroblasts,Fibroblasts,0.12903225,0.11367651,0.29032257,0.30673507,0.4516129,0.4352773,0.12903225,0.1443111
1333,0.98413885,False,Dendritic cells,Dendritic cells,0.26666668,0.29660645,0.3,0.29687658,0.033333335,0.03511582,0.4,0.3714011
773,0.9841383,False,Type 2 alveolar,Type 2 alveolar,0.23333333,0.2581909,0.4,0.3814972,0.26666668,0.27353245,0.1,0.08677935
413,0.9841297,False,Dendritic cells,Dendritic cells,0.26666668,0.29361472,0.06666667,0.061140712,0.23333333,0.2381259,0.43333334,0.4071187
40,0.9841285,False,Luminal_Macrophages,Luminal_Macrophages,0.53333336,0.50767696,0.3,0.31487152,0.13333334,0.12724666,0.033333335,0.050204888
3427,0.9841148,False,Dendritic cells,Dendritic cells,0.2413793,0.25470188,0.2413793,0.23301485,0.0,0.018447733,0.51724136,0.4938355
1889,0.984083,False,Type 2 alveolar,Type 2 alveolar,0.16666667,0.17454259,0.6333333,0.60149926,0.0,0.016515894,0.2,0.20744224
1735,0.9840777,False,Fibroblasts,Fibroblasts,0.3,0.3251095,0.23333333,0.24006848,0.36666667,0.35020688,0.1,0.084615126
4595,0.9840623,False,Dendritic cells,Dendritic cells,0.27586207,0.28355715,0.0,0.02418031,0.3448276,0.3315296,0.37931034,0.36073294
4533,0.9840495,False,Fibroblasts,Fibroblasts,0.20689656,0.23879755,0.1724138,0.15415816,0.31034482,0.30580598,0.31034482,0.30123836
2731,0.9840483,False,Luminal_Macrophages,Luminal_Macrophages,0.33333334,0.3454763,0.33333334,0.32005578,0.0,0.019760435,0.33333334,0.31470755
265,0.98404765,False,Dendritic cells,Dendritic cells,0.1724138,0.20431843,0.1724138,0.15997997,0.1724138,0.16481209,0.4827586,0.47088948
563,0.9840227,False,Luminal_Macrophages,Luminal_Macrophages,0.5483871,0.5216594,0.2580645,0.286087,0.12903225,0.12380538,0.06451613,0.06844826
1925,0.9840204,False,Fibroblasts,Fibroblasts,0.23333333,0.24990752,0.26666668,0.28205168,0.36666667,0.34127444,0.13333334,0.12676632
603,0.98401654,False,Dendritic cells,Dendritic cells,0.13333334,0.15201172,0.1,0.07633516,0.3,0.3132885,0.46666667,0.45836464
1147,0.98398983,False,Type 2 alveolar,Type 2 alveolar,0.2,0.22834603,0.5,0.46939707,0.16666667,0.170341,0.13333334,0.13191587
337,0.9839863,False,Dendritic cells,Dendritic cells,0.26666668,0.29292297,0.13333334,0.1252427,0.23333333,0.2391044,0.36666667,0.34272996
976,0.9839839,False,Fibroblasts,Fibroblasts,0.033333335,0.040756337,0.23333333,0.2408787,0.46666667,0.4346344,0.26666668,0.28373057
2650,0.98398304,False,Dendritic cells,Dendritic cells,0.2,0.22360343,0.1,0.08908321,0.23333333,0.24176383,0.46666667,0.44554955
1070,0.9839811,False,Fibroblasts,Fibroblasts,0.1,0.10547147,0.1,0.08949775,0.53333336,0.5117978,0.26666668,0.293233
2889,0.98397756,False,Fibroblasts,Fibroblasts,0.16666667,0.19757141,0.23333333,0.22665209,0.36666667,0.341303,0.23333333,0.23447348
326,0.9839682,False,Dendritic cells,Dendritic cells,0.23333333,0.24579251,0.23333333,0.22976616,0.0,0.019604433,0.53333336,0.504837
4898,0.9839624,False,Luminal_Macrophages,Luminal_Macrophages,0.3448276,0.35565004,0.0,0.021252729,0.31034482,0.30024034,0.3448276,0.3228569
3257,0.9839272,False,Type 2 alveolar,Type 2 alveolar,0.22580644,0.2444092,0.58064514,0.55149484,0.06451613,0.06152079,0.12903225,0.14257516
268,0.98392546,False,Type 2 alveolar,Type 2 alveolar,0.26666668,0.2718764,0.4,0.37834102,0.33333334,0.32284325,0.0,0.026939351
3496,0.9839239,False,Fibroblasts,Fibroblasts,0.1,0.0994794,0.1,0.084580325,0.53333336,0.5171214,0.26666668,0.2988189
1240,0.9839208,False,Luminal_Macrophages,Luminal_Macrophages,0.8666667,0.898825,0.06666667,0.046571337,0.033333335,0.023032906,0.033333335,0.031570733
3446,0.9839096,False,Luminal_Macrophages,Luminal_Macrophages,0.36666667,0.35394555,0.36666667,0.34720695,0.0,0.019436713,0.26666668,0.27941075
4069,0.983907,False,Fibroblasts,Dendritic cells,0.31034482,0.31947622,0.0,0.023054602,0.3448276,0.3259638,0.3448276,0.3315054
3637,0.98389655,False,Type 2 alveolar,Type 2 alveolar,0.13333334,0.12529671,0.6333333,0.60916305,0.23333333,0.24527913,0.0,0.020261081
2978,0.98389536,False,Luminal_Macrophages,Luminal_Macrophages,0.46666667,0.4771958,0.0,0.021680146,0.43333334,0.41555154,0.1,0.085572466
831,0.98386353,False,Type 2 alveolar,Type 2 alveolar,0.13333334,0.15595278,0.46666667,0.43936235,0.3,0.30965352,0.1,0.09503137
4543,0.9838548,False,Type 2 alveolar,Type 2 alveolar,0.33333334,0.33661175,0.4,0.36770958,0.0,0.019292729,0.26666668,0.27638596
1585,0.9838486,False,Luminal_Macrophages,Luminal_Macrophages,0.43333334,0.40645242,0.2,0.19457804,0.23333333,0.24390532,0.13333334,0.1550642
3094,0.98384356,False,Fibroblasts,Fibroblasts,0.31034482,0.34265772,0.06896552,0.064925484,0.4827586,0.45953006,0.13793103,0.13288677
992,0.9838325,False,Type 2 alveolar,Type 2 alveolar,0.23333333,0.26157296,0.5,0.47263587,0.06666667,0.061695654,0.2,0.20409544
442,0.98382807,False,Luminal_Macrophages,Luminal_Macrophages,0.5,0.46765614,0.2,0.20816971,0.23333333,0.24629167,0.06666667,0.077882454
474,0.9838215,False,Fibroblasts,Fibroblasts,0.22580644,0.25623235,0.12903225,0.1212449,0.38709676,0.36252713,0.2580645,0.25999564
3239,0.9838029,False,Dendritic cells,Dendritic cells,0.23333333,0.2559945,0.23333333,0.24306634,0.1,0.09442828,0.43333334,0.40651083
3716,0.9837984,False,Fibroblasts,Fibroblasts,0.26666668,0.29127288,0.1,0.096642405,0.4,0.37095433,0.23333333,0.24113038
1229,0.9837981,False,Type 2 alveolar,Type 2 alveolar,0.3,0.31018612,0.46666667,0.4342628,0.23333333,0.23630999,0.0,0.019241022
282,0.98379266,False,Luminal_Macrophages,Luminal_Macrophages,0.4,0.37194684,0.26666668,0.27626136,0.33333334,0.32897186,0.0,0.022819983
736,0.98378325,False,Luminal_Macrophages,Luminal_Macrophages,0.36666667,0.35111994,0.0,0.028266462,0.26666668,0.27083367,0.36666667,0.34977993
4105,0.98375344,False,Fibroblasts,Fibroblasts,0.29032257,0.29731536,0.06451613,0.056344774,0.41935483,0.3950331,0.22580644,0.2513068
1019,0.98373884,False,Fibroblasts,Fibroblasts,0.06666667,0.060094245,0.26666668,0.28158736,0.4,0.37405005,0.26666668,0.2842683
3914,0.9837384,False,Type 2 alveolar,Type 2 alveolar,0.23333333,0.24990277,0.6666667,0.64467424,0.1,0.08946935,0.0,0.015953694
2274,0.98373634,False,Fibroblasts,Fibroblasts,0.3,0.3146792,0.23333333,0.24933995,0.43333334,0.40080595,0.033333335,0.035174895
2221,0.9837358,False,Type 2 alveolar,Type 2 alveolar,0.2413793,0.26942113,0.37931034,0.35500556,0.27586207,0.28034866,0.10344828,0.09522464
2835,0.98373437,False,Luminal_Macrophages,Luminal_Macrophages,0.43333334,0.40953153,0.23333333,0.2487789,0.13333334,0.12460382,0.2,0.21708575
2925,0.98373103,False,Type 2 alveolar,Type 2 alveolar,0.3,0.31973958,0.43333334,0.40311348,0.06666667,0.064348586,0.2,0.21279834
443,0.9837299,False,Fibroblasts,Fibroblasts,0.26666668,0.28057334,0.3,0.2993274,0.43333334,0.40146568,0.0,0.018633522
924,0.9837218,False,Dendritic cells,Dendritic cells,0.1,0.09107017,0.13333334,0.13097972,0.1,0.07872706,0.6666667,0.6992231
3067,0.98371446,False,Fibroblasts,Fibroblasts,0.26666668,0.27727845,0.033333335,0.040934157,0.43333334,0.4007623,0.26666668,0.28102508
2742,0.9837068,False,Fibroblasts,Fibroblasts,0.2580645,0.26677907,0.2580645,0.28193635,0.41935483,0.39512253,0.06451613,0.05616198
1918,0.98369676,False,Type 2 alveolar,Type 2 alveolar,0.37931034,0.37069327,0.41379312,0.38980368,0.20689656,0.2088756,0.0,0.030627502
4064,0.98368967,False,Type 2 alveolar,Type 2 alveolar,0.2580645,0.29068515,0.3548387,0.34048536,0.3548387,0.337596,0.032258064,0.03123349
4874,0.98367494,False,Luminal_Macrophages,Luminal_Macrophages,0.44827586,0.42523265,0.3448276,0.3352207,0.20689656,0.21489611,0.0,0.024650475
3329,0.9836569,False,Fibroblasts,Fibroblasts,0.3,0.30599293,0.0,0.023427755,0.4,0.36731374,0.3,0.3032656
3423,0.9836529,False,Dendritic cells,Dendritic cells,0.0,0.025630288,0.3,0.3070639,0.16666667,0.15352517,0.53333336,0.51378065
4905,0.98364615,False,Fibroblasts,Fibroblasts,0.26666668,0.27769738,0.3,0.30134732,0.43333334,0.40062568,0.0,0.020329637
4790,0.9836339,False,Type 2 alveolar,Type 2 alveolar,0.26666668,0.2781856,0.46666667,0.43393436,0.033333335,0.034189004,0.23333333,0.25369105
4954,0.98362374,False,Luminal_Macrophages,Fibroblasts,0.36666667,0.3481976,0.26666668,0.27329686,0.36666667,0.3523832,0.0,0.026122367
3505,0.98361886,False,Luminal_Macrophages,Luminal_Macrophages,0.76666665,0.79942894,0.06666667,0.057537768,0.1,0.08747045,0.06666667,0.05556287
3550,0.98361516,False,Dendritic cells,Dendritic cells,0.0,0.02602974,0.26666668,0.27340665,0.3,0.2933277,0.43333334,0.40723595
1493,0.98361504,False,Fibroblasts,Fibroblasts,0.13793103,0.12951176,0.06896552,0.0581319,0.55172414,0.5382072,0.2413793,0.27414918
4867,0.98359805,False,Fibroblasts,Dendritic cells,0.20689656,0.23970044,0.03448276,0.033295594,0.37931034,0.3610621,0.37931034,0.36594188
1617,0.9835958,False,Fibroblasts,Fibroblasts,0.23333333,0.25634485,0.13333334,0.12376921,0.36666667,0.34342235,0.26666668,0.2764636
4496,0.98357564,False,Type 2 alveolar,Type 2 alveolar,0.22580644,0.2586552,0.61290324,0.59790754,0.06451613,0.05722229,0.09677419,0.086215064
2327,0.9835592,False,Type 2 alveolar,Type 2 alveolar,0.06666667,0.0883004,0.53333336,0.50692725,0.06666667,0.060191188,0.33333334,0.34458116
3285,0.9835585,False,Type 2 alveolar,Type 2 alveolar,0.23333333,0.25691256,0.46666667,0.43673456,0.23333333,0.24263711,0.06666667,0.06371575
1276,0.9835376,False,Fibroblasts,Luminal_Macrophages,0.3448276,0.37571,0.13793103,0.11975033,0.37931034,0.36456627,0.13793103,0.13997339
3079,0.9835119,False,Fibroblasts,Fibroblasts,0.31034482,0.3206275,0.2413793,0.2640728,0.37931034,0.35822138,0.06896552,0.057078324
1490,0.9835049,False,Luminal_Macrophages,Luminal_Macrophages,0.55172414,0.5261813,0.1724138,0.1649664,0.27586207,0.2837157,0.0,0.025136624
1428,0.9834925,False,Type 2 alveolar,Type 2 alveolar,0.23333333,0.2570689,0.46666667,0.43365163,0.26666668,0.27232835,0.033333335,0.03695117
1352,0.98348373,False,Fibroblasts,Fibroblasts,0.0,0.028086247,0.3448276,0.33778557,0.41379312,0.38780254,0.2413793,0.24632563
3605,0.9834791,False,Type 2 alveolar,Type 2 alveolar,0.22580644,0.245108,0.41935483,0.39096326,0.09677419,0.09212395,0.2580645,0.27180484
4380,0.9834574,False,Luminal_Macrophages,Luminal_Macrophages,0.5,0.46985832,0.0,0.029922629,0.3,0.29705644,0.2,0.20316258
2917,0.9834454,False,Dendritic cells,Dendritic cells,0.2,0.21171905,0.0,0.021390095,0.23333333,0.22560684,0.56666666,0.541284
949,0.9834382,False,Dendritic cells,Dendritic cells,0.26666668,0.28093475,0.23333333,0.25218886,0.06666667,0.06159169,0.43333334,0.4052847
3817,0.9834302,False,Type 2 alveolar,Type 2 alveolar,0.1724138,0.20368052,0.41379312,0.39351153,0.03448276,0.03635561,0.37931034,0.36645237
1434,0.98342395,False,Luminal_Macrophages,Luminal_Macrophages,0.37931034,0.34615827,0.27586207,0.28299806,0.03448276,0.044135958,0.31034482,0.3267077
3860,0.9834213,False,Fibroblasts,Fibroblasts,0.23333333,0.2614656,0.13333334,0.12840562,0.4,0.3717704,0.23333333,0.23835835
3302,0.9834191,False,Fibroblasts,Fibroblasts,0.26666668,0.28252572,0.23333333,0.24978188,0.4,0.36683825,0.1,0.10085419
4071,0.9834073,False,Fibroblasts,Fibroblasts,0.26666668,0.28628433,0.23333333,0.24690099,0.4,0.36883706,0.1,0.09797763
4788,0.98340553,False,Luminal_Macrophages,Luminal_Macrophages,0.43333334,0.40981427,0.0,0.022571912,0.3,0.29033008,0.26666668,0.2772837
3844,0.98340505,False,Luminal_Macrophages,Type 2 alveolar,0.4,0.38300282,0.4,0.38380733,0.2,0.20626852,0.0,0.026921332
4461,0.9834042,False,Luminal_Macrophages,Luminal_Macrophages,0.4,0.39237845,0.0,0.021931186,0.4,0.37443003,0.2,0.21126032
382,0.98335797,False,Luminal_Macrophages,Luminal_Macrophages,0.4827586,0.45819217,0.20689656,0.1981789,0.31034482,0.3166491,0.0,0.026979847
451,0.98333204,False,Fibroblasts,Fibroblasts,0.3,0.30603054,0.33333334,0.32074833,0.36666667,0.34591576,0.0,0.027305339
3000,0.9833123,False,Type 2 alveolar,Type 2 alveolar,0.2413793,0.2595247,0.4827586,0.44938332,0.03448276,0.035164267,0.2413793,0.25592777
4520,0.9833034,False,Type 2 alveolar,Type 2 alveolar,0.23333333,0.2572998,0.5,0.46975085,0.16666667,0.1635226,0.1,0.10942666
931,0.98330235,False,Type 2 alveolar,Type 2 alveolar,0.3,0.31375697,0.56666666,0.53469735,0.13333334,0.1319073,0.0,0.019638283
2227,0.98329955,False,Dendritic cells,Dendritic cells,0.2413793,0.27478024,0.10344828,0.09339213,0.1724138,0.16673711,0.4827586,0.4650905
2317,0.9832973,False,Fibroblasts,Fibroblasts,0.16666667,0.15792729,0.3,0.30347672,0.53333336,0.5086673,0.0,0.029928684
3227,0.9832879,False,Type 2 alveolar,Type 2 alveolar,0.26666668,0.30009094,0.43333334,0.4075294,0.2,0.19710556,0.1,0.09527415
35,0.98325,False,Luminal_Macrophages,Luminal_Macrophages,0.43333334,0.39983338,0.3,0.30033872,0.26666668,0.27126428,0.0,0.028563665
4623,0.9832357,False,Fibroblasts,Fibroblasts,0.03448276,0.037240908,0.20689656,0.22018945,0.51724136,0.48371282,0.2413793,0.25885686
2072,0.9832353,False,Luminal_Macrophages,Luminal_Macrophages,0.41935483,0.39553508,0.3548387,0.34512904,0.22580644,0.23010838,0.0,0.029227521
526,0.98322487,False,Luminal_Macrophages,Luminal_Macrophages,0.53333336,0.49988404,0.23333333,0.24950787,0.033333335,0.033232402,0.2,0.21737568
925,0.98321825,False,Dendritic cells,Dendritic cells,0.23333333,0.2614153,0.13333334,0.13069177,0.23333333,0.23881486,0.4,0.36907807
2877,0.9832134,False,Type 2 alveolar,Type 2 alveolar,0.1,0.111133926,0.4,0.37434247,0.23333333,0.22541778,0.26666668,0.28910586
2100,0.9832102,False,Fibroblasts,Fibroblasts,0.26666668,0.29527166,0.26666668,0.27164134,0.36666667,0.3400332,0.1,0.09305387
75,0.9832042,False,Luminal_Macrophages,Luminal_Macrophages,0.43333334,0.4042158,0.26666668,0.2767564,0.0,0.023501944,0.3,0.29552585
335,0.983193,False,Luminal_Macrophages,Luminal_Macrophages,0.5,0.47037578,0.16666667,0.16267681,0.23333333,0.25306532,0.1,0.11388211
1383,0.9831757,False,Luminal_Macrophages,Luminal_Macrophages,0.48387095,0.45836437,0.29032257,0.30266258,0.06451613,0.056374174,0.16129032,0.1825989
1271,0.9831523,False,Fibroblasts,Fibroblasts,0.0,0.024661036,0.31034482,0.30476514,0.4827586,0.4546429,0.20689656,0.21593094
1106,0.9831255,False,Fibroblasts,Fibroblasts,0.22580644,0.25955546,0.19354838,0.1859866,0.3548387,0.33426014,0.22580644,0.22019778
2488,0.98309934,False,Luminal_Macrophages,Luminal_Macrophages,0.43333334,0.41172755,0.13333334,0.12113782,0.26666668,0.28797024,0.16666667,0.17916441
723,0.9830963,False,Luminal_Macrophages,Luminal_Macrophages,0.46666667,0.4328592,0.0,0.024089498,0.26666668,0.26911905,0.26666668,0.27393225
3745,0.9830941,False,Dendritic cells,Dendritic cells,0.23333333,0.24964061,0.3,0.28506267,0.0,0.017504549,0.46666667,0.44779217
4113,0.98308635,False,Luminal_Macrophages,Luminal_Macrophages,0.36666667,0.3473761,0.33333334,0.31879663,0.0,0.02399476,0.3,0.30983248
2330,0.98307544,False,Fibroblasts,Fibroblasts,0.1,0.088940404,0.16666667,0.16130152,0.46666667,0.44924226,0.26666668,0.30051583
513,0.9830389,False,Fibroblasts,Fibroblasts,0.23333333,0.25604758,0.06666667,0.066367306,0.43333334,0.39971048,0.26666668,0.27787468
972,0.98301005,False,Dendritic cells,Dendritic cells,0.27586207,0.28840092,0.0,0.021441089,0.20689656,0.20399204,0.51724136,0.48616603
4484,0.9830082,False,Luminal_Macrophages,Luminal_Macrophages,0.48387095,0.44988734,0.0,0.029871948,0.16129032,0.16511026,0.3548387,0.35513043
4368,0.98297876,False,Dendritic cells,Dendritic cells,0.1,0.09091224,0.033333335,0.023544583,0.06666667,0.051500723,0.8,0.83404243
1688,0.9829629,False,Luminal_Macrophages,Type 2 alveolar,0.33333334,0.31826732,0.33333334,0.32358423,0.06666667,0.05740761,0.26666668,0.3007409
1703,0.9829557,False,Dendritic cells,Dendritic cells,0.2,0.22315489,0.13333334,0.12789556,0.26666668,0.27760044,0.4,0.37134916
3773,0.9829517,False,Fibroblasts,Fibroblasts,0.23333333,0.24893229,0.23333333,0.24533851,0.4,0.36590338,0.13333334,0.13982585
132,0.98295015,False,Luminal_Macrophages,Luminal_Macrophages,0.76666665,0.80076635,0.13333334,0.11729916,0.06666667,0.04972283,0.033333335,0.032211665
1236,0.9829474,False,Luminal_Macrophages,Luminal_Macrophages,0.3448276,0.3184705,0.2413793,0.26988018,0.2413793,0.24698363,0.1724138,0.16466571
493,0.98292446,False,Dendritic cells,Dendritic cells,0.2,0.22782679,0.06666667,0.06105454,0.26666668,0.2729909,0.46666667,0.43812776
3947,0.98291385,False,Luminal_Macrophages,Luminal_Macrophages,0.43333334,0.42101952,0.0,0.022312589,0.2,0.21185966,0.36666667,0.34480822
4365,0.9828492,False,Type 2 alveolar,Type 2 alveolar,0.2580645,0.262556,0.48387095,0.44956934,0.032258064,0.03856109,0.22580644,0.24931353
1634,0.98284316,False,Dendritic cells,Dendritic cells,0.2580645,0.2879587,0.16129032,0.16570975,0.12903225,0.11960917,0.4516129,0.42672232
133,0.9828047,False,Type 2 alveolar,Type 2 alveolar,0.26666668,0.27523726,0.46666667,0.4322761,0.0,0.019219458,0.26666668,0.2732672
4814,0.9827804,False,Type 2 alveolar,Type 2 alveolar,0.36666667,0.35442272,0.4,0.38552427,0.13333334,0.12561385,0.1,0.13443914
186,0.9827503,False,Fibroblasts,Fibroblasts,0.20689656,0.21965726,0.37931034,0.36254984,0.41379312,0.3960542,0.0,0.021738697
2607,0.9827296,False,Luminal_Macrophages,Dendritic cells,0.4,0.37906787,0.2,0.21288882,0.0,0.02165199,0.4,0.38639137
2528,0.98272896,False,Luminal_Macrophages,Luminal_Macrophages,0.4516129,0.41707087,0.2580645,0.26751372,0.032258064,0.036787592,0.2580645,0.2786279
1388,0.98272353,False,Type 2 alveolar,Type 2 alveolar,0.26666668,0.28157437,0.4,0.37114215,0.13333334,0.1276383,0.2,0.21964519
324,0.9827159,False,Fibroblasts,Fibroblasts,0.23333333,0.25528777,0.26666668,0.27928042,0.43333334,0.4024598,0.06666667,0.06297201
2307,0.98267806,False,Luminal_Macrophages,Luminal_Macrophages,0.6896552,0.6693628,0.0,0.020196749,0.0,0.014447129,0.31034482,0.29599327
2380,0.982671,False,Type 2 alveolar,Type 2 alveolar,0.23333333,0.25977406,0.5,0.47013876,0.06666667,0.061869893,0.2,0.20821723
2156,0.98266935,False,Fibroblasts,Fibroblasts,0.1,0.066864364,0.4,0.42818084,0.43333334,0.4398138,0.06666667,0.06514101
4880,0.9826641,False,Fibroblasts,Fibroblasts,0.23333333,0.24929403,0.16666667,0.15352157,0.46666667,0.4451399,0.13333334,0.15204448
3644,0.9826467,False,Dendritic cells,Dendritic cells,0.23333333,0.26357627,0.2,0.20446366,0.1,0.08804687,0.46666667,0.4439132
2576,0.98263985,False,Type 2 alveolar,Type 2 alveolar,0.33333334,0.33683345,0.43333334,0.398613,0.0,0.0219441,0.23333333,0.24260952
1088,0.98260623,False,Fibroblasts,Fibroblasts,0.0,0.02657618,0.3,0.30650777,0.46666667,0.43187904,0.23333333,0.23503695
4134,0.98260427,False,Dendritic cells,Dendritic cells,0.2,0.23479146,0.1,0.08546228,0.16666667,0.15764643,0.53333336,0.5220998
72,0.9825998,False,Type 2 alveolar,Type 2 alveolar,0.0,0.034800455,0.4,0.3734032,0.26666668,0.26631832,0.33333334,0.32547805
45,0.98256063,False,Dendritic cells,Dendritic cells,0.033333335,0.029423943,0.06666667,0.059306115,0.13333334,0.10972457,0.76666665,0.8015453
1802,0.98254156,False,Fibroblasts,Fibroblasts,0.23333333,0.25039226,0.13333334,0.12368877,0.4,0.37472767,0.23333333,0.25119132
196,0.98253417,False,Dendritic cells,Dendritic cells,0.26666668,0.27643996,0.0,0.025158359,0.3,0.2929027,0.43333334,0.40549898
1728,0.98252934,False,Dendritic cells,Dendritic cells,0.22580644,0.19719207,0.032258064,0.037057444,0.06451613,0.058189087,0.67741936,0.7075613
765,0.9825257,False,Fibroblasts,Fibroblasts,0.06666667,0.05792523,0.13333334,0.14717911,0.5,0.47379282,0.3,0.32110292
3321,0.9825249,False,Dendritic cells,Dendritic cells,0.2,0.22441459,0.1,0.09720722,0.23333333,0.24386899,0.46666667,0.43450922
4512,0.98251855,False,Type 2 alveolar,Type 2 alveolar,0.31034482,0.33479792,0.37931034,0.35028982,0.06896552,0.0630232,0.2413793,0.25188905
492,0.98250693,False,Type 2 alveolar,Type 2 alveolar,0.27586207,0.3108482,0.4827586,0.45836762,0.10344828,0.09558239,0.13793103,0.13520178
2545,0.98249704,False,Luminal_Macrophages,Luminal_Macrophages,0.56666666,0.5460121,0.23333333,0.24755815,0.06666667,0.052315254,0.13333334,0.1541145
420,0.9824798,False,Luminal_Macrophages,Luminal_Macrophages,0.4827586,0.45983672,0.20689656,0.23364519,0.2413793,0.24967104,0.06896552,0.056847107
4282,0.98247534,False,Type 2 alveolar,Type 2 alveolar,0.16666667,0.17659768,0.53333336,0.49828392,0.033333335,0.037028622,0.26666668,0.2880897
2961,0.9824552,False,Luminal_Macrophages,Luminal_Macrophages,0.44827586,0.42691204,0.41379312,0.40006736,0.0,0.017665813,0.13793103,0.15535483
2704,0.982448,False,Type 2 alveolar,Type 2 alveolar,0.23333333,0.25254884,0.5,0.46489593,0.23333333,0.2450568,0.033333335,0.03749844
1970,0.9824426,False,Fibroblasts,Fibroblasts,0.0,0.02368072,0.2413793,0.25281334,0.5862069,0.55634683,0.1724138,0.16715913
639,0.982438,False,Luminal_Macrophages,Luminal_Macrophages,0.6896552,0.6752555,0.31034482,0.28962058,0.0,0.013658361,0.0,0.02146561
1630,0.9824337,False,Luminal_Macrophages,Luminal_Macrophages,0.5483871,0.5220779,0.12903225,0.12333919,0.06451613,0.061385714,0.2580645,0.29319715
1056,0.9824157,False,Type 2 alveolar,Type 2 alveolar,0.23333333,0.25064275,0.5,0.4648314,0.23333333,0.24335434,0.033333335,0.041171532
793,0.98240477,False,Fibroblasts,Fibroblasts,0.23333333,0.26852378,0.33333334,0.32887316,0.36666667,0.34508952,0.06666667,0.05751351
3929,0.982401,False,Fibroblasts,Fibroblasts,0.23333333,0.25309208,0.06666667,0.057175286,0.43333334,0.40762675,0.26666668,0.2821059
2796,0.9823763,False,Dendritic cells,Dendritic cells,0.2,0.2263937,0.033333335,0.038668435,0.26666668,0.27018538,0.5,0.4647525
4568,0.9823675,False,Type 2 alveolar,Type 2 alveolar,0.26666668,0.30136642,0.36666667,0.34431243,0.23333333,0.23389849,0.13333334,0.120422594
2314,0.9823541,False,Fibroblasts,Fibroblasts,0.26666668,0.28493622,0.06666667,0.05389775,0.43333334,0.4108104,0.23333333,0.2503556
4067,0.9823531,False,Fibroblasts,Fibroblasts,0.20689656,0.22217308,0.2413793,0.26139665,0.44827586,0.4261689,0.10344828,0.09026143
2672,0.98233086,False,Dendritic cells,Dendritic cells,0.22580644,0.26114473,0.16129032,0.1574019,0.16129032,0.15522656,0.4516129,0.4262268
4382,0.9823163,False,Luminal_Macrophages,Luminal_Macrophages,0.43333334,0.40704075,0.26666668,0.28623468,0.13333334,0.124258555,0.16666667,0.182466
518,0.9822967,False,Fibroblasts,Fibroblasts,0.27586207,0.2864799,0.3448276,0.3335835,0.37931034,0.3551479,0.0,0.024788713
2761,0.9822748,False,Type 2 alveolar,Type 2 alveolar,0.2,0.22036253,0.53333336,0.49788284,0.23333333,0.24246629,0.033333335,0.03928832
4495,0.98226184,False,Luminal_Macrophages,Luminal_Macrophages,0.4,0.38702187,0.0,0.023938244,0.36666667,0.34416845,0.23333333,0.24487136
4895,0.98225325,False,Fibroblasts,Fibroblasts,0.1,0.074710496,0.16666667,0.16989268,0.5,0.48979595,0.23333333,0.2656008
452,0.9822519,False,Luminal_Macrophages,Luminal_Macrophages,0.46666667,0.44108123,0.2,0.19891347,0.1,0.09117566,0.23333333,0.26882952
2860,0.9822388,False,Fibroblasts,Fibroblasts,0.26666668,0.30218896,0.2,0.19674875,0.43333334,0.4073437,0.1,0.0937186
4464,0.9822298,False,Dendritic cells,Dendritic cells,0.31034482,0.2916602,0.0,0.01954387,0.0,0.015996475,0.6896552,0.67279947
3612,0.982223,False,Fibroblasts,Fibroblasts,0.26666668,0.2864809,0.1,0.087067425,0.36666667,0.34404516,0.26666668,0.28240654
1871,0.9821978,False,Luminal_Macrophages,Luminal_Macrophages,0.4516129,0.4273915,0.0,0.029526467,0.19354838,0.19962628,0.3548387,0.34345573
784,0.9821895,False,Luminal_Macrophages,Type 2 alveolar,0.36666667,0.33104563,0.33333334,0.34651592,0.033333335,0.035157405,0.26666668,0.287281
2321,0.9821728,False,Type 2 alveolar,Type 2 alveolar,0.2,0.22227828,0.46666667,0.4310122,0.033333335,0.038781714,0.3,0.30792782
4746,0.9821373,False,Luminal_Macrophages,Luminal_Macrophages,0.4827586,0.44703332,0.0,0.025016045,0.1724138,0.17915317,0.3448276,0.3487975
3850,0.98210484,False,Type 2 alveolar,Type 2 alveolar,0.0,0.02831493,0.56666666,0.5335626,0.26666668,0.27414206,0.16666667,0.16398038
61,0.9820839,False,Dendritic cells,Dendritic cells,0.06896552,0.054046653,0.37931034,0.358397,0.0,0.0162877,0.55172414,0.5712686
1605,0.98207796,False,Type 2 alveolar,Type 2 alveolar,0.26666668,0.27653736,0.46666667,0.43082255,0.26666668,0.27372622,0.0,0.01891391
3759,0.9820706,False,Dendritic cells,Dendritic cells,0.3,0.31260863,0.0,0.02325017,0.2,0.19499971,0.5,0.46914148
1666,0.98203987,False,Type 2 alveolar,Dendritic cells,0.13793103,0.14479099,0.44827586,0.4123555,0.0,0.018492809,0.41379312,0.42436063
22,0.982012,False,Type 2 alveolar,Type 2 alveolar,0.2413793,0.25714698,0.41379312,0.38546196,0.0,0.020208329,0.3448276,0.3371827
3028,0.9820032,False,Fibroblasts,Fibroblasts,0.1724138,0.15854806,0.1724138,0.17500548,0.37931034,0.35718253,0.27586207,0.3092639
959,0.98199743,False,Fibroblasts,Fibroblasts,0.2413793,0.26936072,0.06896552,0.055730578,0.4827586,0.45998845,0.20689656,0.21492022
897,0.9819772,False,Luminal_Macrophages,Luminal_Macrophages,0.51724136,0.48119578,0.10344828,0.117708825,0.10344828,0.10467805,0.27586207,0.2964173
2047,0.98186547,False,Luminal_Macrophages,Dendritic cells,0.36666667,0.3379846,0.2,0.22476661,0.1,0.092413016,0.33333334,0.34483582
555,0.9818232,False,Fibroblasts,Fibroblasts,0.0,0.024192175,0.33333334,0.34549475,0.5,0.47619754,0.16666667,0.1541156
1692,0.9817744,False,Fibroblasts,Fibroblasts,0.0,0.023885068,0.3448276,0.33715177,0.41379312,0.38501766,0.2413793,0.25394547
788,0.9816902,False,Fibroblasts,Fibroblasts,0.2,0.19356532,0.16666667,0.16234629,0.4,0.37413546,0.23333333,0.2699529
1994,0.9816761,False,Type 2 alveolar,Type 2 alveolar,0.2413793,0.2532695,0.4827586,0.4461108,0.27586207,0.28385988,0.0,0.016759856
4752,0.9816329,False,Dendritic cells,Dendritic cells,0.23333333,0.2621258,0.06666667,0.056115095,0.26666668,0.27460846,0.43333334,0.40715075
3903,0.9816181,False,Dendritic cells,Dendritic cells,0.2,0.23676378,0.3,0.29865327,0.1,0.08919157,0.4,0.3753914
1459,0.9816137,False,Luminal_Macrophages,Luminal_Macrophages,0.36666667,0.35682186,0.36666667,0.33973885,0.26666668,0.2862758,0.0,0.017163463
1674,0.981613,False,Type 2 alveolar,Type 2 alveolar,0.36666667,0.3510293,0.43333334,0.4121966,0.2,0.21197216,0.0,0.024801916
2658,0.98159456,False,Luminal_Macrophages,Luminal_Macrophages,0.41379312,0.37698218,0.27586207,0.29189625,0.27586207,0.2851487,0.03448276,0.045972858
57,0.98159355,False,Dendritic cells,Dendritic cells,0.23333333,0.26227632,0.16666667,0.17453659,0.16666667,0.16148396,0.43333334,0.40170312
2667,0.9815777,False,Luminal_Macrophages,Luminal_Macrophages,0.5,0.46581593,0.3,0.31162313,0.033333335,0.03067273,0.16666667,0.19188821
2495,0.9814983,False,Luminal_Macrophages,Luminal_Macrophages,0.5,0.47031754,0.23333333,0.24509968,0.06666667,0.05934568,0.2,0.2252371
1209,0.98147404,False,Fibroblasts,Fibroblasts,0.23333333,0.264984,0.3,0.30049917,0.43333334,0.3962814,0.033333335,0.03823545
978,0.98138684,False,Fibroblasts,Fibroblasts,0.23333333,0.2650281,0.06666667,0.054383192,0.5,0.47505713,0.2,0.20553157
915,0.9813207,False,Luminal_Macrophages,Luminal_Macrophages,0.43333334,0.3959747,0.0,0.026012994,0.23333333,0.24282356,0.33333334,0.33518875
397,0.98120886,False,Fibroblasts,Fibroblasts,0.0,0.02637359,0.33333334,0.32304966,0.4,0.37270138,0.26666668,0.27787536
4238,0.98119634,False,Type 2 alveolar,Type 2 alveolar,0.2413793,0.25620994,0.62068963,0.5830823,0.0,0.01774247,0.13793103,0.14296517
4248,0.9811716,False,Dendritic cells,Dendritic cells,0.2,0.23102492,0.26666668,0.27100882,0.033333335,0.035623007,0.5,0.46234325
4841,0.9811227,False,Type 2 alveolar,Type 2 alveolar,0.26666668,0.28460884,0.43333334,0.40806946,0.1,0.087509155,0.2,0.21981251
3223,0.9811076,False,Luminal_Macrophages,Luminal_Macrophages,0.4,0.3622152,0.2,0.2203361,0.06666667,0.0706782,0.33333334,0.3467706
3767,0.98106825,False,Fibroblasts,Fibroblasts,0.26666668,0.29895115,0.1,0.0834839,0.43333334,0.4119859,0.2,0.20557903
2987,0.98106253,False,Fibroblasts,Fibroblasts,0.13333334,0.1454129,0.2,0.18526568,0.4,0.3768593,0.26666668,0.29246205
2614,0.98105377,False,Type 2 alveolar,Type 2 alveolar,0.23333333,0.25741646,0.46666667,0.42877415,0.26666668,0.27631664,0.033333335,0.037492763
312,0.9810284,False,Fibroblasts,Fibroblasts,0.33333334,0.31596637,0.033333335,0.043436006,0.4,0.37942374,0.23333333,0.2611739
449,0.9810223,False,Dendritic cells,Dendritic cells,0.29032257,0.30992004,0.0,0.018357992,0.32258064,0.31160668,0.38709676,0.36011538
631,0.98095846,False,Type 2 alveolar,Type 2 alveolar,0.2,0.21977974,0.46666667,0.4389375,0.06666667,0.056312762,0.26666668,0.28497005
3917,0.9809437,False,Fibroblasts,Fibroblasts,0.13333334,0.14347576,0.2,0.18539646,0.4,0.37649092,0.26666668,0.29463685
3021,0.98092717,False,Fibroblasts,Fibroblasts,0.26666668,0.28079438,0.1,0.088500984,0.4,0.3733534,0.23333333,0.25735125
739,0.9808517,False,Type 2 alveolar,Type 2 alveolar,0.1724138,0.1843369,0.62068963,0.58239305,0.20689656,0.21268812,0.0,0.02058193
4003,0.98084426,False,Fibroblasts,Fibroblasts,0.23333333,0.264304,0.26666668,0.27400744,0.36666667,0.34343317,0.13333334,0.11825539
3518,0.9808369,False,Luminal_Macrophages,Luminal_Macrophages,0.46666667,0.42834052,0.3,0.30123898,0.0,0.021947216,0.23333333,0.24847329
447,0.98081464,False,Dendritic cells,Dendritic cells,0.2413793,0.27975005,0.13793103,0.13380598,0.1724138,0.16637209,0.44827586,0.42007193
3467,0.9808142,False,Dendritic cells,Dendritic cells,0.06666667,0.057266045,0.16666667,0.15302327,0.1,0.08467242,0.6666667,0.7050382
1495,0.98081,False,Luminal_Macrophages,Luminal_Macrophages,0.6,0.56162,0.16666667,0.17051932,0.0,0.0190533,0.23333333,0.24880739
294,0.9807533,False,Fibroblasts,Fibroblasts,0.0,0.027303478,0.36666667,0.35403085,0.4,0.3741424,0.23333333,0.24452332
512,0.98072064,False,Type 2 alveolar,Type 2 alveolar,0.2580645,0.27985066,0.48387095,0.4479652,0.032258064,0.029605104,0.22580644,0.24257901
3147,0.98064315,False,Dendritic cells,Dendritic cells,0.23333333,0.2595207,0.23333333,0.24585968,0.1,0.094742894,0.43333334,0.39987674
2237,0.98057556,False,Luminal_Macrophages,Luminal_Macrophages,0.4827586,0.44499388,0.20689656,0.22389834,0.31034482,0.30926067,0.0,0.021847099
3851,0.9805518,False,Luminal_Macrophages,Luminal_Macrophages,0.4,0.38714764,0.36666667,0.34062257,0.033333335,0.0371873,0.2,0.23504245
2970,0.9805375,False,Luminal_Macrophages,Luminal_Macrophages,0.4516129,0.41268784,0.32258064,0.3291248,0.19354838,0.19558263,0.032258064,0.06260475
4894,0.980524,False,Dendritic cells,Dendritic cells,0.23333333,0.24928693,0.0,0.022998428,0.36666667,0.34806103,0.4,0.37965363
2758,0.9804687,False,Type 2 alveolar,Type 2 alveolar,0.23333333,0.2531677,0.5,0.46093735,0.26666668,0.27011332,0.0,0.015781611
1146,0.98032945,False,Fibroblasts,Fibroblasts,0.4,0.41680098,0.0,0.0225401,0.46666667,0.43682978,0.13333334,0.12382911
1972,0.98025256,False,Luminal_Macrophages,Luminal_Macrophages,0.6333333,0.6016457,0.23333333,0.24934442,0.13333334,0.12552607,0.0,0.023483774
1089,0.9802438,False,Luminal_Macrophages,Dendritic cells,0.4,0.36887357,0.2,0.21532544,0.0,0.024186984,0.4,0.391614
1316,0.98015565,False,Luminal_Macrophages,Luminal_Macrophages,0.46666667,0.43259174,0.33333334,0.3277195,0.2,0.2087975,0.0,0.030891225
3194,0.98011297,False,Fibroblasts,Fibroblasts,0.2580645,0.281229,0.09677419,0.08541682,0.38709676,0.35868013,0.2580645,0.27467406
1365,0.98009706,False,Type 2 alveolar,Type 2 alveolar,0.26666668,0.30647254,0.5,0.48178637,0.1,0.089186005,0.13333334,0.12255509
4953,0.9800805,False,Fibroblasts,Fibroblasts,0.0,0.024685964,0.1724138,0.18756689,0.44827586,0.42633352,0.37931034,0.36141372
4364,0.98005855,False,Fibroblasts,Fibroblasts,0.0,0.02382884,0.20689656,0.22295062,0.44827586,0.41974396,0.3448276,0.33347654
1737,0.98004895,False,Fibroblasts,Fibroblasts,0.20689656,0.22674726,0.37931034,0.36243007,0.41379312,0.39077127,0.0,0.02005137
339,0.98000723,False,Luminal_Macrophages,Dendritic cells,0.3,0.27256033,0.2,0.19078895,0.26666668,0.26333186,0.23333333,0.27331883
832,0.979915,False,Dendritic cells,Dendritic cells,0.2,0.23321965,0.23333333,0.24028364,0.13333334,0.12190252,0.43333334,0.40459418
4998,0.9798118,False,Dendritic cells,Dendritic cells,0.0,0.024349883,0.1724138,0.18844035,0.37931034,0.35955462,0.44827586,0.42765507
2665,0.9797355,False,Type 2 alveolar,Type 2 alveolar,0.20689656,0.2236128,0.4827586,0.44222963,0.0,0.021482728,0.31034482,0.31267482
1025,0.97969073,False,Type 2 alveolar,Type 2 alveolar,0.23333333,0.2629602,0.43333334,0.40471357,0.26666668,0.2776584,0.06666667,0.054667946
2030,0.97967386,False,Fibroblasts,Dendritic cells,0.0,0.019687435,0.0,0.020964872,0.5,0.47297823,0.5,0.48636943
4673,0.97963303,False,Type 2 alveolar,Type 2 alveolar,0.26666668,0.28422406,0.46666667,0.42593277,0.0,0.021005113,0.26666668,0.26883805
3968,0.9796301,False,Type 2 alveolar,Type 2 alveolar,0.23333333,0.25675938,0.7,0.6694091,0.0,0.017313693,0.06666667,0.056517795
620,0.97942096,False,Type 2 alveolar,Type 2 alveolar,0.2580645,0.27389276,0.48387095,0.4427129,0.032258064,0.036581874,0.22580644,0.24681252
1624,0.9792999,False,Luminal_Macrophages,Luminal_Macrophages,0.36666667,0.34931806,0.36666667,0.34261516,0.0,0.021491308,0.26666668,0.28657553
534,0.9792308,False,Type 2 alveolar,Type 2 alveolar,0.2,0.2087575,0.6,0.5584616,0.0,0.017566433,0.2,0.21521442
2793,0.9791946,False,Fibroblasts,Fibroblasts,0.2413793,0.26092348,0.0,0.022066655,0.44827586,0.411567,0.31034482,0.3054429
173,0.9791403,False,Fibroblasts,Type 2 alveolar,0.0,0.020980727,0.4827586,0.47952506,0.51724136,0.47875547,0.0,0.020738758
543,0.9789133,False,Luminal_Macrophages,Luminal_Macrophages,0.46666667,0.42449334,0.2,0.20976233,0.0,0.022602342,0.33333334,0.34314206
430,0.97890097,False,Fibroblasts,Fibroblasts,0.2,0.21791275,0.0,0.024285361,0.43333334,0.4032503,0.36666667,0.35455158
3445,0.9788995,False,Type 2 alveolar,Type 2 alveolar,0.20689656,0.22774498,0.44827586,0.40943414,0.0,0.021352649,0.3448276,0.34146827
1504,0.9788685,False,Fibroblasts,Fibroblasts,0.23333333,0.25500053,0.06666667,0.051087216,0.43333334,0.4066498,0.26666668,0.28726244
1370,0.9787326,False,Luminal_Macrophages,Fibroblasts,0.5,0.47540438,0.0,0.021950305,0.5,0.4820608,0.0,0.020584565
3807,0.9786589,False,Luminal_Macrophages,Luminal_Macrophages,0.5,0.45731786,0.2,0.21080011,0.26666668,0.28417316,0.033333335,0.04770884
3346,0.97860736,False,Fibroblasts,Fibroblasts,0.23333333,0.26584694,0.1,0.09068455,0.4,0.36653012,0.26666668,0.27693838
593,0.9785425,False,Fibroblasts,Fibroblasts,0.26666668,0.29360116,0.26666668,0.2826471,0.4,0.36855778,0.06666667,0.05519393
3845,0.97843474,False,Dendritic cells,Dendritic cells,0.09677419,0.07881913,0.16129032,0.15282905,0.09677419,0.080059946,0.6451613,0.6882918
2205,0.97834504,False,Luminal_Macrophages,Luminal_Macrophages,0.4,0.38404858,0.0,0.02413325,0.4,0.37264153,0.2,0.21917666
2255,0.9781216,False,Luminal_Macrophages,Luminal_Macrophages,0.51724136,0.48796624,0.0,0.02374056,0.0,0.02001635,0.4827586,0.4682769
2864,0.97772497,False,Luminal_Macrophages,Luminal_Macrophages,0.53333336,0.49607673,0.2,0.20924538,0.06666667,0.05937323,0.2,0.23530468
1701,0.9776782,False,Luminal_Macrophages,Luminal_Macrophages,0.43333334,0.39084867,0.3,0.29784098,0.0,0.02126589,0.26666668,0.29004443
4124,0.97765374,False,Type 2 alveolar,Type 2 alveolar,0.26666668,0.2804118,0.46666667,0.4219741,0.26666668,0.27763075,0.0,0.01998337
4225,0.97753066,False,Luminal_Macrophages,Luminal_Macrophages,0.62068963,0.60937124,0.0,0.01968294,0.37931034,0.34569007,0.0,0.025255717
953,0.9774343,False,Luminal_Macrophages,Luminal_Macrophages,0.5862069,0.54107547,0.2413793,0.25874266,0.1724138,0.1735265,0.0,0.026655346
4330,0.9771232,False,Luminal_Macrophages,Luminal_Macrophages,0.6,0.5742789,0.0,0.026351117,0.0,0.01940245,0.4,0.37996754
4196,0.9770752,False,Luminal_Macrophages,Luminal_Macrophages,0.6333333,0.58748376,0.13333334,0.15590589,0.033333335,0.03916306,0.2,0.21744737
4169,0.9770661,False,Fibroblasts,Fibroblasts,0.23333333,0.25750855,0.36666667,0.3494161,0.4,0.37138274,0.0,0.021692608
2845,0.97674143,False,Dendritic cells,Dendritic cells,0.2580645,0.29278702,0.09677419,0.10856879,0.22580644,0.22317588,0.41935483,0.3754683
1074,0.976191,False,Luminal_Macrophages,Luminal_Macrophages,0.4516129,0.40399486,0.22580644,0.2493175,0.032258064,0.041452803,0.29032257,0.30523488
728,0.97589177,False,Luminal_Macrophages,Luminal_Macrophages,0.46666667,0.41845024,0.16666667,0.17255111,0.26666668,0.2814092,0.1,0.12758945
2398,0.9757389,False,Type 2 alveolar,Type 2 alveolar,0.23333333,0.2499007,0.5,0.45147774,0.26666668,0.27474648,0.0,0.023875099
2276,0.9756211,False,Dendritic cells,Dendritic cells,0.06896552,0.052869745,0.13793103,0.12813954,0.13793103,0.115060486,0.6551724,0.70393026
1423,0.9754348,False,Luminal_Macrophages,Luminal_Macrophages,0.79310346,0.84223396,0.03448276,0.030821769,0.06896552,0.04807461,0.10344828,0.07886969
1967,0.9751728,False,Luminal_Macrophages,Luminal_Macrophages,0.62068963,0.59619915,0.0,0.02872055,0.37931034,0.35414648,0.0,0.020933807
