sample_index,score,is_prototype,true_dominant_type,pred_dominant_type,true_Luminal_Macrophages,pred_Luminal_Macrophages,true_Type 2 alveolar,pred_Type 2 alveolar,true_Fibroblasts,pred_Fibroblasts,true_Dendritic cells,pred_Dendritic cells
4620,0.99975353,True,Fibroblasts,Dendritic cells,0.13333334,0.1338263,0.2,0.19984931,0.33333334,0.33314118,0.33333334,0.33318323
3298,0.9995145,True,Luminal_Macrophages,Luminal_Macrophages,0.41379312,0.4140218,0.03448276,0.034481388,0.20689656,0.20592698,0.3448276,0.34556982
242,0.9994552,True,Luminal_Macrophages,Luminal_Macrophages,0.4,0.40041852,0.3,0.30065563,0.2,0.20001547,0.1,0.09891042
3359,0.99945134,True,Luminal_Macrophages,Luminal_Macrophages,0.33333334,0.33310968,0.16666667,0.16657452,0.2,0.20109732,0.3,0.2992185
4016,0.9994092,True,Dendritic cells,Dendritic cells,0.2580645,0.2581184,0.29032257,0.29019335,0.09677419,0.097901985,0.3548387,0.35378635
4938,0.9993415,True,Luminal_Macrophages,Luminal_Macrophages,0.36666667,0.3679831,0.36666667,0.36665845,0.13333334,0.13202451,0.13333334,0.13333395
1468,0.99923027,True,Luminal_Macrophages,Luminal_Macrophages,0.33333334,0.3344136,0.13333334,0.1337926,0.2,0.19918643,0.33333334,0.33260736
4073,0.9992119,True,Type 2 alveolar,Type 2 alveolar,0.41379312,0.41527322,0.44827586,0.44837192,0.10344828,0.102216326,0.03448276,0.034138568
1549,0.99917185,True,Type 2 alveolar,Type 2 alveolar,0.31034482,0.31198108,0.44827586,0.44778758,0.10344828,0.10346825,0.13793103,0.13676308
4723,0.9991383,True,Luminal_Macrophages,Luminal_Macrophages,0.29032257,0.2913804,0.2580645,0.25658986,0.2580645,0.25873005,0.19354838,0.19329967
2129,0.99909323,True,Luminal_Macrophages,Fibroblasts,0.33333334,0.33178738,0.3,0.30041113,0.33333334,0.33306575,0.033333335,0.034735717
1135,0.9990186,True,Dendritic cells,Dendritic cells,0.22580644,0.22588155,0.2580645,0.25954738,0.12903225,0.12706943,0.38709676,0.38750163
4117,0.99894774,True,Luminal_Macrophages,Luminal_Macrophages,0.36666667,0.36575633,0.23333333,0.23359922,0.23333333,0.23517205,0.16666667,0.1654725
4305,0.99893093,True,Luminal_Macrophages,Luminal_Macrophages,0.3548387,0.35506067,0.32258064,0.32449675,0.12903225,0.12780347,0.19354838,0.19263907
2273,0.9988981,True,Luminal_Macrophages,Luminal_Macrophages,0.41379312,0.41401875,0.20689656,0.20469275,0.1724138,0.17300308,0.20689656,0.2082854
1544,0.9988666,True,Type 2 alveolar,Type 2 alveolar,0.23333333,0.2310666,0.3,0.3001518,0.26666668,0.26854458,0.2,0.20023707
1171,0.9988637,True,Luminal_Macrophages,Luminal_Macrophages,0.3,0.3016293,0.3,0.29772732,0.16666667,0.166861,0.23333333,0.23378234
3242,0.9988425,True,Luminal_Macrophages,Fibroblasts,0.4,0.3989013,0.06666667,0.06545037,0.4,0.4000589,0.13333334,0.13558944
1574,0.99883527,True,Luminal_Macrophages,Luminal_Macrophages,0.5,0.50151753,0.033333335,0.03414525,0.33333334,0.333045,0.13333334,0.13129225
2552,0.9988313,True,Type 2 alveolar,Type 2 alveolar,0.3,0.29941604,0.33333334,0.33250025,0.16666667,0.16900417,0.2,0.19907956
3185,0.9988186,True,Luminal_Macrophages,Dendritic cells,0.3,0.30000597,0.26666668,0.26778176,0.13333334,0.13097045,0.3,0.30124176
232,0.9987956,True,Type 2 alveolar,Type 2 alveolar,0.033333335,0.034032848,0.4,0.39865103,0.23333333,0.23504262,0.33333334,0.33227354
1632,0.99877244,True,Type 2 alveolar,Type 2 alveolar,0.2,0.1977861,0.36666667,0.36688587,0.33333334,0.33309206,0.1,0.10223593
3146,0.9987302,True,Type 2 alveolar,Type 2 alveolar,0.27586207,0.27840173,0.3448276,0.3447154,0.27586207,0.27451423,0.10344828,0.10236869
3648,0.9987287,True,Type 2 alveolar,Dendritic cells,0.06666667,0.06557399,0.33333334,0.33198774,0.26666668,0.26920924,0.33333334,0.33322904
1226,0.99872684,True,Luminal_Macrophages,Dendritic cells,0.31034482,0.3109077,0.1724138,0.17053552,0.20689656,0.2062285,0.31034482,0.3123283
2474,0.99872136,True,Type 2 alveolar,Type 2 alveolar,0.2,0.20166741,0.3,0.3008899,0.2,0.19973548,0.3,0.29770717
241,0.99869996,True,Fibroblasts,Fibroblasts,0.1,0.09956794,0.1,0.09783193,0.43333334,0.43356836,0.36666667,0.3690317
189,0.99867755,True,Type 2 alveolar,Type 2 alveolar,0.38709676,0.38476112,0.41935483,0.42183933,0.09677419,0.0969346,0.09677419,0.09646495
4459,0.9986489,True,Luminal_Macrophages,Luminal_Macrophages,0.6333333,0.6324005,0.1,0.1007644,0.033333335,0.03156391,0.23333333,0.23527119
695,0.99864304,True,Luminal_Macrophages,Luminal_Macrophages,0.3,0.300935,0.3,0.30021355,0.26666668,0.26823202,0.13333334,0.1306194
122,0.99863446,True,Fibroblasts,Fibroblasts,0.16666667,0.16658802,0.033333335,0.034293335,0.6666667,0.6684377,0.13333334,0.13068089
4834,0.99862987,True,Dendritic cells,Dendritic cells,0.20689656,0.20415625,0.27586207,0.27782628,0.20689656,0.20726223,0.31034482,0.31075525
2800,0.9986298,True,Luminal_Macrophages,Luminal_Macrophages,0.3,0.29975805,0.23333333,0.23421752,0.26666668,0.26416823,0.2,0.20185618
1356,0.99861854,True,Luminal_Macrophages,Luminal_Macrophages,0.33333334,0.3308726,0.23333333,0.23471917,0.2,0.19969779,0.23333333,0.2347104
3970,0.9986177,True,Fibroblasts,Fibroblasts,0.06666667,0.06558433,0.3,0.30031356,0.33333334,0.33165115,0.3,0.30245098
4307,0.9986152,True,Fibroblasts,Dendritic cells,0.2,0.19925193,0.2,0.20091452,0.3,0.2979784,0.3,0.30185506
1722,0.99860096,True,Luminal_Macrophages,Luminal_Macrophages,0.43333334,0.43273908,0.43333334,0.43200716,0.1,0.09912236,0.033333335,0.036131386
2647,0.9985978,True,Type 2 alveolar,Fibroblasts,0.1,0.1016679,0.3,0.29879847,0.3,0.3011365,0.3,0.29839715
2182,0.998595,True,Luminal_Macrophages,Luminal_Macrophages,0.36666667,0.3694188,0.033333335,0.03261385,0.3,0.29790947,0.3,0.30005783
1002,0.99854994,True,Type 2 alveolar,Type 2 alveolar,0.2,0.19966683,0.43333334,0.4307664,0.06666667,0.06687895,0.3,0.30268782
1248,0.998541,True,Luminal_Macrophages,Luminal_Macrophages,0.33333334,0.33311158,0.23333333,0.2362513,0.1,0.09843453,0.33333334,0.33220255
2950,0.9984904,True,Fibroblasts,Dendritic cells,0.1,0.10241446,0.1,0.097936355,0.4,0.39904442,0.4,0.40060478
2778,0.9984836,True,Dendritic cells,Dendritic cells,0.06666667,0.063971125,0.1,0.100343816,0.36666667,0.36935565,0.46666667,0.46632943
4780,0.9984761,True,Type 2 alveolar,Fibroblasts,0.20689656,0.2042107,0.27586207,0.27550006,0.27586207,0.2785732,0.2413793,0.24171606
2532,0.99847305,True,Dendritic cells,Dendritic cells,0.3,0.30144212,0.26666668,0.26534238,0.1,0.09827034,0.33333334,0.33494517
2153,0.9984597,True,Type 2 alveolar,Type 2 alveolar,0.32258064,0.32566127,0.3548387,0.35268146,0.19354838,0.19292177,0.12903225,0.1287355
2728,0.9984165,True,Luminal_Macrophages,Luminal_Macrophages,0.4516129,0.4526416,0.09677419,0.095627375,0.06451613,0.062495854,0.38709676,0.38923508
2671,0.9984096,True,Luminal_Macrophages,Luminal_Macrophages,0.5,0.500437,0.033333335,0.03607702,0.3,0.2989697,0.16666667,0.16451629
2102,0.998396,True,Dendritic cells,Dendritic cells,0.23333333,0.2333447,0.23333333,0.23500502,0.2,0.20152505,0.33333334,0.33012527
1058,0.9983912,False,Type 2 alveolar,Dendritic cells,0.06451613,0.061298613,0.32258064,0.3228833,0.29032257,0.29188347,0.32258064,0.3239346
2458,0.9983654,False,Luminal_Macrophages,Type 2 alveolar,0.4,0.40046492,0.4,0.40280423,0.1,0.09755696,0.1,0.099173896
221,0.9983575,False,Dendritic cells,Dendritic cells,0.26666668,0.26338163,0.033333335,0.03535273,0.26666668,0.26696292,0.43333334,0.43430272
4429,0.9983558,False,Type 2 alveolar,Type 2 alveolar,0.06666667,0.06536021,0.43333334,0.43432873,0.13333334,0.13135135,0.36666667,0.3689597
3284,0.9983512,False,Luminal_Macrophages,Dendritic cells,0.31034482,0.30900693,0.13793103,0.13838558,0.2413793,0.23941962,0.31034482,0.3131879
1299,0.9983297,False,Dendritic cells,Dendritic cells,0.26666668,0.267423,0.2,0.20258431,0.2,0.19749923,0.33333334,0.33249345
3541,0.99832046,False,Luminal_Macrophages,Luminal_Macrophages,0.53333336,0.534796,0.1,0.09960389,0.33333334,0.33037037,0.033333335,0.03522978
3787,0.99831903,False,Luminal_Macrophages,Luminal_Macrophages,0.5,0.4971196,0.23333333,0.23340684,0.033333335,0.03662179,0.23333333,0.23285171
2624,0.9983138,False,Type 2 alveolar,Type 2 alveolar,0.3,0.30226612,0.33333334,0.3315061,0.23333333,0.23443964,0.13333334,0.1317882
4384,0.9983092,False,Luminal_Macrophages,Fibroblasts,0.4,0.39858025,0.06666667,0.06470481,0.4,0.40053928,0.13333334,0.13617565
1017,0.9982794,False,Luminal_Macrophages,Luminal_Macrophages,0.3548387,0.3564017,0.06451613,0.062769584,0.22580644,0.2276847,0.3548387,0.35314402
2441,0.99827164,False,Dendritic cells,Dendritic cells,0.26666668,0.2663546,0.1,0.10157451,0.3,0.29685542,0.33333334,0.33521548
1816,0.9982669,False,Luminal_Macrophages,Luminal_Macrophages,0.4,0.3981289,0.033333335,0.03217823,0.3,0.29955995,0.26666668,0.2701329
1186,0.9982604,False,Type 2 alveolar,Type 2 alveolar,0.23333333,0.23178083,0.33333334,0.33140665,0.26666668,0.26983598,0.16666667,0.16697657
3692,0.9982242,False,Dendritic cells,Dendritic cells,0.37931034,0.37919685,0.03448276,0.034384493,0.06896552,0.065625705,0.51724136,0.52079296
1480,0.99821776,False,Dendritic cells,Dendritic cells,0.06666667,0.06819408,0.33333334,0.33465305,0.23333333,0.23405072,0.36666667,0.36310217
3289,0.9982025,False,Luminal_Macrophages,Luminal_Macrophages,0.36666667,0.36354312,0.33333334,0.3328619,0.16666667,0.16872941,0.13333334,0.13486557
1241,0.99820024,False,Dendritic cells,Dendritic cells,0.3,0.2993846,0.3,0.30136234,0.06666667,0.06890383,0.33333334,0.33034918
956,0.9981972,False,Luminal_Macrophages,Luminal_Macrophages,0.33333334,0.33478144,0.2,0.1968921,0.3,0.3021575,0.16666667,0.16616903
104,0.998194,False,Dendritic cells,Dendritic cells,0.06896552,0.069397986,0.10344828,0.09983624,0.3448276,0.34771684,0.4827586,0.48304892
3389,0.9981881,False,Type 2 alveolar,Type 2 alveolar,0.2,0.20064564,0.3,0.29878888,0.3,0.29758736,0.2,0.20297816
2819,0.9981818,False,Luminal_Macrophages,Luminal_Macrophages,0.33333334,0.33184066,0.3,0.3027388,0.2,0.2008976,0.16666667,0.16452296
4120,0.99817735,False,Type 2 alveolar,Fibroblasts,0.26666668,0.26921117,0.3,0.2973774,0.3,0.29897732,0.13333334,0.13443406
3316,0.9981498,False,Luminal_Macrophages,Type 2 alveolar,0.32258064,0.32233384,0.32258064,0.32496598,0.16129032,0.1578368,0.19354838,0.19486344
2492,0.99814343,False,Fibroblasts,Fibroblasts,0.1,0.09628681,0.2,0.20263249,0.36666667,0.3668825,0.33333334,0.3341982
900,0.99814034,False,Type 2 alveolar,Type 2 alveolar,0.26666668,0.2637419,0.3,0.30371925,0.26666668,0.26619583,0.16666667,0.16634299
1350,0.99813414,False,Luminal_Macrophages,Luminal_Macrophages,0.36666667,0.369179,0.3,0.29626834,0.06666667,0.0678355,0.26666668,0.2667172
2214,0.99813163,False,Type 2 alveolar,Type 2 alveolar,0.06666667,0.064921714,0.33333334,0.3335959,0.3,0.29800823,0.3,0.3034742
377,0.9981302,False,Dendritic cells,Dendritic cells,0.2,0.20373955,0.26666668,0.26606882,0.2,0.19925089,0.33333334,0.33094075
4367,0.99811447,False,Type 2 alveolar,Type 2 alveolar,0.29032257,0.29378688,0.38709676,0.3843138,0.16129032,0.16159709,0.16129032,0.16030218
1373,0.9981141,False,Type 2 alveolar,Fibroblasts,0.1,0.10377176,0.3,0.2986143,0.3,0.29918653,0.3,0.29842743
4082,0.9981065,False,Dendritic cells,Dendritic cells,0.1,0.10320926,0.23333333,0.23057619,0.16666667,0.1672444,0.5,0.49897012
4899,0.9980922,False,Luminal_Macrophages,Luminal_Macrophages,0.46666667,0.46342266,0.1,0.099428326,0.23333333,0.23581561,0.2,0.20133345
2627,0.9980851,False,Luminal_Macrophages,Luminal_Macrophages,0.4516129,0.45347553,0.12903225,0.12520242,0.22580644,0.2272913,0.19354838,0.19403076
4101,0.99805856,False,Luminal_Macrophages,Luminal_Macrophages,0.33333334,0.33428302,0.26666668,0.26534873,0.1,0.09743511,0.3,0.3029332
3996,0.99804944,False,Dendritic cells,Dendritic cells,0.2580645,0.2595187,0.22580644,0.227357,0.19354838,0.19444472,0.32258064,0.3186795
2831,0.9980451,False,Luminal_Macrophages,Luminal_Macrophages,0.3,0.30067885,0.23333333,0.23202917,0.3,0.29739437,0.16666667,0.16989766
1447,0.998044,False,Luminal_Macrophages,Luminal_Macrophages,0.36666667,0.36436346,0.16666667,0.16535054,0.2,0.19970737,0.26666668,0.27057862
4655,0.99804056,False,Fibroblasts,Fibroblasts,0.032258064,0.035612363,0.12903225,0.12807378,0.6451613,0.64572585,0.19354838,0.190588
2922,0.99802303,False,Type 2 alveolar,Type 2 alveolar,0.26666668,0.26573387,0.36666667,0.36425275,0.26666668,0.27062055,0.1,0.09939285
1016,0.99801785,False,Luminal_Macrophages,Luminal_Macrophages,0.33333334,0.3368595,0.33333334,0.32994953,0.2,0.2004381,0.13333334,0.13275288
4989,0.99800986,False,Luminal_Macrophages,Luminal_Macrophages,0.3,0.3027282,0.2,0.20125204,0.2,0.19865969,0.3,0.29736003
240,0.9979986,False,Fibroblasts,Fibroblasts,0.26666668,0.2687725,0.2,0.19599718,0.3,0.3013256,0.23333333,0.23390469
3362,0.9979928,False,Dendritic cells,Dendritic cells,0.26666668,0.2679262,0.23333333,0.23120861,0.2,0.19811031,0.3,0.3027549
4156,0.9979554,False,Type 2 alveolar,Type 2 alveolar,0.22580644,0.22852774,0.29032257,0.28995997,0.29032257,0.28659597,0.19354838,0.19491632
2200,0.99790776,False,Luminal_Macrophages,Dendritic cells,0.3,0.30027923,0.23333333,0.23114294,0.16666667,0.16467257,0.3,0.30390525
1939,0.997904,False,Fibroblasts,Fibroblasts,0.1,0.101343244,0.33333334,0.33256018,0.53333336,0.52991444,0.033333335,0.03618208
2844,0.9979014,False,Dendritic cells,Dendritic cells,0.26666668,0.26699623,0.16666667,0.16988423,0.23333333,0.22913611,0.33333334,0.33398342
3744,0.99789816,False,Luminal_Macrophages,Luminal_Macrophages,0.31034482,0.30927494,0.2413793,0.24279675,0.13793103,0.14071724,0.31034482,0.30721104
1936,0.99789673,False,Luminal_Macrophages,Luminal_Macrophages,0.33333334,0.33255532,0.16666667,0.17035784,0.16666667,0.16718201,0.33333334,0.32990488
4068,0.997896,False,Dendritic cells,Dendritic cells,0.3,0.2995103,0.26666668,0.26513103,0.06666667,0.070874594,0.36666667,0.364484
1565,0.99789166,False,Luminal_Macrophages,Luminal_Macrophages,0.3,0.303868,0.26666668,0.26369664,0.23333333,0.23208663,0.2,0.20034873
1513,0.9978846,False,Dendritic cells,Dendritic cells,0.06666667,0.067057215,0.4,0.39714646,0.1,0.09862265,0.43333334,0.43717366
2948,0.9978814,False,Fibroblasts,Fibroblasts,0.16129032,0.16424167,0.3548387,0.35279757,0.41935483,0.41715875,0.06451613,0.06580198
2090,0.9978746,False,Fibroblasts,Fibroblasts,0.06451613,0.06278546,0.41935483,0.41755298,0.4516129,0.45586365,0.06451613,0.063797876
3722,0.99787116,False,Dendritic cells,Dendritic cells,0.23333333,0.23022777,0.2,0.20049493,0.26666668,0.26551452,0.3,0.30376273
4843,0.99786776,False,Dendritic cells,Dendritic cells,0.3,0.30191156,0.033333335,0.035686206,0.3,0.29795438,0.36666667,0.3644479
423,0.99783283,False,Dendritic cells,Dendritic cells,0.37931034,0.3772195,0.03448276,0.038018644,0.13793103,0.13568754,0.44827586,0.44907433
871,0.99783045,False,Type 2 alveolar,Type 2 alveolar,0.26666668,0.27006337,0.33333334,0.32907128,0.13333334,0.13325629,0.26666668,0.26760906
2197,0.997815,False,Dendritic cells,Dendritic cells,0.1,0.09959558,0.4,0.4013143,0.06666667,0.0697224,0.43333334,0.42936778
2415,0.9978133,False,Fibroblasts,Fibroblasts,0.1724138,0.17036927,0.3448276,0.34920105,0.41379312,0.41274488,0.06896552,0.067684814
920,0.9978124,False,Luminal_Macrophages,Luminal_Macrophages,0.58064514,0.584642,0.29032257,0.28869194,0.032258064,0.03263643,0.09677419,0.09402964
4123,0.99780905,False,Dendritic cells,Dendritic cells,0.27586207,0.27722946,0.06896552,0.071539655,0.31034482,0.31078517,0.3448276,0.3404457
1555,0.9977827,False,Luminal_Macrophages,Luminal_Macrophages,0.3,0.2990636,0.23333333,0.23646711,0.26666668,0.26316848,0.2,0.20130077
996,0.99777,False,Dendritic cells,Dendritic cells,0.32258064,0.3251063,0.032258064,0.032271396,0.09677419,0.09231424,0.5483871,0.5503081
4513,0.9977662,False,Fibroblasts,Fibroblasts,0.36666667,0.3679317,0.13333334,0.13653597,0.4,0.39670274,0.1,0.09882966
162,0.9977641,False,Dendritic cells,Dendritic cells,0.3,0.30042118,0.033333335,0.037209637,0.3,0.3001743,0.36666667,0.36219493
1618,0.99776185,False,Luminal_Macrophages,Type 2 alveolar,0.4,0.39705592,0.4,0.4005533,0.16666667,0.17058966,0.033333335,0.031801105
236,0.9977561,False,Dendritic cells,Dendritic cells,0.06666667,0.06902686,0.3,0.30035576,0.3,0.3017718,0.33333334,0.3288456
3436,0.99775153,False,Type 2 alveolar,Type 2 alveolar,0.36666667,0.36728275,0.4,0.395503,0.06666667,0.069255546,0.16666667,0.16795869
625,0.9977444,False,Dendritic cells,Dendritic cells,0.26666668,0.26461458,0.2,0.20325474,0.23333333,0.23087418,0.3,0.30125648
2962,0.9977201,False,Luminal_Macrophages,Luminal_Macrophages,0.32258064,0.31802085,0.29032257,0.29261047,0.29032257,0.29077402,0.09677419,0.098594636
4529,0.9977151,False,Type 2 alveolar,Fibroblasts,0.13333334,0.13754359,0.3,0.29635486,0.3,0.2990753,0.26666668,0.2670262
4152,0.9977102,False,Dendritic cells,Dendritic cells,0.20689656,0.2054415,0.2413793,0.24585386,0.2413793,0.23825485,0.31034482,0.3104498
3746,0.9976914,False,Type 2 alveolar,Type 2 alveolar,0.13333334,0.13547404,0.6333333,0.6346241,0.16666667,0.16785234,0.06666667,0.062049527
1196,0.99769074,False,Type 2 alveolar,Type 2 alveolar,0.26666668,0.27041462,0.3,0.29563415,0.23333333,0.23420388,0.2,0.19974738
113,0.99768984,False,Luminal_Macrophages,Luminal_Macrophages,0.26666668,0.2660537,0.23333333,0.23430794,0.26666668,0.26265934,0.23333333,0.23697898
4232,0.9976816,False,Luminal_Macrophages,Luminal_Macrophages,0.3448276,0.34816083,0.1724138,0.17116462,0.13793103,0.1345435,0.3448276,0.34613106
4383,0.99768114,False,Type 2 alveolar,Type 2 alveolar,0.3,0.29732916,0.33333334,0.33571792,0.16666667,0.16469978,0.2,0.20225313
1842,0.9976798,False,Fibroblasts,Fibroblasts,0.032258064,0.035262417,0.16129032,0.16292629,0.516129,0.5121202,0.29032257,0.28969106
3417,0.9976792,False,Luminal_Macrophages,Luminal_Macrophages,0.3,0.3035988,0.26666668,0.26770958,0.2,0.1971153,0.23333333,0.23157635
1699,0.99767125,False,Luminal_Macrophages,Type 2 alveolar,0.3448276,0.3442468,0.3448276,0.34948507,0.2413793,0.23937137,0.06896552,0.066896714
585,0.9976668,False,Luminal_Macrophages,Luminal_Macrophages,0.36666667,0.37133312,0.13333334,0.13143389,0.13333334,0.13073643,0.36666667,0.36649662
1066,0.9976504,False,Dendritic cells,Dendritic cells,0.09677419,0.10065983,0.29032257,0.2911362,0.29032257,0.28755692,0.32258064,0.32064706
4763,0.9976494,False,Dendritic cells,Dendritic cells,0.3,0.29736334,0.06666667,0.06533527,0.26666668,0.27136788,0.36666667,0.36593342
1550,0.99764687,False,Fibroblasts,Fibroblasts,0.23333333,0.23090754,0.26666668,0.26857647,0.3,0.29771957,0.2,0.20279641
1444,0.9976446,False,Luminal_Macrophages,Luminal_Macrophages,0.41935483,0.41692978,0.06451613,0.06922691,0.38709676,0.38519537,0.12903225,0.12864786
4929,0.9976437,False,Dendritic cells,Dendritic cells,0.37931034,0.380096,0.03448276,0.03325402,0.06896552,0.06548169,0.51724136,0.5211683
4973,0.9976399,False,Dendritic cells,Dendritic cells,0.2,0.19853926,0.16666667,0.17138688,0.3,0.29684448,0.33333334,0.33322936
193,0.9976332,False,Luminal_Macrophages,Luminal_Macrophages,0.4,0.40108407,0.16666667,0.16694756,0.36666667,0.37003523,0.06666667,0.061933137
314,0.99762505,False,Fibroblasts,Fibroblasts,0.33333334,0.3357572,0.13333334,0.12858339,0.5,0.5006049,0.033333335,0.035054486
990,0.9976227,False,Luminal_Macrophages,Luminal_Macrophages,0.33333334,0.33728123,0.3,0.29617083,0.06666667,0.06747327,0.3,0.29907465
2136,0.99760956,False,Luminal_Macrophages,Luminal_Macrophages,0.36666667,0.36662984,0.23333333,0.23773566,0.06666667,0.06704526,0.33333334,0.3285892
3998,0.99760544,False,Luminal_Macrophages,Luminal_Macrophages,0.44827586,0.44517532,0.20689656,0.21158367,0.06896552,0.06906748,0.27586207,0.27417347
2355,0.99760294,False,Fibroblasts,Fibroblasts,0.06896552,0.069923714,0.10344828,0.101520374,0.41379312,0.41762903,0.41379312,0.41092688
3245,0.997599,False,Type 2 alveolar,Type 2 alveolar,0.23333333,0.23314746,0.3,0.29538393,0.26666668,0.2667964,0.2,0.20467222
3725,0.99759066,False,Luminal_Macrophages,Type 2 alveolar,0.3,0.2978873,0.3,0.29851043,0.23333333,0.23211698,0.16666667,0.17148532
3395,0.99759036,False,Luminal_Macrophages,Luminal_Macrophages,0.3,0.3048192,0.2,0.1994939,0.23333333,0.2313532,0.26666668,0.26433367
4576,0.99758786,False,Type 2 alveolar,Type 2 alveolar,0.06896552,0.06816047,0.3448276,0.34081185,0.27586207,0.28068635,0.31034482,0.3103413
4530,0.99757075,False,Luminal_Macrophages,Luminal_Macrophages,0.3,0.29657042,0.16666667,0.16814229,0.26666668,0.26523772,0.26666668,0.27004957
803,0.997568,False,Dendritic cells,Dendritic cells,0.2413793,0.24116461,0.2413793,0.24442504,0.2413793,0.23673002,0.27586207,0.27768037
2484,0.99756724,False,Fibroblasts,Fibroblasts,0.033333335,0.03819888,0.26666668,0.26299283,0.36666667,0.3660466,0.33333334,0.3327617
2601,0.9975672,False,Luminal_Macrophages,Luminal_Macrophages,0.4,0.40087792,0.1,0.09583991,0.36666667,0.3706544,0.13333334,0.13262779
2248,0.99756616,False,Fibroblasts,Dendritic cells,0.09677419,0.094629616,0.2580645,0.26191476,0.32258064,0.31985757,0.32258064,0.32359803
4210,0.99755836,False,Luminal_Macrophages,Luminal_Macrophages,0.37931034,0.38257155,0.03448276,0.032250512,0.2413793,0.23872834,0.3448276,0.34644967
2017,0.99755734,False,Luminal_Macrophages,Luminal_Macrophages,0.33333334,0.33606303,0.1,0.0973633,0.26666668,0.2688223,0.3,0.29775134
3034,0.99752855,False,Luminal_Macrophages,Luminal_Macrophages,0.46666667,0.46284243,0.2,0.19888142,0.2,0.2045195,0.13333334,0.13375673
3438,0.9975217,False,Type 2 alveolar,Type 2 alveolar,0.26666668,0.2685657,0.33333334,0.3283768,0.16666667,0.1674424,0.23333333,0.23561513
1315,0.9975082,False,Luminal_Macrophages,Luminal_Macrophages,0.33333334,0.3342167,0.3,0.3039879,0.3,0.30011225,0.06666667,0.061683096
2204,0.9975006,False,Type 2 alveolar,Type 2 alveolar,0.10344828,0.107464775,0.41379312,0.41477537,0.10344828,0.09947984,0.37931034,0.37827995
4725,0.99749506,False,Luminal_Macrophages,Luminal_Macrophages,0.33333334,0.33313203,0.13333334,0.12980251,0.23333333,0.23205563,0.3,0.30500987
3516,0.99749404,False,Luminal_Macrophages,Luminal_Macrophages,0.3448276,0.346405,0.31034482,0.30994803,0.1724138,0.17584828,0.1724138,0.16779871
3670,0.9974918,False,Type 2 alveolar,Type 2 alveolar,0.22580644,0.22433914,0.32258064,0.3203763,0.29032257,0.2889778,0.16129032,0.16630673
2467,0.99748266,False,Type 2 alveolar,Type 2 alveolar,0.2580645,0.26182032,0.32258064,0.3238595,0.12903225,0.12453969,0.29032257,0.28978047
2902,0.9974709,False,Luminal_Macrophages,Type 2 alveolar,0.27586207,0.27568242,0.27586207,0.2809202,0.2413793,0.23989537,0.20689656,0.20350201
4947,0.9974619,False,Type 2 alveolar,Dendritic cells,0.22580644,0.22470708,0.2580645,0.2584186,0.2580645,0.2540877,0.2580645,0.2627867
18,0.9974571,False,Type 2 alveolar,Type 2 alveolar,0.26666668,0.26627502,0.3,0.30014998,0.26666668,0.2619725,0.16666667,0.17160252
1462,0.9974547,False,Luminal_Macrophages,Dendritic cells,0.38709676,0.3886387,0.16129032,0.15619966,0.06451613,0.06599214,0.38709676,0.38916945
3603,0.9974539,False,Type 2 alveolar,Type 2 alveolar,0.29032257,0.2931108,0.3548387,0.34987363,0.06451613,0.06682005,0.29032257,0.29019547
3488,0.99745345,False,Luminal_Macrophages,Luminal_Macrophages,0.3448276,0.33973446,0.1724138,0.17384645,0.1724138,0.17523481,0.31034482,0.31118423
1077,0.9974496,False,Type 2 alveolar,Type 2 alveolar,0.09677419,0.10187499,0.61290324,0.60835946,0.12903225,0.12870967,0.16129032,0.16105583
984,0.9974473,False,Fibroblasts,Dendritic cells,0.20689656,0.20990203,0.1724138,0.17259392,0.31034482,0.30523944,0.31034482,0.3122646
878,0.9974413,False,Type 2 alveolar,Type 2 alveolar,0.06896552,0.06839343,0.37931034,0.38084385,0.1724138,0.17599767,0.37931034,0.37476507
3789,0.99744093,False,Dendritic cells,Dendritic cells,0.23333333,0.2348156,0.23333333,0.23328431,0.23333333,0.22826417,0.3,0.30363593
3107,0.9974394,False,Luminal_Macrophages,Luminal_Macrophages,0.4,0.39786798,0.06666667,0.063677445,0.16666667,0.16887397,0.36666667,0.3695806
3297,0.99743885,False,Type 2 alveolar,Type 2 alveolar,0.032258064,0.0355479,0.67741936,0.67925185,0.09677419,0.093718044,0.19354838,0.19148226
4665,0.9974326,False,Dendritic cells,Dendritic cells,0.33333334,0.33346802,0.16666667,0.16674148,0.1,0.094865136,0.4,0.40492538
2265,0.99742126,False,Dendritic cells,Dendritic cells,0.22580644,0.22729364,0.22580644,0.22920653,0.12903225,0.12387485,0.41935483,0.419625
3144,0.9974158,False,Dendritic cells,Dendritic cells,0.26666668,0.26955798,0.033333335,0.028344164,0.033333335,0.035610497,0.6666667,0.66648734
1741,0.9974084,False,Fibroblasts,Fibroblasts,0.26666668,0.2646074,0.26666668,0.26859078,0.3,0.29687607,0.16666667,0.16992578
4868,0.9974047,False,Luminal_Macrophages,Luminal_Macrophages,0.43333334,0.4305623,0.16666667,0.17003283,0.26666668,0.26849118,0.13333334,0.13091373
851,0.99740225,False,Fibroblasts,Dendritic cells,0.10344828,0.0983187,0.13793103,0.13786507,0.37931034,0.38053343,0.37931034,0.3832828
3010,0.99740106,False,Luminal_Macrophages,Luminal_Macrophages,0.36666667,0.3696824,0.1,0.099721424,0.2,0.20218216,0.33333334,0.32841408
1861,0.9973835,False,Fibroblasts,Fibroblasts,0.37931034,0.37842092,0.13793103,0.13998178,0.41379312,0.4169755,0.06896552,0.06462186
3040,0.9973761,False,Dendritic cells,Dendritic cells,0.1,0.10167847,0.26666668,0.26793528,0.3,0.3023008,0.33333334,0.32808545
3263,0.9973753,False,Dendritic cells,Dendritic cells,0.06666667,0.066501826,0.23333333,0.23858273,0.33333334,0.3328666,0.36666667,0.36204883
4756,0.99737287,False,Type 2 alveolar,Type 2 alveolar,0.23333333,0.23249568,0.36666667,0.36654913,0.1,0.095700905,0.3,0.30525425
873,0.99737144,False,Type 2 alveolar,Type 2 alveolar,0.33333334,0.33440056,0.36666667,0.36521903,0.06666667,0.062857196,0.23333333,0.2375232
4649,0.997367,False,Luminal_Macrophages,Luminal_Macrophages,0.3,0.3010229,0.3,0.3004696,0.2,0.19473408,0.2,0.20377344
1664,0.9973665,False,Luminal_Macrophages,Luminal_Macrophages,0.36666667,0.36475313,0.06666667,0.0637122,0.3,0.29960102,0.26666668,0.27193362
4731,0.99736583,False,Luminal_Macrophages,Luminal_Macrophages,0.33333334,0.32996568,0.23333333,0.23444322,0.26666668,0.26476604,0.16666667,0.1708251
2685,0.99736524,False,Type 2 alveolar,Dendritic cells,0.06666667,0.062058892,0.33333334,0.33461297,0.26666668,0.26600486,0.33333334,0.33732328
1415,0.9973556,False,Luminal_Macrophages,Dendritic cells,0.33333334,0.3326284,0.13333334,0.12874947,0.2,0.20268586,0.33333334,0.33593625
2069,0.99735457,False,Luminal_Macrophages,Luminal_Macrophages,0.4,0.40299633,0.2,0.20229456,0.23333333,0.23295079,0.16666667,0.16175832
4930,0.99735326,False,Type 2 alveolar,Type 2 alveolar,0.13333334,0.13046432,0.3,0.300012,0.3,0.29757544,0.26666668,0.2719482
2199,0.997353,False,Luminal_Macrophages,Luminal_Macrophages,0.43333334,0.43261293,0.26666668,0.26577243,0.13333334,0.12965398,0.16666667,0.17196064
4402,0.9973528,False,Fibroblasts,Fibroblasts,0.06666667,0.06792738,0.3,0.30049205,0.33333334,0.32803893,0.3,0.30354166
3769,0.9973519,False,Type 2 alveolar,Type 2 alveolar,0.06666667,0.06617263,0.8,0.7972059,0.1,0.09799193,0.033333335,0.038629577
2612,0.9973423,False,Luminal_Macrophages,Dendritic cells,0.31034482,0.30863366,0.27586207,0.28069124,0.10344828,0.099844016,0.31034482,0.31083107
1414,0.997334,False,Dendritic cells,Dendritic cells,0.3,0.30470675,0.26666668,0.26281595,0.1,0.10062521,0.33333334,0.3318521
2319,0.99732244,False,Luminal_Macrophages,Luminal_Macrophages,0.44827586,0.44638324,0.2413793,0.24424328,0.10344828,0.10593944,0.20689656,0.20343404
3029,0.9973171,False,Luminal_Macrophages,Luminal_Macrophages,0.36666667,0.3704255,0.13333334,0.13494039,0.33333334,0.33098677,0.16666667,0.16364731
3414,0.99729687,False,Type 2 alveolar,Type 2 alveolar,0.22580644,0.2252916,0.3548387,0.3541255,0.32258064,0.3184024,0.09677419,0.10218054
1281,0.99729687,False,Luminal_Macrophages,Luminal_Macrophages,0.32258064,0.3217103,0.32258064,0.3180448,0.19354838,0.19742776,0.16129032,0.16281718
386,0.99729174,False,Dendritic cells,Dendritic cells,0.29032257,0.28936213,0.032258064,0.037674636,0.19354838,0.19237275,0.48387095,0.48059055
3570,0.997285,False,Luminal_Macrophages,Luminal_Macrophages,0.33333334,0.3365021,0.2,0.196489,0.13333334,0.13141431,0.33333334,0.33559456
745,0.9972794,False,Type 2 alveolar,Fibroblasts,0.1,0.10302067,0.3,0.29455876,0.3,0.30148768,0.3,0.30093288
3506,0.9972754,False,Type 2 alveolar,Type 2 alveolar,0.26666668,0.2617829,0.5,0.5041055,0.1,0.09943457,0.13333334,0.13467704
3935,0.99727106,False,Fibroblasts,Fibroblasts,0.2,0.20066853,0.26666668,0.26959932,0.3,0.29454216,0.23333333,0.23519
1626,0.9972705,False,Fibroblasts,Fibroblasts,0.13333334,0.13879226,0.1,0.09904127,0.4,0.3969145,0.36666667,0.36525193
4610,0.99726385,False,Dendritic cells,Dendritic cells,0.06666667,0.07067487,0.2,0.20146403,0.33333334,0.3324601,0.4,0.39540094
3886,0.99725556,False,Luminal_Macrophages,Luminal_Macrophages,0.3548387,0.3589769,0.16129032,0.15580143,0.22580644,0.22584367,0.2580645,0.259378
1516,0.997254,False,Type 2 alveolar,Type 2 alveolar,0.23333333,0.2324971,0.3,0.30229202,0.23333333,0.22867768,0.23333333,0.23653328
2058,0.9972528,False,Luminal_Macrophages,Dendritic cells,0.36666667,0.36523557,0.2,0.20104198,0.06666667,0.06260349,0.36666667,0.37111902
1579,0.997248,False,Luminal_Macrophages,Fibroblasts,0.4,0.39976585,0.13333334,0.13178015,0.4,0.405504,0.06666667,0.06295005
4743,0.9972379,False,Type 2 alveolar,Type 2 alveolar,0.13333334,0.1376977,0.33333334,0.33113754,0.2,0.20115973,0.33333334,0.330005
4457,0.99723744,False,Fibroblasts,Fibroblasts,0.13333334,0.13239259,0.13333334,0.12933414,0.56666666,0.5660815,0.16666667,0.1721917
357,0.9972333,False,Type 2 alveolar,Type 2 alveolar,0.26666668,0.26889083,0.33333334,0.33274257,0.3,0.2950573,0.1,0.10330934
4406,0.997225,False,Type 2 alveolar,Fibroblasts,0.2413793,0.23869851,0.27586207,0.2729928,0.27586207,0.27638894,0.20689656,0.21191975
4937,0.9972228,False,Fibroblasts,Dendritic cells,0.2,0.2047428,0.2,0.20081155,0.3,0.29527605,0.3,0.29916957
964,0.9972187,False,Luminal_Macrophages,Luminal_Macrophages,0.4516129,0.45049068,0.032258064,0.037820682,0.12903225,0.12563844,0.38709676,0.3860502
1395,0.99721384,False,Dendritic cells,Dendritic cells,0.06666667,0.06693889,0.1,0.0944276,0.36666667,0.37167665,0.46666667,0.4669568
652,0.99720913,False,Luminal_Macrophages,Luminal_Macrophages,0.41935483,0.41557568,0.3548387,0.35569432,0.032258064,0.036984242,0.19354838,0.19174579
3112,0.99720514,False,Luminal_Macrophages,Luminal_Macrophages,0.3,0.3052606,0.3,0.30032912,0.16666667,0.16131173,0.23333333,0.23309857
3537,0.99720466,False,Fibroblasts,Fibroblasts,0.1,0.09752003,0.06666667,0.06433027,0.6333333,0.63892406,0.2,0.19922563
776,0.9972038,False,Luminal_Macrophages,Luminal_Macrophages,0.33333334,0.33357623,0.26666668,0.26269707,0.1,0.09837727,0.3,0.3053495
1733,0.997194,False,Luminal_Macrophages,Luminal_Macrophages,0.33333334,0.33511546,0.26666668,0.26326144,0.06666667,0.070496604,0.33333334,0.33112654
3053,0.99719,False,Type 2 alveolar,Type 2 alveolar,0.23333333,0.22771333,0.3,0.3006367,0.2,0.20278423,0.26666668,0.2688657
1111,0.9971873,False,Luminal_Macrophages,Luminal_Macrophages,0.36666667,0.361134,0.16666667,0.16657403,0.3,0.3051445,0.16666667,0.16714753
3801,0.9971869,False,Luminal_Macrophages,Luminal_Macrophages,0.4,0.40353066,0.4,0.39460227,0.06666667,0.06876215,0.13333334,0.13310486
48,0.9971866,False,Luminal_Macrophages,Luminal_Macrophages,0.41379312,0.4094529,0.1724138,0.17117184,0.06896552,0.068920895,0.3448276,0.35045436
3301,0.99718386,False,Luminal_Macrophages,Luminal_Macrophages,0.3548387,0.35289922,0.16129032,0.1597473,0.16129032,0.15914054,0.32258064,0.32821298
3848,0.99717253,False,Fibroblasts,Fibroblasts,0.2580645,0.25989103,0.12903225,0.1322871,0.48387095,0.47821605,0.12903225,0.12960576
2019,0.9971722,False,Luminal_Macrophages,Luminal_Macrophages,0.43333334,0.43465525,0.33333334,0.32767764,0.16666667,0.16827127,0.06666667,0.06939574
3377,0.99716955,False,Dendritic cells,Dendritic cells,0.19354838,0.19371267,0.032258064,0.037754744,0.32258064,0.31923428,0.4516129,0.44929832
58,0.997154,False,Luminal_Macrophages,Luminal_Macrophages,0.38709676,0.3884562,0.032258064,0.036590632,0.19354838,0.19249487,0.38709676,0.3824583
2267,0.997151,False,Luminal_Macrophages,Luminal_Macrophages,0.43333334,0.43555042,0.2,0.19430202,0.16666667,0.16674644,0.2,0.20340112
1309,0.99714184,False,Type 2 alveolar,Type 2 alveolar,0.2580645,0.2586934,0.3548387,0.35127717,0.29032257,0.28816777,0.09677419,0.10186165
2052,0.9971404,False,Fibroblasts,Fibroblasts,0.033333335,0.038462806,0.36666667,0.36717802,0.5,0.4942808,0.1,0.1000784
1191,0.9971369,False,Luminal_Macrophages,Type 2 alveolar,0.33333334,0.33051673,0.33333334,0.33534938,0.1,0.10371017,0.23333333,0.23042376
3833,0.9971219,False,Luminal_Macrophages,Luminal_Macrophages,0.36666667,0.37063202,0.36666667,0.3611266,0.06666667,0.06645041,0.2,0.20179091
780,0.99711585,False,Luminal_Macrophages,Dendritic cells,0.32258064,0.32431626,0.19354838,0.19277723,0.16129032,0.1562932,0.32258064,0.3266133
3650,0.9971021,False,Fibroblasts,Fibroblasts,0.09677419,0.095858805,0.16129032,0.15659375,0.7096774,0.7154733,0.032258064,0.03207418
1291,0.9971005,False,Luminal_Macrophages,Luminal_Macrophages,0.3448276,0.34626234,0.1724138,0.17131299,0.20689656,0.2021983,0.27586207,0.28022644
2897,0.99710023,False,Dendritic cells,Dendritic cells,0.1,0.10117444,0.2,0.20110768,0.33333334,0.33685067,0.36666667,0.36086717
66,0.99709904,False,Type 2 alveolar,Type 2 alveolar,0.3,0.2941981,0.33333334,0.3369013,0.23333333,0.2342528,0.13333334,0.13464773
114,0.9970929,False,Fibroblasts,Fibroblasts,0.2413793,0.24197182,0.1724138,0.17126617,0.31034482,0.30567825,0.27586207,0.28108373
1914,0.99709266,False,Fibroblasts,Fibroblasts,0.10344828,0.107175216,0.13793103,0.13368914,0.37931034,0.3813981,0.37931034,0.37773755
684,0.99708724,False,Luminal_Macrophages,Luminal_Macrophages,0.36666667,0.3629151,0.16666667,0.16689289,0.3,0.3055993,0.16666667,0.1645927
4952,0.99707544,False,Type 2 alveolar,Fibroblasts,0.09677419,0.09164322,0.41935483,0.41863665,0.41935483,0.4242427,0.06451613,0.06547738
484,0.9970737,False,Luminal_Macrophages,Luminal_Macrophages,0.3,0.3058525,0.3,0.29742566,0.1,0.09697951,0.3,0.29974228
2251,0.99706703,False,Luminal_Macrophages,Luminal_Macrophages,0.4516129,0.45009255,0.09677419,0.09382111,0.32258064,0.3284465,0.12903225,0.12763979
3732,0.9970529,False,Luminal_Macrophages,Luminal_Macrophages,0.4,0.3941395,0.2,0.20149642,0.2,0.20439768,0.2,0.19996636
1149,0.9970524,False,Dendritic cells,Dendritic cells,0.31034482,0.31199616,0.1724138,0.17621017,0.1724138,0.16651854,0.3448276,0.34527516
2620,0.9970522,False,Dendritic cells,Dendritic cells,0.2580645,0.26396018,0.19354838,0.19325647,0.2580645,0.25328597,0.29032257,0.28949735
4058,0.9970491,False,Fibroblasts,Fibroblasts,0.36666667,0.3690856,0.1,0.10016394,0.5,0.49409816,0.033333335,0.0366523
2559,0.9970424,False,Type 2 alveolar,Type 2 alveolar,0.22580644,0.22663029,0.32258064,0.32767195,0.32258064,0.32209072,0.12903225,0.123607054
3164,0.9970332,False,Type 2 alveolar,Type 2 alveolar,0.16666667,0.16465655,0.33333334,0.3340669,0.2,0.19607648,0.3,0.3052001
1771,0.9970248,False,Dendritic cells,Dendritic cells,0.26666668,0.27085763,0.2,0.2005639,0.2,0.20119561,0.33333334,0.32738286
4435,0.99702,False,Dendritic cells,Dendritic cells,0.12903225,0.1325571,0.19354838,0.19570754,0.32258064,0.32285666,0.3548387,0.3488787
806,0.9970139,False,Type 2 alveolar,Type 2 alveolar,0.33333334,0.33746782,0.43333334,0.42789713,0.06666667,0.06613069,0.16666667,0.16850433
4630,0.9970139,False,Luminal_Macrophages,Luminal_Macrophages,0.3548387,0.35866725,0.32258064,0.3247242,0.19354838,0.1928942,0.12903225,0.123714365
2008,0.99700564,False,Dendritic cells,Dendritic cells,0.2580645,0.254366,0.16129032,0.16727902,0.22580644,0.22480156,0.3548387,0.35355335
375,0.99700487,False,Luminal_Macrophages,Luminal_Macrophages,0.3448276,0.34429345,0.27586207,0.2791653,0.3448276,0.3393715,0.03448276,0.037169706
702,0.9970045,False,Luminal_Macrophages,Luminal_Macrophages,0.46666667,0.46762496,0.033333335,0.038366053,0.06666667,0.064546995,0.43333334,0.42946208
1518,0.99700123,False,Dendritic cells,Dendritic cells,0.1,0.09882972,0.26666668,0.2726642,0.3,0.29904425,0.33333334,0.3294619
598,0.9970007,False,Luminal_Macrophages,Luminal_Macrophages,0.3,0.30478182,0.3,0.29785788,0.16666667,0.16281018,0.23333333,0.23455013
1742,0.9969918,False,Fibroblasts,Fibroblasts,0.23333333,0.23834202,0.23333333,0.23434101,0.26666668,0.2640521,0.26666668,0.2632649
2148,0.9969797,False,Luminal_Macrophages,Luminal_Macrophages,0.33333334,0.32824922,0.3,0.2990435,0.06666667,0.06773371,0.3,0.30497357
1541,0.9969748,False,Luminal_Macrophages,Luminal_Macrophages,0.5,0.50580096,0.13333334,0.13001725,0.33333334,0.33059907,0.033333335,0.033582658
3938,0.99697447,False,Dendritic cells,Dendritic cells,0.06666667,0.07271775,0.3,0.29772884,0.3,0.29942572,0.33333334,0.33012772
463,0.9969731,False,Type 2 alveolar,Type 2 alveolar,0.10344828,0.10219725,0.31034482,0.31157568,0.27586207,0.28068504,0.31034482,0.30554202
3211,0.99696404,False,Luminal_Macrophages,Luminal_Macrophages,0.3,0.30539852,0.3,0.29972535,0.2,0.20067342,0.2,0.19420268
3768,0.99696386,False,Dendritic cells,Dendritic cells,0.2,0.19822727,0.033333335,0.037613213,0.36666667,0.36845914,0.4,0.3957004
2426,0.9969544,False,Fibroblasts,Fibroblasts,0.10344828,0.10822477,0.27586207,0.2771768,0.31034482,0.30938396,0.31034482,0.30521446
517,0.9969541,False,Dendritic cells,Dendritic cells,0.36666667,0.36409178,0.033333335,0.03481962,0.13333334,0.12981638,0.46666667,0.4712721
1985,0.9969486,False,Dendritic cells,Dendritic cells,0.22580644,0.22846258,0.22580644,0.22820407,0.2580645,0.25196174,0.29032257,0.29137164
586,0.9969431,False,Luminal_Macrophages,Luminal_Macrophages,0.29032257,0.29071844,0.22580644,0.23152438,0.19354838,0.18975103,0.29032257,0.2880062
1731,0.99694216,False,Dendritic cells,Dendritic cells,0.06896552,0.07412606,0.06896552,0.06330802,0.41379312,0.41333497,0.44827586,0.44923094
1840,0.99694103,False,Dendritic cells,Dendritic cells,0.2,0.20583479,0.13333334,0.13361645,0.3,0.2997347,0.36666667,0.36081406
3161,0.99693406,False,Luminal_Macrophages,Luminal_Macrophages,0.36666667,0.36686215,0.033333335,0.038485203,0.33333334,0.3272015,0.26666668,0.2674512
968,0.9969316,False,Luminal_Macrophages,Luminal_Macrophages,0.32258064,0.3184579,0.22580644,0.22379245,0.19354838,0.19389153,0.2580645,0.2638581
3080,0.99693155,False,Luminal_Macrophages,Luminal_Macrophages,0.56666666,0.57061136,0.36666667,0.36268494,0.033333335,0.035525605,0.033333335,0.031178145
1841,0.9969308,False,Fibroblasts,Dendritic cells,0.16666667,0.16504072,0.23333333,0.2390565,0.3,0.29548746,0.3,0.3004153
16,0.99692553,False,Dendritic cells,Dendritic cells,0.19354838,0.19767492,0.19354838,0.19327866,0.2580645,0.26008692,0.3548387,0.34895957
3294,0.9969198,False,Dendritic cells,Dendritic cells,0.16129032,0.16623844,0.19354838,0.19453809,0.29032257,0.29054517,0.3548387,0.34867832
14,0.9969173,False,Type 2 alveolar,Type 2 alveolar,0.26666668,0.26084003,0.3,0.30146456,0.26666668,0.27136752,0.16666667,0.16632791
4570,0.99691415,False,Dendritic cells,Dendritic cells,0.06666667,0.06505002,0.3,0.3031493,0.06666667,0.062111687,0.56666666,0.56968904
454,0.99691194,False,Luminal_Macrophages,Luminal_Macrophages,0.33333334,0.3356835,0.26666668,0.26893958,0.06666667,0.0682197,0.33333334,0.32715726
1028,0.9968997,False,Luminal_Macrophages,Luminal_Macrophages,0.36666667,0.36660522,0.3,0.30495685,0.26666668,0.2679104,0.06666667,0.060527574
4379,0.99689883,False,Type 2 alveolar,Dendritic cells,0.06666667,0.070896685,0.4,0.39480072,0.13333334,0.13233033,0.4,0.40197226
3569,0.9968939,False,Luminal_Macrophages,Type 2 alveolar,0.33333334,0.3329455,0.33333334,0.33651778,0.2,0.20302783,0.13333334,0.12750892
762,0.9968922,False,Fibroblasts,Fibroblasts,0.23333333,0.22711778,0.13333334,0.13676913,0.33333334,0.33557948,0.3,0.30053356
3050,0.99689084,False,Type 2 alveolar,Type 2 alveolar,0.09677419,0.09059883,0.3548387,0.35684177,0.22580644,0.22576347,0.32258064,0.32679588
2160,0.99688464,False,Dendritic cells,Dendritic cells,0.3448276,0.3510583,0.1724138,0.16864917,0.06896552,0.0665055,0.41379312,0.413787
3306,0.99688166,False,Type 2 alveolar,Type 2 alveolar,0.23333333,0.23316514,0.33333334,0.32890052,0.3,0.2983643,0.13333334,0.13957006
1899,0.9968767,False,Dendritic cells,Dendritic cells,0.16666667,0.17079167,0.36666667,0.36042014,0.06666667,0.068143226,0.4,0.40064496
668,0.99687374,False,Luminal_Macrophages,Luminal_Macrophages,0.41379312,0.4185269,0.41379312,0.4151043,0.10344828,0.1036558,0.06896552,0.06271294
700,0.99687195,False,Fibroblasts,Fibroblasts,0.12903225,0.12917705,0.2580645,0.2585086,0.32258064,0.31632453,0.29032257,0.2959899
923,0.9968713,False,Luminal_Macrophages,Dendritic cells,0.32258064,0.31632328,0.12903225,0.13328378,0.22580644,0.22702162,0.32258064,0.32337132
2350,0.9968681,False,Fibroblasts,Fibroblasts,0.13333334,0.13900831,0.26666668,0.26725557,0.3,0.2969951,0.3,0.296741
4940,0.99684495,False,Dendritic cells,Dendritic cells,0.1,0.105689004,0.3,0.2957381,0.26666668,0.26728776,0.33333334,0.33128515
1568,0.99683416,False,Luminal_Macrophages,Luminal_Macrophages,0.33333334,0.33739376,0.3,0.3014633,0.16666667,0.16747463,0.2,0.19366832
4514,0.9968326,False,Dendritic cells,Dendritic cells,0.2413793,0.23865536,0.27586207,0.280736,0.13793103,0.13432018,0.3448276,0.3462885
4645,0.9968279,False,Luminal_Macrophages,Luminal_Macrophages,0.3548387,0.35015783,0.16129032,0.16063848,0.2580645,0.2570531,0.22580644,0.23215066
3191,0.996827,False,Type 2 alveolar,Type 2 alveolar,0.23333333,0.23967937,0.26666668,0.2665038,0.23333333,0.23033902,0.26666668,0.2634778
3822,0.9968224,False,Dendritic cells,Dendritic cells,0.33333334,0.33742544,0.16666667,0.16892974,0.1,0.098071456,0.4,0.39557338
244,0.99682134,False,Fibroblasts,Fibroblasts,0.2580645,0.25693312,0.2580645,0.26156557,0.29032257,0.28509668,0.19354838,0.19640464
4755,0.9968169,False,Fibroblasts,Fibroblasts,0.2413793,0.24166174,0.27586207,0.27824697,0.31034482,0.30397856,0.1724138,0.17611277
738,0.9968139,False,Type 2 alveolar,Type 2 alveolar,0.2580645,0.264422,0.32258064,0.32028937,0.12903225,0.12495137,0.29032257,0.2903373
3122,0.9968107,False,Type 2 alveolar,Type 2 alveolar,0.26666668,0.270356,0.36666667,0.36028796,0.1,0.10067822,0.26666668,0.26867774
331,0.99681026,False,Fibroblasts,Fibroblasts,0.23333333,0.23104425,0.3,0.30438352,0.33333334,0.32924297,0.13333334,0.13532929
4378,0.9968001,False,Type 2 alveolar,Type 2 alveolar,0.37931034,0.38225076,0.41379312,0.40876156,0.13793103,0.13656288,0.06896552,0.07242483
1734,0.99679714,False,Luminal_Macrophages,Luminal_Macrophages,0.6333333,0.6310187,0.3,0.29612932,0.033333335,0.033112966,0.033333335,0.03973896
2190,0.9967966,False,Dendritic cells,Dendritic cells,0.2580645,0.26092735,0.032258064,0.031717073,0.22580644,0.2293504,0.48387095,0.47800514
596,0.9967852,False,Luminal_Macrophages,Dendritic cells,0.33333334,0.32977167,0.26666668,0.26379874,0.06666667,0.069961496,0.33333334,0.336468
62,0.9967796,False,Luminal_Macrophages,Luminal_Macrophages,0.36666667,0.37011018,0.26666668,0.269664,0.2,0.19794545,0.16666667,0.16228043
218,0.9967715,False,Type 2 alveolar,Type 2 alveolar,0.20689656,0.2133535,0.3448276,0.34450454,0.3448276,0.3435841,0.10344828,0.09855786
1561,0.99676216,False,Fibroblasts,Fibroblasts,0.06896552,0.06778557,0.31034482,0.31531566,0.37931034,0.37401462,0.2413793,0.24288419
582,0.9967528,False,Luminal_Macrophages,Luminal_Macrophages,0.36666667,0.3675372,0.36666667,0.3601722,0.06666667,0.07184174,0.2,0.20044881
3131,0.99675274,False,Luminal_Macrophages,Luminal_Macrophages,0.3,0.2981341,0.26666668,0.2657246,0.3,0.2963135,0.13333334,0.1398278
4163,0.99675184,False,Type 2 alveolar,Dendritic cells,0.23333333,0.2297464,0.3,0.30040494,0.16666667,0.16375728,0.3,0.30609134
757,0.9967465,False,Type 2 alveolar,Type 2 alveolar,0.26666668,0.2713102,0.3,0.30186346,0.3,0.29767832,0.13333334,0.12914804
394,0.99674463,False,Dendritic cells,Dendritic cells,0.033333335,0.039844062,0.36666667,0.36479568,0.16666667,0.16301736,0.43333334,0.4323429
4386,0.99673444,False,Luminal_Macrophages,Luminal_Macrophages,0.4,0.40471107,0.033333335,0.031298097,0.3,0.29550415,0.26666668,0.2684868
1470,0.9967243,False,Luminal_Macrophages,Luminal_Macrophages,0.31034482,0.31689626,0.2413793,0.23949584,0.20689656,0.20276913,0.2413793,0.24083877
1270,0.9967235,False,Luminal_Macrophages,Luminal_Macrophages,0.33333334,0.3299437,0.13333334,0.13016993,0.23333333,0.23366496,0.3,0.30622146
722,0.9967229,False,Fibroblasts,Dendritic cells,0.06896552,0.069087155,0.1724138,0.1788464,0.37931034,0.37557358,0.37931034,0.37649283
4478,0.99671835,False,Luminal_Macrophages,Luminal_Macrophages,0.4,0.39502043,0.06666667,0.06682507,0.2,0.19841628,0.33333334,0.33973828
2947,0.99671674,False,Type 2 alveolar,Type 2 alveolar,0.033333335,0.03817421,0.33333334,0.33077237,0.33333334,0.3293278,0.3,0.3017256
1529,0.9967149,False,Type 2 alveolar,Type 2 alveolar,0.3548387,0.3614089,0.38709676,0.3849747,0.09677419,0.09283785,0.16129032,0.16077852
816,0.9967075,False,Luminal_Macrophages,Luminal_Macrophages,0.29032257,0.29466364,0.19354838,0.19076094,0.22580644,0.2220089,0.29032257,0.2925665
1181,0.9967051,False,Luminal_Macrophages,Dendritic cells,0.26666668,0.26007688,0.26666668,0.26887798,0.2,0.20069133,0.26666668,0.2703538
1575,0.99669313,False,Type 2 alveolar,Dendritic cells,0.06896552,0.074373074,0.41379312,0.41050994,0.10344828,0.100117736,0.41379312,0.41499925
2423,0.99669003,False,Luminal_Macrophages,Luminal_Macrophages,0.67741936,0.6721975,0.2580645,0.25666645,0.032258064,0.03397876,0.032258064,0.037157316
4500,0.9966894,False,Dendritic cells,Dendritic cells,0.3,0.2933787,0.06666667,0.07037251,0.26666668,0.26818714,0.36666667,0.36806166
3143,0.9966879,False,Dendritic cells,Dendritic cells,0.26666668,0.27168778,0.26666668,0.26255193,0.13333334,0.1308238,0.33333334,0.3349365
2648,0.9966852,False,Fibroblasts,Fibroblasts,0.33333334,0.33996296,0.06666667,0.06483456,0.46666667,0.46200556,0.13333334,0.13319695
3991,0.99668497,False,Dendritic cells,Dendritic cells,0.1,0.09658257,0.33333334,0.33749294,0.2,0.20247042,0.36666667,0.36345407
4106,0.9966822,False,Type 2 alveolar,Type 2 alveolar,0.2413793,0.24471684,0.3448276,0.33997697,0.13793103,0.14122902,0.27586207,0.27407715
4559,0.9966814,False,Dendritic cells,Dendritic cells,0.2580645,0.2647017,0.29032257,0.28692356,0.12903225,0.1279834,0.32258064,0.32039136
3706,0.9966767,False,Luminal_Macrophages,Luminal_Macrophages,0.33333334,0.32916257,0.26666668,0.2733133,0.26666668,0.2662873,0.13333334,0.13123687
3023,0.9966746,False,Luminal_Macrophages,Luminal_Macrophages,0.27586207,0.28179002,0.27586207,0.2740783,0.1724138,0.16754667,0.27586207,0.27658492
1292,0.99666256,False,Luminal_Macrophages,Luminal_Macrophages,0.38709676,0.38478515,0.3548387,0.35173196,0.06451613,0.06325962,0.19354838,0.2002233
3270,0.9966622,False,Luminal_Macrophages,Type 2 alveolar,0.3,0.29445615,0.3,0.30660692,0.26666668,0.2655349,0.13333334,0.13340206
4221,0.99665755,False,Dendritic cells,Dendritic cells,0.36666667,0.36746255,0.06666667,0.060509264,0.13333334,0.13280581,0.43333334,0.43922243
1965,0.99665517,False,Luminal_Macrophages,Luminal_Macrophages,0.36666667,0.36704203,0.33333334,0.33519024,0.16666667,0.1599769,0.13333334,0.13779075
661,0.9966547,False,Type 2 alveolar,Type 2 alveolar,0.2,0.20351712,0.3,0.29612586,0.26666668,0.2638502,0.23333333,0.23650686
4127,0.9966418,False,Dendritic cells,Dendritic cells,0.20689656,0.21336181,0.31034482,0.3053537,0.13793103,0.13620579,0.3448276,0.34507865
2040,0.99663985,False,Type 2 alveolar,Type 2 alveolar,0.26666668,0.27216467,0.3,0.30122232,0.3,0.29522058,0.13333334,0.13139239
569,0.9966364,False,Dendritic cells,Dendritic cells,0.31034482,0.315756,0.2413793,0.23964788,0.06896552,0.07028159,0.37931034,0.37431452
1636,0.99663335,False,Fibroblasts,Dendritic cells,0.26666668,0.2611802,0.13333334,0.13365893,0.3,0.29875317,0.3,0.30640775
1155,0.9966296,False,Type 2 alveolar,Type 2 alveolar,0.06666667,0.06656765,0.43333334,0.4266916,0.4,0.40133563,0.1,0.10540519
2910,0.996624,False,Luminal_Macrophages,Type 2 alveolar,0.3,0.29324794,0.3,0.30300066,0.26666668,0.2676034,0.13333334,0.13614802
4499,0.9966233,False,Luminal_Macrophages,Luminal_Macrophages,0.44827586,0.44794017,0.03448276,0.040123597,0.44827586,0.44185808,0.06896552,0.0700782
1814,0.996623,False,Luminal_Macrophages,Type 2 alveolar,0.43333334,0.4340049,0.43333334,0.43521413,0.06666667,0.070868336,0.06666667,0.059912678
4417,0.9966204,False,Fibroblasts,Fibroblasts,0.26666668,0.27342582,0.3,0.2997534,0.33333334,0.3285051,0.1,0.098315634
3646,0.99661916,False,Luminal_Macrophages,Luminal_Macrophages,0.33333334,0.33784926,0.16666667,0.16730294,0.16666667,0.15990502,0.33333334,0.3349428
4026,0.99661297,False,Luminal_Macrophages,Type 2 alveolar,0.32258064,0.32085887,0.32258064,0.32866877,0.16129032,0.15623797,0.19354838,0.1942343
74,0.99661136,False,Luminal_Macrophages,Luminal_Macrophages,0.37931034,0.38296515,0.13793103,0.13115372,0.31034482,0.31046548,0.1724138,0.17541559
2913,0.9966078,False,Luminal_Macrophages,Fibroblasts,0.29032257,0.28980145,0.19354838,0.18728511,0.29032257,0.290729,0.22580644,0.23218453
4341,0.9966057,False,Type 2 alveolar,Type 2 alveolar,0.16666667,0.17041881,0.56666666,0.5638365,0.06666667,0.062708214,0.2,0.2030365
2630,0.99660313,False,Luminal_Macrophages,Luminal_Macrophages,0.4,0.40632275,0.4,0.40047097,0.13333334,0.12984523,0.06666667,0.06336101
1557,0.9965931,False,Type 2 alveolar,Fibroblasts,0.1,0.106813826,0.3,0.295825,0.3,0.2997741,0.3,0.2975871
2141,0.99659306,False,Luminal_Macrophages,Type 2 alveolar,0.29032257,0.28675884,0.29032257,0.2970234,0.29032257,0.28707245,0.12903225,0.1291453
4135,0.996583,False,Luminal_Macrophages,Luminal_Macrophages,0.37931034,0.38614443,0.37931034,0.3780588,0.10344828,0.09874873,0.13793103,0.13704807
176,0.9965814,False,Luminal_Macrophages,Luminal_Macrophages,0.33333334,0.32787257,0.3,0.3048038,0.2,0.19862354,0.16666667,0.16870008
2456,0.99657875,False,Luminal_Macrophages,Luminal_Macrophages,0.43333334,0.43593267,0.4,0.40134898,0.1,0.09315748,0.06666667,0.06956084
1662,0.9965778,False,Fibroblasts,Fibroblasts,0.3,0.3024117,0.033333335,0.037766036,0.33333334,0.3309831,0.33333334,0.32883918
3102,0.9965768,False,Dendritic cells,Dendritic cells,0.2580645,0.26435703,0.2580645,0.25861838,0.16129032,0.15801148,0.32258064,0.3190131
3341,0.9965683,False,Fibroblasts,Fibroblasts,0.06666667,0.06888699,0.4,0.39645794,0.43333334,0.43797633,0.1,0.09667875
1216,0.9965651,False,Luminal_Macrophages,Luminal_Macrophages,0.26666668,0.26563132,0.26666668,0.2656104,0.23333333,0.22855514,0.23333333,0.24020313
3487,0.9965531,False,Luminal_Macrophages,Luminal_Macrophages,0.43333334,0.4390397,0.1,0.095509164,0.43333334,0.4309304,0.033333335,0.03452073
4753,0.99655205,False,Luminal_Macrophages,Luminal_Macrophages,0.3,0.3044258,0.1,0.09422343,0.3,0.2988806,0.3,0.3024701
4473,0.9965478,False,Luminal_Macrophages,Luminal_Macrophages,0.516129,0.51389027,0.22580644,0.23171502,0.22580644,0.22680221,0.032258064,0.02759253
4644,0.9965477,False,Dendritic cells,Dendritic cells,0.10344828,0.104974166,0.2413793,0.246758,0.31034482,0.31021604,0.3448276,0.33805186
4229,0.99654305,False,Luminal_Macrophages,Luminal_Macrophages,0.36666667,0.37039715,0.33333334,0.32695055,0.26666668,0.2698501,0.033333335,0.032802217
3472,0.9965389,False,Dendritic cells,Dendritic cells,0.2,0.205869,0.23333333,0.23155451,0.26666668,0.2615233,0.3,0.3010532
778,0.99653614,False,Type 2 alveolar,Type 2 alveolar,0.26666668,0.2640168,0.36666667,0.36275846,0.06666667,0.066297024,0.3,0.3069277
330,0.9965274,False,Fibroblasts,Fibroblasts,0.1,0.10109849,0.13333334,0.12827021,0.4,0.3981178,0.36666667,0.37251344
4044,0.996523,False,Fibroblasts,Fibroblasts,0.26666668,0.263867,0.26666668,0.2736206,0.3,0.2968477,0.16666667,0.16566464
636,0.99652123,False,Luminal_Macrophages,Luminal_Macrophages,0.36666667,0.36367282,0.3,0.30224806,0.3,0.2960363,0.033333335,0.038042877
1430,0.99651784,False,Dendritic cells,Dendritic cells,0.06666667,0.066277675,0.36666667,0.37363097,0.13333334,0.12812982,0.43333334,0.4319616
2305,0.99651366,False,Luminal_Macrophages,Luminal_Macrophages,0.3,0.30056491,0.26666668,0.25969398,0.23333333,0.2369744,0.2,0.20276673
3225,0.99651146,False,Dendritic cells,Dendritic cells,0.3,0.30438486,0.1,0.09605898,0.26666668,0.2692589,0.33333334,0.33029726
3209,0.99650574,False,Luminal_Macrophages,Luminal_Macrophages,0.3548387,0.3514812,0.3548387,0.3512076,0.22580644,0.22974057,0.06451613,0.06757057
2354,0.99650264,False,Type 2 alveolar,Type 2 alveolar,0.36666667,0.37336496,0.5,0.49571216,0.06666667,0.06696315,0.06666667,0.063959755
3927,0.99649966,False,Dendritic cells,Dendritic cells,0.2413793,0.24198277,0.2413793,0.24440038,0.1724138,0.17578988,0.3448276,0.33782694
3834,0.9964991,False,Type 2 alveolar,Dendritic cells,0.26666668,0.27366847,0.3,0.29419756,0.13333334,0.13237518,0.3,0.2997588
4390,0.9964926,False,Fibroblasts,Fibroblasts,0.06896552,0.06617714,0.13793103,0.13484918,0.44827586,0.44713134,0.3448276,0.35184228
2697,0.9964839,False,Fibroblasts,Fibroblasts,0.1,0.09778872,0.26666668,0.2736988,0.33333334,0.33092624,0.3,0.29758626
2974,0.996483,False,Luminal_Macrophages,Luminal_Macrophages,0.5,0.4988216,0.16666667,0.16081113,0.23333333,0.23661646,0.1,0.103750795
2412,0.99647284,False,Luminal_Macrophages,Luminal_Macrophages,0.37931034,0.37684107,0.20689656,0.20231147,0.06896552,0.06942779,0.3448276,0.35141963
997,0.9964679,False,Type 2 alveolar,Dendritic cells,0.22580644,0.23222381,0.32258064,0.31559306,0.12903225,0.12967911,0.32258064,0.32250395
2336,0.99646634,False,Luminal_Macrophages,Luminal_Macrophages,0.3,0.30062193,0.23333333,0.23284307,0.2,0.19342297,0.26666668,0.27311203
4588,0.99645466,False,Luminal_Macrophages,Dendritic cells,0.26666668,0.26471156,0.23333333,0.23268844,0.23333333,0.22884269,0.26666668,0.2737573
2210,0.99644464,False,Dendritic cells,Dendritic cells,0.06451613,0.06625276,0.3548387,0.35792586,0.12903225,0.12192149,0.4516129,0.45389986
2285,0.99643916,False,Luminal_Macrophages,Luminal_Macrophages,0.41379312,0.41418034,0.20689656,0.20577921,0.2413793,0.24811381,0.13793103,0.13192666
670,0.99643147,False,Type 2 alveolar,Type 2 alveolar,0.3,0.30669576,0.33333334,0.32939383,0.2,0.20044127,0.16666667,0.16346912
4338,0.9964222,False,Luminal_Macrophages,Luminal_Macrophages,0.31034482,0.3048045,0.27586207,0.27424672,0.13793103,0.14290647,0.27586207,0.27804232
3145,0.9964202,False,Type 2 alveolar,Type 2 alveolar,0.13333334,0.12934792,0.4,0.39991933,0.06666667,0.073826246,0.4,0.39690647
3710,0.99641895,False,Luminal_Macrophages,Luminal_Macrophages,0.26666668,0.27382877,0.26666668,0.26520324,0.2,0.19669387,0.26666668,0.2642741
4166,0.99641746,False,Luminal_Macrophages,Luminal_Macrophages,0.33333334,0.3264319,0.23333333,0.23701097,0.26666668,0.2701541,0.16666667,0.16640304
1485,0.9964169,False,Luminal_Macrophages,Luminal_Macrophages,0.41379312,0.40870866,0.13793103,0.13584933,0.3448276,0.34723854,0.10344828,0.10820354
445,0.99641424,False,Luminal_Macrophages,Luminal_Macrophages,0.43333334,0.43263686,0.06666667,0.06135775,0.16666667,0.16550052,0.33333334,0.34050483
4687,0.9964142,False,Luminal_Macrophages,Luminal_Macrophages,0.3,0.29994428,0.26666668,0.27159965,0.16666667,0.1595507,0.26666668,0.26890534
3606,0.9964036,False,Type 2 alveolar,Type 2 alveolar,0.33333334,0.3391078,0.36666667,0.3680851,0.1,0.09517912,0.2,0.197628
4456,0.99640226,False,Luminal_Macrophages,Luminal_Macrophages,0.4,0.4065625,0.1,0.093866035,0.36666667,0.36729965,0.13333334,0.13227181
1952,0.9963998,False,Luminal_Macrophages,Luminal_Macrophages,0.33333334,0.33475685,0.3,0.30577686,0.23333333,0.22738098,0.13333334,0.13208537
810,0.99639565,False,Luminal_Macrophages,Luminal_Macrophages,0.36666667,0.359458,0.3,0.30354372,0.23333333,0.23645079,0.1,0.10054752
2617,0.99639523,False,Luminal_Macrophages,Luminal_Macrophages,0.37931034,0.38514525,0.06896552,0.06491099,0.2413793,0.24275398,0.31034482,0.30718982
3003,0.99639463,False,Fibroblasts,Fibroblasts,0.36666667,0.3690742,0.033333335,0.03813656,0.53333336,0.5269345,0.06666667,0.06585473
3032,0.9963932,False,Luminal_Macrophages,Luminal_Macrophages,0.31034482,0.31755847,0.27586207,0.2717877,0.10344828,0.10171905,0.31034482,0.30893484
3052,0.9963927,False,Fibroblasts,Fibroblasts,0.1,0.095288485,0.26666668,0.26997674,0.43333334,0.4308303,0.2,0.2039045
2212,0.99638015,False,Type 2 alveolar,Type 2 alveolar,0.26666668,0.26589584,0.33333334,0.3268645,0.16666667,0.16730294,0.23333333,0.23993671
1412,0.9963794,False,Luminal_Macrophages,Luminal_Macrophages,0.27586207,0.28102022,0.27586207,0.27794516,0.2413793,0.23720148,0.20689656,0.2038332
1035,0.9963739,False,Type 2 alveolar,Type 2 alveolar,0.3,0.30319652,0.33333334,0.32715824,0.26666668,0.27072227,0.1,0.098922886
2546,0.9963719,False,Type 2 alveolar,Type 2 alveolar,0.13793103,0.14474837,0.44827586,0.44167793,0.06896552,0.06830723,0.3448276,0.34526643
2099,0.9963707,False,Luminal_Macrophages,Type 2 alveolar,0.3,0.29823816,0.3,0.3069586,0.13333334,0.13363338,0.26666668,0.2611699
3631,0.9963693,False,Luminal_Macrophages,Luminal_Macrophages,0.36666667,0.361885,0.16666667,0.1646877,0.3,0.2994993,0.16666667,0.17392801
2396,0.9963622,False,Luminal_Macrophages,Dendritic cells,0.2580645,0.25806415,0.22580644,0.23281385,0.2580645,0.25078937,0.2580645,0.25833267
703,0.99635494,False,Fibroblasts,Fibroblasts,0.3,0.3022565,0.06666667,0.06623544,0.33333334,0.32647443,0.3,0.30503365
2459,0.9963529,False,Type 2 alveolar,Type 2 alveolar,0.22580644,0.21919931,0.32258064,0.3270428,0.12903225,0.12834527,0.32258064,0.32541263
2770,0.9963471,False,Type 2 alveolar,Dendritic cells,0.16129032,0.16579843,0.32258064,0.31648394,0.19354838,0.1923394,0.32258064,0.32537824
2504,0.99634475,False,Luminal_Macrophages,Type 2 alveolar,0.33333334,0.32880622,0.33333334,0.3305499,0.06666667,0.066823915,0.26666668,0.27381998
1290,0.99634224,False,Dendritic cells,Dendritic cells,0.033333335,0.040648837,0.4,0.398794,0.13333334,0.1313712,0.43333334,0.42918593
4421,0.9963389,False,Type 2 alveolar,Type 2 alveolar,0.26666668,0.268001,0.3,0.29925802,0.3,0.2934198,0.13333334,0.13932121
191,0.99633825,False,Type 2 alveolar,Type 2 alveolar,0.23333333,0.2399157,0.33333334,0.33242118,0.3,0.29358858,0.13333334,0.13407451
571,0.9963381,False,Luminal_Macrophages,Luminal_Macrophages,0.3548387,0.35382265,0.3548387,0.34880468,0.19354838,0.2008722,0.09677419,0.09650048
2502,0.9963342,False,Dendritic cells,Dendritic cells,0.38709676,0.39340872,0.12903225,0.12170064,0.032258064,0.032432586,0.4516129,0.45245808
3882,0.99633086,False,Dendritic cells,Dendritic cells,0.13333334,0.1343521,0.2,0.20333625,0.16666667,0.16964988,0.5,0.4926617
4170,0.99632525,False,Type 2 alveolar,Type 2 alveolar,0.33333334,0.33323967,0.36666667,0.35941088,0.13333334,0.13495736,0.16666667,0.17239206
3800,0.9963207,False,Fibroblasts,Fibroblasts,0.033333335,0.04069188,0.2,0.19961615,0.6,0.5978654,0.16666667,0.16182649
4976,0.99632037,False,Dendritic cells,Dendritic cells,0.13333334,0.13721494,0.23333333,0.236811,0.16666667,0.16368103,0.46666667,0.462293
2494,0.99631697,False,Luminal_Macrophages,Dendritic cells,0.3,0.2934698,0.23333333,0.23433578,0.16666667,0.17303026,0.3,0.29916418
1607,0.9963153,False,Type 2 alveolar,Type 2 alveolar,0.26666668,0.27403605,0.33333334,0.33053255,0.23333333,0.22987749,0.16666667,0.16555391
4688,0.9963078,False,Luminal_Macrophages,Luminal_Macrophages,0.5,0.49559075,0.16666667,0.16369154,0.23333333,0.24008499,0.1,0.100632705
2604,0.99630404,False,Dendritic cells,Dendritic cells,0.26666668,0.2643888,0.23333333,0.23061933,0.2,0.1975999,0.3,0.3073919
3678,0.9962984,False,Luminal_Macrophages,Luminal_Macrophages,0.36666667,0.36677873,0.26666668,0.2690623,0.1,0.09259677,0.26666668,0.27156216
4556,0.9962962,False,Type 2 alveolar,Type 2 alveolar,0.29032257,0.28320852,0.32258064,0.32599983,0.16129032,0.1609969,0.22580644,0.22979479
1948,0.99629015,False,Dendritic cells,Dendritic cells,0.06666667,0.069343574,0.3,0.29927552,0.3,0.30474278,0.33333334,0.32663813
4797,0.9962879,False,Luminal_Macrophages,Luminal_Macrophages,0.3448276,0.3473897,0.2413793,0.24246243,0.1724138,0.16498953,0.2413793,0.24515837
2074,0.9962878,False,Luminal_Macrophages,Luminal_Macrophages,0.48387095,0.48024425,0.2580645,0.26480383,0.16129032,0.15749267,0.09677419,0.097459264
3465,0.9962858,False,Dendritic cells,Dendritic cells,0.23333333,0.23717055,0.26666668,0.27025792,0.16666667,0.16134687,0.33333334,0.33122468
1020,0.99628574,False,Fibroblasts,Dendritic cells,0.09677419,0.097171925,0.06451613,0.057510875,0.41935483,0.41893157,0.41935483,0.4263856
4214,0.9962729,False,Type 2 alveolar,Type 2 alveolar,0.26666668,0.26487282,0.3,0.30264682,0.3,0.29433975,0.13333334,0.13814063
1381,0.99627244,False,Dendritic cells,Dendritic cells,0.2,0.20265348,0.033333335,0.038134996,0.36666667,0.359227,0.4,0.3999845
4959,0.99626255,False,Luminal_Macrophages,Luminal_Macrophages,0.36666667,0.3627844,0.26666668,0.26385745,0.06666667,0.06588324,0.3,0.30747497
169,0.9962588,False,Luminal_Macrophages,Luminal_Macrophages,0.51724136,0.5147175,0.31034482,0.3107642,0.13793103,0.1329725,0.03448276,0.041545838
3955,0.99625826,False,Luminal_Macrophages,Luminal_Macrophages,0.46666667,0.4665491,0.1,0.09399441,0.36666667,0.3741501,0.06666667,0.065306365
1450,0.9962571,False,Luminal_Macrophages,Luminal_Macrophages,0.4516129,0.4559031,0.16129032,0.16448589,0.3548387,0.34778056,0.032258064,0.031830527
1942,0.9962558,False,Luminal_Macrophages,Luminal_Macrophages,0.33333334,0.32879037,0.2,0.19738086,0.2,0.19967377,0.26666668,0.27415502
3241,0.996255,False,Luminal_Macrophages,Luminal_Macrophages,0.33333334,0.3351733,0.33333334,0.33103767,0.26666668,0.27231666,0.06666667,0.061472327
1087,0.99625456,False,Dendritic cells,Dendritic cells,0.033333335,0.037372284,0.36666667,0.37011856,0.13333334,0.1261052,0.46666667,0.4664039
1650,0.99624306,False,Fibroblasts,Fibroblasts,0.27586207,0.2750037,0.27586207,0.277041,0.31034482,0.30368927,0.13793103,0.14426607
116,0.9962423,False,Luminal_Macrophages,Luminal_Macrophages,0.33333334,0.3373435,0.1,0.09641831,0.3,0.29606628,0.26666668,0.27017194
4884,0.99624074,False,Dendritic cells,Dendritic cells,0.23333333,0.23786446,0.2,0.20298737,0.13333334,0.12693241,0.43333334,0.4322157
4812,0.99623865,False,Type 2 alveolar,Dendritic cells,0.06666667,0.059144028,0.43333334,0.43685052,0.06666667,0.06671607,0.43333334,0.43728942
340,0.99623734,False,Luminal_Macrophages,Luminal_Macrophages,0.31034482,0.31107923,0.1724138,0.17920473,0.31034482,0.3058542,0.20689656,0.20386183
1997,0.99623555,False,Type 2 alveolar,Type 2 alveolar,0.06666667,0.063811675,0.33333334,0.32965,0.3,0.29900947,0.3,0.30752885
2994,0.99622715,False,Fibroblasts,Fibroblasts,0.12903225,0.13657804,0.09677419,0.095373526,0.38709676,0.38665828,0.38709676,0.38139015
4416,0.9962221,False,Fibroblasts,Fibroblasts,0.23333333,0.23505639,0.2,0.20549063,0.3,0.29244414,0.26666668,0.2670088
2366,0.9962208,False,Luminal_Macrophages,Fibroblasts,0.36666667,0.36754063,0.1,0.09244167,0.36666667,0.36819664,0.16666667,0.17182106
4738,0.9962192,False,Luminal_Macrophages,Luminal_Macrophages,0.3,0.30694816,0.3,0.30061346,0.23333333,0.22832511,0.16666667,0.16411325
396,0.99621826,False,Luminal_Macrophages,Luminal_Macrophages,0.43333334,0.43730763,0.16666667,0.16239488,0.33333334,0.3369225,0.06666667,0.06337496
2103,0.99621564,False,Luminal_Macrophages,Type 2 alveolar,0.31034482,0.31338313,0.31034482,0.31487525,0.06896552,0.0682333,0.31034482,0.30350828
1790,0.9962092,False,Luminal_Macrophages,Type 2 alveolar,0.41935483,0.4221579,0.41935483,0.42413333,0.06451613,0.05993701,0.09677419,0.093771785
264,0.9962076,False,Luminal_Macrophages,Luminal_Macrophages,0.31034482,0.31499156,0.20689656,0.20699286,0.31034482,0.30276,0.1724138,0.17525561
2593,0.9962072,False,Dendritic cells,Dendritic cells,0.27586207,0.27682576,0.27586207,0.26827642,0.13793103,0.14307088,0.31034482,0.31182697
409,0.9962056,False,Fibroblasts,Fibroblasts,0.3,0.29970118,0.06666667,0.066208966,0.33333334,0.32650113,0.3,0.30758873
4829,0.9962055,False,Type 2 alveolar,Type 2 alveolar,0.09677419,0.10284986,0.4516129,0.44827867,0.06451613,0.066029504,0.38709676,0.382842
3118,0.9962029,False,Type 2 alveolar,Type 2 alveolar,0.26666668,0.26262408,0.36666667,0.3631151,0.033333335,0.038785446,0.33333334,0.33547544
3896,0.9962024,False,Luminal_Macrophages,Luminal_Macrophages,0.5,0.4943174,0.13333334,0.13552248,0.33333334,0.33142072,0.033333335,0.038739335
2179,0.9961995,False,Luminal_Macrophages,Type 2 alveolar,0.29032257,0.28462464,0.29032257,0.2937055,0.16129032,0.15938722,0.2580645,0.26228264
3466,0.9961947,False,Luminal_Macrophages,Luminal_Macrophages,0.4,0.3929105,0.3,0.29947898,0.26666668,0.2699631,0.033333335,0.037647408
2583,0.99619365,False,Luminal_Macrophages,Luminal_Macrophages,0.4,0.39512724,0.06666667,0.06392677,0.26666668,0.26864436,0.26666668,0.2723017
3712,0.9961818,False,Luminal_Macrophages,Luminal_Macrophages,0.26666668,0.27236295,0.2,0.20149755,0.26666668,0.2590302,0.26666668,0.2671093
888,0.99618125,False,Luminal_Macrophages,Luminal_Macrophages,0.3448276,0.34697333,0.20689656,0.21238837,0.3448276,0.3397469,0.10344828,0.100891404
417,0.99617946,False,Fibroblasts,Dendritic cells,0.16666667,0.17256586,0.23333333,0.23507515,0.3,0.2959924,0.3,0.29636657
558,0.99617916,False,Type 2 alveolar,Type 2 alveolar,0.23333333,0.23956421,0.33333334,0.32692263,0.13333334,0.13210234,0.3,0.30141085
2108,0.9961692,False,Type 2 alveolar,Type 2 alveolar,0.2413793,0.23792396,0.31034482,0.30613863,0.27586207,0.28205168,0.1724138,0.17388576
3056,0.9961674,False,Luminal_Macrophages,Luminal_Macrophages,0.32258064,0.3179777,0.29032257,0.2979877,0.29032257,0.29019308,0.09677419,0.093841515
2371,0.9961619,False,Dendritic cells,Dendritic cells,0.23333333,0.23869942,0.23333333,0.22954516,0.23333333,0.22944532,0.3,0.30231014
962,0.99616116,False,Luminal_Macrophages,Luminal_Macrophages,0.36666667,0.37385973,0.033333335,0.032040168,0.3,0.3004846,0.3,0.29361552
3538,0.9961579,False,Fibroblasts,Fibroblasts,0.20689656,0.2091278,0.27586207,0.2807236,0.31034482,0.30266055,0.20689656,0.20748799
2878,0.9961549,False,Luminal_Macrophages,Luminal_Macrophages,0.48387095,0.48674935,0.32258064,0.3159429,0.16129032,0.16023782,0.032258064,0.03706988
812,0.9961541,False,Type 2 alveolar,Type 2 alveolar,0.12903225,0.12514113,0.6451613,0.64246994,0.12903225,0.12792301,0.09677419,0.10446595
882,0.9961482,False,Dendritic cells,Dendritic cells,0.26666668,0.263978,0.16666667,0.17234638,0.26666668,0.2616518,0.3,0.30202374
3396,0.99614805,False,Fibroblasts,Fibroblasts,0.10344828,0.109771706,0.13793103,0.13931148,0.41379312,0.4130501,0.3448276,0.33786675
3292,0.99614483,False,Type 2 alveolar,Type 2 alveolar,0.12903225,0.1259323,0.48387095,0.4792605,0.19354838,0.19500448,0.19354838,0.19980267
1573,0.99614006,False,Type 2 alveolar,Type 2 alveolar,0.1,0.10690795,0.3,0.30081186,0.3,0.2964882,0.3,0.29579198
4090,0.9961382,False,Dendritic cells,Dendritic cells,0.2,0.20772353,0.23333333,0.23143883,0.23333333,0.23191503,0.33333334,0.32892257
3361,0.99613297,False,Fibroblasts,Fibroblasts,0.36666667,0.36034247,0.1,0.1075922,0.4,0.39859015,0.13333334,0.13347515
4008,0.9961288,False,Fibroblasts,Fibroblasts,0.16666667,0.17440908,0.2,0.19886236,0.33333334,0.32824695,0.3,0.2984816
3134,0.99612653,False,Fibroblasts,Fibroblasts,0.1,0.10182068,0.26666668,0.26241672,0.33333334,0.32983634,0.3,0.3059263
1386,0.996126,False,Type 2 alveolar,Type 2 alveolar,0.06896552,0.067343846,0.41379312,0.40766677,0.1724138,0.17545597,0.3448276,0.34953347
1400,0.9961219,False,Luminal_Macrophages,Luminal_Macrophages,0.4,0.40625975,0.13333334,0.12945335,0.4,0.40149644,0.06666667,0.062790446
3507,0.99611783,False,Luminal_Macrophages,Luminal_Macrophages,0.43333334,0.42739084,0.33333334,0.33151153,0.16666667,0.17240043,0.06666667,0.068697214
477,0.99611574,False,Luminal_Macrophages,Luminal_Macrophages,0.36666667,0.3619857,0.13333334,0.13144523,0.16666667,0.16546714,0.33333334,0.34110186
435,0.99611217,False,Dendritic cells,Dendritic cells,0.13333334,0.14003004,0.3,0.30107895,0.2,0.19897527,0.36666667,0.35991573
2063,0.99610496,False,Luminal_Macrophages,Luminal_Macrophages,0.5,0.5000848,0.1,0.09220984,0.36666667,0.36944047,0.033333335,0.03826486
1312,0.99610084,False,Type 2 alveolar,Type 2 alveolar,0.31034482,0.31336614,0.37931034,0.3755644,0.10344828,0.099395946,0.20689656,0.2116735
3374,0.99609834,False,Type 2 alveolar,Type 2 alveolar,0.3,0.3034522,0.36666667,0.36782113,0.1,0.092196725,0.23333333,0.23652996
3450,0.9960879,False,Luminal_Macrophages,Dendritic cells,0.33333334,0.32693833,0.16666667,0.16699895,0.16666667,0.16523749,0.33333334,0.3408252
4900,0.99608636,False,Luminal_Macrophages,Luminal_Macrophages,0.33333334,0.33124626,0.23333333,0.23629631,0.2,0.19425987,0.23333333,0.23819758
86,0.9960783,False,Luminal_Macrophages,Fibroblasts,0.26666668,0.26078793,0.23333333,0.23585503,0.26666668,0.26470205,0.23333333,0.238655
2000,0.9960762,False,Luminal_Macrophages,Luminal_Macrophages,0.41379312,0.41769955,0.37931034,0.38325146,0.10344828,0.09815345,0.10344828,0.10089552
1072,0.99606645,False,Dendritic cells,Dendritic cells,0.33333334,0.34020063,0.2,0.20051152,0.06666667,0.06715497,0.4,0.39213288
2749,0.99606603,False,Dendritic cells,Dendritic cells,0.19354838,0.19470726,0.09677419,0.088923335,0.32258064,0.32928967,0.38709676,0.38707975
3653,0.99606013,False,Luminal_Macrophages,Dendritic cells,0.3,0.29558173,0.23333333,0.23885378,0.16666667,0.16320522,0.3,0.30235925
3952,0.99605674,False,Luminal_Macrophages,Luminal_Macrophages,0.3,0.2990724,0.23333333,0.24121988,0.3,0.2986433,0.16666667,0.16106439
276,0.9960565,False,Fibroblasts,Fibroblasts,0.1,0.10788705,0.2,0.19596952,0.36666667,0.36606693,0.33333334,0.33007652
1923,0.99605054,False,Fibroblasts,Fibroblasts,0.23333333,0.2346287,0.3,0.3032614,0.33333334,0.32543442,0.13333334,0.13667548
604,0.9960471,False,Dendritic cells,Dendritic cells,0.23333333,0.24021615,0.2,0.20102301,0.26666668,0.26191628,0.3,0.29684454
1407,0.9960399,False,Dendritic cells,Dendritic cells,0.2,0.20407142,0.3,0.29536667,0.16666667,0.17051545,0.33333334,0.33004653
3509,0.9960385,False,Luminal_Macrophages,Luminal_Macrophages,0.26666668,0.26923805,0.26666668,0.26063344,0.23333333,0.23144357,0.23333333,0.23868497
2888,0.9960355,False,Dendritic cells,Dendritic cells,0.16666667,0.17459562,0.2,0.19420685,0.3,0.29835394,0.33333334,0.3328436
1763,0.9960342,False,Fibroblasts,Fibroblasts,0.19354838,0.19709924,0.2580645,0.26017898,0.29032257,0.28239095,0.2580645,0.26033083
3954,0.9960334,False,Fibroblasts,Fibroblasts,0.09677419,0.09481105,0.032258064,0.04019128,0.48387095,0.47893557,0.38709676,0.38606206
415,0.996028,False,Fibroblasts,Fibroblasts,0.06896552,0.07486803,0.37931034,0.37265503,0.41379312,0.41250437,0.13793103,0.1399725
3222,0.996026,False,Dendritic cells,Dendritic cells,0.22580644,0.22898427,0.2580645,0.26208037,0.22580644,0.21785848,0.29032257,0.29107693
4526,0.99601674,False,Fibroblasts,Fibroblasts,0.06666667,0.07442937,0.4,0.3941642,0.46666667,0.46687046,0.06666667,0.06453597
2275,0.9960153,False,Dendritic cells,Dendritic cells,0.23333333,0.24130273,0.26666668,0.26308826,0.2,0.19946283,0.3,0.29614618
4798,0.99601513,False,Luminal_Macrophages,Luminal_Macrophages,0.3,0.29373658,0.23333333,0.23659354,0.23333333,0.23162706,0.23333333,0.23804279
1372,0.9960095,False,Fibroblasts,Fibroblasts,0.13793103,0.14013526,0.06896552,0.06807289,0.41379312,0.40670478,0.37931034,0.385087
1037,0.99600923,False,Luminal_Macrophages,Luminal_Macrophages,0.3,0.30741152,0.3,0.30057,0.13333334,0.12965082,0.26666668,0.26236764
3809,0.9960072,False,Luminal_Macrophages,Luminal_Macrophages,0.55172414,0.5437386,0.03448276,0.039682414,0.27586207,0.27629137,0.13793103,0.14028765
4567,0.9960054,False,Dendritic cells,Dendritic cells,0.06666667,0.061291598,0.06666667,0.064052604,0.26666668,0.26779547,0.6,0.60686034
4274,0.99600446,False,Dendritic cells,Dendritic cells,0.1,0.100952536,0.33333334,0.34037185,0.13333334,0.1268235,0.43333334,0.43185216
1582,0.9960029,False,Type 2 alveolar,Fibroblasts,0.12903225,0.13313426,0.3548387,0.35242775,0.3548387,0.35873085,0.16129032,0.1557072
1097,0.9959991,False,Dendritic cells,Dendritic cells,0.29032257,0.29448947,0.12903225,0.13286722,0.19354838,0.1892027,0.38709676,0.3834406
3410,0.99599725,False,Fibroblasts,Fibroblasts,0.3,0.30099493,0.3,0.3045553,0.33333334,0.32532787,0.06666667,0.06912188
4624,0.9959924,False,Luminal_Macrophages,Dendritic cells,0.36666667,0.35865155,0.033333335,0.035711173,0.23333333,0.23477179,0.36666667,0.3708655
2944,0.9959916,False,Luminal_Macrophages,Dendritic cells,0.29032257,0.28685167,0.19354838,0.1891821,0.22580644,0.22562672,0.29032257,0.29833943
3704,0.99599075,False,Dendritic cells,Dendritic cells,0.06896552,0.07344932,0.13793103,0.13794005,0.3448276,0.3483533,0.44827586,0.44025734
1461,0.99599075,False,Luminal_Macrophages,Luminal_Macrophages,0.33333334,0.33526632,0.26666668,0.27275223,0.2,0.19987954,0.2,0.19210196
985,0.9959885,False,Dendritic cells,Dendritic cells,0.26666668,0.27348822,0.13333334,0.131551,0.23333333,0.23453477,0.36666667,0.360426
2557,0.9959868,False,Fibroblasts,Fibroblasts,0.22580644,0.23261431,0.29032257,0.28908157,0.32258064,0.31579533,0.16129032,0.16250885
1571,0.99598575,False,Luminal_Macrophages,Luminal_Macrophages,0.36666667,0.37126276,0.13333334,0.13676573,0.33333334,0.3267276,0.16666667,0.16524397
2253,0.9959825,False,Luminal_Macrophages,Luminal_Macrophages,0.36666667,0.3675234,0.36666667,0.36159807,0.033333335,0.04051155,0.23333333,0.23036692
374,0.9959825,False,Fibroblasts,Fibroblasts,0.10344828,0.10304567,0.13793103,0.14325072,0.41379312,0.4061607,0.3448276,0.34754288
2117,0.9959819,False,Type 2 alveolar,Type 2 alveolar,0.2,0.20379268,0.6333333,0.6347102,0.033333335,0.036200073,0.13333334,0.12529707
2894,0.9959793,False,Luminal_Macrophages,Luminal_Macrophages,0.38709676,0.38461283,0.032258064,0.040299445,0.19354838,0.1924104,0.38709676,0.38267735
3560,0.99597746,False,Type 2 alveolar,Type 2 alveolar,0.23333333,0.23937535,0.26666668,0.26826978,0.23333333,0.2337333,0.26666668,0.25862154
279,0.99597466,False,Type 2 alveolar,Type 2 alveolar,0.20689656,0.20950632,0.27586207,0.273572,0.27586207,0.2701015,0.2413793,0.24682014
338,0.99597365,False,Luminal_Macrophages,Luminal_Macrophages,0.32258064,0.33063337,0.06451613,0.05999209,0.32258064,0.31999868,0.29032257,0.28937584
3782,0.9959726,False,Type 2 alveolar,Type 2 alveolar,0.12903225,0.12934242,0.32258064,0.31561896,0.2580645,0.2569713,0.29032257,0.29806724
4878,0.99596846,False,Fibroblasts,Fibroblasts,0.2413793,0.23757756,0.2413793,0.24283324,0.31034482,0.3060834,0.20689656,0.21350572
4328,0.995967,False,Luminal_Macrophages,Luminal_Macrophages,0.38709676,0.38832632,0.06451613,0.06154821,0.3548387,0.34974065,0.19354838,0.20038489
3872,0.99595976,False,Luminal_Macrophages,Luminal_Macrophages,0.36666667,0.3713148,0.2,0.19492848,0.06666667,0.063657634,0.36666667,0.37009907
4243,0.9959574,False,Dendritic cells,Dendritic cells,0.06451613,0.05869831,0.3548387,0.35969827,0.16129032,0.16451596,0.41935483,0.4170874
2496,0.99595594,False,Luminal_Macrophages,Type 2 alveolar,0.32258064,0.32065964,0.32258064,0.3218391,0.16129032,0.1558647,0.19354838,0.20163657
1174,0.99594927,False,Fibroblasts,Fibroblasts,0.06666667,0.07021936,0.23333333,0.23788208,0.6,0.5939036,0.1,0.09799495
3015,0.9959471,False,Type 2 alveolar,Type 2 alveolar,0.2413793,0.2431547,0.31034482,0.3166752,0.2413793,0.23596586,0.20689656,0.20420426
4192,0.9959445,False,Fibroblasts,Fibroblasts,0.3,0.30441537,0.033333335,0.037029017,0.33333334,0.3298532,0.33333334,0.32870242
4528,0.9959435,False,Fibroblasts,Fibroblasts,0.23333333,0.23720042,0.3,0.3007515,0.33333334,0.32522035,0.13333334,0.13682774
1003,0.99594337,False,Dendritic cells,Dendritic cells,0.16666667,0.17222129,0.16666667,0.16217026,0.1,0.096383184,0.56666666,0.5692253
1177,0.9959429,False,Dendritic cells,Dendritic cells,0.1,0.09602278,0.033333335,0.041447558,0.4,0.39698815,0.46666667,0.46554145
2857,0.99594027,False,Luminal_Macrophages,Luminal_Macrophages,0.46666667,0.46973944,0.3,0.29198724,0.2,0.20504665,0.033333335,0.03322668
3857,0.9959306,False,Type 2 alveolar,Type 2 alveolar,0.09677419,0.09957217,0.38709676,0.38912484,0.3548387,0.35815147,0.16129032,0.1531515
706,0.99592555,False,Luminal_Macrophages,Luminal_Macrophages,0.3548387,0.35784325,0.06451613,0.05864367,0.22580644,0.23095079,0.3548387,0.3525623
2560,0.995924,False,Type 2 alveolar,Type 2 alveolar,0.26666668,0.26453218,0.3,0.30219203,0.3,0.29398248,0.13333334,0.13929333
2286,0.995923,False,Dendritic cells,Dendritic cells,0.09677419,0.09422669,0.2580645,0.25743517,0.16129032,0.15631308,0.48387095,0.49202505
1784,0.9959224,False,Dendritic cells,Dendritic cells,0.3,0.30194157,0.23333333,0.23826455,0.06666667,0.067949094,0.4,0.39184475
4840,0.995921,False,Luminal_Macrophages,Luminal_Macrophages,0.43333334,0.42530015,0.2,0.20271932,0.2,0.20543858,0.16666667,0.16654189
681,0.99592006,False,Type 2 alveolar,Fibroblasts,0.10344828,0.11127867,0.37931034,0.37340748,0.37931034,0.37705326,0.13793103,0.13826057
2001,0.9959188,False,Type 2 alveolar,Type 2 alveolar,0.37931034,0.37723672,0.44827586,0.44218716,0.06896552,0.07518126,0.10344828,0.10539487
3332,0.99591637,False,Luminal_Macrophages,Luminal_Macrophages,0.56666666,0.57214314,0.06666667,0.06737538,0.23333333,0.23531543,0.13333334,0.12516604
1065,0.9959146,False,Luminal_Macrophages,Luminal_Macrophages,0.37931034,0.3811281,0.1724138,0.16506763,0.13793103,0.1371064,0.31034482,0.31669784
880,0.9959131,False,Fibroblasts,Dendritic cells,0.23333333,0.23776506,0.16666667,0.16203493,0.3,0.29645795,0.3,0.30374205
3001,0.995913,False,Luminal_Macrophages,Luminal_Macrophages,0.33333334,0.33777767,0.2,0.19510582,0.2,0.19672027,0.26666668,0.2703962
3078,0.99591273,False,Type 2 alveolar,Type 2 alveolar,0.26666668,0.27205947,0.33333334,0.32755312,0.3,0.2976057,0.1,0.10278176
4777,0.99591047,False,Fibroblasts,Dendritic cells,0.2413793,0.24732079,0.20689656,0.20645139,0.27586207,0.26812813,0.27586207,0.2780997
2278,0.99590266,False,Fibroblasts,Fibroblasts,0.31034482,0.31718946,0.03448276,0.0358328,0.3448276,0.3381631,0.31034482,0.30881464
4022,0.9958956,False,Luminal_Macrophages,Luminal_Macrophages,0.56666666,0.5748755,0.13333334,0.13075662,0.16666667,0.16317235,0.13333334,0.13119562
3969,0.99589324,False,Dendritic cells,Dendritic cells,0.33333334,0.33988976,0.16666667,0.16253826,0.13333334,0.12924819,0.36666667,0.36832377
1594,0.9958918,False,Luminal_Macrophages,Luminal_Macrophages,0.43333334,0.4310707,0.1,0.108216405,0.43333334,0.43066776,0.033333335,0.030045163
2170,0.9958902,False,Luminal_Macrophages,Luminal_Macrophages,0.4,0.39450687,0.16666667,0.1639402,0.3,0.30736306,0.13333334,0.13418981
4447,0.9958884,False,Luminal_Macrophages,Luminal_Macrophages,0.31034482,0.31771445,0.27586207,0.27671564,0.20689656,0.20377363,0.20689656,0.20179623
2302,0.99588454,False,Dendritic cells,Dendritic cells,0.23333333,0.23805435,0.16666667,0.16229025,0.1,0.09614554,0.5,0.5035099
4666,0.9958838,False,Luminal_Macrophages,Luminal_Macrophages,0.38709676,0.37964338,0.2580645,0.2623934,0.06451613,0.063737154,0.29032257,0.29422605
4162,0.9958826,False,Luminal_Macrophages,Luminal_Macrophages,0.3,0.296442,0.26666668,0.2723138,0.3,0.29532316,0.13333334,0.13592097
3873,0.9958801,False,Luminal_Macrophages,Dendritic cells,0.32258064,0.31806168,0.32258064,0.3188599,0.032258064,0.039185584,0.32258064,0.3238928
3431,0.99588,False,Luminal_Macrophages,Luminal_Macrophages,0.36666667,0.37049675,0.23333333,0.23602512,0.033333335,0.035051502,0.36666667,0.3584267
3490,0.9958721,False,Type 2 alveolar,Dendritic cells,0.23333333,0.22956319,0.26666668,0.26322377,0.23333333,0.23229048,0.26666668,0.27492255
4093,0.9958679,False,Fibroblasts,Fibroblasts,0.37931034,0.38492474,0.06896552,0.0644323,0.41379312,0.41006216,0.13793103,0.14058076
2514,0.9958608,False,Type 2 alveolar,Dendritic cells,0.20689656,0.21274777,0.3448276,0.34370774,0.10344828,0.09628978,0.3448276,0.34725472
182,0.99586034,False,Luminal_Macrophages,Luminal_Macrophages,0.4,0.39538878,0.33333334,0.3296653,0.23333333,0.23443265,0.033333335,0.04051329
305,0.9958578,False,Dendritic cells,Dendritic cells,0.13793103,0.14128077,0.27586207,0.2807968,0.06896552,0.06827238,0.51724136,0.5096501
2734,0.9958547,False,Luminal_Macrophages,Luminal_Macrophages,0.4,0.40541425,0.033333335,0.036209714,0.16666667,0.1651126,0.4,0.3932634
1676,0.995854,False,Luminal_Macrophages,Luminal_Macrophages,0.3,0.29604888,0.3,0.29565918,0.13333334,0.13448322,0.26666668,0.27380872
2941,0.99585384,False,Luminal_Macrophages,Luminal_Macrophages,0.36666667,0.3721824,0.06666667,0.06327877,0.2,0.20277655,0.36666667,0.36176232
2530,0.99584925,False,Fibroblasts,Fibroblasts,0.03448276,0.040808313,0.13793103,0.13328171,0.44827586,0.45025185,0.37931034,0.37565812
3007,0.9958369,False,Luminal_Macrophages,Luminal_Macrophages,0.4,0.39197513,0.033333335,0.03666322,0.26666668,0.271663,0.3,0.29969865
2406,0.9958363,False,Luminal_Macrophages,Luminal_Macrophages,0.43333334,0.4277585,0.1,0.10368709,0.23333333,0.23058075,0.23333333,0.2379736
1663,0.995832,False,Type 2 alveolar,Dendritic cells,0.23333333,0.23625165,0.26666668,0.2586843,0.23333333,0.23297971,0.26666668,0.2720843
4873,0.99583095,False,Luminal_Macrophages,Luminal_Macrophages,0.4,0.39186466,0.36666667,0.3682463,0.2,0.19979727,0.033333335,0.040091846
1847,0.99583036,False,Luminal_Macrophages,Luminal_Macrophages,0.33333334,0.3289098,0.16666667,0.17023084,0.26666668,0.26275092,0.23333333,0.23810837
93,0.9958283,False,Type 2 alveolar,Type 2 alveolar,0.06896552,0.070649624,0.37931034,0.3722152,0.20689656,0.2135559,0.3448276,0.3435793
4642,0.99582523,False,Dendritic cells,Dendritic cells,0.06666667,0.0672163,0.2,0.1989486,0.26666668,0.2744666,0.46666667,0.4593685
1646,0.99581945,False,Dendritic cells,Dendritic cells,0.10344828,0.10838967,0.37931034,0.38273,0.10344828,0.09625477,0.41379312,0.41262558
1983,0.9958171,False,Luminal_Macrophages,Luminal_Macrophages,0.38709676,0.38954383,0.32258064,0.31900388,0.032258064,0.03817676,0.2580645,0.2532755
612,0.99581385,False,Dendritic cells,Dendritic cells,0.23333333,0.22951846,0.2,0.20284592,0.23333333,0.22877586,0.33333334,0.33885977
859,0.9958136,False,Dendritic cells,Dendritic cells,0.26666668,0.26882192,0.2,0.19593917,0.2,0.19568807,0.33333334,0.33955082
2487,0.9958135,False,Luminal_Macrophages,Luminal_Macrophages,0.33333334,0.3320206,0.23333333,0.24059011,0.3,0.30111626,0.13333334,0.12627307
4806,0.9958117,False,Luminal_Macrophages,Luminal_Macrophages,0.33333334,0.3261222,0.26666668,0.26830354,0.2,0.19883454,0.2,0.20673974
71,0.99580944,False,Luminal_Macrophages,Luminal_Macrophages,0.3,0.30572256,0.3,0.29714298,0.2,0.19447593,0.2,0.20265853
1979,0.9958087,False,Dendritic cells,Dendritic cells,0.13333334,0.13890457,0.33333334,0.33614466,0.16666667,0.16067867,0.36666667,0.3642721
3556,0.99579227,False,Dendritic cells,Dendritic cells,0.2580645,0.26622877,0.29032257,0.288461,0.09677419,0.09702549,0.3548387,0.3482848
3804,0.99578965,False,Luminal_Macrophages,Luminal_Macrophages,0.4,0.40842068,0.1,0.09360815,0.36666667,0.36465216,0.13333334,0.13331906
2706,0.99578875,False,Luminal_Macrophages,Luminal_Macrophages,0.36666667,0.3624158,0.16666667,0.16384889,0.23333333,0.23197944,0.23333333,0.24175587
4143,0.9957871,False,Type 2 alveolar,Type 2 alveolar,0.3,0.2995921,0.33333334,0.329498,0.13333334,0.12915078,0.23333333,0.24175914
733,0.9957855,False,Type 2 alveolar,Type 2 alveolar,0.33333334,0.33943036,0.36666667,0.3630154,0.16666667,0.16899864,0.13333334,0.1285556
1322,0.9957763,False,Luminal_Macrophages,Luminal_Macrophages,0.43333334,0.42657402,0.033333335,0.038424995,0.3,0.30335578,0.23333333,0.23164524
987,0.995776,False,Dendritic cells,Dendritic cells,0.06666667,0.06272944,0.16666667,0.16215585,0.3,0.3064201,0.46666667,0.46869466
89,0.995775,False,Luminal_Macrophages,Luminal_Macrophages,0.33333334,0.33460742,0.3,0.2950012,0.06666667,0.063215405,0.3,0.307176
4625,0.99576527,False,Luminal_Macrophages,Luminal_Macrophages,0.3,0.30443943,0.26666668,0.27069667,0.3,0.29664692,0.13333334,0.12821694
1860,0.99576145,False,Luminal_Macrophages,Dendritic cells,0.3,0.30077332,0.13333334,0.124856286,0.26666668,0.26784885,0.3,0.3065216
1184,0.9957584,False,Type 2 alveolar,Type 2 alveolar,0.22580644,0.22061266,0.29032257,0.28736794,0.22580644,0.22547166,0.2580645,0.2665477
1583,0.9957578,False,Luminal_Macrophages,Luminal_Macrophages,0.4,0.40848434,0.2,0.19799618,0.06666667,0.061011337,0.33333334,0.3325082
1696,0.99575514,False,Fibroblasts,Fibroblasts,0.033333335,0.040025454,0.1,0.09696334,0.6666667,0.6684643,0.2,0.19454698
204,0.9957551,False,Luminal_Macrophages,Type 2 alveolar,0.3448276,0.33880776,0.3448276,0.34873208,0.13793103,0.13546096,0.1724138,0.17699918
1477,0.9957533,False,Luminal_Macrophages,Luminal_Macrophages,0.33333334,0.34072486,0.3,0.29796624,0.33333334,0.3268737,0.033333335,0.034435198
3715,0.99574906,False,Luminal_Macrophages,Luminal_Macrophages,0.41379312,0.41367808,0.13793103,0.13799338,0.3448276,0.35326716,0.10344828,0.095061384
343,0.9957469,False,Type 2 alveolar,Type 2 alveolar,0.36666667,0.36981297,0.43333334,0.42570093,0.1,0.09912624,0.1,0.10535982
2981,0.99574417,False,Luminal_Macrophages,Luminal_Macrophages,0.4,0.40781024,0.33333334,0.33197272,0.2,0.2007014,0.06666667,0.05951557
3469,0.99574405,False,Luminal_Macrophages,Luminal_Macrophages,0.33333334,0.33757937,0.33333334,0.32791346,0.13333334,0.1302413,0.2,0.20426586
980,0.99574256,False,Luminal_Macrophages,Type 2 alveolar,0.26666668,0.2612062,0.26666668,0.26770723,0.23333333,0.23027891,0.23333333,0.24080762
3798,0.9957416,False,Luminal_Macrophages,Luminal_Macrophages,0.44827586,0.45679265,0.1724138,0.17164397,0.20689656,0.20635536,0.1724138,0.16520798
3635,0.9957358,False,Luminal_Macrophages,Luminal_Macrophages,0.7,0.7051323,0.033333335,0.036729354,0.033333335,0.032079924,0.23333333,0.22605841
3925,0.99573433,False,Dendritic cells,Dendritic cells,0.1,0.10851642,0.3,0.3000149,0.06666667,0.05881896,0.53333336,0.5326497
4909,0.9957341,False,Dendritic cells,Dendritic cells,0.16666667,0.17519845,0.26666668,0.26373065,0.26666668,0.26512215,0.3,0.2959488
269,0.9957316,False,Luminal_Macrophages,Dendritic cells,0.27586207,0.2777135,0.20689656,0.2047915,0.2413793,0.23494759,0.27586207,0.2825474
2206,0.99573046,False,Luminal_Macrophages,Luminal_Macrophages,0.46666667,0.47334293,0.13333334,0.12605874,0.36666667,0.3654022,0.033333335,0.035196137
4648,0.9957286,False,Luminal_Macrophages,Type 2 alveolar,0.36666667,0.36390638,0.36666667,0.37134093,0.16666667,0.17053513,0.1,0.09421749
235,0.9957266,False,Luminal_Macrophages,Luminal_Macrophages,0.6,0.60080075,0.033333335,0.033420186,0.16666667,0.15811989,0.2,0.20765923
1264,0.9957236,False,Dendritic cells,Dendritic cells,0.13333334,0.1355752,0.26666668,0.2685848,0.2,0.2043928,0.4,0.39144722
4871,0.99571824,False,Dendritic cells,Dendritic cells,0.1,0.09682514,0.26666668,0.2687087,0.1,0.09461132,0.53333336,0.5398549
4714,0.9957134,False,Fibroblasts,Fibroblasts,0.26666668,0.27071187,0.16666667,0.16340514,0.3,0.29468834,0.26666668,0.2711947
115,0.99571055,False,Type 2 alveolar,Type 2 alveolar,0.3,0.30846158,0.33333334,0.32568765,0.26666668,0.26678392,0.1,0.09906678
1202,0.99570763,False,Luminal_Macrophages,Luminal_Macrophages,0.46666667,0.47321615,0.3,0.30155486,0.16666667,0.16714706,0.06666667,0.05808198
41,0.9957024,False,Type 2 alveolar,Dendritic cells,0.23333333,0.24192858,0.3,0.29348743,0.16666667,0.16624649,0.3,0.29833752
213,0.9957018,False,Dendritic cells,Dendritic cells,0.3,0.29876432,0.3,0.29588956,0.033333335,0.04192972,0.36666667,0.36341637
2571,0.99570173,False,Type 2 alveolar,Type 2 alveolar,0.22580644,0.22232632,0.38709676,0.3822788,0.09677419,0.09647571,0.29032257,0.2989191
2747,0.99569935,False,Type 2 alveolar,Type 2 alveolar,0.06666667,0.068884596,0.4,0.39376688,0.36666667,0.37305006,0.16666667,0.16429849
1067,0.9956986,False,Type 2 alveolar,Type 2 alveolar,0.13333334,0.13102612,0.36666667,0.36037105,0.23333333,0.23718597,0.26666668,0.2714168
1772,0.9956786,False,Fibroblasts,Fibroblasts,0.2413793,0.2429055,0.20689656,0.2119365,0.31034482,0.30170196,0.2413793,0.243456
1172,0.995675,False,Fibroblasts,Fibroblasts,0.3,0.29947528,0.3,0.30865,0.33333334,0.32744563,0.06666667,0.064429134
1828,0.9956712,False,Fibroblasts,Fibroblasts,0.033333335,0.040611543,0.06666667,0.063195646,0.46666667,0.4614801,0.43333334,0.43471274
79,0.99567044,False,Luminal_Macrophages,Luminal_Macrophages,0.4,0.39337623,0.23333333,0.23655961,0.23333333,0.23876616,0.13333334,0.13129804
3794,0.9956704,False,Fibroblasts,Fibroblasts,0.1,0.09134079,0.36666667,0.3684788,0.46666667,0.46974257,0.06666667,0.07043782
3930,0.99566686,False,Fibroblasts,Fibroblasts,0.23333333,0.23242496,0.26666668,0.26932612,0.3,0.2922421,0.2,0.20600681
1791,0.9956652,False,Dendritic cells,Dendritic cells,0.20689656,0.21477191,0.27586207,0.27180842,0.20689656,0.2076908,0.31034482,0.30572888
3750,0.99566364,False,Dendritic cells,Dendritic cells,0.1,0.108672686,0.06666667,0.063937075,0.36666667,0.36398724,0.46666667,0.463403
3855,0.99566245,False,Luminal_Macrophages,Luminal_Macrophages,0.48387095,0.47650373,0.12903225,0.1277244,0.32258064,0.32639983,0.06451613,0.069372125
421,0.99565434,False,Type 2 alveolar,Type 2 alveolar,0.27586207,0.27663502,0.31034482,0.31116432,0.1724138,0.16372252,0.2413793,0.24847819
4572,0.99565333,False,Luminal_Macrophages,Luminal_Macrophages,0.33333334,0.34107342,0.1,0.091306694,0.3,0.30003455,0.26666668,0.26758537
4986,0.9956473,False,Dendritic cells,Dendritic cells,0.33333334,0.33354875,0.033333335,0.041690044,0.13333334,0.13346659,0.5,0.49129462
2333,0.995645,False,Fibroblasts,Fibroblasts,0.23333333,0.22634836,0.26666668,0.27076563,0.3,0.29827493,0.2,0.20461103
3125,0.99564445,False,Dendritic cells,Dendritic cells,0.1,0.102659255,0.3,0.29419804,0.033333335,0.03938516,0.56666666,0.5637576
4320,0.9956429,False,Luminal_Macrophages,Luminal_Macrophages,0.29032257,0.28562927,0.2580645,0.2540436,0.19354838,0.1944021,0.2580645,0.26592502
2064,0.99564266,False,Fibroblasts,Dendritic cells,0.09677419,0.0920641,0.19354838,0.20226313,0.3548387,0.3515131,0.3548387,0.35415968
3698,0.99564254,False,Dendritic cells,Dendritic cells,0.23333333,0.23396157,0.13333334,0.12891273,0.23333333,0.24141993,0.4,0.3957057
4956,0.9956388,False,Dendritic cells,Dendritic cells,0.033333335,0.039436094,0.23333333,0.23595305,0.33333334,0.3311711,0.4,0.39343977
2224,0.9956366,False,Luminal_Macrophages,Luminal_Macrophages,0.36666667,0.36278558,0.06666667,0.06709213,0.3,0.29515424,0.26666668,0.27496806
4034,0.99563193,False,Luminal_Macrophages,Luminal_Macrophages,0.3,0.30081898,0.13333334,0.12845789,0.3,0.2961393,0.26666668,0.27458382
2660,0.99563146,False,Fibroblasts,Fibroblasts,0.09677419,0.10551123,0.29032257,0.2891454,0.32258064,0.3171003,0.29032257,0.28824306
1042,0.99562794,False,Fibroblasts,Fibroblasts,0.06451613,0.061846368,0.32258064,0.3313248,0.516129,0.5148203,0.09677419,0.09200855
1011,0.99562657,False,Luminal_Macrophages,Luminal_Macrophages,0.33333334,0.3247138,0.26666668,0.27189246,0.2,0.19987275,0.2,0.20352106
1301,0.9956249,False,Luminal_Macrophages,Dendritic cells,0.33333334,0.33586916,0.26666668,0.25919256,0.06666667,0.06539061,0.33333334,0.33954772
3713,0.9956217,False,Luminal_Macrophages,Luminal_Macrophages,0.32258064,0.3235513,0.29032257,0.29003543,0.06451613,0.07230209,0.32258064,0.3141112
2324,0.9956209,False,Dendritic cells,Dendritic cells,0.06666667,0.067134455,0.3,0.3057328,0.1,0.09124184,0.53333336,0.53589094
2938,0.9956206,False,Type 2 alveolar,Type 2 alveolar,0.16666667,0.16939735,0.3,0.29929054,0.3,0.2919507,0.23333333,0.23936142
3600,0.9956145,False,Fibroblasts,Fibroblasts,0.26666668,0.275014,0.3,0.30042356,0.33333334,0.32573,0.1,0.09883244
829,0.9956139,False,Dendritic cells,Dendritic cells,0.23333333,0.24210556,0.16666667,0.1652044,0.2,0.19391379,0.4,0.39877617
431,0.9956122,False,Type 2 alveolar,Type 2 alveolar,0.1,0.10193825,0.6,0.605819,0.1,0.101018414,0.2,0.19122438
2041,0.9956107,False,Fibroblasts,Fibroblasts,0.2580645,0.2605592,0.22580644,0.2319149,0.32258064,0.3138021,0.19354838,0.19372383
3523,0.99559027,False,Fibroblasts,Fibroblasts,0.03448276,0.04212186,0.37931034,0.37997243,0.44827586,0.4487941,0.13793103,0.12911163
1297,0.995589,False,Fibroblasts,Dendritic cells,0.2413793,0.23769625,0.20689656,0.21027014,0.27586207,0.27072313,0.27586207,0.2813105
2891,0.9955889,False,Dendritic cells,Dendritic cells,0.13793103,0.14563102,0.2413793,0.23318651,0.10344828,0.102818854,0.51724136,0.5183636
1486,0.99558866,False,Luminal_Macrophages,Luminal_Macrophages,0.33333334,0.34045234,0.13333334,0.13152622,0.23333333,0.23503692,0.3,0.2929845
4219,0.99558586,False,Dendritic cells,Dendritic cells,0.10344828,0.09482285,0.10344828,0.10562356,0.3448276,0.3514806,0.44827586,0.44807303
2332,0.9955858,False,Type 2 alveolar,Type 2 alveolar,0.13333334,0.12625137,0.6666667,0.6746104,0.16666667,0.16492027,0.033333335,0.034217965
4602,0.9955848,False,Luminal_Macrophages,Luminal_Macrophages,0.33333334,0.33537027,0.26666668,0.2734601,0.3,0.29748207,0.1,0.09368752
2012,0.9955762,False,Luminal_Macrophages,Luminal_Macrophages,0.56666666,0.56529516,0.033333335,0.036226507,0.06666667,0.05919054,0.33333334,0.33928773
951,0.99557567,False,Luminal_Macrophages,Luminal_Macrophages,0.41935483,0.42479715,0.06451613,0.059865966,0.12903225,0.13243861,0.38709676,0.38289827
2132,0.9955748,False,Luminal_Macrophages,Luminal_Macrophages,0.3,0.30107158,0.23333333,0.24076869,0.3,0.29114953,0.16666667,0.16701022
272,0.99557304,False,Type 2 alveolar,Dendritic cells,0.23333333,0.23414789,0.26666668,0.26003033,0.23333333,0.23111579,0.26666668,0.27470604
4699,0.9955725,False,Type 2 alveolar,Type 2 alveolar,0.13333334,0.14216872,0.36666667,0.35869962,0.16666667,0.16668631,0.33333334,0.33244538
1563,0.9955641,False,Dendritic cells,Dendritic cells,0.19354838,0.1954758,0.19354838,0.2004928,0.29032257,0.28609756,0.32258064,0.31793383
1586,0.99556315,False,Type 2 alveolar,Type 2 alveolar,0.16666667,0.17125668,0.4,0.39119738,0.1,0.099928945,0.33333334,0.33761704
578,0.9955595,False,Fibroblasts,Fibroblasts,0.06666667,0.06752583,0.43333334,0.42577162,0.46666667,0.46534744,0.033333335,0.04135514
267,0.9955572,False,Dendritic cells,Dendritic cells,0.1,0.10715639,0.26666668,0.26776123,0.3,0.30063468,0.33333334,0.32444772
809,0.99555546,False,Luminal_Macrophages,Luminal_Macrophages,0.38709676,0.38319123,0.2580645,0.2542835,0.09677419,0.09557169,0.2580645,0.26695356
4951,0.9955549,False,Fibroblasts,Fibroblasts,0.033333335,0.042004414,0.43333334,0.42562973,0.46666667,0.46688575,0.06666667,0.06548008
3613,0.99554724,False,Luminal_Macrophages,Luminal_Macrophages,0.32258064,0.3301276,0.32258064,0.31851545,0.29032257,0.2916811,0.06451613,0.05967587
2849,0.9955464,False,Luminal_Macrophages,Luminal_Macrophages,0.33333334,0.33323672,0.033333335,0.040052623,0.3,0.30218795,0.33333334,0.32452267
2876,0.9955464,False,Luminal_Macrophages,Luminal_Macrophages,0.3,0.30890718,0.26666668,0.2619719,0.16666667,0.1631063,0.26666668,0.26601467
2489,0.99554515,False,Dendritic cells,Dendritic cells,0.3,0.3013422,0.033333335,0.035935186,0.23333333,0.23829904,0.43333334,0.4244236
1498,0.9955438,False,Type 2 alveolar,Type 2 alveolar,0.26666668,0.25860843,0.3,0.30007488,0.2,0.19914584,0.23333333,0.24217084
1094,0.9955417,False,Type 2 alveolar,Type 2 alveolar,0.13333334,0.12618828,0.6666667,0.669982,0.13333334,0.13893461,0.06666667,0.064895034
3688,0.9955374,False,Fibroblasts,Fibroblasts,0.13793103,0.14191261,0.3448276,0.3482217,0.44827586,0.43935063,0.06896552,0.0705151
2323,0.9955316,False,Type 2 alveolar,Dendritic cells,0.12903225,0.13272677,0.3548387,0.34902307,0.16129032,0.16653253,0.3548387,0.35171762
1714,0.99552786,False,Type 2 alveolar,Fibroblasts,0.13333334,0.14227757,0.3,0.2953247,0.3,0.2973473,0.26666668,0.2650504
3781,0.99552643,False,Dendritic cells,Dendritic cells,0.2413793,0.24742275,0.20689656,0.19865602,0.2413793,0.24428295,0.31034482,0.30963826
4228,0.99551904,False,Luminal_Macrophages,Luminal_Macrophages,0.36666667,0.3744271,0.16666667,0.16151796,0.1,0.09618682,0.36666667,0.36786807
887,0.9955093,False,Fibroblasts,Dendritic cells,0.13333334,0.14231464,0.26666668,0.26482832,0.3,0.29635403,0.3,0.29650304
2605,0.9955047,False,Dendritic cells,Dendritic cells,0.2580645,0.26705512,0.06451613,0.060046338,0.32258064,0.32219678,0.3548387,0.35070175
4223,0.9955027,False,Fibroblasts,Fibroblasts,0.16666667,0.16550551,0.033333335,0.04145206,0.76666665,0.75883317,0.033333335,0.034209196
4519,0.9955026,False,Type 2 alveolar,Fibroblasts,0.16129032,0.16881032,0.3548387,0.3495946,0.3548387,0.35108793,0.12903225,0.13050711
1964,0.9955017,False,Dendritic cells,Dendritic cells,0.10344828,0.10824265,0.1724138,0.17484072,0.3448276,0.34660295,0.37931034,0.37031367
201,0.9955015,False,Dendritic cells,Dendritic cells,0.033333335,0.039904997,0.13333334,0.12732734,0.33333334,0.3357587,0.5,0.49700904
4491,0.9955001,False,Dendritic cells,Dendritic cells,0.26666668,0.27566642,0.1,0.0958877,0.23333333,0.23225093,0.4,0.3961949
994,0.99549466,False,Dendritic cells,Dendritic cells,0.2,0.20901066,0.26666668,0.26387158,0.2,0.19935578,0.33333334,0.32776198
4438,0.99549323,False,Fibroblasts,Fibroblasts,0.3,0.29463696,0.06666667,0.071261995,0.33333334,0.32968283,0.3,0.30441818
108,0.99549186,False,Type 2 alveolar,Type 2 alveolar,0.3,0.3084649,0.33333334,0.33388475,0.06666667,0.06316368,0.3,0.29448667
2176,0.9954918,False,Type 2 alveolar,Type 2 alveolar,0.3,0.2971832,0.36666667,0.36046708,0.033333335,0.042040046,0.3,0.30030966
3213,0.99548894,False,Luminal_Macrophages,Luminal_Macrophages,0.37931034,0.3839982,0.06896552,0.059943397,0.1724138,0.17471267,0.37931034,0.3813457
2755,0.99548733,False,Dendritic cells,Dendritic cells,0.06666667,0.07272891,0.26666668,0.26962975,0.16666667,0.16343722,0.5,0.49420413
599,0.99548495,False,Dendritic cells,Dendritic cells,0.27586207,0.27996808,0.2413793,0.23234926,0.1724138,0.17446591,0.31034482,0.31321675
3428,0.995481,False,Dendritic cells,Dendritic cells,0.27586207,0.2836501,0.06896552,0.06833583,0.2413793,0.2426293,0.41379312,0.40538478
3066,0.9954795,False,Luminal_Macrophages,Luminal_Macrophages,0.29032257,0.29936352,0.29032257,0.2857014,0.12903225,0.12593278,0.29032257,0.28900227
1926,0.9954783,False,Fibroblasts,Fibroblasts,0.13333334,0.13953584,0.16666667,0.16748358,0.5,0.49095657,0.2,0.202024
3219,0.9954772,False,Dendritic cells,Dendritic cells,0.1724138,0.18145938,0.27586207,0.27242112,0.2413793,0.23919804,0.31034482,0.30692145
1404,0.9954758,False,Fibroblasts,Fibroblasts,0.033333335,0.041906714,0.13333334,0.13087225,0.6333333,0.6267461,0.2,0.20047499
4761,0.99546486,False,Dendritic cells,Dendritic cells,0.31034482,0.30913746,0.06896552,0.06318767,0.20689656,0.20481148,0.41379312,0.42286336
4389,0.995461,False,Fibroblasts,Fibroblasts,0.1,0.109078005,0.1,0.09604086,0.6,0.5981745,0.2,0.19670664
3440,0.9954583,False,Luminal_Macrophages,Dendritic cells,0.37931034,0.37022698,0.1724138,0.1733792,0.06896552,0.07111749,0.37931034,0.38527635
1136,0.99545616,False,Luminal_Macrophages,Luminal_Macrophages,0.3,0.29566303,0.26666668,0.26787597,0.23333333,0.22858262,0.2,0.20787835
2684,0.995455,False,Type 2 alveolar,Type 2 alveolar,0.10344828,0.107660465,0.41379312,0.4047032,0.10344828,0.10374167,0.37931034,0.38389462
515,0.99545074,False,Type 2 alveolar,Fibroblasts,0.23333333,0.23314787,0.3,0.29282752,0.3,0.29825938,0.16666667,0.17576525
2025,0.99544525,False,Dendritic cells,Dendritic cells,0.29032257,0.28715584,0.29032257,0.28818062,0.032258064,0.041367583,0.38709676,0.383296
2282,0.995443,False,Luminal_Macrophages,Luminal_Macrophages,0.62068963,0.6212906,0.1724138,0.17893149,0.06896552,0.059851535,0.13793103,0.13992631
2143,0.9954427,False,Dendritic cells,Dendritic cells,0.06451613,0.06353853,0.29032257,0.29767618,0.19354838,0.19530945,0.4516129,0.44347587
4352,0.9954407,False,Type 2 alveolar,Type 2 alveolar,0.16666667,0.17578518,0.33333334,0.32610667,0.2,0.19831567,0.3,0.2997925
1031,0.99543995,False,Type 2 alveolar,Type 2 alveolar,0.13333334,0.13957798,0.6666667,0.66856736,0.13333334,0.13430814,0.06666667,0.0575466
3273,0.9954398,False,Type 2 alveolar,Type 2 alveolar,0.1,0.09406965,0.4,0.39681,0.36666667,0.36848992,0.13333334,0.14063044
4024,0.9954374,False,Fibroblasts,Fibroblasts,0.2,0.19742462,0.13333334,0.13312195,0.5,0.49366155,0.16666667,0.17579186
1774,0.99543405,False,Type 2 alveolar,Type 2 alveolar,0.3,0.2986183,0.36666667,0.36038026,0.06666667,0.06520285,0.26666668,0.27579856
618,0.9954317,False,Luminal_Macrophages,Type 2 alveolar,0.3,0.2936783,0.3,0.2973657,0.2,0.19981948,0.2,0.20913653
2846,0.99543,False,Fibroblasts,Fibroblasts,0.13333334,0.14171183,0.16666667,0.16404621,0.53333336,0.52681375,0.16666667,0.16742823
3437,0.9954269,False,Luminal_Macrophages,Luminal_Macrophages,0.33333334,0.32418713,0.3,0.30411902,0.3,0.30157995,0.06666667,0.070113875
811,0.9954256,False,Fibroblasts,Fibroblasts,0.4,0.4059322,0.06666667,0.0635602,0.5,0.49395764,0.033333335,0.03655003
1822,0.9954244,False,Dendritic cells,Dendritic cells,0.33333334,0.337791,0.2,0.19271374,0.033333335,0.03802697,0.43333334,0.43146837
203,0.99542105,False,Type 2 alveolar,Type 2 alveolar,0.3,0.30587506,0.33333334,0.32714868,0.1,0.09702679,0.26666668,0.26994944
3401,0.99541944,False,Luminal_Macrophages,Luminal_Macrophages,0.3,0.305732,0.3,0.29723814,0.1,0.09360069,0.3,0.30342913
1796,0.99541897,False,Luminal_Macrophages,Luminal_Macrophages,0.3,0.30651113,0.3,0.2954061,0.2,0.19543184,0.2,0.20265095
4207,0.9954145,False,Fibroblasts,Fibroblasts,0.1,0.09866605,0.33333334,0.3380864,0.43333334,0.42549628,0.13333334,0.13775125
2397,0.99541247,False,Type 2 alveolar,Type 2 alveolar,0.2413793,0.2383325,0.3448276,0.34103972,0.27586207,0.28503716,0.13793103,0.1355906
1120,0.99541205,False,Type 2 alveolar,Type 2 alveolar,0.2413793,0.24887669,0.3448276,0.33585405,0.10344828,0.10324599,0.31034482,0.3120233
77,0.9954108,False,Dendritic cells,Dendritic cells,0.16666667,0.1739267,0.16666667,0.16493881,0.23333333,0.23525165,0.43333334,0.4258828
864,0.99540496,False,Type 2 alveolar,Type 2 alveolar,0.32258064,0.32403857,0.3548387,0.35308528,0.19354838,0.20128047,0.12903225,0.12159562
2733,0.99540335,False,Type 2 alveolar,Type 2 alveolar,0.16129032,0.17048368,0.29032257,0.2882134,0.29032257,0.28655922,0.2580645,0.25474373
4800,0.9954018,False,Luminal_Macrophages,Dendritic cells,0.3,0.29615533,0.26666668,0.26131493,0.13333334,0.1334488,0.3,0.3090809
4122,0.99539846,False,Type 2 alveolar,Type 2 alveolar,0.22580644,0.23055618,0.32258064,0.3133776,0.16129032,0.16156533,0.29032257,0.2945009
1879,0.99539596,False,Luminal_Macrophages,Luminal_Macrophages,0.36666667,0.36664864,0.26666668,0.27472672,0.3,0.301148,0.06666667,0.057476614
823,0.995395,False,Luminal_Macrophages,Luminal_Macrophages,0.4,0.40819654,0.16666667,0.16768013,0.36666667,0.36603948,0.06666667,0.058083843
875,0.99539363,False,Luminal_Macrophages,Luminal_Macrophages,0.36666667,0.36291268,0.23333333,0.23302624,0.16666667,0.16151504,0.23333333,0.24254599
693,0.9953902,False,Dendritic cells,Dendritic cells,0.33333334,0.342553,0.13333334,0.13077377,0.16666667,0.16654754,0.36666667,0.3601257
1599,0.99538934,False,Dendritic cells,Dendritic cells,0.23333333,0.23588096,0.1,0.09420419,0.16666667,0.16324115,0.5,0.50667375
2490,0.9953824,False,Dendritic cells,Dendritic cells,0.1724138,0.17619555,0.1724138,0.1750405,0.27586207,0.27868876,0.37931034,0.37007526
844,0.99538153,False,Dendritic cells,Dendritic cells,0.09677419,0.09417154,0.41935483,0.41390902,0.032258064,0.041495044,0.4516129,0.45042443
2808,0.9953801,False,Luminal_Macrophages,Luminal_Macrophages,0.4,0.4000004,0.06666667,0.05965141,0.4,0.3977755,0.13333334,0.1425727
3512,0.9953794,False,Luminal_Macrophages,Luminal_Macrophages,0.48387095,0.48940453,0.12903225,0.12550884,0.22580644,0.22951409,0.16129032,0.15557253
1144,0.99537814,False,Dendritic cells,Dendritic cells,0.032258064,0.04150181,0.16129032,0.15487869,0.22580644,0.22435682,0.58064514,0.5792627
125,0.9953768,False,Type 2 alveolar,Type 2 alveolar,0.2413793,0.25062564,0.3448276,0.3426145,0.10344828,0.100447364,0.31034482,0.30631253
1680,0.99537563,False,Dendritic cells,Dendritic cells,0.22580644,0.2268036,0.2580645,0.24881579,0.22580644,0.22608432,0.29032257,0.29829627
3382,0.99537444,False,Luminal_Macrophages,Luminal_Macrophages,0.3448276,0.3540787,0.31034482,0.31025046,0.31034482,0.30238008,0.03448276,0.033290755
3020,0.99537086,False,Luminal_Macrophages,Luminal_Macrophages,0.3448276,0.33710697,0.10344828,0.10191065,0.2413793,0.2475682,0.31034482,0.3134141
3868,0.9953662,False,Dendritic cells,Dendritic cells,0.38709676,0.38666716,0.06451613,0.061272852,0.12903225,0.12343753,0.41935483,0.42862245
3116,0.9953643,False,Fibroblasts,Dendritic cells,0.20689656,0.207125,0.2413793,0.23928939,0.27586207,0.2686806,0.27586207,0.284905
3988,0.9953623,False,Type 2 alveolar,Type 2 alveolar,0.12903225,0.1266517,0.32258064,0.31568572,0.29032257,0.2909888,0.2580645,0.26667374
3250,0.9953563,False,Luminal_Macrophages,Luminal_Macrophages,0.32258064,0.32000637,0.12903225,0.12231921,0.2580645,0.2581759,0.29032257,0.29949853
2959,0.99535614,False,Dendritic cells,Dendritic cells,0.1,0.09758164,0.06666667,0.059797294,0.33333334,0.34110346,0.5,0.50151765
1402,0.9953528,False,Fibroblasts,Fibroblasts,0.13793103,0.1426155,0.31034482,0.31395403,0.41379312,0.40449867,0.13793103,0.13893174
1471,0.9953511,False,Type 2 alveolar,Dendritic cells,0.13333334,0.13928016,0.3,0.29674056,0.26666668,0.26062828,0.3,0.30335104
4444,0.99534464,False,Dendritic cells,Dendritic cells,0.06666667,0.0657859,0.26666668,0.27217358,0.23333333,0.23713712,0.43333334,0.42490336
215,0.99534297,False,Luminal_Macrophages,Dendritic cells,0.3,0.2944276,0.1,0.09652492,0.3,0.29973343,0.3,0.309314
1950,0.99534065,False,Luminal_Macrophages,Luminal_Macrophages,0.33333334,0.3319463,0.3,0.30225167,0.16666667,0.15873498,0.2,0.20706701
2411,0.99534,False,Dendritic cells,Dendritic cells,0.32258064,0.33190072,0.06451613,0.062211376,0.12903225,0.12403126,0.48387095,0.48185667
1668,0.9953388,False,Type 2 alveolar,Type 2 alveolar,0.26666668,0.27389106,0.33333334,0.3251353,0.23333333,0.23543128,0.16666667,0.16554236
4327,0.99533737,False,Fibroblasts,Fibroblasts,0.03448276,0.04290855,0.10344828,0.09822578,0.44827586,0.44417307,0.41379312,0.4146926
4635,0.9953373,False,Dendritic cells,Dendritic cells,0.3,0.30665404,0.13333334,0.12821472,0.23333333,0.23600468,0.33333334,0.32912657
4493,0.9953371,False,Fibroblasts,Fibroblasts,0.26666668,0.26728317,0.2,0.20768808,0.33333334,0.3240075,0.2,0.20102121
4629,0.9953305,False,Luminal_Macrophages,Luminal_Macrophages,0.29032257,0.2859076,0.22580644,0.22987849,0.2580645,0.25314048,0.22580644,0.23107345
3910,0.9953295,False,Dendritic cells,Dendritic cells,0.33333334,0.34225893,0.16666667,0.16151796,0.13333334,0.12914105,0.36666667,0.36708206
4396,0.9953278,False,Luminal_Macrophages,Luminal_Macrophages,0.3,0.29065555,0.26666668,0.26854664,0.26666668,0.27034783,0.16666667,0.17044999
4002,0.9953244,False,Dendritic cells,Dendritic cells,0.26666668,0.26969486,0.23333333,0.22447366,0.2,0.19950841,0.3,0.30632305
3408,0.99532306,False,Type 2 alveolar,Fibroblasts,0.13333334,0.1388037,0.36666667,0.35947084,0.36666667,0.36450863,0.13333334,0.13721684
1627,0.9953229,False,Fibroblasts,Fibroblasts,0.033333335,0.042687528,0.3,0.2951004,0.36666667,0.36304337,0.3,0.29916868
3326,0.9953225,False,Type 2 alveolar,Fibroblasts,0.2,0.2083953,0.33333334,0.32819358,0.33333334,0.3291181,0.13333334,0.134293
1654,0.99532175,False,Type 2 alveolar,Type 2 alveolar,0.33333334,0.3423679,0.43333334,0.4313355,0.16666667,0.16698857,0.06666667,0.059307966
37,0.9953214,False,Type 2 alveolar,Type 2 alveolar,0.2413793,0.24036044,0.3448276,0.33867314,0.13793103,0.1357472,0.27586207,0.28521922
842,0.9953132,False,Fibroblasts,Fibroblasts,0.2,0.20745979,0.26666668,0.26858038,0.3,0.29713446,0.23333333,0.22682537
311,0.9953091,False,Dendritic cells,Dendritic cells,0.16666667,0.17585246,0.16666667,0.162488,0.26666668,0.2668626,0.4,0.39479694
4759,0.99530464,False,Type 2 alveolar,Dendritic cells,0.09677419,0.10423234,0.32258064,0.31634128,0.2580645,0.25999707,0.32258064,0.31942934
2871,0.9953042,False,Type 2 alveolar,Type 2 alveolar,0.033333335,0.042030957,0.4,0.3998404,0.16666667,0.16736062,0.4,0.390768
3434,0.9953036,False,Luminal_Macrophages,Luminal_Macrophages,0.3548387,0.35369968,0.29032257,0.29671627,0.29032257,0.29332173,0.06451613,0.05626225
1249,0.9953033,False,Type 2 alveolar,Type 2 alveolar,0.22580644,0.22836882,0.32258064,0.31636724,0.2580645,0.25488454,0.19354838,0.20037943
2688,0.9952997,False,Type 2 alveolar,Type 2 alveolar,0.16666667,0.17606726,0.3,0.2967857,0.23333333,0.23171732,0.3,0.29542977
1359,0.9952983,False,Luminal_Macrophages,Luminal_Macrophages,0.32258064,0.31822988,0.2580645,0.26606694,0.2580645,0.2594655,0.16129032,0.15623769
2580,0.99529743,False,Luminal_Macrophages,Luminal_Macrophages,0.41935483,0.4160061,0.06451613,0.05845975,0.3548387,0.35869947,0.16129032,0.1668347
2254,0.9952965,False,Dendritic cells,Dendritic cells,0.36666667,0.36261564,0.033333335,0.029062958,0.033333335,0.032247722,0.56666666,0.57607365
3447,0.99529594,False,Luminal_Macrophages,Dendritic cells,0.27586207,0.27162212,0.2413793,0.23621118,0.20689656,0.20973484,0.27586207,0.28243187
4425,0.99529594,False,Dendritic cells,Dendritic cells,0.23333333,0.24274147,0.23333333,0.23171633,0.13333334,0.12623207,0.4,0.3993102
2589,0.99529564,False,Type 2 alveolar,Type 2 alveolar,0.3,0.30250078,0.36666667,0.35984245,0.1,0.09741556,0.23333333,0.24024124
1073,0.99529123,False,Type 2 alveolar,Type 2 alveolar,0.13333334,0.13630614,0.33333334,0.32943857,0.33333334,0.32781053,0.2,0.20644478
3327,0.99528766,False,Fibroblasts,Fibroblasts,0.26666668,0.2742767,0.16666667,0.16724461,0.33333334,0.32390866,0.23333333,0.23457001
4718,0.99528635,False,Luminal_Macrophages,Luminal_Macrophages,0.38709676,0.38461307,0.2580645,0.26608792,0.29032257,0.2917265,0.06451613,0.05757248
3532,0.99528456,False,Luminal_Macrophages,Luminal_Macrophages,0.3548387,0.3598853,0.032258064,0.03647085,0.29032257,0.29049414,0.32258064,0.31314972
3204,0.9952831,False,Luminal_Macrophages,Luminal_Macrophages,0.4,0.39407513,0.06666667,0.06315786,0.3,0.30113646,0.23333333,0.2416306
1971,0.99527943,False,Fibroblasts,Dendritic cells,0.13793103,0.14233503,0.2413793,0.23995104,0.31034482,0.30233198,0.31034482,0.3153819
2896,0.9952782,False,Luminal_Macrophages,Luminal_Macrophages,0.46666667,0.47080195,0.2,0.19470315,0.033333335,0.03864161,0.3,0.29585323
4966,0.9952776,False,Type 2 alveolar,Type 2 alveolar,0.33333334,0.32956645,0.4,0.39432207,0.23333333,0.23887816,0.033333335,0.03723334
4059,0.9952766,False,Dendritic cells,Dendritic cells,0.22580644,0.2352534,0.22580644,0.2219851,0.2580645,0.25344232,0.29032257,0.28931922
293,0.99527144,False,Type 2 alveolar,Fibroblasts,0.06666667,0.068526015,0.4,0.39054283,0.4,0.40547308,0.13333334,0.13545804
4108,0.9952702,False,Type 2 alveolar,Dendritic cells,0.29032257,0.28471065,0.32258064,0.32005918,0.06451613,0.06318991,0.32258064,0.33204022
1907,0.99526584,False,Luminal_Macrophages,Luminal_Macrophages,0.26666668,0.27178407,0.2,0.1963492,0.26666668,0.26084918,0.26666668,0.27101752
2696,0.99526554,False,Type 2 alveolar,Type 2 alveolar,0.3,0.3072031,0.33333334,0.32466075,0.06666667,0.06587029,0.3,0.30226582
4778,0.99526286,False,Luminal_Macrophages,Luminal_Macrophages,0.4,0.39507023,0.33333334,0.33561313,0.13333334,0.12878889,0.13333334,0.14052783
352,0.9952628,False,Luminal_Macrophages,Luminal_Macrophages,0.43333334,0.43356407,0.43333334,0.42385894,0.1,0.10083467,0.033333335,0.041742247
4033,0.995257,False,Luminal_Macrophages,Luminal_Macrophages,0.33333334,0.34281927,0.33333334,0.33067802,0.2,0.19822586,0.13333334,0.12827685
1363,0.99525505,False,Fibroblasts,Fibroblasts,0.06666667,0.06256355,0.13333334,0.13598828,0.6333333,0.64016825,0.16666667,0.16127995
3314,0.9952543,False,Luminal_Macrophages,Luminal_Macrophages,0.33333334,0.3424909,0.33333334,0.33133084,0.23333333,0.23366717,0.1,0.09251106
2955,0.99525404,False,Type 2 alveolar,Type 2 alveolar,0.13333334,0.14147623,0.33333334,0.32701463,0.23333333,0.23016004,0.3,0.30134907
2139,0.9952534,False,Type 2 alveolar,Type 2 alveolar,0.3,0.30548704,0.36666667,0.35717338,0.06666667,0.07008839,0.26666668,0.26725116
101,0.9952532,False,Dendritic cells,Dendritic cells,0.10344828,0.10449077,0.37931034,0.3877614,0.10344828,0.10140583,0.41379312,0.406342
11,0.99524975,False,Luminal_Macrophages,Dendritic cells,0.32258064,0.3135449,0.2580645,0.25759977,0.09677419,0.097979754,0.32258064,0.33087555
3687,0.99524647,False,Fibroblasts,Fibroblasts,0.06666667,0.07062424,0.23333333,0.23159093,0.36666667,0.35890195,0.33333334,0.33888283
1378,0.99524605,False,Luminal_Macrophages,Luminal_Macrophages,0.3548387,0.3526328,0.2580645,0.26437443,0.3548387,0.34753668,0.032258064,0.035456095
4545,0.99524593,False,Type 2 alveolar,Type 2 alveolar,0.2,0.20759527,0.33333334,0.32382515,0.26666668,0.2681617,0.2,0.20041785
1013,0.9952406,False,Type 2 alveolar,Type 2 alveolar,0.29032257,0.29729536,0.38709676,0.377578,0.2580645,0.2582755,0.06451613,0.06685108
4321,0.9952379,False,Type 2 alveolar,Type 2 alveolar,0.2413793,0.23990457,0.3448276,0.33752275,0.1724138,0.1716692,0.2413793,0.2509035
2092,0.9952374,False,Luminal_Macrophages,Luminal_Macrophages,0.58064514,0.58933157,0.09677419,0.09432954,0.22580644,0.22664514,0.09677419,0.08969371
270,0.9952363,False,Luminal_Macrophages,Luminal_Macrophages,0.43333334,0.4390402,0.16666667,0.16404146,0.033333335,0.037153944,0.36666667,0.35976446
2653,0.9952324,False,Dendritic cells,Dendritic cells,0.16666667,0.15801589,0.23333333,0.23244895,0.033333335,0.03770098,0.56666666,0.57183415
2567,0.99522454,False,Dendritic cells,Dendritic cells,0.23333333,0.22431147,0.23333333,0.23714353,0.23333333,0.23280425,0.3,0.3057408
717,0.9952239,False,Fibroblasts,Fibroblasts,0.19354838,0.19852023,0.06451613,0.058728855,0.61290324,0.6174837,0.12903225,0.12526728
955,0.99521995,False,Type 2 alveolar,Type 2 alveolar,0.3548387,0.35051888,0.38709676,0.38185647,0.19354838,0.20254445,0.06451613,0.06508013
4075,0.99521846,False,Luminal_Macrophages,Luminal_Macrophages,0.43333334,0.4249413,0.26666668,0.27441585,0.16666667,0.16549557,0.13333334,0.1351473
3491,0.9952143,False,Luminal_Macrophages,Luminal_Macrophages,0.36666667,0.36105332,0.3,0.30571973,0.13333334,0.12937528,0.2,0.20385164
4261,0.9952137,False,Luminal_Macrophages,Luminal_Macrophages,0.29032257,0.28930268,0.2580645,0.2548951,0.22580644,0.22042312,0.22580644,0.2353791
4256,0.9952116,False,Dendritic cells,Dendritic cells,0.16666667,0.17624338,0.13333334,0.1291926,0.33333334,0.33218706,0.36666667,0.3623769
3785,0.99521095,False,Fibroblasts,Fibroblasts,0.3,0.30552918,0.033333335,0.03738222,0.33333334,0.3293648,0.33333334,0.3277238
209,0.99520236,False,Dendritic cells,Dendritic cells,0.19354838,0.20314373,0.19354838,0.19079472,0.29032257,0.28737995,0.32258064,0.31868163
120,0.9952023,False,Dendritic cells,Dendritic cells,0.23333333,0.24120666,0.2,0.20172206,0.2,0.19612679,0.36666667,0.36094448
1625,0.9952011,False,Luminal_Macrophages,Fibroblasts,0.36666667,0.35706896,0.2,0.20557038,0.36666667,0.36696535,0.06666667,0.070395336
4557,0.9951994,False,Luminal_Macrophages,Luminal_Macrophages,0.4827586,0.48898408,0.1724138,0.16773853,0.2413793,0.2447551,0.10344828,0.09852228
4172,0.99519885,False,Fibroblasts,Fibroblasts,0.37931034,0.38876918,0.10344828,0.103591695,0.44827586,0.44534162,0.06896552,0.062297486
2942,0.9951988,False,Dendritic cells,Dendritic cells,0.06896552,0.05999708,0.31034482,0.3196816,0.27586207,0.27522805,0.3448276,0.3450933
4226,0.9951967,False,Luminal_Macrophages,Luminal_Macrophages,0.33333334,0.33451915,0.3,0.3084208,0.16666667,0.16357163,0.2,0.19348834
4463,0.99518913,False,Luminal_Macrophages,Luminal_Macrophages,0.38709676,0.3822496,0.22580644,0.22103193,0.19354838,0.19377682,0.19354838,0.20294169
3728,0.9951866,False,Luminal_Macrophages,Luminal_Macrophages,0.33333334,0.337957,0.1,0.09037318,0.26666668,0.2683319,0.3,0.30333793
798,0.9951849,False,Luminal_Macrophages,Luminal_Macrophages,0.3548387,0.3580081,0.09677419,0.08813042,0.22580644,0.23226728,0.32258064,0.32159418
1786,0.995184,False,Luminal_Macrophages,Luminal_Macrophages,0.33333334,0.33099613,0.13333334,0.13829087,0.2,0.2046745,0.33333334,0.32603854
4000,0.9951828,False,Dendritic cells,Dendritic cells,0.31034482,0.31194878,0.03448276,0.042513177,0.31034482,0.30727628,0.3448276,0.33826172
4137,0.9951827,False,Fibroblasts,Fibroblasts,0.032258064,0.041892707,0.3548387,0.3522604,0.48387095,0.47937378,0.12903225,0.12647314
1526,0.99518216,False,Luminal_Macrophages,Luminal_Macrophages,0.5,0.50544685,0.06666667,0.06177723,0.33333334,0.33752218,0.1,0.09525374
2663,0.99518156,False,Fibroblasts,Fibroblasts,0.23333333,0.23926803,0.23333333,0.2370355,0.3,0.2920874,0.23333333,0.23160906
1777,0.9951809,False,Dendritic cells,Dendritic cells,0.06666667,0.06448052,0.23333333,0.23725331,0.33333334,0.33905154,0.36666667,0.35921463
457,0.9951791,False,Dendritic cells,Dendritic cells,0.26666668,0.27630842,0.26666668,0.26367757,0.13333334,0.13173486,0.33333334,0.32827914
731,0.9951781,False,Type 2 alveolar,Type 2 alveolar,0.16666667,0.17631046,0.36666667,0.36567515,0.1,0.09851059,0.36666667,0.35950375
2641,0.99517757,False,Luminal_Macrophages,Luminal_Macrophages,0.36666667,0.36055464,0.2,0.20263413,0.3,0.30701077,0.13333334,0.12980053
223,0.99517334,False,Fibroblasts,Dendritic cells,0.16129032,0.16928406,0.19354838,0.19520797,0.32258064,0.31596664,0.32258064,0.31954128
440,0.9951732,False,Luminal_Macrophages,Luminal_Macrophages,0.6,0.59922415,0.23333333,0.23360172,0.13333334,0.12445566,0.033333335,0.04271854
1161,0.9951693,False,Dendritic cells,Dendritic cells,0.3,0.3086435,0.3,0.29482082,0.06666667,0.067684665,0.33333334,0.32885104
902,0.9951663,False,Fibroblasts,Fibroblasts,0.06666667,0.07434126,0.33333334,0.32766843,0.36666667,0.3626641,0.23333333,0.23532614
2769,0.99516106,False,Fibroblasts,Fibroblasts,0.16666667,0.17634451,0.33333334,0.3301823,0.4,0.39662126,0.1,0.09685195
845,0.99515885,False,Luminal_Macrophages,Luminal_Macrophages,0.516129,0.52292544,0.032258064,0.03514399,0.06451613,0.05813651,0.38709676,0.38379407
2226,0.9951586,False,Luminal_Macrophages,Luminal_Macrophages,0.6,0.5980423,0.16666667,0.17190449,0.13333334,0.12560824,0.1,0.10444493
237,0.995156,False,Luminal_Macrophages,Luminal_Macrophages,0.46666667,0.47167543,0.46666667,0.45697865,0.033333335,0.037307102,0.033333335,0.034038853
2963,0.9951552,False,Fibroblasts,Fibroblasts,0.033333335,0.0430229,0.33333334,0.33267304,0.53333336,0.52751714,0.1,0.09678691
2295,0.9951544,False,Type 2 alveolar,Type 2 alveolar,0.23333333,0.24236006,0.3,0.30066454,0.26666668,0.26310873,0.2,0.1938667
2887,0.99515194,False,Type 2 alveolar,Type 2 alveolar,0.033333335,0.042793844,0.46666667,0.45966,0.13333334,0.13356899,0.36666667,0.36397716
1505,0.99514645,False,Dendritic cells,Dendritic cells,0.36666667,0.37216115,0.033333335,0.037545893,0.1,0.092695415,0.5,0.49759755
4018,0.9951464,False,Fibroblasts,Fibroblasts,0.1,0.108215205,0.33333334,0.33201894,0.36666667,0.35827383,0.2,0.20149197
2575,0.9951462,False,Dendritic cells,Dendritic cells,0.033333335,0.043040846,0.36666667,0.36249077,0.16666667,0.16124617,0.43333334,0.43322214
1068,0.99514604,False,Fibroblasts,Fibroblasts,0.13333334,0.14278057,0.3,0.29688877,0.33333334,0.32673666,0.23333333,0.23359405
525,0.9951432,False,Luminal_Macrophages,Type 2 alveolar,0.33333334,0.33257893,0.33333334,0.33836275,0.13333334,0.12437416,0.2,0.20468418
2451,0.99513966,False,Luminal_Macrophages,Luminal_Macrophages,0.43333334,0.42897606,0.33333334,0.3337023,0.16666667,0.17601842,0.06666667,0.061303288
3920,0.995138,False,Dendritic cells,Dendritic cells,0.23333333,0.23540264,0.23333333,0.24098805,0.23333333,0.23215638,0.3,0.2914529
1613,0.995136,False,Luminal_Macrophages,Luminal_Macrophages,0.36666667,0.37081715,0.33333334,0.33512622,0.16666667,0.17045124,0.13333334,0.1236053
3233,0.99513537,False,Fibroblasts,Fibroblasts,0.26666668,0.26990452,0.3,0.3012067,0.33333334,0.32360405,0.1,0.10528468
344,0.9951352,False,Dendritic cells,Dendritic cells,0.16666667,0.17028055,0.13333334,0.12606736,0.33333334,0.33944908,0.36666667,0.364203
427,0.99513435,False,Luminal_Macrophages,Luminal_Macrophages,0.4,0.40973124,0.06666667,0.06271569,0.4,0.39569208,0.13333334,0.13186097
839,0.9951339,False,Fibroblasts,Fibroblasts,0.2,0.19451527,0.26666668,0.27376294,0.3,0.2957525,0.23333333,0.23596935
2249,0.9951311,False,Luminal_Macrophages,Luminal_Macrophages,0.33333334,0.32907647,0.3,0.29594478,0.06666667,0.06524089,0.3,0.30973783
982,0.9951302,False,Type 2 alveolar,Type 2 alveolar,0.16666667,0.17168634,0.4,0.3924871,0.36666667,0.36443993,0.06666667,0.07138657
2826,0.99512905,False,Luminal_Macrophages,Luminal_Macrophages,0.6,0.6097419,0.26666668,0.26310223,0.1,0.09573992,0.033333335,0.031415917
4271,0.99512184,False,Luminal_Macrophages,Luminal_Macrophages,0.32258064,0.33184302,0.32258064,0.31418395,0.2580645,0.25670496,0.09677419,0.09726814
358,0.99512166,False,Type 2 alveolar,Type 2 alveolar,0.1,0.0918305,0.4,0.40171814,0.13333334,0.13174619,0.36666667,0.37470517
309,0.9951212,False,Type 2 alveolar,Type 2 alveolar,0.36666667,0.37483084,0.43333334,0.43492675,0.06666667,0.06624813,0.13333334,0.123994224
885,0.9951191,False,Dendritic cells,Dendritic cells,0.26666668,0.27334586,0.16666667,0.16974932,0.2,0.19940326,0.36666667,0.35750154
2531,0.9951184,False,Fibroblasts,Fibroblasts,0.22580644,0.2277789,0.22580644,0.23009744,0.29032257,0.2805594,0.2580645,0.26156428
1795,0.99511087,False,Dendritic cells,Dendritic cells,0.23333333,0.24311155,0.16666667,0.16249193,0.26666668,0.2634615,0.33333334,0.330935
4174,0.99511033,False,Luminal_Macrophages,Luminal_Macrophages,0.37931034,0.37329036,0.2413793,0.24702594,0.2413793,0.24551196,0.13793103,0.13417174
1873,0.9951023,False,Luminal_Macrophages,Luminal_Macrophages,0.3,0.2902046,0.26666668,0.2718132,0.16666667,0.16889338,0.26666668,0.26908877
4197,0.9950981,False,Fibroblasts,Fibroblasts,0.13333334,0.13884903,0.36666667,0.3702788,0.46666667,0.45686293,0.033333335,0.0340092
1121,0.9950979,False,Type 2 alveolar,Type 2 alveolar,0.09677419,0.09099035,0.41935483,0.41545442,0.38709676,0.396901,0.09677419,0.09665419
4865,0.99509585,False,Luminal_Macrophages,Luminal_Macrophages,0.33333334,0.33329242,0.16666667,0.17647494,0.16666667,0.16047056,0.33333334,0.329762
4749,0.9950932,False,Luminal_Macrophages,Dendritic cells,0.26666668,0.2631944,0.2,0.19899331,0.26666668,0.26133212,0.26666668,0.27648014
2230,0.9950885,False,Luminal_Macrophages,Luminal_Macrophages,0.33333334,0.33607802,0.16666667,0.15975654,0.2,0.1970871,0.3,0.30707833
2425,0.99508786,False,Type 2 alveolar,Type 2 alveolar,0.22580644,0.22974607,0.29032257,0.28596765,0.22580644,0.22033717,0.2580645,0.26394913
4772,0.9950876,False,Luminal_Macrophages,Luminal_Macrophages,0.36666667,0.36106676,0.33333334,0.32910854,0.26666668,0.2707257,0.033333335,0.03909901
29,0.9950876,False,Fibroblasts,Fibroblasts,0.32258064,0.33240542,0.09677419,0.091541246,0.3548387,0.35085955,0.22580644,0.22519381
1537,0.995087,False,Dendritic cells,Dendritic cells,0.1,0.0965109,0.13333334,0.13162117,0.33333334,0.34315926,0.43333334,0.42870864
3555,0.99508154,False,Luminal_Macrophages,Luminal_Macrophages,0.32258064,0.32027945,0.19354838,0.20219366,0.19354838,0.18601266,0.29032257,0.29151422
4306,0.9950766,False,Fibroblasts,Fibroblasts,0.2,0.20767747,0.23333333,0.22929402,0.3,0.2941925,0.26666668,0.268836
2114,0.99507624,False,Dendritic cells,Dendritic cells,0.26666668,0.27151588,0.2,0.19255461,0.23333333,0.23093122,0.3,0.30499825
682,0.9950714,False,Dendritic cells,Dendritic cells,0.16666667,0.17468317,0.26666668,0.2685074,0.23333333,0.2328364,0.33333334,0.32397303
453,0.9950678,False,Luminal_Macrophages,Luminal_Macrophages,0.33333334,0.33701858,0.06666667,0.06672082,0.26666668,0.27279174,0.33333334,0.3234688
927,0.99506134,False,Dendritic cells,Dendritic cells,0.23333333,0.24321061,0.13333334,0.12821554,0.3,0.29999274,0.33333334,0.3285811
753,0.99506086,False,Type 2 alveolar,Type 2 alveolar,0.26666668,0.27199227,0.3,0.29625684,0.16666667,0.16053149,0.26666668,0.27121937
3564,0.9950544,False,Dendritic cells,Dendritic cells,0.13333334,0.13307774,0.2,0.20583944,0.3,0.30405173,0.36666667,0.35703108
356,0.99505174,False,Luminal_Macrophages,Luminal_Macrophages,0.26666668,0.27315947,0.23333333,0.23310743,0.23333333,0.22366273,0.26666668,0.2700704
4422,0.99504983,False,Luminal_Macrophages,Luminal_Macrophages,0.46666667,0.47349522,0.06666667,0.056766294,0.33333334,0.33412814,0.13333334,0.13561039
4025,0.99504685,False,Dendritic cells,Dendritic cells,0.3,0.30724275,0.16666667,0.16933025,0.13333334,0.12563266,0.4,0.39779434
1878,0.99504447,False,Luminal_Macrophages,Luminal_Macrophages,0.4,0.39500853,0.23333333,0.23977903,0.23333333,0.23679873,0.13333334,0.12841375
1180,0.99504435,False,Luminal_Macrophages,Luminal_Macrophages,0.32258064,0.3202339,0.12903225,0.122944176,0.2580645,0.256588,0.29032257,0.30023384
970,0.9950435,False,Type 2 alveolar,Type 2 alveolar,0.06666667,0.059157003,0.46666667,0.46865198,0.4,0.4079277,0.06666667,0.064263344
2721,0.9950431,False,Dendritic cells,Dendritic cells,0.06666667,0.05849533,0.26666668,0.27302337,0.3,0.3035571,0.36666667,0.36492422
2428,0.9950426,False,Luminal_Macrophages,Luminal_Macrophages,0.26666668,0.2741,0.26666668,0.26914814,0.26666668,0.26289314,0.2,0.19385873
4014,0.9950402,False,Luminal_Macrophages,Luminal_Macrophages,0.32258064,0.32116574,0.29032257,0.28336158,0.09677419,0.095230445,0.29032257,0.30024222
2172,0.9950393,False,Dendritic cells,Dendritic cells,0.33333334,0.33998913,0.16666667,0.15865347,0.033333335,0.036598973,0.46666667,0.4647585
4218,0.9950373,False,Fibroblasts,Fibroblasts,0.23333333,0.23844993,0.3,0.30274937,0.36666667,0.35674134,0.1,0.10205933
1487,0.99503624,False,Fibroblasts,Fibroblasts,0.26666668,0.27005845,0.2,0.19757484,0.33333334,0.32583106,0.2,0.20653573
1051,0.9950354,False,Type 2 alveolar,Type 2 alveolar,0.32258064,0.3281259,0.38709676,0.37716764,0.19354838,0.193589,0.09677419,0.101117484
3942,0.9950306,False,Luminal_Macrophages,Luminal_Macrophages,0.33333334,0.3233945,0.3,0.30673322,0.23333333,0.23588835,0.13333334,0.13398392
4350,0.9950267,False,Luminal_Macrophages,Type 2 alveolar,0.33333334,0.32627285,0.33333334,0.33044723,0.06666667,0.068250954,0.26666668,0.27502894
4323,0.99502605,False,Luminal_Macrophages,Luminal_Macrophages,0.3,0.29079866,0.16666667,0.16592012,0.26666668,0.26746717,0.26666668,0.27581403
4199,0.9950253,False,Dendritic cells,Dendritic cells,0.3,0.29169494,0.1,0.10022202,0.23333333,0.24306071,0.36666667,0.3650223
4130,0.9950229,False,Dendritic cells,Dendritic cells,0.06666667,0.06986197,0.3,0.29084924,0.3,0.30675897,0.33333334,0.33252984
395,0.9950151,False,Type 2 alveolar,Type 2 alveolar,0.23333333,0.23301667,0.3,0.3020735,0.3,0.29034683,0.16666667,0.174563
1556,0.9950121,False,Luminal_Macrophages,Luminal_Macrophages,0.33333334,0.3398889,0.1,0.09550157,0.23333333,0.23675364,0.33333334,0.32785594
2611,0.9950121,False,Type 2 alveolar,Fibroblasts,0.26666668,0.26258412,0.3,0.29692882,0.3,0.2971779,0.13333334,0.1433091
3296,0.99500996,False,Fibroblasts,Dendritic cells,0.27586207,0.2755696,0.10344828,0.09599565,0.31034482,0.30810982,0.31034482,0.32032493
4190,0.9950057,False,Type 2 alveolar,Type 2 alveolar,0.03448276,0.040017743,0.7586207,0.76307416,0.10344828,0.098444454,0.10344828,0.098463595
4531,0.9950016,False,Dendritic cells,Dendritic cells,0.2413793,0.24629086,0.03448276,0.039567903,0.3448276,0.34242553,0.37931034,0.37171564
1507,0.9949995,False,Luminal_Macrophages,Luminal_Macrophages,0.56666666,0.5709552,0.3,0.29971698,0.033333335,0.039045718,0.1,0.09028209
3621,0.9949961,False,Luminal_Macrophages,Fibroblasts,0.33333334,0.328591,0.23333333,0.24334118,0.33333334,0.32951882,0.1,0.09854898
322,0.99499536,False,Type 2 alveolar,Type 2 alveolar,0.23333333,0.2318545,0.3,0.29420304,0.23333333,0.2305998,0.23333333,0.24334267
2083,0.99499285,False,Fibroblasts,Fibroblasts,0.13793103,0.14074244,0.27586207,0.27519724,0.3448276,0.3354782,0.2413793,0.24858214
3259,0.99499166,False,Fibroblasts,Fibroblasts,0.22580644,0.23168221,0.2580645,0.26220548,0.29032257,0.28349963,0.22580644,0.22261266
2042,0.9949867,False,Luminal_Macrophages,Type 2 alveolar,0.29032257,0.2939038,0.29032257,0.29676792,0.29032257,0.2831887,0.12903225,0.12613955
134,0.9949818,False,Type 2 alveolar,Type 2 alveolar,0.27586207,0.28220314,0.31034482,0.30030844,0.13793103,0.13965434,0.27586207,0.2778341
3305,0.9949815,False,Luminal_Macrophages,Luminal_Macrophages,0.4,0.39374462,0.06666667,0.06288505,0.3,0.30039272,0.23333333,0.24297763
2738,0.99497783,False,Dendritic cells,Dendritic cells,0.23333333,0.2433326,0.2,0.19214526,0.2,0.20004503,0.36666667,0.36447713
3291,0.9949773,False,Type 2 alveolar,Dendritic cells,0.2,0.20961025,0.36666667,0.35980216,0.06666667,0.06710181,0.36666667,0.36348572
2638,0.9949738,False,Fibroblasts,Dendritic cells,0.1,0.106837615,0.1,0.096528605,0.4,0.3934189,0.4,0.40321478
574,0.9949731,False,Luminal_Macrophages,Dendritic cells,0.36666667,0.36042145,0.2,0.19619144,0.06666667,0.06813196,0.36666667,0.37525514
1050,0.99497145,False,Luminal_Macrophages,Dendritic cells,0.33333334,0.32640028,0.3,0.30353427,0.033333335,0.03985613,0.33333334,0.33020934
4510,0.9949689,False,Type 2 alveolar,Type 2 alveolar,0.23333333,0.2275992,0.33333334,0.3290053,0.3,0.3012291,0.13333334,0.14216645
963,0.99496615,False,Fibroblasts,Fibroblasts,0.13333334,0.14333834,0.2,0.19626376,0.33333334,0.33339602,0.33333334,0.32700187
164,0.99496233,False,Luminal_Macrophages,Luminal_Macrophages,0.32258064,0.3133944,0.2580645,0.25908458,0.12903225,0.12814316,0.29032257,0.29937786
238,0.9949623,False,Type 2 alveolar,Type 2 alveolar,0.26666668,0.27520624,0.33333334,0.32952395,0.1,0.09373389,0.3,0.30153596
1283,0.99496114,False,Luminal_Macrophages,Luminal_Macrophages,0.36666667,0.356589,0.033333335,0.03464609,0.3,0.3040946,0.3,0.30467033
1848,0.99496067,False,Type 2 alveolar,Type 2 alveolar,0.2580645,0.25504765,0.3548387,0.35240263,0.16129032,0.15666455,0.22580644,0.23588513
81,0.99495757,False,Type 2 alveolar,Type 2 alveolar,0.3,0.30156076,0.33333334,0.33123466,0.033333335,0.041857492,0.33333334,0.3253471
3266,0.9949573,False,Luminal_Macrophages,Luminal_Macrophages,0.4,0.40090483,0.16666667,0.17584713,0.4,0.3949383,0.033333335,0.02830973
3350,0.994957,False,Luminal_Macrophages,Luminal_Macrophages,0.33333334,0.3337635,0.2,0.19714881,0.2,0.19276513,0.26666668,0.27632248
4148,0.99495363,False,Luminal_Macrophages,Luminal_Macrophages,0.56666666,0.5767594,0.33333334,0.3313459,0.06666667,0.059854113,0.033333335,0.032040562
4445,0.9949501,False,Fibroblasts,Fibroblasts,0.16666667,0.17316686,0.3,0.30158338,0.4,0.3899002,0.13333334,0.13534954
1092,0.99494904,False,Luminal_Macrophages,Luminal_Macrophages,0.43333334,0.42985252,0.3,0.29337892,0.033333335,0.039275,0.23333333,0.23749365
2239,0.9949402,False,Fibroblasts,Fibroblasts,0.23333333,0.23848909,0.23333333,0.23829712,0.3,0.2934977,0.23333333,0.22971606
877,0.99493873,False,Dendritic cells,Dendritic cells,0.2580645,0.2638193,0.12903225,0.12834889,0.22580644,0.23017418,0.38709676,0.37765768
3632,0.9949383,False,Fibroblasts,Fibroblasts,0.1,0.109331526,0.13333334,0.12602773,0.73333335,0.73412514,0.033333335,0.030515581
1916,0.9949381,False,Luminal_Macrophages,Luminal_Macrophages,0.46666667,0.4746026,0.033333335,0.03552125,0.06666667,0.059113707,0.43333334,0.43076244
630,0.9949355,False,Dendritic cells,Dendritic cells,0.26666668,0.27137432,0.2,0.19542663,0.23333333,0.22777769,0.3,0.30542132
536,0.9949351,False,Luminal_Macrophages,Luminal_Macrophages,0.33333334,0.32402635,0.3,0.30778527,0.23333333,0.23567782,0.13333334,0.13251051
4677,0.9949342,False,Luminal_Macrophages,Dendritic cells,0.3548387,0.34646273,0.2580645,0.26580057,0.032258064,0.034653615,0.3548387,0.3530831
2395,0.99492687,False,Dendritic cells,Dendritic cells,0.09677419,0.09752683,0.22580644,0.2322694,0.22580644,0.22873715,0.4516129,0.44146666
2765,0.99492496,False,Dendritic cells,Dendritic cells,0.33333334,0.3434834,0.13333334,0.1310184,0.1,0.09865177,0.43333334,0.42684644
4972,0.99492496,False,Luminal_Macrophages,Dendritic cells,0.36666667,0.36303234,0.23333333,0.22681758,0.033333335,0.039385457,0.36666667,0.3707646
3026,0.9949249,False,Luminal_Macrophages,Luminal_Macrophages,0.6333333,0.6371011,0.06666667,0.06317044,0.26666668,0.26001272,0.033333335,0.039715666
2391,0.9949213,False,Luminal_Macrophages,Luminal_Macrophages,0.3448276,0.3505691,0.3448276,0.34160736,0.2413793,0.24579515,0.06896552,0.062028416
2365,0.9949213,False,Type 2 alveolar,Type 2 alveolar,0.1,0.09912833,0.4,0.39071432,0.13333334,0.14196534,0.36666667,0.36819202
2717,0.99491966,False,Luminal_Macrophages,Luminal_Macrophages,0.32258064,0.3146843,0.16129032,0.16320859,0.29032257,0.28805822,0.22580644,0.2340489
350,0.9949189,False,Luminal_Macrophages,Dendritic cells,0.26666668,0.2641664,0.2,0.1992122,0.26666668,0.25979254,0.26666668,0.27682883
2142,0.9949161,False,Luminal_Macrophages,Luminal_Macrophages,0.51724136,0.51725924,0.31034482,0.32023427,0.06896552,0.06922607,0.10344828,0.093280464
1798,0.994916,False,Luminal_Macrophages,Luminal_Macrophages,0.46666667,0.47318336,0.36666667,0.36646032,0.033333335,0.03698467,0.13333334,0.123371705
3741,0.994915,False,Luminal_Macrophages,Luminal_Macrophages,0.36666667,0.36163554,0.1,0.096224114,0.26666668,0.26530376,0.26666668,0.27683663
2952,0.99490494,False,Type 2 alveolar,Type 2 alveolar,0.033333335,0.033530556,0.4,0.3898099,0.2,0.2081402,0.36666667,0.36851934
1015,0.9949041,False,Type 2 alveolar,Dendritic cells,0.03448276,0.04467458,0.41379312,0.40842444,0.13793103,0.13352714,0.41379312,0.4133738
2654,0.9948969,False,Luminal_Macrophages,Luminal_Macrophages,0.41935483,0.42630488,0.032258064,0.03551431,0.41935483,0.4093658,0.12903225,0.12881505
820,0.99488854,False,Luminal_Macrophages,Luminal_Macrophages,0.3,0.3050595,0.16666667,0.17182998,0.3,0.2949829,0.23333333,0.22812752
4980,0.99488527,False,Type 2 alveolar,Fibroblasts,0.10344828,0.10572172,0.3448276,0.33498788,0.3448276,0.3444378,0.20689656,0.21485256
2655,0.99488306,False,Fibroblasts,Fibroblasts,0.06666667,0.07261786,0.3,0.3031553,0.33333334,0.3230995,0.3,0.30112734
4312,0.9948819,False,Dendritic cells,Dendritic cells,0.26666668,0.27690277,0.26666668,0.2652373,0.16666667,0.1609921,0.3,0.29686785
817,0.99488175,False,Type 2 alveolar,Type 2 alveolar,0.23333333,0.23306388,0.3,0.29753894,0.23333333,0.22582734,0.23333333,0.24356991
3571,0.99488014,False,Type 2 alveolar,Type 2 alveolar,0.26666668,0.26951388,0.36666667,0.3564303,0.26666668,0.26666334,0.1,0.10739253
1284,0.9948794,False,Type 2 alveolar,Type 2 alveolar,0.10344828,0.099196985,0.31034482,0.320586,0.27586207,0.27470425,0.31034482,0.30551276
2537,0.9948794,False,Fibroblasts,Fibroblasts,0.33333334,0.34357446,0.16666667,0.16486591,0.4,0.3961361,0.1,0.09542349
4717,0.99487793,False,Luminal_Macrophages,Luminal_Macrophages,0.41935483,0.41341904,0.2580645,0.2537562,0.032258064,0.03644193,0.29032257,0.2963829
128,0.9948758,False,Fibroblasts,Fibroblasts,0.1,0.10564262,0.16666667,0.17051494,0.53333336,0.5230849,0.2,0.20075755
3036,0.9948746,False,Dendritic cells,Dendritic cells,0.29032257,0.29926887,0.16129032,0.15832767,0.19354838,0.19485296,0.3548387,0.34755054
187,0.99486995,False,Fibroblasts,Fibroblasts,0.1,0.10253375,0.33333334,0.33903247,0.5,0.48973987,0.06666667,0.068693936
1205,0.99486953,False,Luminal_Macrophages,Luminal_Macrophages,0.36666667,0.36582798,0.23333333,0.24359423,0.33333334,0.33230817,0.06666667,0.05826961
3137,0.99486345,False,Fibroblasts,Fibroblasts,0.033333335,0.04222101,0.23333333,0.2347187,0.4,0.39448187,0.33333334,0.32857838
4015,0.9948608,False,Dendritic cells,Dendritic cells,0.13333334,0.14361171,0.23333333,0.22838083,0.3,0.29829502,0.33333334,0.32971245
2719,0.99486035,False,Fibroblasts,Dendritic cells,0.06666667,0.06874687,0.26666668,0.27486575,0.33333334,0.32684973,0.33333334,0.32953763
483,0.99485886,False,Luminal_Macrophages,Luminal_Macrophages,0.33333334,0.3260632,0.3,0.29698786,0.26666668,0.27132577,0.1,0.10562319
4091,0.9948579,False,Luminal_Macrophages,Luminal_Macrophages,0.33333334,0.3249486,0.3,0.31028417,0.1,0.09858724,0.26666668,0.26618
616,0.99485505,False,Luminal_Macrophages,Luminal_Macrophages,0.36666667,0.3710032,0.13333334,0.12304347,0.16666667,0.17232169,0.33333334,0.33363163
17,0.99485505,False,Luminal_Macrophages,Luminal_Macrophages,0.53333336,0.5418649,0.06666667,0.059562955,0.16666667,0.1634805,0.23333333,0.23509167
470,0.9948538,False,Dendritic cells,Dendritic cells,0.26666668,0.27016073,0.26666668,0.27346504,0.16666667,0.16178188,0.3,0.29459232
4818,0.994853,False,Fibroblasts,Dendritic cells,0.23333333,0.22779982,0.16666667,0.17696065,0.3,0.29630634,0.3,0.29893315
2192,0.9948513,False,Type 2 alveolar,Type 2 alveolar,0.26666668,0.26329282,0.3,0.2958707,0.23333333,0.2305391,0.2,0.21029739
1757,0.9948507,False,Fibroblasts,Fibroblasts,0.06666667,0.06818108,0.26666668,0.2738258,0.36666667,0.35636806,0.3,0.30162504
1033,0.99484754,False,Luminal_Macrophages,Luminal_Macrophages,0.3,0.2967631,0.26666668,0.26467544,0.16666667,0.16158986,0.26666668,0.27697158
3096,0.9948401,False,Fibroblasts,Fibroblasts,0.16666667,0.17594823,0.06666667,0.06721735,0.4,0.38968024,0.36666667,0.3671542
2293,0.9948397,False,Luminal_Macrophages,Luminal_Macrophages,0.27586207,0.2717232,0.2413793,0.2422494,0.27586207,0.26968032,0.20689656,0.21634705
126,0.9948396,False,Dendritic cells,Dendritic cells,0.23333333,0.24365409,0.2,0.19723284,0.26666668,0.26127782,0.3,0.29783523
4674,0.99483573,False,Luminal_Macrophages,Luminal_Macrophages,0.3,0.2927708,0.2,0.2103286,0.23333333,0.23142166,0.26666668,0.26547897
4883,0.9948337,False,Fibroblasts,Fibroblasts,0.06896552,0.07802414,0.13793103,0.13326105,0.41379312,0.4081305,0.37931034,0.38058427
1310,0.99483305,False,Dendritic cells,Dendritic cells,0.06896552,0.070960484,0.27586207,0.27775416,0.27586207,0.28230888,0.37931034,0.36897644
3017,0.9948324,False,Type 2 alveolar,Type 2 alveolar,0.33333334,0.34065905,0.4,0.3896648,0.13333334,0.13616183,0.13333334,0.13351436
4436,0.9948291,False,Type 2 alveolar,Type 2 alveolar,0.27586207,0.28039894,0.37931034,0.36970916,0.13793103,0.13719049,0.20689656,0.21270145
4993,0.99482816,False,Fibroblasts,Dendritic cells,0.23333333,0.22859043,0.16666667,0.17499286,0.3,0.29439923,0.3,0.30201745
1252,0.9948247,False,Type 2 alveolar,Type 2 alveolar,0.26666668,0.27246258,0.33333334,0.32310042,0.3,0.29988238,0.1,0.104554646
808,0.9948196,False,Luminal_Macrophages,Type 2 alveolar,0.32258064,0.31406188,0.32258064,0.32073852,0.2580645,0.2668261,0.09677419,0.098373465
2723,0.9948187,False,Fibroblasts,Fibroblasts,0.06666667,0.0649442,0.36666667,0.36222515,0.4,0.39580137,0.16666667,0.17702933
4858,0.99481845,False,Dendritic cells,Dendritic cells,0.13333334,0.14265712,0.13333334,0.1278975,0.2,0.20103927,0.53333336,0.52840614
4186,0.9948063,False,Luminal_Macrophages,Luminal_Macrophages,0.43333334,0.4403148,0.033333335,0.036739305,0.13333334,0.12756477,0.4,0.39538106
4074,0.99480164,False,Dendritic cells,Dendritic cells,0.033333335,0.04232696,0.4,0.39483333,0.1,0.101403125,0.46666667,0.46143654
319,0.99480075,False,Fibroblasts,Fibroblasts,0.23333333,0.23151438,0.2,0.19946128,0.33333334,0.32529253,0.23333333,0.24373178
3919,0.99479854,False,Dendritic cells,Dendritic cells,0.23333333,0.24373621,0.2,0.19549175,0.06666667,0.06395718,0.5,0.49681482
724,0.99479574,False,Dendritic cells,Dendritic cells,0.06666667,0.071136855,0.36666667,0.372605,0.06666667,0.06400862,0.5,0.49224946
2841,0.9947952,False,Type 2 alveolar,Type 2 alveolar,0.1,0.09970591,0.46666667,0.45970768,0.33333334,0.34374294,0.1,0.09684351
3693,0.9947931,False,Type 2 alveolar,Type 2 alveolar,0.2580645,0.26670727,0.3548387,0.3493138,0.29032257,0.2920936,0.09677419,0.091885306
2292,0.99479,False,Luminal_Macrophages,Luminal_Macrophages,0.26666668,0.27338633,0.26666668,0.26077008,0.23333333,0.22880998,0.23333333,0.2370336
2326,0.9947859,False,Luminal_Macrophages,Luminal_Macrophages,0.31034482,0.30900425,0.2413793,0.24692,0.31034482,0.30125725,0.13793103,0.14281856
3189,0.9947849,False,Luminal_Macrophages,Luminal_Macrophages,0.36666667,0.35749337,0.23333333,0.23231655,0.13333334,0.13309324,0.26666668,0.2770969
3190,0.9947816,False,Luminal_Macrophages,Luminal_Macrophages,0.4,0.39499274,0.33333334,0.3279038,0.2,0.20745182,0.06666667,0.06965166
805,0.99477506,False,Dendritic cells,Dendritic cells,0.26666668,0.26586148,0.06666667,0.073893644,0.3,0.30322292,0.36666667,0.35702196
2886,0.99477446,False,Type 2 alveolar,Type 2 alveolar,0.26666668,0.2661635,0.33333334,0.3253668,0.13333334,0.13135202,0.26666668,0.27711767
2675,0.9947717,False,Luminal_Macrophages,Type 2 alveolar,0.31034482,0.30692974,0.31034482,0.30855614,0.13793103,0.13267823,0.2413793,0.25183585
4077,0.9947654,False,Luminal_Macrophages,Luminal_Macrophages,0.4,0.400944,0.2,0.19725984,0.33333334,0.34285858,0.06666667,0.05893762
1497,0.9947639,False,Type 2 alveolar,Type 2 alveolar,0.23333333,0.2412804,0.33333334,0.32499316,0.16666667,0.1645346,0.26666668,0.2691918
3552,0.9947614,False,Dendritic cells,Dendritic cells,0.26666668,0.27214506,0.1,0.0912813,0.23333333,0.23833208,0.4,0.3982415
3995,0.994761,False,Type 2 alveolar,Type 2 alveolar,0.26666668,0.26192713,0.33333334,0.3290397,0.16666667,0.16522184,0.23333333,0.24381138
794,0.9947594,False,Luminal_Macrophages,Luminal_Macrophages,0.33333334,0.33004662,0.2,0.20836605,0.3,0.29280552,0.16666667,0.1687818
4201,0.99475914,False,Luminal_Macrophages,Luminal_Macrophages,0.33333334,0.33143872,0.26666668,0.27714843,0.3,0.2989252,0.1,0.09248767
2127,0.9947574,False,Type 2 alveolar,Type 2 alveolar,0.27586207,0.28105903,0.3448276,0.34048283,0.03448276,0.039770946,0.3448276,0.33868715
2062,0.9947552,False,Dendritic cells,Dendritic cells,0.31034482,0.319502,0.1724138,0.1737462,0.1724138,0.16868104,0.3448276,0.33807072
3484,0.99475443,False,Luminal_Macrophages,Luminal_Macrophages,0.33333334,0.33934563,0.3,0.30306524,0.33333334,0.32284218,0.033333335,0.034746926
3457,0.994754,False,Dendritic cells,Dendritic cells,0.033333335,0.039089896,0.4,0.39689448,0.1,0.09261355,0.46666667,0.471402
3115,0.99475366,False,Luminal_Macrophages,Luminal_Macrophages,0.3548387,0.36502394,0.3548387,0.3551461,0.09677419,0.09428559,0.19354838,0.18554431
3758,0.99474776,False,Type 2 alveolar,Type 2 alveolar,0.16666667,0.17563398,0.36666667,0.35664788,0.23333333,0.2328476,0.23333333,0.2348705
4393,0.9947476,False,Dendritic cells,Dendritic cells,0.19354838,0.19576378,0.12903225,0.11852749,0.29032257,0.290666,0.38709676,0.39504275
2363,0.9947473,False,Dendritic cells,Dendritic cells,0.20689656,0.20871808,0.03448276,0.03864678,0.2413793,0.24589923,0.51724136,0.5067359
584,0.99474335,False,Type 2 alveolar,Type 2 alveolar,0.3,0.31051338,0.36666667,0.3625666,0.1,0.09586376,0.23333333,0.2310563
4039,0.9947422,False,Type 2 alveolar,Type 2 alveolar,0.23333333,0.24025448,0.4,0.3909274,0.3,0.30359438,0.06666667,0.065223694
3110,0.9947409,False,Luminal_Macrophages,Dendritic cells,0.33333334,0.32722524,0.16666667,0.16659349,0.16666667,0.1623298,0.33333334,0.3438515
577,0.9947392,False,Luminal_Macrophages,Luminal_Macrophages,0.41935483,0.40922144,0.19354838,0.20299996,0.32258064,0.32365075,0.06451613,0.06412785
507,0.9947366,False,Luminal_Macrophages,Luminal_Macrophages,0.4,0.39679334,0.13333334,0.12988558,0.13333334,0.12946104,0.33333334,0.3438601
1263,0.99473035,False,Dendritic cells,Dendritic cells,0.26666668,0.2772059,0.26666668,0.26569277,0.13333334,0.12871039,0.33333334,0.32839087
1855,0.9947243,False,Luminal_Macrophages,Luminal_Macrophages,0.3,0.3011326,0.2,0.20238595,0.23333333,0.22278184,0.26666668,0.2736996
789,0.99472255,False,Type 2 alveolar,Type 2 alveolar,0.06666667,0.05703485,0.33333334,0.33804262,0.26666668,0.27251235,0.33333334,0.33241022
3084,0.9947181,False,Fibroblasts,Fibroblasts,0.33333334,0.34345832,0.13333334,0.12993318,0.36666667,0.35950297,0.16666667,0.16710547
3406,0.9947174,False,Luminal_Macrophages,Luminal_Macrophages,0.33333334,0.32395583,0.2,0.20207271,0.16666667,0.16547903,0.3,0.3084924
2011,0.9947172,False,Fibroblasts,Dendritic cells,0.16666667,0.17723235,0.16666667,0.15950531,0.33333334,0.33005616,0.33333334,0.3332062
177,0.9947137,False,Type 2 alveolar,Fibroblasts,0.16666667,0.17256112,0.3,0.28946656,0.3,0.2999609,0.23333333,0.23801138
3303,0.9947112,False,Fibroblasts,Dendritic cells,0.26666668,0.2736659,0.13333334,0.12857899,0.3,0.29417682,0.3,0.30357826
4882,0.99470913,False,Type 2 alveolar,Type 2 alveolar,0.23333333,0.22308686,0.33333334,0.3329981,0.23333333,0.2392286,0.2,0.20468642
1730,0.99470806,False,Type 2 alveolar,Type 2 alveolar,0.2580645,0.26864833,0.29032257,0.2873117,0.2580645,0.2551615,0.19354838,0.18887842
2216,0.99470764,False,Luminal_Macrophages,Luminal_Macrophages,0.58064514,0.581819,0.09677419,0.08618952,0.032258064,0.034126684,0.29032257,0.29786476
1566,0.9947075,False,Fibroblasts,Fibroblasts,0.33333334,0.3408028,0.2,0.2031155,0.4,0.39461163,0.06666667,0.0614701
2280,0.9947072,False,Fibroblasts,Fibroblasts,0.33333334,0.34391883,0.13333334,0.13194141,0.36666667,0.35908043,0.16666667,0.16505936
1744,0.9947059,False,Fibroblasts,Dendritic cells,0.2,0.19957535,0.06666667,0.06794868,0.36666667,0.3565031,0.36666667,0.3759729
2554,0.9947057,False,Luminal_Macrophages,Luminal_Macrophages,0.33333334,0.34125245,0.06666667,0.065627486,0.33333334,0.32378387,0.26666668,0.26933616
854,0.9947047,False,Luminal_Macrophages,Luminal_Macrophages,0.33333334,0.34392384,0.3,0.2950404,0.16666667,0.16540255,0.2,0.19563316
228,0.9947004,False,Luminal_Macrophages,Luminal_Macrophages,0.3,0.31059933,0.16666667,0.16041476,0.23333333,0.230716,0.3,0.29826996
4467,0.99470013,False,Dendritic cells,Dendritic cells,0.09677419,0.09213984,0.19354838,0.19329138,0.29032257,0.30092233,0.41935483,0.41364646
1190,0.9947001,False,Luminal_Macrophages,Luminal_Macrophages,0.33333334,0.32524452,0.23333333,0.24033058,0.26666668,0.27026933,0.16666667,0.1641556
1756,0.9946998,False,Dendritic cells,Dendritic cells,0.06666667,0.0668245,0.16666667,0.15606615,0.3,0.30983374,0.46666667,0.4672756
3453,0.99469876,False,Luminal_Macrophages,Dendritic cells,0.31034482,0.30449548,0.2413793,0.24233672,0.13793103,0.13317797,0.31034482,0.3199899
3993,0.99469674,False,Dendritic cells,Dendritic cells,0.23333333,0.23899831,0.3,0.30494148,0.1,0.09856819,0.36666667,0.35749197
4671,0.99469465,False,Luminal_Macrophages,Luminal_Macrophages,0.41935483,0.40955234,0.2580645,0.26713738,0.19354838,0.1950862,0.12903225,0.1282241
3005,0.99469036,False,Luminal_Macrophages,Luminal_Macrophages,0.37931034,0.38639608,0.10344828,0.09282898,0.37931034,0.38033202,0.13793103,0.14044288
2946,0.99469024,False,Fibroblasts,Fibroblasts,0.06666667,0.0756799,0.3,0.2968738,0.36666667,0.3591734,0.26666668,0.26827294
2437,0.9946896,False,Type 2 alveolar,Type 2 alveolar,0.22580644,0.22942285,0.29032257,0.28498793,0.2580645,0.25277826,0.22580644,0.23281093
781,0.99467874,False,Fibroblasts,Fibroblasts,0.2,0.21064247,0.23333333,0.23262145,0.3,0.29138997,0.26666668,0.26534608
1368,0.9946775,False,Luminal_Macrophages,Dendritic cells,0.36666667,0.36938354,0.13333334,0.12859812,0.13333334,0.12742342,0.36666667,0.37459484
497,0.9946761,False,Dendritic cells,Dendritic cells,0.36666667,0.36821085,0.033333335,0.035919618,0.2,0.20651734,0.4,0.3893522
3474,0.99467325,False,Luminal_Macrophages,Luminal_Macrophages,0.3548387,0.35240558,0.19354838,0.20420194,0.32258064,0.31891075,0.12903225,0.124481745
10,0.99466586,False,Type 2 alveolar,Type 2 alveolar,0.2,0.2106683,0.3,0.2965049,0.2,0.19885173,0.3,0.29397506
4111,0.99466175,False,Luminal_Macrophages,Luminal_Macrophages,0.41379312,0.4119617,0.03448276,0.03309413,0.3448276,0.33737114,0.20689656,0.21757296
4650,0.9946611,False,Type 2 alveolar,Type 2 alveolar,0.3448276,0.34445244,0.37931034,0.37376493,0.10344828,0.09869098,0.1724138,0.1830916
4259,0.99466103,False,Luminal_Macrophages,Luminal_Macrophages,0.38709676,0.37872192,0.12903225,0.12672919,0.19354838,0.19811304,0.29032257,0.29643586
3135,0.9946592,False,Luminal_Macrophages,Luminal_Macrophages,0.4,0.40046564,0.033333335,0.043549284,0.4,0.39033386,0.16666667,0.1656512
1530,0.9946583,False,Luminal_Macrophages,Luminal_Macrophages,0.3,0.29058626,0.16666667,0.16875336,0.26666668,0.26539704,0.26666668,0.27526334
1152,0.994654,False,Luminal_Macrophages,Luminal_Macrophages,0.4827586,0.48190892,0.13793103,0.13453488,0.27586207,0.28655404,0.10344828,0.0970022
3959,0.9946539,False,Luminal_Macrophages,Luminal_Macrophages,0.3,0.29793978,0.23333333,0.23090519,0.26666668,0.26046282,0.2,0.2106922
4586,0.99465364,False,Dendritic cells,Dendritic cells,0.06666667,0.062044106,0.26666668,0.27484834,0.23333333,0.23584446,0.43333334,0.42726317
3545,0.9946512,False,Dendritic cells,Dendritic cells,0.16129032,0.1505927,0.22580644,0.23019624,0.032258064,0.03709628,0.58064514,0.58211476
3697,0.9946377,False,Dendritic cells,Dendritic cells,0.13793103,0.12992284,0.10344828,0.10073192,0.2413793,0.24775662,0.51724136,0.5215886
2119,0.99463624,False,Fibroblasts,Fibroblasts,0.27586207,0.27858788,0.20689656,0.21272685,0.37931034,0.36858284,0.13793103,0.14010248
376,0.99462986,False,Dendritic cells,Dendritic cells,0.2413793,0.24792376,0.20689656,0.21105006,0.20689656,0.20693885,0.3448276,0.3340873
80,0.99462557,False,Fibroblasts,Dendritic cells,0.2,0.20825778,0.13333334,0.12556924,0.33333334,0.33034852,0.33333334,0.33582446
181,0.99462545,False,Fibroblasts,Dendritic cells,0.16666667,0.17139609,0.033333335,0.03614044,0.4,0.38925093,0.4,0.40321264
4102,0.9946239,False,Dendritic cells,Dendritic cells,0.3,0.30542207,0.1,0.08924781,0.26666668,0.26743832,0.33333334,0.33789182
3572,0.9946238,False,Fibroblasts,Fibroblasts,0.06666667,0.057833012,0.33333334,0.3349977,0.56666666,0.56474787,0.033333335,0.042421367
4678,0.9946229,False,Fibroblasts,Fibroblasts,0.06666667,0.06628047,0.23333333,0.24408752,0.36666667,0.3608941,0.33333334,0.32873788
2095,0.9946208,False,Dendritic cells,Dendritic cells,0.3,0.30333114,0.26666668,0.2651341,0.033333335,0.040760633,0.4,0.3907741
3797,0.9946208,False,Luminal_Macrophages,Dendritic cells,0.3,0.2970116,0.1,0.095376045,0.3,0.2968539,0.3,0.3107584
437,0.9946172,False,Type 2 alveolar,Type 2 alveolar,0.16666667,0.17043914,0.5,0.48923448,0.16666667,0.16844402,0.16666667,0.17188242
516,0.994616,False,Type 2 alveolar,Fibroblasts,0.032258064,0.040497065,0.41935483,0.4114517,0.41935483,0.4164899,0.12903225,0.13156126
2056,0.9946101,False,Luminal_Macrophages,Luminal_Macrophages,0.4,0.4017691,0.16666667,0.15588684,0.16666667,0.16672873,0.26666668,0.2756153
4224,0.9946083,False,Fibroblasts,Fibroblasts,0.06896552,0.06756345,0.13793103,0.1285497,0.5862069,0.58811206,0.20689656,0.2157748
2642,0.9946075,False,Luminal_Macrophages,Luminal_Macrophages,0.43333334,0.42353174,0.36666667,0.37114426,0.13333334,0.1323499,0.06666667,0.07297406
4373,0.9946067,False,Type 2 alveolar,Type 2 alveolar,0.06666667,0.06427428,0.43333334,0.42892528,0.1,0.096013755,0.4,0.41078672
704,0.9946056,False,Fibroblasts,Fibroblasts,0.1,0.09856419,0.16666667,0.17585337,0.4,0.390647,0.33333334,0.33493543
251,0.9946051,False,Luminal_Macrophages,Luminal_Macrophages,0.33333334,0.33986023,0.1,0.09874629,0.23333333,0.23759617,0.33333334,0.32379735
1242,0.9946046,False,Luminal_Macrophages,Luminal_Macrophages,0.41379312,0.40300226,0.13793103,0.13879903,0.27586207,0.28337887,0.1724138,0.17481986
2194,0.9946001,False,Dendritic cells,Dendritic cells,0.22580644,0.22703128,0.22580644,0.2315476,0.19354838,0.19738215,0.3548387,0.34403902
436,0.9945956,False,Dendritic cells,Dendritic cells,0.33333334,0.34098315,0.06666667,0.06576388,0.23333333,0.2364923,0.36666667,0.35676065
3471,0.99459225,False,Fibroblasts,Fibroblasts,0.03448276,0.037515312,0.20689656,0.2077853,0.62068963,0.62758386,0.13793103,0.12711553
51,0.9945891,False,Dendritic cells,Dendritic cells,0.06896552,0.07541396,0.31034482,0.30989933,0.27586207,0.2802354,0.3448276,0.3344513
1850,0.99458843,False,Fibroblasts,Dendritic cells,0.23333333,0.24404459,0.1,0.091686524,0.33333334,0.33082366,0.33333334,0.33344522
3482,0.9945848,False,Fibroblasts,Dendritic cells,0.23333333,0.24416363,0.1,0.09897684,0.33333334,0.32651517,0.33333334,0.3303443
952,0.9945833,False,Dendritic cells,Dendritic cells,0.06896552,0.0738578,0.10344828,0.09261495,0.37931034,0.38415116,0.44827586,0.4493761
1027,0.99457884,False,Luminal_Macrophages,Luminal_Macrophages,0.26666668,0.27293316,0.23333333,0.23790915,0.26666668,0.25714526,0.23333333,0.2320124
837,0.99457604,False,Dendritic cells,Dendritic cells,0.36666667,0.37583596,0.13333334,0.1228408,0.06666667,0.0663113,0.43333334,0.43501195
2701,0.9945713,False,Fibroblasts,Fibroblasts,0.03448276,0.04534015,0.2413793,0.23344947,0.6896552,0.6868567,0.03448276,0.034353677
2377,0.9945679,False,Type 2 alveolar,Type 2 alveolar,0.1,0.09885021,0.4,0.39028555,0.36666667,0.37526882,0.13333334,0.13559544
1835,0.9945672,False,Dendritic cells,Dendritic cells,0.1,0.09556937,0.26666668,0.27180016,0.3,0.30573204,0.33333334,0.32689846
1870,0.99456537,False,Luminal_Macrophages,Dendritic cells,0.36666667,0.35878253,0.2,0.2061848,0.06666667,0.06368149,0.36666667,0.37135115
2996,0.99456453,False,Dendritic cells,Dendritic cells,0.23333333,0.23346677,0.2,0.20477341,0.23333333,0.23929743,0.33333334,0.32246235
3881,0.9945641,False,Fibroblasts,Fibroblasts,0.1,0.0996919,0.23333333,0.23772244,0.36666667,0.3561031,0.3,0.30648264
2476,0.9945641,False,Dendritic cells,Dendritic cells,0.26666668,0.25982302,0.23333333,0.23658195,0.2,0.19597192,0.3,0.30762315
1418,0.9945637,False,Luminal_Macrophages,Luminal_Macrophages,0.3548387,0.34758547,0.09677419,0.09353148,0.22580644,0.22542985,0.32258064,0.33345324
4183,0.9945615,False,Luminal_Macrophages,Luminal_Macrophages,0.3548387,0.345625,0.22580644,0.22585064,0.12903225,0.12736887,0.29032257,0.30115542
2166,0.9945591,False,Type 2 alveolar,Type 2 alveolar,0.23333333,0.24421512,0.33333334,0.32612753,0.26666668,0.2651236,0.16666667,0.1645337
676,0.9945531,False,Dendritic cells,Dendritic cells,0.13333334,0.14282839,0.26666668,0.26806542,0.13333334,0.132971,0.46666667,0.45613512
280,0.9945513,False,Luminal_Macrophages,Luminal_Macrophages,0.4,0.39870536,0.13333334,0.13135172,0.2,0.19237885,0.26666668,0.27756405
216,0.9945487,False,Luminal_Macrophages,Luminal_Macrophages,0.33333334,0.34423593,0.1,0.092080384,0.26666668,0.26647925,0.3,0.29720446
647,0.9945441,False,Type 2 alveolar,Type 2 alveolar,0.19354838,0.2044602,0.32258064,0.31301805,0.2580645,0.25674444,0.22580644,0.22577737
3065,0.994544,False,Type 2 alveolar,Fibroblasts,0.033333335,0.043286435,0.33333334,0.32333484,0.33333334,0.3324199,0.3,0.30095884
1943,0.994543,False,Fibroblasts,Fibroblasts,0.16666667,0.1726408,0.33333334,0.33827314,0.43333334,0.4237938,0.06666667,0.0652923
3123,0.99453986,False,Dendritic cells,Dendritic cells,0.26666668,0.26231113,0.33333334,0.3347988,0.033333335,0.04278807,0.36666667,0.36010197
1655,0.9945277,False,Dendritic cells,Dendritic cells,0.06451613,0.06685207,0.3548387,0.3591651,0.19354838,0.19783068,0.38709676,0.37615213
4765,0.9945246,False,Luminal_Macrophages,Luminal_Macrophages,0.36666667,0.3575451,0.33333334,0.33700186,0.033333335,0.040615596,0.26666668,0.26483744
2231,0.9945239,False,Dendritic cells,Dendritic cells,0.1,0.10912069,0.36666667,0.366906,0.06666667,0.06825888,0.46666667,0.45571443
3198,0.9945215,False,Luminal_Macrophages,Luminal_Macrophages,0.51724136,0.50688654,0.2413793,0.25159663,0.13793103,0.13732886,0.10344828,0.10418795
1738,0.9945213,False,Dendritic cells,Dendritic cells,0.23333333,0.24318232,0.16666667,0.16777502,0.26666668,0.26463705,0.33333334,0.32440558
692,0.99452084,False,Fibroblasts,Fibroblasts,0.16666667,0.17367266,0.033333335,0.0356885,0.7,0.70159715,0.1,0.08904164
1995,0.99451905,False,Type 2 alveolar,Type 2 alveolar,0.1,0.10402383,0.33333334,0.3241915,0.26666668,0.27360475,0.3,0.2981799
3700,0.9945158,False,Dendritic cells,Dendritic cells,0.26666668,0.2766863,0.23333333,0.23428209,0.16666667,0.1663103,0.33333334,0.32272133
4694,0.9945136,False,Fibroblasts,Fibroblasts,0.36666667,0.36996067,0.16666667,0.16950206,0.43333334,0.42236045,0.033333335,0.038176887
255,0.99451315,False,Luminal_Macrophages,Luminal_Macrophages,0.4,0.4081639,0.4,0.39035982,0.16666667,0.1653331,0.033333335,0.036143143
1278,0.9945071,False,Fibroblasts,Fibroblasts,0.16666667,0.17038907,0.3,0.30415067,0.36666667,0.35568073,0.16666667,0.16977948
4822,0.9945042,False,Type 2 alveolar,Type 2 alveolar,0.3,0.30072173,0.33333334,0.32492086,0.13333334,0.13075422,0.23333333,0.24360317
467,0.99450326,False,Type 2 alveolar,Type 2 alveolar,0.26666668,0.27658576,0.3,0.30107442,0.3,0.29615462,0.13333334,0.12618524
3548,0.99449885,False,Luminal_Macrophages,Luminal_Macrophages,0.36666667,0.37766898,0.36666667,0.36588317,0.06666667,0.065385446,0.2,0.19106236
4869,0.9944948,False,Type 2 alveolar,Type 2 alveolar,0.22580644,0.23096995,0.32258064,0.3182929,0.19354838,0.1868257,0.2580645,0.2639115
1260,0.9944931,False,Luminal_Macrophages,Luminal_Macrophages,0.33333334,0.32885247,0.26666668,0.27768037,0.3,0.29770562,0.1,0.09576151
2310,0.9944925,False,Type 2 alveolar,Type 2 alveolar,0.1,0.1062869,0.4,0.388985,0.13333334,0.13631433,0.36666667,0.3684138
458,0.99449176,False,Dendritic cells,Dendritic cells,0.26666668,0.26090366,0.2,0.21068262,0.2,0.20033386,0.33333334,0.3280799
2668,0.9944837,False,Luminal_Macrophages,Luminal_Macrophages,0.3,0.3083228,0.3,0.3024551,0.26666668,0.26692134,0.13333334,0.12230078
3604,0.99448186,False,Luminal_Macrophages,Luminal_Macrophages,0.3,0.29282662,0.2,0.20049334,0.23333333,0.22947039,0.26666668,0.27720967
4260,0.99447924,False,Dendritic cells,Dendritic cells,0.16666667,0.17770825,0.26666668,0.26471245,0.2,0.19793269,0.36666667,0.35964668
4125,0.99447477,False,Luminal_Macrophages,Luminal_Macrophages,0.32258064,0.32636464,0.29032257,0.29758903,0.29032257,0.286163,0.09677419,0.08988336
471,0.99447465,False,Fibroblasts,Fibroblasts,0.3,0.30635372,0.13333334,0.12907782,0.33333334,0.32653812,0.23333333,0.23803036
656,0.99447334,False,Dendritic cells,Dendritic cells,0.2,0.2029281,0.23333333,0.233108,0.26666668,0.25583866,0.3,0.30812523
1833,0.99447286,False,Fibroblasts,Fibroblasts,0.33333334,0.33141616,0.033333335,0.03757265,0.36666667,0.35752952,0.26666668,0.27348164
945,0.99447036,False,Luminal_Macrophages,Fibroblasts,0.36666667,0.35942218,0.16666667,0.17004555,0.36666667,0.37434703,0.1,0.09618529
4294,0.9944637,False,Type 2 alveolar,Type 2 alveolar,0.23333333,0.24002005,0.3,0.29147106,0.23333333,0.23078966,0.23333333,0.23771918
2949,0.99446315,False,Fibroblasts,Fibroblasts,0.1,0.10370842,0.13333334,0.12798038,0.43333334,0.4276126,0.33333334,0.34069866
4273,0.99446017,False,Fibroblasts,Dendritic cells,0.10344828,0.105014145,0.20689656,0.21641032,0.3448276,0.33792928,0.3448276,0.34064627
3911,0.9944564,False,Dendritic cells,Dendritic cells,0.13333334,0.14442058,0.23333333,0.2314229,0.2,0.1959639,0.43333334,0.42819265
2341,0.9944525,False,Luminal_Macrophages,Dendritic cells,0.3548387,0.34631562,0.12903225,0.13969265,0.16129032,0.15871836,0.3548387,0.35527343
1454,0.99445,False,Type 2 alveolar,Type 2 alveolar,0.3,0.30114564,0.33333334,0.32699212,0.1,0.095241144,0.26666668,0.2766211
4691,0.99444854,False,Luminal_Macrophages,Luminal_Macrophages,0.51724136,0.5148639,0.31034482,0.3169737,0.10344828,0.094722874,0.06896552,0.073439516
4195,0.9944473,False,Luminal_Macrophages,Type 2 alveolar,0.37931034,0.38407463,0.37931034,0.38565156,0.13793103,0.13195953,0.10344828,0.098314345
478,0.9944473,False,Luminal_Macrophages,Luminal_Macrophages,0.33333334,0.3437309,0.33333334,0.33330053,0.23333333,0.23404126,0.1,0.08892739
3874,0.9944448,False,Luminal_Macrophages,Luminal_Macrophages,0.37931034,0.36819988,0.27586207,0.2775785,0.20689656,0.21336035,0.13793103,0.14086121
2154,0.9944447,False,Dendritic cells,Dendritic cells,0.2580645,0.26344845,0.09677419,0.08642335,0.29032257,0.2960492,0.3548387,0.35407904
547,0.99444336,False,Luminal_Macrophages,Luminal_Macrophages,0.3,0.2972553,0.26666668,0.2667485,0.2,0.19163138,0.23333333,0.24436486
2909,0.994441,False,Dendritic cells,Dendritic cells,0.033333335,0.041354775,0.26666668,0.2676765,0.13333334,0.122215256,0.56666666,0.5687535
3608,0.99443805,False,Type 2 alveolar,Type 2 alveolar,0.13333334,0.13178737,0.4,0.39042205,0.36666667,0.36963272,0.1,0.10815788
387,0.99443275,False,Luminal_Macrophages,Dendritic cells,0.31034482,0.30504537,0.06896552,0.07012517,0.31034482,0.30450976,0.31034482,0.32031974
4640,0.99443215,False,Luminal_Macrophages,Luminal_Macrophages,0.43333334,0.44280958,0.06666667,0.05893716,0.1,0.09659375,0.4,0.40165943
2754,0.994432,False,Luminal_Macrophages,Luminal_Macrophages,0.33333334,0.34304374,0.16666667,0.15743214,0.26666668,0.26476508,0.23333333,0.234759
2586,0.9944272,False,Dendritic cells,Dendritic cells,0.33333334,0.34447896,0.06666667,0.06507251,0.16666667,0.16369948,0.43333334,0.4267491
2325,0.99442345,False,Fibroblasts,Fibroblasts,0.10344828,0.11356244,0.20689656,0.20202094,0.37931034,0.37303293,0.31034482,0.31138372
2916,0.99442047,False,Dendritic cells,Dendritic cells,0.31034482,0.32026058,0.03448276,0.03572606,0.1724138,0.16896532,0.4827586,0.47504807
3864,0.99441653,False,Type 2 alveolar,Type 2 alveolar,0.06666667,0.07005156,0.46666667,0.45984703,0.033333335,0.0411154,0.43333334,0.42898598
15,0.99441504,False,Fibroblasts,Dendritic cells,0.23333333,0.24131972,0.033333335,0.03651681,0.36666667,0.3559856,0.36666667,0.36617783
1992,0.99441487,False,Dendritic cells,Dendritic cells,0.2,0.20231639,0.06666667,0.061055545,0.26666668,0.2755205,0.46666667,0.46110752
1755,0.9944136,False,Fibroblasts,Fibroblasts,0.06666667,0.06666977,0.3,0.29841086,0.36666667,0.35708302,0.26666668,0.27783635
975,0.9944106,False,Dendritic cells,Dendritic cells,0.23333333,0.24451213,0.23333333,0.23301901,0.2,0.19951464,0.33333334,0.32295418
152,0.9944093,False,Luminal_Macrophages,Type 2 alveolar,0.32258064,0.32801697,0.32258064,0.32832563,0.16129032,0.15663745,0.19354838,0.18701994
4596,0.99440926,False,Fibroblasts,Fibroblasts,0.23333333,0.23638687,0.033333335,0.04146132,0.36666667,0.3611475,0.36666667,0.36100435
2683,0.9944088,False,Type 2 alveolar,Type 2 alveolar,0.13333334,0.13987565,0.36666667,0.36035335,0.16666667,0.16179754,0.33333334,0.33797342
1052,0.99440086,False,Dendritic cells,Dendritic cells,0.1724138,0.18361212,0.1724138,0.17198546,0.31034482,0.30552825,0.3448276,0.33887413
908,0.99439925,False,Dendritic cells,Dendritic cells,0.06666667,0.062188942,0.033333335,0.037836764,0.4,0.39327627,0.5,0.506698
4703,0.9943965,False,Type 2 alveolar,Type 2 alveolar,0.26666668,0.26432112,0.33333334,0.32773268,0.16666667,0.16340587,0.23333333,0.24454027
2138,0.99439555,False,Fibroblasts,Fibroblasts,0.29032257,0.29729065,0.22580644,0.23004721,0.32258064,0.31414947,0.16129032,0.15851264
2032,0.99438995,False,Fibroblasts,Fibroblasts,0.2,0.20624264,0.23333333,0.23831081,0.3,0.29083592,0.26666668,0.26461065
327,0.99438953,False,Type 2 alveolar,Dendritic cells,0.22580644,0.23121165,0.2580645,0.2510093,0.2580645,0.2538988,0.2580645,0.2638803
4010,0.9943882,False,Dendritic cells,Dendritic cells,0.26666668,0.2775979,0.2,0.20029235,0.2,0.19396266,0.33333334,0.32814708
4440,0.99438375,False,Dendritic cells,Dendritic cells,0.26666668,0.26565054,0.06666667,0.07022017,0.3,0.307679,0.36666667,0.35645032
318,0.9943824,False,Type 2 alveolar,Type 2 alveolar,0.2,0.20268261,0.43333334,0.42209813,0.33333334,0.3363498,0.033333335,0.038869534
3212,0.99437755,False,Luminal_Macrophages,Luminal_Macrophages,0.33333334,0.3394477,0.33333334,0.33178005,0.26666668,0.27179718,0.06666667,0.056975003
1334,0.99437743,False,Type 2 alveolar,Type 2 alveolar,0.06451613,0.074670926,0.3548387,0.34581628,0.2580645,0.25915483,0.32258064,0.320358
2511,0.9943736,False,Type 2 alveolar,Fibroblasts,0.06666667,0.07351241,0.4,0.39031586,0.4,0.39843133,0.13333334,0.13774037
2838,0.99437356,False,Fibroblasts,Fibroblasts,0.12903225,0.13296655,0.32258064,0.32682168,0.3548387,0.3435859,0.19354838,0.19662589
3236,0.9943722,False,Luminal_Macrophages,Luminal_Macrophages,0.37931034,0.37489772,0.3448276,0.33798456,0.20689656,0.21338288,0.06896552,0.073734894
1239,0.9943653,False,Dendritic cells,Dendritic cells,0.033333335,0.0323558,0.4,0.3951277,0.13333334,0.12791367,0.43333334,0.44460285
3786,0.9943644,False,Dendritic cells,Dendritic cells,0.033333335,0.04410412,0.23333333,0.23383375,0.2,0.19370203,0.53333336,0.5283601
2539,0.99436235,False,Luminal_Macrophages,Luminal_Macrophages,0.46666667,0.46032715,0.033333335,0.032024134,0.06666667,0.06304008,0.43333334,0.44460866
2472,0.99436074,False,Dendritic cells,Dendritic cells,0.23333333,0.23749503,0.13333334,0.12205476,0.3,0.3000782,0.33333334,0.340372
3128,0.9943603,False,Luminal_Macrophages,Luminal_Macrophages,0.3548387,0.3661181,0.16129032,0.15863915,0.16129032,0.15432334,0.32258064,0.3209194
1188,0.99435806,False,Dendritic cells,Dendritic cells,0.2,0.21128394,0.33333334,0.3280933,0.1,0.09602435,0.36666667,0.36459845
4404,0.99435693,False,Fibroblasts,Fibroblasts,0.1,0.107985884,0.1,0.09942938,0.7,0.70330024,0.1,0.089284435
4443,0.99435645,False,Dendritic cells,Dendritic cells,0.06896552,0.07669877,0.2413793,0.24091828,0.27586207,0.27941588,0.41379312,0.40296707
2469,0.99435085,False,Fibroblasts,Fibroblasts,0.36666667,0.36763614,0.033333335,0.03474556,0.4,0.38870168,0.2,0.20891663
783,0.9943488,False,Fibroblasts,Fibroblasts,0.06666667,0.06325868,0.23333333,0.24463566,0.6666667,0.66261315,0.033333335,0.02949253
3779,0.9943479,False,Luminal_Macrophages,Luminal_Macrophages,0.4,0.39158297,0.033333335,0.04113401,0.26666668,0.27017027,0.3,0.29711276
1253,0.994344,False,Luminal_Macrophages,Luminal_Macrophages,0.2580645,0.26322693,0.22580644,0.23195606,0.2580645,0.24886659,0.2580645,0.25595042
2311,0.9943438,False,Fibroblasts,Fibroblasts,0.23333333,0.23509742,0.33333334,0.3349788,0.36666667,0.3553543,0.06666667,0.07456947
560,0.99434197,False,Luminal_Macrophages,Luminal_Macrophages,0.36666667,0.3628691,0.16666667,0.16347459,0.13333334,0.12900688,0.33333334,0.3446494
3044,0.99434114,False,Fibroblasts,Fibroblasts,0.2,0.2024323,0.16666667,0.17555213,0.33333334,0.32227048,0.3,0.29974508
3045,0.9943391,False,Fibroblasts,Fibroblasts,0.16666667,0.17733833,0.1,0.10065014,0.36666667,0.36318138,0.36666667,0.35883015
248,0.9943338,False,Dendritic cells,Dendritic cells,0.13333334,0.13851184,0.2,0.20612708,0.2,0.20002683,0.46666667,0.45533425
1207,0.99433225,False,Fibroblasts,Fibroblasts,0.20689656,0.21356596,0.20689656,0.20400172,0.31034482,0.30190417,0.27586207,0.28052813
1521,0.99433136,False,Fibroblasts,Fibroblasts,0.38709676,0.39199328,0.12903225,0.12450066,0.4516129,0.4448073,0.032258064,0.038698815
3178,0.99432963,False,Fibroblasts,Fibroblasts,0.13793103,0.14927177,0.3448276,0.3441389,0.41379312,0.4057101,0.10344828,0.100879245
3070,0.9943287,False,Luminal_Macrophages,Luminal_Macrophages,0.33333334,0.32251886,0.06666667,0.06713506,0.3,0.3108743,0.3,0.29947183
2771,0.9943262,False,Luminal_Macrophages,Luminal_Macrophages,0.43333334,0.42656022,0.033333335,0.04468092,0.16666667,0.16601881,0.36666667,0.36274004
3330,0.9943258,False,Type 2 alveolar,Type 2 alveolar,0.26666668,0.27659187,0.4,0.3886516,0.16666667,0.1666997,0.16666667,0.1680568
1004,0.9943247,False,Type 2 alveolar,Fibroblasts,0.06666667,0.07582563,0.36666667,0.3569018,0.36666667,0.3650809,0.2,0.20219167
3180,0.9943241,False,Dendritic cells,Dendritic cells,0.26666668,0.27801841,0.16666667,0.15899825,0.23333333,0.23304255,0.33333334,0.32994074
4005,0.99432385,False,Dendritic cells,Dendritic cells,0.3,0.3083517,0.26666668,0.26599878,0.1,0.1030006,0.33333334,0.32264894
4716,0.99432355,False,Luminal_Macrophages,Dendritic cells,0.36666667,0.36674756,0.1,0.08864705,0.16666667,0.16882564,0.36666667,0.3757797
1600,0.994319,False,Type 2 alveolar,Type 2 alveolar,0.2580645,0.26452386,0.29032257,0.2845039,0.22580644,0.22026323,0.22580644,0.23070906
1362,0.9943167,False,Type 2 alveolar,Type 2 alveolar,0.22580644,0.21784903,0.29032257,0.28691337,0.22580644,0.22729063,0.2580645,0.26794696
2867,0.9943156,False,Luminal_Macrophages,Luminal_Macrophages,0.36666667,0.35529786,0.3,0.30820674,0.23333333,0.23524934,0.1,0.10124606
4302,0.99431455,False,Fibroblasts,Fibroblasts,0.4,0.4046305,0.1,0.093243055,0.46666667,0.46205267,0.033333335,0.0400737
31,0.9943106,False,Luminal_Macrophages,Luminal_Macrophages,0.33333334,0.32812262,0.16666667,0.16049862,0.26666668,0.2685341,0.23333333,0.2428447
1957,0.99431044,False,Fibroblasts,Dendritic cells,0.26666668,0.27416053,0.06666667,0.07055186,0.33333334,0.3275019,0.33333334,0.3277857
1831,0.9943096,False,Fibroblasts,Dendritic cells,0.16666667,0.17132401,0.033333335,0.040056843,0.4,0.39007735,0.4,0.39854187
2445,0.9943084,False,Dendritic cells,Dendritic cells,0.13333334,0.13679925,0.06666667,0.064100854,0.33333334,0.34125057,0.46666667,0.45784935
1800,0.994307,False,Dendritic cells,Dendritic cells,0.23333333,0.24046905,0.13333334,0.13758369,0.2,0.19081953,0.43333334,0.43112773
1502,0.99430585,False,Dendritic cells,Dendritic cells,0.32258064,0.31279433,0.09677419,0.10260071,0.12903225,0.12743028,0.4516129,0.4571747
3184,0.99430436,False,Luminal_Macrophages,Luminal_Macrophages,0.33333334,0.32404596,0.26666668,0.27580726,0.26666668,0.26456276,0.13333334,0.13558404
2693,0.99430364,False,Dendritic cells,Dendritic cells,0.32258064,0.32831863,0.09677419,0.08538153,0.22580644,0.22816741,0.3548387,0.35813248
1137,0.9943014,False,Luminal_Macrophages,Luminal_Macrophages,0.5,0.49932083,0.033333335,0.044730507,0.4,0.3996241,0.06666667,0.05632452
4881,0.99429953,False,Luminal_Macrophages,Type 2 alveolar,0.3,0.29430684,0.3,0.3016835,0.13333334,0.12762551,0.26666668,0.27638415
3203,0.9942995,False,Type 2 alveolar,Type 2 alveolar,0.16129032,0.17269135,0.3548387,0.34685352,0.16129032,0.15810333,0.32258064,0.32235172
4310,0.99429923,False,Fibroblasts,Dendritic cells,0.26666668,0.27279532,0.13333334,0.12620191,0.3,0.29572985,0.3,0.30527288
4591,0.99429667,False,Luminal_Macrophages,Luminal_Macrophages,0.38709676,0.37633708,0.06451613,0.06386911,0.2580645,0.26583683,0.29032257,0.29395694
2682,0.99429524,False,Luminal_Macrophages,Luminal_Macrophages,0.3,0.3106933,0.2,0.19264138,0.26666668,0.2626158,0.23333333,0.23404947
4721,0.99429446,False,Luminal_Macrophages,Luminal_Macrophages,0.32258064,0.3316404,0.09677419,0.08646851,0.2580645,0.26041582,0.32258064,0.32147527
2500,0.9942865,False,Luminal_Macrophages,Luminal_Macrophages,0.31034482,0.31989735,0.13793103,0.12650402,0.2413793,0.24255416,0.31034482,0.31104445
3458,0.9942797,False,Luminal_Macrophages,Luminal_Macrophages,0.33333334,0.3315584,0.2,0.19393075,0.2,0.19640358,0.26666668,0.27810726
4112,0.99427766,False,Luminal_Macrophages,Luminal_Macrophages,0.38709676,0.37567872,0.32258064,0.33314443,0.09677419,0.09674761,0.19354838,0.19442926
4353,0.9942772,False,Type 2 alveolar,Type 2 alveolar,0.033333335,0.041307602,0.36666667,0.35522097,0.33333334,0.33396956,0.26666668,0.26950186
1656,0.9942747,False,Type 2 alveolar,Type 2 alveolar,0.033333335,0.044783995,0.36666667,0.36072502,0.3,0.2952501,0.3,0.2992409
3024,0.99426264,False,Type 2 alveolar,Type 2 alveolar,0.09677419,0.09660617,0.38709676,0.37579012,0.3548387,0.36314502,0.16129032,0.16445869
1991,0.9942614,False,Luminal_Macrophages,Luminal_Macrophages,0.43333334,0.43850625,0.1,0.09363841,0.33333334,0.33963764,0.13333334,0.12821771
1587,0.9942573,False,Dendritic cells,Dendritic cells,0.26666668,0.27372378,0.16666667,0.15747464,0.26666668,0.2643732,0.3,0.30442837
3770,0.99425405,False,Luminal_Macrophages,Luminal_Macrophages,0.33333334,0.3306925,0.1,0.09224807,0.26666668,0.27815855,0.3,0.2989009
4663,0.99425167,False,Fibroblasts,Fibroblasts,0.16666667,0.16633472,0.26666668,0.26303446,0.3,0.29246753,0.26666668,0.27816328
1821,0.99425125,False,Type 2 alveolar,Type 2 alveolar,0.23333333,0.23107521,0.4,0.39299402,0.33333334,0.3310999,0.033333335,0.04483089
3508,0.99424934,False,Luminal_Macrophages,Luminal_Macrophages,0.33333334,0.33904058,0.13333334,0.12678152,0.23333333,0.2283838,0.3,0.3057941
4412,0.9942438,False,Type 2 alveolar,Fibroblasts,0.13793103,0.14726515,0.31034482,0.30288702,0.31034482,0.30629015,0.2413793,0.24355763
4548,0.9942436,False,Luminal_Macrophages,Luminal_Macrophages,0.3448276,0.34809837,0.13793103,0.12682107,0.2413793,0.24097653,0.27586207,0.28410408
869,0.9942435,False,Type 2 alveolar,Fibroblasts,0.22580644,0.23536299,0.32258064,0.3153598,0.32258064,0.3182885,0.12903225,0.13098875
1612,0.994243,False,Luminal_Macrophages,Luminal_Macrophages,0.32258064,0.3340946,0.16129032,0.1583626,0.2580645,0.25184765,0.2580645,0.2556951
2775,0.99424183,False,Type 2 alveolar,Type 2 alveolar,0.26666668,0.2612207,0.33333334,0.327263,0.13333334,0.13697912,0.26666668,0.27453715
107,0.9942402,False,Dendritic cells,Dendritic cells,0.32258064,0.33410016,0.16129032,0.1597411,0.12903225,0.12510665,0.38709676,0.38105208
2939,0.994239,False,Type 2 alveolar,Type 2 alveolar,0.20689656,0.21672434,0.31034482,0.31203917,0.1724138,0.16739528,0.31034482,0.30384123
3320,0.99423885,False,Fibroblasts,Fibroblasts,0.2,0.21152234,0.16666667,0.16468318,0.33333334,0.32574514,0.3,0.2980494
2481,0.9942387,False,Fibroblasts,Fibroblasts,0.22580644,0.22200516,0.22580644,0.22812878,0.29032257,0.2826012,0.2580645,0.26726484
3424,0.9942354,False,Type 2 alveolar,Dendritic cells,0.23333333,0.24409004,0.26666668,0.25889543,0.23333333,0.22957541,0.26666668,0.2674391
4158,0.9942319,False,Luminal_Macrophages,Luminal_Macrophages,0.4,0.39488754,0.23333333,0.23153663,0.13333334,0.12870634,0.23333333,0.24486955
1467,0.99423087,False,Fibroblasts,Dendritic cells,0.032258064,0.043089982,0.06451613,0.06231315,0.4516129,0.44227758,0.4516129,0.4523193
1779,0.99422824,False,Dendritic cells,Dendritic cells,0.2,0.21142742,0.26666668,0.26678282,0.2,0.19805248,0.33333334,0.3237373
301,0.9942256,False,Type 2 alveolar,Type 2 alveolar,0.19354838,0.20135954,0.29032257,0.28482014,0.2580645,0.25201815,0.2580645,0.26180214
1075,0.9942225,False,Dendritic cells,Dendritic cells,0.2580645,0.26043507,0.2580645,0.24770615,0.19354838,0.19235174,0.29032257,0.29950702
4245,0.9942207,False,Luminal_Macrophages,Type 2 alveolar,0.27586207,0.26826435,0.27586207,0.2874207,0.27586207,0.27315468,0.1724138,0.17116025
1562,0.99421823,False,Type 2 alveolar,Type 2 alveolar,0.32258064,0.32467344,0.41935483,0.40779132,0.22580644,0.22935833,0.032258064,0.0381769
567,0.9942125,False,Luminal_Macrophages,Luminal_Macrophages,0.4516129,0.4604184,0.06451613,0.06016751,0.38709676,0.38986632,0.09677419,0.08954781
1691,0.9942098,False,Dendritic cells,Dendritic cells,0.4,0.39819366,0.033333335,0.028455688,0.13333334,0.12843698,0.43333334,0.4449137
2543,0.9942064,False,Luminal_Macrophages,Luminal_Macrophages,0.4,0.39335594,0.16666667,0.17746665,0.06666667,0.0674539,0.36666667,0.36172357
361,0.9942057,False,Dendritic cells,Dendritic cells,0.2580645,0.26660252,0.29032257,0.29337317,0.12903225,0.1235253,0.32258064,0.316499
67,0.99420166,False,Type 2 alveolar,Type 2 alveolar,0.13333334,0.13001026,0.33333334,0.3250598,0.23333333,0.23520473,0.3,0.30972525
2146,0.9942006,False,Type 2 alveolar,Type 2 alveolar,0.2,0.2085848,0.4,0.39090088,0.26666668,0.26968065,0.13333334,0.13083366
2673,0.9941986,False,Luminal_Macrophages,Luminal_Macrophages,0.37931034,0.37625363,0.3448276,0.3441522,0.20689656,0.21849929,0.06896552,0.061094843
3348,0.9941981,False,Type 2 alveolar,Type 2 alveolar,0.31034482,0.3155425,0.37931034,0.36770648,0.1724138,0.17507721,0.13793103,0.14167376
1601,0.99419713,False,Dendritic cells,Dendritic cells,0.2,0.20811,0.1,0.0972407,0.33333334,0.33682913,0.36666667,0.3578202
2818,0.99419594,False,Dendritic cells,Dendritic cells,0.3,0.29634836,0.16666667,0.17000902,0.2,0.20826583,0.33333334,0.3253768
4257,0.994192,False,Luminal_Macrophages,Luminal_Macrophages,0.44827586,0.45664984,0.06896552,0.06555282,0.37931034,0.3825524,0.10344828,0.09524495
4357,0.9941912,False,Fibroblasts,Fibroblasts,0.033333335,0.037415996,0.26666668,0.27420157,0.4,0.39263833,0.3,0.29574406
767,0.9941908,False,Luminal_Macrophages,Luminal_Macrophages,0.3448276,0.3435268,0.13793103,0.12761348,0.27586207,0.28039348,0.2413793,0.24846624
2699,0.994189,False,Luminal_Macrophages,Luminal_Macrophages,0.46666667,0.47710982,0.43333334,0.42610684,0.06666667,0.062271196,0.033333335,0.034512177
957,0.9941872,False,Type 2 alveolar,Type 2 alveolar,0.2580645,0.26693615,0.3548387,0.3432131,0.2580645,0.26049462,0.12903225,0.1293561
4177,0.9941851,False,Luminal_Macrophages,Luminal_Macrophages,0.43333334,0.43773896,0.033333335,0.040557515,0.13333334,0.12827465,0.4,0.3934289
944,0.9941826,False,Luminal_Macrophages,Luminal_Macrophages,0.46666667,0.4588518,0.26666668,0.27717793,0.16666667,0.16779019,0.1,0.09617999
4411,0.99418193,False,Dendritic cells,Dendritic cells,0.10344828,0.103212684,0.31034482,0.31935897,0.20689656,0.20951857,0.37931034,0.36790973
3652,0.99418044,False,Luminal_Macrophages,Luminal_Macrophages,0.33333334,0.32948264,0.26666668,0.26530722,0.16666667,0.16023771,0.23333333,0.2449724
118,0.9941766,False,Luminal_Macrophages,Dendritic cells,0.27586207,0.27311152,0.2413793,0.23248307,0.20689656,0.20995326,0.27586207,0.28445217
2375,0.99417335,False,Dendritic cells,Dendritic cells,0.16666667,0.17631309,0.2,0.19774713,0.2,0.20200683,0.43333334,0.42393294
3837,0.99417126,False,Luminal_Macrophages,Luminal_Macrophages,0.3448276,0.33317006,0.31034482,0.3152692,0.2413793,0.24514475,0.10344828,0.10641591
879,0.99416715,False,Type 2 alveolar,Type 2 alveolar,0.19354838,0.20504119,0.3548387,0.3443485,0.2580645,0.25688905,0.19354838,0.19372132
3656,0.9941671,False,Luminal_Macrophages,Type 2 alveolar,0.3,0.29710355,0.3,0.29717064,0.23333333,0.22739336,0.16666667,0.17833243
2541,0.9941645,False,Luminal_Macrophages,Luminal_Macrophages,0.36666667,0.37559238,0.36666667,0.3694119,0.13333334,0.13114169,0.13333334,0.123854
2825,0.9941635,False,Luminal_Macrophages,Luminal_Macrophages,0.3548387,0.3498368,0.29032257,0.29358628,0.032258064,0.040667407,0.32258064,0.31590953
686,0.9941617,False,Fibroblasts,Fibroblasts,0.23333333,0.24327172,0.13333334,0.12860993,0.33333334,0.32638025,0.3,0.30173817
1387,0.99416023,False,Luminal_Macrophages,Luminal_Macrophages,0.33333334,0.33643314,0.3,0.30604365,0.33333334,0.32165378,0.033333335,0.035869453
333,0.99415755,False,Dendritic cells,Dendritic cells,0.26666668,0.26992682,0.3,0.2979577,0.06666667,0.07509145,0.36666667,0.357024
2442,0.9941538,False,Fibroblasts,Fibroblasts,0.26666668,0.27627397,0.3,0.29851156,0.33333334,0.3231294,0.1,0.10208503
545,0.9941526,False,Type 2 alveolar,Type 2 alveolar,0.033333335,0.044589914,0.4,0.3906404,0.2,0.2004382,0.36666667,0.36433142
1162,0.99415225,False,Dendritic cells,Dendritic cells,0.26666668,0.275271,0.16666667,0.1697579,0.23333333,0.23113312,0.33333334,0.32383803
1321,0.99415064,False,Fibroblasts,Fibroblasts,0.26666668,0.2686984,0.16666667,0.17221615,0.5,0.48830125,0.06666667,0.070784226
1410,0.9941406,False,Dendritic cells,Dendritic cells,0.12903225,0.13422388,0.19354838,0.19805415,0.32258064,0.32460198,0.3548387,0.34312004
2745,0.994136,False,Luminal_Macrophages,Luminal_Macrophages,0.36666667,0.3732517,0.36666667,0.3690314,0.2,0.20277826,0.06666667,0.054938637
64,0.9941321,False,Luminal_Macrophages,Luminal_Macrophages,0.33333334,0.32399353,0.16666667,0.16427062,0.3,0.30391356,0.2,0.20782225
4076,0.9941305,False,Luminal_Macrophages,Luminal_Macrophages,0.26666668,0.2611292,0.23333333,0.23668477,0.26666668,0.26046517,0.23333333,0.24172083
3529,0.9941296,False,Dendritic cells,Dendritic cells,0.23333333,0.23735553,0.16666667,0.17438532,0.26666668,0.26430058,0.33333334,0.32395864
3279,0.99412745,False,Fibroblasts,Fibroblasts,0.23333333,0.23463386,0.23333333,0.23366371,0.3,0.28825495,0.23333333,0.2434475
1919,0.99412525,False,Luminal_Macrophages,Type 2 alveolar,0.33333334,0.32576326,0.33333334,0.3291539,0.06666667,0.06719528,0.26666668,0.2778876
3153,0.99412525,False,Dendritic cells,Dendritic cells,0.033333335,0.042783376,0.36666667,0.36896613,0.2,0.19989124,0.4,0.3883592
1115,0.9941242,False,Fibroblasts,Fibroblasts,0.2,0.20401222,0.3,0.30773953,0.36666667,0.35972616,0.13333334,0.12852216
380,0.9941174,False,Type 2 alveolar,Type 2 alveolar,0.27586207,0.26655066,0.37931034,0.37848935,0.1724138,0.17078099,0.1724138,0.18417902
2861,0.99411666,False,Dendritic cells,Dendritic cells,0.20689656,0.2107058,0.06896552,0.057198875,0.2413793,0.24859577,0.4827586,0.48349962
3121,0.9941148,False,Type 2 alveolar,Type 2 alveolar,0.3,0.3047065,0.36666667,0.35615045,0.2,0.20706391,0.13333334,0.13207914
1539,0.99411154,False,Luminal_Macrophages,Luminal_Macrophages,0.37931034,0.36753348,0.03448276,0.03883308,0.31034482,0.3114672,0.27586207,0.28216627
1483,0.9941115,False,Fibroblasts,Fibroblasts,0.2580645,0.26747423,0.032258064,0.034625407,0.3548387,0.34975344,0.3548387,0.34814695
1508,0.9941067,False,Fibroblasts,Fibroblasts,0.1,0.104582764,0.06666667,0.06102804,0.43333334,0.42718545,0.4,0.4072038
958,0.99410427,False,Fibroblasts,Fibroblasts,0.2,0.20445365,0.33333334,0.33863732,0.36666667,0.35487524,0.1,0.10203379
2998,0.9941019,False,Dendritic cells,Dendritic cells,0.26666668,0.2646519,0.23333333,0.24030064,0.06666667,0.071495585,0.43333334,0.42355183
2059,0.9941012,False,Fibroblasts,Fibroblasts,0.22580644,0.23422903,0.32258064,0.32595557,0.3548387,0.3450074,0.09677419,0.094807975
989,0.9941011,False,Type 2 alveolar,Type 2 alveolar,0.26666668,0.27790213,0.33333334,0.3246617,0.2,0.20056239,0.2,0.1968738
2776,0.99410087,False,Fibroblasts,Fibroblasts,0.06451613,0.07631441,0.29032257,0.28562143,0.32258064,0.31983095,0.32258064,0.3182332
4240,0.9940997,False,Luminal_Macrophages,Luminal_Macrophages,0.33333334,0.34513393,0.33333334,0.32992128,0.23333333,0.23160115,0.1,0.09334365
3964,0.9940988,False,Dendritic cells,Dendritic cells,0.2413793,0.24411105,0.27586207,0.27413127,0.1724138,0.16234215,0.31034482,0.31941557
3889,0.9940969,False,Type 2 alveolar,Type 2 alveolar,0.3,0.30305034,0.36666667,0.35486042,0.13333334,0.1341443,0.2,0.20794497
3195,0.9940954,False,Fibroblasts,Fibroblasts,0.16666667,0.17847587,0.33333334,0.33198866,0.36666667,0.3607063,0.13333334,0.12882915
1708,0.99409515,False,Luminal_Macrophages,Luminal_Macrophages,0.36666667,0.3557934,0.26666668,0.27156055,0.2,0.19906358,0.16666667,0.1735825
3946,0.9940914,False,Type 2 alveolar,Type 2 alveolar,0.16666667,0.16920903,0.46666667,0.4548494,0.033333335,0.03787349,0.33333334,0.33806807
912,0.99409,False,Dendritic cells,Dendritic cells,0.29032257,0.2989323,0.16129032,0.16450061,0.22580644,0.22272561,0.32258064,0.3138415
1595,0.9940875,False,Type 2 alveolar,Type 2 alveolar,0.20689656,0.20635971,0.3448276,0.33353943,0.20689656,0.20769426,0.2413793,0.2524066
1712,0.99408644,False,Luminal_Macrophages,Luminal_Macrophages,0.31034482,0.31186795,0.27586207,0.2861661,0.2413793,0.23619151,0.1724138,0.16577445
3197,0.99408644,False,Luminal_Macrophages,Dendritic cells,0.31034482,0.31603843,0.10344828,0.09684182,0.27586207,0.27064142,0.31034482,0.3164783
4769,0.9940858,False,Type 2 alveolar,Dendritic cells,0.06666667,0.07371841,0.36666667,0.35962576,0.2,0.2047766,0.36666667,0.3618792
1839,0.9940856,False,Luminal_Macrophages,Luminal_Macrophages,0.3548387,0.360816,0.3548387,0.35405356,0.19354838,0.19939992,0.09677419,0.085730605
1288,0.99408054,False,Fibroblasts,Fibroblasts,0.26666668,0.2715602,0.2,0.20694534,0.3,0.2903942,0.23333333,0.23110023
3760,0.9940796,False,Luminal_Macrophages,Luminal_Macrophages,0.43333334,0.43778592,0.23333333,0.22149245,0.06666667,0.07084624,0.26666668,0.26987535
2460,0.99407876,False,Luminal_Macrophages,Luminal_Macrophages,0.37931034,0.38665518,0.06896552,0.066837914,0.37931034,0.36959544,0.1724138,0.17691143
524,0.99407727,False,Dendritic cells,Dendritic cells,0.1,0.11010984,0.3,0.29879054,0.23333333,0.23506898,0.36666667,0.35603067
4793,0.9940741,False,Type 2 alveolar,Type 2 alveolar,0.2413793,0.2525114,0.3448276,0.33367363,0.1724138,0.171716,0.2413793,0.24209894
3208,0.9940736,False,Fibroblasts,Fibroblasts,0.06896552,0.07642577,0.2413793,0.2457718,0.37931034,0.37028378,0.31034482,0.30751866
619,0.99406713,False,Type 2 alveolar,Type 2 alveolar,0.09677419,0.0983314,0.4516129,0.4445912,0.032258064,0.04256661,0.41935483,0.4145108
4,0.99406666,False,Fibroblasts,Dendritic cells,0.23333333,0.23961355,0.23333333,0.23097013,0.26666668,0.2571632,0.26666668,0.27225316
3449,0.99406576,False,Type 2 alveolar,Type 2 alveolar,0.32258064,0.3344491,0.3548387,0.3519831,0.16129032,0.16090491,0.16129032,0.15266284
3127,0.9940605,False,Fibroblasts,Fibroblasts,0.033333335,0.038491577,0.33333334,0.3308563,0.46666667,0.45726472,0.16666667,0.17338745
4081,0.99405855,False,Fibroblasts,Fibroblasts,0.26666668,0.2785496,0.26666668,0.26194745,0.3,0.2933209,0.16666667,0.16618206
3583,0.9940561,False,Type 2 alveolar,Type 2 alveolar,0.27586207,0.2863889,0.3448276,0.33669642,0.27586207,0.27210546,0.10344828,0.10480921
3535,0.994056,False,Type 2 alveolar,Type 2 alveolar,0.29032257,0.2878495,0.3548387,0.3454238,0.09677419,0.099001564,0.2580645,0.26772517
250,0.9940558,False,Dendritic cells,Dendritic cells,0.29032257,0.30221093,0.22580644,0.22338693,0.12903225,0.12820192,0.3548387,0.3462002
4739,0.9940553,False,Type 2 alveolar,Type 2 alveolar,0.1,0.10793033,0.33333334,0.3222939,0.3,0.30395907,0.26666668,0.26581663
2709,0.9940547,False,Fibroblasts,Fibroblasts,0.06666667,0.0657459,0.16666667,0.15823415,0.56666666,0.5641293,0.2,0.21189062
503,0.99405134,False,Dendritic cells,Dendritic cells,0.1,0.11110905,0.36666667,0.36745498,0.13333334,0.12545516,0.4,0.3959808
1644,0.994051,False,Fibroblasts,Fibroblasts,0.033333335,0.039924834,0.3,0.30530658,0.36666667,0.3621136,0.3,0.29265496
4194,0.9940508,False,Type 2 alveolar,Type 2 alveolar,0.2,0.21145526,0.3,0.29715344,0.23333333,0.22428152,0.26666668,0.26710984
3187,0.99404925,False,Type 2 alveolar,Type 2 alveolar,0.26666668,0.27174267,0.33333334,0.32554632,0.13333334,0.12921882,0.26666668,0.27349216
1469,0.99404585,False,Luminal_Macrophages,Dendritic cells,0.3,0.30248994,0.26666668,0.25966144,0.13333334,0.12843025,0.3,0.30941838
2879,0.9940401,False,Fibroblasts,Fibroblasts,0.13333334,0.14012219,0.3,0.2976294,0.33333334,0.32378405,0.23333333,0.23846439
1079,0.9940382,False,Fibroblasts,Fibroblasts,0.06451613,0.06879895,0.12903225,0.11898881,0.41935483,0.41747478,0.38709676,0.39473745
2116,0.9940367,False,Type 2 alveolar,Type 2 alveolar,0.09677419,0.10538877,0.3548387,0.34390113,0.29032257,0.2936347,0.2580645,0.25707546
402,0.9940349,False,Luminal_Macrophages,Dendritic cells,0.26666668,0.2612431,0.2,0.20086014,0.26666668,0.26015997,0.26666668,0.27773672
2932,0.99403274,False,Dendritic cells,Dendritic cells,0.3,0.30131117,0.13333334,0.14395663,0.23333333,0.23244235,0.33333334,0.32228985
284,0.9940324,False,Luminal_Macrophages,Dendritic cells,0.31034482,0.3128854,0.20689656,0.20642143,0.1724138,0.16095369,0.31034482,0.31973943
802,0.9940323,False,Luminal_Macrophages,Luminal_Macrophages,0.33333334,0.32336828,0.2,0.20731714,0.3,0.29802966,0.16666667,0.17128491
4897,0.9940313,False,Type 2 alveolar,Type 2 alveolar,0.06666667,0.06303819,0.33333334,0.3255104,0.3,0.29951406,0.3,0.3119374
1319,0.9940297,False,Type 2 alveolar,Type 2 alveolar,0.13333334,0.13182783,0.3,0.2949659,0.3,0.29459897,0.26666668,0.2786073
3275,0.9940288,False,Fibroblasts,Fibroblasts,0.26666668,0.2649724,0.033333335,0.043035153,0.4,0.38975185,0.3,0.30224064
347,0.99402803,False,Dendritic cells,Dendritic cells,0.31034482,0.32228875,0.1724138,0.16804254,0.13793103,0.13419382,0.37931034,0.37547487
1411,0.99402666,False,Dendritic cells,Dendritic cells,0.16666667,0.17836542,0.26666668,0.26691458,0.23333333,0.23329642,0.33333334,0.3214236
3853,0.9940256,False,Fibroblasts,Fibroblasts,0.09677419,0.092436664,0.12903225,0.13378328,0.41935483,0.4117436,0.3548387,0.36203647
3614,0.9940221,False,Fibroblasts,Fibroblasts,0.2,0.20875911,0.26666668,0.26986343,0.33333334,0.32995975,0.2,0.19141766
3318,0.9940204,False,Dendritic cells,Dendritic cells,0.26666668,0.27640516,0.06666667,0.054707468,0.2,0.20184731,0.46666667,0.4670401
160,0.9940194,False,Luminal_Macrophages,Luminal_Macrophages,0.3,0.3060581,0.13333334,0.12179345,0.3,0.29957867,0.26666668,0.27256978
2943,0.99401885,False,Type 2 alveolar,Type 2 alveolar,0.23333333,0.24231203,0.3,0.2905248,0.26666668,0.2641796,0.2,0.20298359
3830,0.9940181,False,Luminal_Macrophages,Dendritic cells,0.27586207,0.27979612,0.1724138,0.16555119,0.27586207,0.27076077,0.27586207,0.28389192
2714,0.99401623,False,Dendritic cells,Dendritic cells,0.033333335,0.045300853,0.36666667,0.36463946,0.16666667,0.16277248,0.43333334,0.42728722
1224,0.9940156,False,Dendritic cells,Dendritic cells,0.13333334,0.14530224,0.2,0.1989594,0.2,0.19796845,0.46666667,0.45776996
2217,0.99401486,False,Luminal_Macrophages,Luminal_Macrophages,0.32258064,0.32462436,0.32258064,0.31085584,0.032258064,0.042184707,0.32258064,0.32233512
1736,0.9940146,False,Dendritic cells,Dendritic cells,0.032258064,0.044228785,0.32258064,0.3166802,0.2580645,0.25657254,0.38709676,0.38251847
4879,0.994014,False,Type 2 alveolar,Type 2 alveolar,0.033333335,0.044543013,0.46666667,0.45942536,0.4,0.40076235,0.1,0.09526932
188,0.9940137,False,Luminal_Macrophages,Type 2 alveolar,0.3,0.3036257,0.3,0.3083469,0.3,0.29294384,0.1,0.09508361
3977,0.99401283,False,Type 2 alveolar,Type 2 alveolar,0.2,0.20678365,0.36666667,0.3546923,0.26666668,0.2668399,0.16666667,0.17168415
2087,0.99401224,False,Dendritic cells,Dendritic cells,0.1,0.10629473,0.16666667,0.16233033,0.33333334,0.33901414,0.4,0.3923608
3521,0.99401057,False,Type 2 alveolar,Type 2 alveolar,0.16129032,0.17069368,0.41935483,0.4122978,0.06451613,0.0670917,0.3548387,0.34991688
3048,0.9940077,False,Luminal_Macrophages,Luminal_Macrophages,0.33333334,0.3423931,0.3,0.2971694,0.33333334,0.32417932,0.033333335,0.0362581
1827,0.9940062,False,Type 2 alveolar,Type 2 alveolar,0.23333333,0.24532093,0.3,0.29922727,0.16666667,0.1606602,0.3,0.2947916
4670,0.99400616,False,Luminal_Macrophages,Luminal_Macrophages,0.36666667,0.36563405,0.36666667,0.36089265,0.13333334,0.12815224,0.13333334,0.14532107
4391,0.99400574,False,Luminal_Macrophages,Luminal_Macrophages,0.4,0.39140975,0.3,0.3055184,0.1,0.096601784,0.2,0.20647009
1081,0.99400026,False,Fibroblasts,Fibroblasts,0.13333334,0.14533284,0.36666667,0.3630619,0.4,0.39719036,0.1,0.09441494
511,0.9939986,False,Luminal_Macrophages,Luminal_Macrophages,0.43333334,0.42875746,0.033333335,0.035268843,0.36666667,0.35923973,0.16666667,0.17673397
419,0.99399847,False,Fibroblasts,Fibroblasts,0.26666668,0.27568766,0.26666668,0.26964876,0.3,0.29113528,0.16666667,0.16352831
2551,0.9939928,False,Dendritic cells,Dendritic cells,0.09677419,0.09067082,0.32258064,0.33316094,0.19354838,0.1949825,0.38709676,0.38118574
624,0.9939908,False,Luminal_Macrophages,Luminal_Macrophages,0.3548387,0.34664154,0.22580644,0.23367089,0.09677419,0.09295293,0.32258064,0.32673463
1496,0.9939907,False,Type 2 alveolar,Type 2 alveolar,0.38709676,0.3859325,0.41935483,0.40850055,0.16129032,0.1672969,0.032258064,0.038270112
1999,0.99398327,False,Type 2 alveolar,Dendritic cells,0.13333334,0.12729356,0.3,0.29400635,0.26666668,0.27136004,0.3,0.30734006
2266,0.9939818,False,Fibroblasts,Fibroblasts,0.06666667,0.07203946,0.23333333,0.23999698,0.36666667,0.35521287,0.33333334,0.3327507
1036,0.99397975,False,Dendritic cells,Dendritic cells,0.033333335,0.038234416,0.3,0.29398835,0.1,0.09397116,0.56666666,0.57380605
2781,0.9939785,False,Type 2 alveolar,Fibroblasts,0.22580644,0.2137635,0.29032257,0.2906316,0.29032257,0.29179037,0.19354838,0.20381455
4394,0.9939773,False,Fibroblasts,Fibroblasts,0.3,0.29858008,0.2,0.21204533,0.33333334,0.3241412,0.16666667,0.16523339
2447,0.9939762,False,Type 2 alveolar,Type 2 alveolar,0.13333334,0.13486023,0.33333334,0.32136455,0.26666668,0.26658782,0.26666668,0.27718738
1153,0.99397475,False,Type 2 alveolar,Type 2 alveolar,0.23333333,0.24499081,0.3,0.29363284,0.26666668,0.26098335,0.2,0.20039304
1740,0.993971,False,Type 2 alveolar,Fibroblasts,0.1,0.0959998,0.36666667,0.36036935,0.36666667,0.36490622,0.16666667,0.17872463
4153,0.9939642,False,Luminal_Macrophages,Luminal_Macrophages,0.4,0.38792843,0.2,0.206575,0.2,0.20156777,0.2,0.20392878
3771,0.9939608,False,Dendritic cells,Dendritic cells,0.26666668,0.27096784,0.06666667,0.061092265,0.3,0.3077772,0.36666667,0.36016268
4150,0.9939606,False,Type 2 alveolar,Type 2 alveolar,0.3,0.3060463,0.36666667,0.36110932,0.23333333,0.23936579,0.1,0.0934786
1677,0.9939581,False,Type 2 alveolar,Type 2 alveolar,0.3,0.30944127,0.36666667,0.3591954,0.13333334,0.1287208,0.2,0.20264256
2523,0.9939565,False,Type 2 alveolar,Type 2 alveolar,0.1,0.103631,0.7,0.68791294,0.16666667,0.17374265,0.033333335,0.034713384
2125,0.99395597,False,Luminal_Macrophages,Fibroblasts,0.3448276,0.33836955,0.20689656,0.21898456,0.3448276,0.34090948,0.10344828,0.1017364
4774,0.99395555,False,Type 2 alveolar,Type 2 alveolar,0.2413793,0.25183207,0.31034482,0.30183607,0.1724138,0.16883364,0.27586207,0.27749822
3200,0.99395376,False,Type 2 alveolar,Type 2 alveolar,0.3,0.30460766,0.33333334,0.3265508,0.26666668,0.27415153,0.1,0.09469001
4523,0.99395216,False,Luminal_Macrophages,Luminal_Macrophages,0.37931034,0.36721465,0.20689656,0.20818982,0.1724138,0.17434941,0.2413793,0.25024614
1045,0.9939479,False,Fibroblasts,Fibroblasts,0.16129032,0.16242163,0.29032257,0.2952905,0.38709676,0.37499258,0.16129032,0.16729528
3924,0.9939469,False,Type 2 alveolar,Type 2 alveolar,0.22580644,0.23791257,0.3548387,0.34707665,0.09677419,0.09485724,0.32258064,0.3201535
1379,0.99394494,False,Dendritic cells,Dendritic cells,0.06666667,0.06767194,0.26666668,0.27424502,0.26666668,0.2701931,0.4,0.38788992
1453,0.9939417,False,Dendritic cells,Dendritic cells,0.1,0.101788774,0.16666667,0.16305374,0.3,0.31032774,0.43333334,0.42482972
1578,0.9939415,False,Luminal_Macrophages,Luminal_Macrophages,0.3448276,0.3366448,0.1724138,0.18228045,0.2413793,0.2374451,0.2413793,0.2436297
4048,0.99394107,False,Fibroblasts,Dendritic cells,0.2,0.20869404,0.2,0.20342386,0.3,0.2919563,0.3,0.2959258
826,0.99394006,False,Dendritic cells,Dendritic cells,0.16666667,0.17878659,0.26666668,0.26256546,0.06666667,0.061681546,0.5,0.4969664
3719,0.9939375,False,Luminal_Macrophages,Luminal_Macrophages,0.3448276,0.34213293,0.10344828,0.09401792,0.27586207,0.2818669,0.27586207,0.28198224
2522,0.9939363,False,Type 2 alveolar,Dendritic cells,0.1724138,0.18454126,0.31034482,0.3019237,0.20689656,0.20639703,0.31034482,0.30713806
1308,0.9939358,False,Dendritic cells,Dendritic cells,0.033333335,0.037257068,0.2,0.19656079,0.23333333,0.22464417,0.53333336,0.54153794
4915,0.9939307,False,Fibroblasts,Fibroblasts,0.16666667,0.17444803,0.16666667,0.1654928,0.36666667,0.35570198,0.3,0.3043572
4288,0.99393004,False,Dendritic cells,Dendritic cells,0.2413793,0.24578251,0.10344828,0.09130834,0.2413793,0.24624307,0.41379312,0.416666
2439,0.99392796,False,Fibroblasts,Fibroblasts,0.06666667,0.07698247,0.06666667,0.068495,0.6666667,0.65752316,0.2,0.1969994
3945,0.993927,False,Type 2 alveolar,Type 2 alveolar,0.36666667,0.37071672,0.4,0.38785404,0.033333335,0.038731195,0.2,0.2026981
2518,0.99392647,False,Fibroblasts,Dendritic cells,0.26666668,0.2738391,0.13333334,0.1226273,0.3,0.29855898,0.3,0.30497468
4053,0.9939257,False,Type 2 alveolar,Type 2 alveolar,0.2,0.20619307,0.33333334,0.32353824,0.23333333,0.23097986,0.23333333,0.23928885
1221,0.99392486,False,Dendritic cells,Dendritic cells,0.13793103,0.14513218,0.27586207,0.28081125,0.2413793,0.23685035,0.3448276,0.33720624
4552,0.99392444,False,Fibroblasts,Fibroblasts,0.2,0.19788668,0.3,0.31215113,0.33333334,0.32932752,0.16666667,0.16063462
2005,0.9939243,False,Dendritic cells,Dendritic cells,0.23333333,0.2454847,0.3,0.29793555,0.13333334,0.12567994,0.33333334,0.33089975
1865,0.993924,False,Luminal_Macrophages,Luminal_Macrophages,0.53333336,0.5432143,0.33333334,0.33018744,0.033333335,0.035604313,0.1,0.090993926
1273,0.9939219,False,Fibroblasts,Dendritic cells,0.13333334,0.14141203,0.06666667,0.055218045,0.4,0.3992923,0.4,0.40407756
2211,0.9939218,False,Luminal_Macrophages,Luminal_Macrophages,0.33333334,0.3388398,0.33333334,0.3297293,0.26666668,0.2733166,0.06666667,0.058114287
2259,0.9939192,False,Luminal_Macrophages,Luminal_Macrophages,0.41379312,0.41645733,0.10344828,0.09382575,0.1724138,0.1698747,0.31034482,0.31984228
3838,0.99391794,False,Luminal_Macrophages,Luminal_Macrophages,0.516129,0.50396496,0.032258064,0.03845687,0.22580644,0.22617133,0.22580644,0.23140682
1208,0.9939166,False,Luminal_Macrophages,Luminal_Macrophages,0.3448276,0.34756368,0.2413793,0.2508101,0.06896552,0.06850367,0.3448276,0.3331225
260,0.99390954,False,Luminal_Macrophages,Luminal_Macrophages,0.4,0.39725047,0.033333335,0.040134154,0.36666667,0.3572353,0.2,0.20538004
334,0.9939061,False,Type 2 alveolar,Type 2 alveolar,0.23333333,0.24552116,0.33333334,0.32625654,0.13333334,0.13013124,0.3,0.29809105
3986,0.9938996,False,Luminal_Macrophages,Luminal_Macrophages,0.3,0.30381605,0.26666668,0.2750514,0.3,0.29325056,0.13333334,0.12788196
4949,0.993898,False,Fibroblasts,Fibroblasts,0.23333333,0.23448104,0.16666667,0.16976212,0.33333334,0.32112932,0.26666668,0.2746275
4359,0.9938929,False,Luminal_Macrophages,Luminal_Macrophages,0.3548387,0.34434003,0.32258064,0.32183886,0.2580645,0.27027875,0.06451613,0.063542426
364,0.993888,False,Fibroblasts,Fibroblasts,0.1,0.094132915,0.36666667,0.36562583,0.4,0.39468393,0.13333334,0.14555733
4145,0.9938822,False,Dendritic cells,Dendritic cells,0.3,0.30367228,0.033333335,0.03820089,0.3,0.30369574,0.36666667,0.354431
2544,0.9938819,False,Luminal_Macrophages,Luminal_Macrophages,0.36666667,0.35969067,0.26666668,0.27890295,0.2,0.1951551,0.16666667,0.1662513
3636,0.9938812,False,Type 2 alveolar,Type 2 alveolar,0.12903225,0.14126982,0.38709676,0.38665712,0.38709676,0.380655,0.09677419,0.09141811
404,0.99387753,False,Luminal_Macrophages,Luminal_Macrophages,0.33333334,0.3332334,0.3,0.31224492,0.23333333,0.23074402,0.13333334,0.12377765
3979,0.99387246,False,Fibroblasts,Fibroblasts,0.13793103,0.14919303,0.20689656,0.20788963,0.55172414,0.5403245,0.10344828,0.10259283
535,0.9938712,False,Fibroblasts,Fibroblasts,0.06451613,0.073317535,0.19354838,0.19700454,0.41935483,0.4081007,0.32258064,0.32157716
159,0.99386805,False,Luminal_Macrophages,Luminal_Macrophages,0.3,0.28773615,0.26666668,0.27223444,0.26666668,0.2674105,0.16666667,0.17261894
973,0.9938589,False,Dendritic cells,Dendritic cells,0.033333335,0.043805186,0.2,0.20143121,0.26666668,0.26704586,0.5,0.48771778
4561,0.9938553,False,Type 2 alveolar,Dendritic cells,0.26666668,0.26374063,0.33333334,0.32397002,0.06666667,0.06884725,0.33333334,0.34344217
1815,0.993851,False,Luminal_Macrophages,Luminal_Macrophages,0.3,0.30754548,0.16666667,0.17141923,0.23333333,0.22766484,0.3,0.29337052
2652,0.9938501,False,Type 2 alveolar,Type 2 alveolar,0.22580644,0.23634265,0.516129,0.5178926,0.12903225,0.121151716,0.12903225,0.12461305
2588,0.9938496,False,Luminal_Macrophages,Luminal_Macrophages,0.31034482,0.31773192,0.2413793,0.24629305,0.27586207,0.26947346,0.1724138,0.16650155
2677,0.9938493,False,Luminal_Macrophages,Luminal_Macrophages,0.33333334,0.336351,0.33333334,0.32677007,0.033333335,0.04261708,0.3,0.29426184
801,0.9938453,False,Luminal_Macrophages,Luminal_Macrophages,0.33333334,0.32789025,0.23333333,0.24214649,0.33333334,0.32646698,0.1,0.10349621
393,0.9938426,False,Dendritic cells,Dendritic cells,0.2,0.20699023,0.2,0.19392605,0.16666667,0.16042586,0.43333334,0.43865782
1514,0.99384135,False,Type 2 alveolar,Type 2 alveolar,0.3,0.3036139,0.33333334,0.32573047,0.16666667,0.16195223,0.2,0.20870341
3944,0.99384004,False,Fibroblasts,Dendritic cells,0.13333334,0.13879712,0.13333334,0.12101333,0.36666667,0.368301,0.36666667,0.3718885
687,0.9938398,False,Dendritic cells,Dendritic cells,0.31034482,0.31652576,0.27586207,0.2753258,0.03448276,0.040622186,0.37931034,0.36752626
4483,0.99383175,False,Type 2 alveolar,Type 2 alveolar,0.2,0.21233648,0.36666667,0.35914215,0.1,0.09718161,0.33333334,0.33133972
23,0.9938312,False,Type 2 alveolar,Type 2 alveolar,0.09677419,0.102519535,0.4516129,0.44330987,0.032258064,0.038850304,0.41935483,0.41532028
2711,0.9938289,False,Fibroblasts,Fibroblasts,0.32258064,0.3335415,0.09677419,0.098155566,0.3548387,0.34778127,0.22580644,0.22052169
2716,0.993828,False,Type 2 alveolar,Type 2 alveolar,0.032258064,0.03738621,0.87096775,0.8617862,0.032258064,0.039473888,0.06451613,0.06135374
1185,0.9938263,False,Luminal_Macrophages,Luminal_Macrophages,0.33333334,0.33172917,0.26666668,0.27901402,0.23333333,0.22945641,0.16666667,0.15980041
4906,0.9938262,False,Type 2 alveolar,Type 2 alveolar,0.33333334,0.34568092,0.43333334,0.42587283,0.1,0.097572245,0.13333334,0.13087396
3249,0.99382323,False,Dendritic cells,Dendritic cells,0.3,0.3073767,0.06666667,0.06696432,0.23333333,0.23801252,0.4,0.38764647
3987,0.99382323,False,Type 2 alveolar,Type 2 alveolar,0.033333335,0.03880151,0.43333334,0.42097977,0.4,0.404169,0.13333334,0.1360497
4550,0.9938224,False,Luminal_Macrophages,Luminal_Macrophages,0.29032257,0.30122072,0.29032257,0.2917796,0.29032257,0.28869236,0.12903225,0.11830728
1920,0.9938204,False,Fibroblasts,Fibroblasts,0.33333334,0.3301835,0.13333334,0.14218083,0.5,0.49079072,0.033333335,0.0368449
1512,0.993816,False,Dendritic cells,Dendritic cells,0.16666667,0.17499092,0.26666668,0.25917053,0.23333333,0.23737702,0.33333334,0.32846153
2937,0.99381596,False,Luminal_Macrophages,Type 2 alveolar,0.32258064,0.31997117,0.32258064,0.32026735,0.09677419,0.08932884,0.2580645,0.27043268
708,0.9938133,False,Luminal_Macrophages,Luminal_Macrophages,0.4,0.3917296,0.33333334,0.3457068,0.13333334,0.13234815,0.13333334,0.13021545
1475,0.99380755,False,Fibroblasts,Fibroblasts,0.33333334,0.33279023,0.2,0.21238492,0.4,0.38900408,0.06666667,0.065820746
4950,0.9938015,False,Type 2 alveolar,Type 2 alveolar,0.36666667,0.3790637,0.4,0.39675993,0.06666667,0.06564377,0.16666667,0.1585326
399,0.99380094,False,Dendritic cells,Dendritic cells,0.1,0.09702369,0.3,0.3123981,0.16666667,0.16430622,0.43333334,0.42627198
1126,0.99380076,False,Dendritic cells,Dendritic cells,0.033333335,0.04441602,0.26666668,0.26798248,0.23333333,0.23306286,0.46666667,0.45453864
1267,0.99379766,False,Luminal_Macrophages,Luminal_Macrophages,0.36666667,0.3730938,0.033333335,0.03466771,0.36666667,0.35426193,0.23333333,0.2379765
4283,0.993796,False,Fibroblasts,Fibroblasts,0.23333333,0.24574137,0.23333333,0.23306015,0.33333334,0.32362035,0.2,0.19757818
849,0.99379176,False,Luminal_Macrophages,Luminal_Macrophages,0.32258064,0.33499718,0.16129032,0.15764405,0.32258064,0.3161637,0.19354838,0.19119509
2414,0.99379164,False,Type 2 alveolar,Type 2 alveolar,0.23333333,0.2403924,0.33333334,0.32440022,0.16666667,0.16318306,0.26666668,0.27202433
2637,0.99378914,False,Dendritic cells,Dendritic cells,0.22580644,0.23667635,0.22580644,0.22735831,0.16129032,0.15605482,0.38709676,0.3799106
2036,0.9937835,False,Type 2 alveolar,Type 2 alveolar,0.41379312,0.40327412,0.44827586,0.4463618,0.03448276,0.043153305,0.10344828,0.10721083
3805,0.99378276,False,Dendritic cells,Dendritic cells,0.27586207,0.28583634,0.10344828,0.09526404,0.27586207,0.27832225,0.3448276,0.34057736
226,0.99378234,False,Luminal_Macrophages,Luminal_Macrophages,0.33333334,0.34106073,0.26666668,0.2713746,0.3,0.2984433,0.1,0.08912138
448,0.9937814,False,Fibroblasts,Fibroblasts,0.2413793,0.24913554,0.27586207,0.27912724,0.3448276,0.33239037,0.13793103,0.13934685
3863,0.9937805,False,Luminal_Macrophages,Type 2 alveolar,0.26666668,0.2611977,0.26666668,0.2684019,0.26666668,0.25969657,0.2,0.21070379
2681,0.9937788,False,Dendritic cells,Dendritic cells,0.32258064,0.33022168,0.09677419,0.08764375,0.22580644,0.2306078,0.3548387,0.35152677
4700,0.9937778,False,Luminal_Macrophages,Luminal_Macrophages,0.3,0.29997954,0.23333333,0.22496368,0.2,0.1959457,0.26666668,0.2791111
2135,0.9937761,False,Dendritic cells,Dendritic cells,0.06666667,0.05866418,0.033333335,0.037409984,0.4,0.39555463,0.5,0.50837123
876,0.9937743,False,Fibroblasts,Fibroblasts,0.19354838,0.19472067,0.19354838,0.18817984,0.32258064,0.3154978,0.29032257,0.3016017
2830,0.99376845,False,Fibroblasts,Fibroblasts,0.23333333,0.2317449,0.2,0.20214711,0.33333334,0.3224587,0.23333333,0.24364927
1963,0.99376094,False,Fibroblasts,Fibroblasts,0.26666668,0.27618036,0.3,0.29575124,0.33333334,0.32510397,0.1,0.10296441
359,0.993757,False,Dendritic cells,Dendritic cells,0.06666667,0.067036614,0.13333334,0.1208474,0.33333334,0.34352505,0.46666667,0.46859095
986,0.9937561,False,Luminal_Macrophages,Dendritic cells,0.38709676,0.37714753,0.19354838,0.1910099,0.032258064,0.040133856,0.38709676,0.3917088
2322,0.9937527,False,Fibroblasts,Fibroblasts,0.06666667,0.07916128,0.16666667,0.16074874,0.4,0.39489323,0.36666667,0.36519682
3083,0.9937522,False,Type 2 alveolar,Type 2 alveolar,0.3,0.29330772,0.33333334,0.32865986,0.13333334,0.13220352,0.23333333,0.24582893
4654,0.9937487,False,Fibroblasts,Fibroblasts,0.16666667,0.17916925,0.13333334,0.13073765,0.53333336,0.52601135,0.16666667,0.1640818
644,0.9937478,False,Luminal_Macrophages,Luminal_Macrophages,0.3,0.2917295,0.26666668,0.27131626,0.23333333,0.22909938,0.2,0.20785487
1643,0.9937454,False,Luminal_Macrophages,Luminal_Macrophages,0.36666667,0.37561357,0.2,0.20356224,0.36666667,0.3613215,0.06666667,0.059502624
4344,0.99374497,False,Dendritic cells,Dendritic cells,0.16666667,0.17917673,0.26666668,0.2635703,0.23333333,0.23092924,0.33333334,0.32632366
4168,0.9937449,False,Luminal_Macrophages,Luminal_Macrophages,0.33333334,0.3291789,0.13333334,0.12806177,0.23333333,0.23024921,0.3,0.31251013
4958,0.993744,False,Dendritic cells,Dendritic cells,0.2,0.21251196,0.2,0.19368374,0.23333333,0.23202625,0.36666667,0.36177805
2933,0.99374294,False,Fibroblasts,Fibroblasts,0.3,0.30017316,0.13333334,0.12754945,0.36666667,0.3599364,0.2,0.21234103
1824,0.9937392,False,Fibroblasts,Fibroblasts,0.33333334,0.34585494,0.1,0.09675497,0.43333334,0.4295841,0.13333334,0.12780598
3985,0.99373746,False,Fibroblasts,Fibroblasts,0.3548387,0.3533379,0.19354838,0.19654499,0.41935483,0.4083306,0.032258064,0.0417865
390,0.99373704,False,Fibroblasts,Fibroblasts,0.2413793,0.24340816,0.03448276,0.03842589,0.37931034,0.3667845,0.3448276,0.3513815
1990,0.9937366,False,Dendritic cells,Dendritic cells,0.19354838,0.18957308,0.32258064,0.33510742,0.12903225,0.12889487,0.3548387,0.34642467
2387,0.99373436,False,Dendritic cells,Dendritic cells,0.12903225,0.12495082,0.2580645,0.26765847,0.19354838,0.1964857,0.41935483,0.41090503
843,0.993733,False,Fibroblasts,Fibroblasts,0.16666667,0.16915865,0.23333333,0.23150401,0.33333334,0.32262865,0.26666668,0.2767087
1397,0.99373287,False,Luminal_Macrophages,Luminal_Macrophages,0.3,0.29675663,0.26666668,0.26349053,0.16666667,0.16055197,0.26666668,0.27920094
2695,0.99372953,False,Luminal_Macrophages,Luminal_Macrophages,0.41379312,0.40592405,0.2413793,0.24151497,0.03448276,0.04688804,0.31034482,0.30567294
2165,0.9937292,False,Luminal_Macrophages,Luminal_Macrophages,0.4516129,0.44486645,0.06451613,0.05872101,0.19354838,0.19649082,0.29032257,0.29992178
1862,0.9937257,False,Fibroblasts,Fibroblasts,0.06666667,0.065499805,0.1,0.10312681,0.5,0.48861837,0.33333334,0.34275508
4051,0.99372476,False,Fibroblasts,Fibroblasts,0.033333335,0.043603398,0.4,0.39322186,0.43333334,0.42756099,0.13333334,0.1356137
4040,0.99372387,False,Luminal_Macrophages,Luminal_Macrophages,0.33333334,0.34559476,0.33333334,0.3300239,0.26666668,0.26695746,0.06666667,0.057423882
2587,0.9937238,False,Luminal_Macrophages,Luminal_Macrophages,0.38709676,0.3987784,0.32258064,0.31875217,0.22580644,0.2266772,0.06451613,0.05579223
2304,0.993723,False,Luminal_Macrophages,Luminal_Macrophages,0.41935483,0.41349912,0.2580645,0.26519984,0.12903225,0.122333914,0.19354838,0.1989671
3444,0.9937186,False,Type 2 alveolar,Type 2 alveolar,0.1724138,0.17145032,0.3448276,0.3332283,0.31034482,0.31486687,0.1724138,0.1804545
2219,0.99371797,False,Fibroblasts,Fibroblasts,0.13333334,0.1458974,0.26666668,0.26133934,0.3,0.29706565,0.3,0.29569763
4442,0.9937149,False,Luminal_Macrophages,Luminal_Macrophages,0.44827586,0.45623863,0.03448276,0.03909017,0.06896552,0.06623082,0.44827586,0.43844038
349,0.99371487,False,Luminal_Macrophages,Luminal_Macrophages,0.37931034,0.37458688,0.2413793,0.2474623,0.10344828,0.095601425,0.27586207,0.28234938
4096,0.99371237,False,Dendritic cells,Dendritic cells,0.1,0.09623013,0.26666668,0.27358106,0.2,0.20566091,0.43333334,0.42452797
3108,0.9937105,False,Luminal_Macrophages,Luminal_Macrophages,0.33333334,0.32608294,0.3,0.31139326,0.13333334,0.12800469,0.23333333,0.23451908
19,0.9937015,False,Fibroblasts,Fibroblasts,0.033333335,0.03499947,0.16666667,0.17759751,0.46666667,0.45521423,0.33333334,0.33218876
3262,0.99369824,False,Fibroblasts,Fibroblasts,0.2,0.2002947,0.23333333,0.23184758,0.3,0.28888226,0.26666668,0.2789755
1445,0.99369544,False,Luminal_Macrophages,Luminal_Macrophages,0.3548387,0.34724864,0.29032257,0.29564142,0.32258064,0.31756157,0.032258064,0.039548345
4277,0.9936904,False,Type 2 alveolar,Type 2 alveolar,0.32258064,0.32692516,0.3548387,0.3438295,0.19354838,0.20182315,0.12903225,0.12742221
1287,0.99369025,False,Luminal_Macrophages,Luminal_Macrophages,0.5862069,0.58957326,0.27586207,0.28511518,0.06896552,0.057813324,0.06896552,0.06749822
707,0.9936891,False,Dendritic cells,Dendritic cells,0.10344828,0.114898786,0.10344828,0.0910484,0.37931034,0.37908846,0.41379312,0.41496438
4934,0.9936881,False,Dendritic cells,Dendritic cells,0.3,0.30984274,0.13333334,0.12447363,0.16666667,0.16290253,0.4,0.40278104
1823,0.9936844,False,Dendritic cells,Dendritic cells,0.26666668,0.26011238,0.26666668,0.2790477,0.16666667,0.16691683,0.3,0.29392305
2597,0.993683,False,Luminal_Macrophages,Luminal_Macrophages,0.46666667,0.4540326,0.033333335,0.038918987,0.36666667,0.36921468,0.13333334,0.13783376
2834,0.9936811,False,Dendritic cells,Dendritic cells,0.06666667,0.06328501,0.23333333,0.24258716,0.23333333,0.23671736,0.46666667,0.45741048
2694,0.99368006,False,Fibroblasts,Fibroblasts,0.13333334,0.1442677,0.06666667,0.06315837,0.6666667,0.6683722,0.13333334,0.12420177
3090,0.9936788,False,Luminal_Macrophages,Luminal_Macrophages,0.5,0.48735756,0.3,0.3053993,0.16666667,0.17386931,0.033333335,0.03337384
4970,0.9936782,False,Type 2 alveolar,Type 2 alveolar,0.12903225,0.12643073,0.4516129,0.44298232,0.32258064,0.33522427,0.09677419,0.09536272
3826,0.9936779,False,Luminal_Macrophages,Luminal_Macrophages,0.5,0.48830307,0.23333333,0.24408637,0.13333334,0.13522446,0.13333334,0.13238612
3647,0.993676,False,Fibroblasts,Fibroblasts,0.2,0.19780587,0.1,0.09576856,0.36666667,0.36044428,0.33333334,0.34598133
2122,0.99367243,False,Luminal_Macrophages,Luminal_Macrophages,0.36666667,0.35929704,0.33333334,0.34075898,0.13333334,0.12804785,0.16666667,0.17189611
1429,0.993664,False,Luminal_Macrophages,Luminal_Macrophages,0.43333334,0.42803285,0.13333334,0.12596188,0.033333335,0.04075604,0.4,0.40524915
4709,0.9936629,False,Type 2 alveolar,Type 2 alveolar,0.2,0.20923652,0.33333334,0.32717744,0.3,0.30343768,0.16666667,0.16014837
2159,0.9936558,False,Dendritic cells,Dendritic cells,0.033333335,0.046021786,0.33333334,0.3323847,0.23333333,0.23123267,0.4,0.39036086
3111,0.9936519,False,Type 2 alveolar,Type 2 alveolar,0.06666667,0.05397055,0.6333333,0.6363159,0.13333334,0.13742313,0.16666667,0.17229047
39,0.99364966,False,Type 2 alveolar,Type 2 alveolar,0.06666667,0.067128025,0.36666667,0.353966,0.33333334,0.334601,0.23333333,0.24430497
4764,0.99364924,False,Luminal_Macrophages,Luminal_Macrophages,0.43333334,0.42708495,0.26666668,0.27747995,0.13333334,0.12688017,0.16666667,0.16855496
1311,0.9936466,False,Dendritic cells,Dendritic cells,0.3,0.3026213,0.1,0.09322445,0.23333333,0.24341874,0.36666667,0.3607355
4045,0.99363214,False,Fibroblasts,Fibroblasts,0.23333333,0.23507178,0.26666668,0.2657358,0.33333334,0.3215285,0.16666667,0.17766392
3943,0.9936291,False,Type 2 alveolar,Type 2 alveolar,0.06666667,0.060253013,0.6,0.6026005,0.2,0.21014127,0.13333334,0.12700514
701,0.9936266,False,Fibroblasts,Fibroblasts,0.06666667,0.07039681,0.2,0.2031038,0.43333334,0.42058656,0.3,0.30591282
719,0.9936254,False,Type 2 alveolar,Fibroblasts,0.16666667,0.16346179,0.36666667,0.35995016,0.36666667,0.36383888,0.1,0.112749204
1545,0.9936247,False,Fibroblasts,Fibroblasts,0.2,0.20460825,0.23333333,0.22537869,0.3,0.295204,0.26666668,0.2748091
1123,0.99362016,False,Luminal_Macrophages,Luminal_Macrophages,0.3448276,0.35106635,0.3448276,0.33224258,0.13793103,0.1377564,0.1724138,0.17893468
4639,0.9936174,False,Luminal_Macrophages,Luminal_Macrophages,0.33333334,0.32197455,0.16666667,0.16794667,0.23333333,0.23192692,0.26666668,0.27815187
1859,0.9936168,False,Fibroblasts,Fibroblasts,0.23333333,0.24550016,0.13333334,0.12566529,0.33333334,0.32823503,0.3,0.30059952
4265,0.99361557,False,Luminal_Macrophages,Luminal_Macrophages,0.41935483,0.43119925,0.09677419,0.09017404,0.09677419,0.09060552,0.38709676,0.3880212
2185,0.99361396,False,Type 2 alveolar,Type 2 alveolar,0.33333334,0.34558272,0.4,0.38912815,0.16666667,0.16718931,0.1,0.09809979
4656,0.99361235,False,Type 2 alveolar,Dendritic cells,0.2,0.21277532,0.3,0.2943113,0.2,0.1970078,0.3,0.29590556
2579,0.9936122,False,Luminal_Macrophages,Luminal_Macrophages,0.4,0.38722435,0.033333335,0.035455946,0.23333333,0.23688537,0.33333334,0.3404343
3708,0.9936098,False,Luminal_Macrophages,Luminal_Macrophages,0.32258064,0.3345745,0.32258064,0.31866708,0.32258064,0.31371373,0.032258064,0.033044644
168,0.9936057,False,Fibroblasts,Fibroblasts,0.1724138,0.16598284,0.13793103,0.14119074,0.6551724,0.6488148,0.03448276,0.044011705
551,0.9936048,False,Fibroblasts,Fibroblasts,0.033333335,0.046123836,0.43333334,0.42466065,0.46666667,0.4630957,0.06666667,0.06611991
3492,0.99360436,False,Fibroblasts,Fibroblasts,0.06666667,0.06833284,0.26666668,0.2777918,0.33333334,0.32786188,0.33333334,0.3260135
519,0.99360406,False,Type 2 alveolar,Type 2 alveolar,0.23333333,0.23676836,0.4,0.3888796,0.3,0.3093569,0.06666667,0.06499513
2936,0.99360126,False,Dendritic cells,Dendritic cells,0.13333334,0.14116643,0.3,0.29846117,0.23333333,0.23829767,0.33333334,0.32207468
4269,0.9935991,False,Fibroblasts,Fibroblasts,0.23333333,0.2211918,0.2,0.2091536,0.3,0.2993398,0.26666668,0.2703148
172,0.9935976,False,Fibroblasts,Dendritic cells,0.2413793,0.23653053,0.20689656,0.2039114,0.27586207,0.27089134,0.27586207,0.28866678
2470,0.9935942,False,Luminal_Macrophages,Luminal_Macrophages,0.46666667,0.46930698,0.1,0.08718842,0.16666667,0.16885784,0.26666668,0.27464676
4816,0.9935931,False,Dendritic cells,Dendritic cells,0.03448276,0.045163214,0.31034482,0.31247824,0.20689656,0.20661283,0.44827586,0.43574578
2277,0.99359083,False,Type 2 alveolar,Fibroblasts,0.2,0.19227758,0.3,0.29744554,0.3,0.2974586,0.2,0.21281831
1780,0.99358946,False,Type 2 alveolar,Type 2 alveolar,0.13333334,0.12225283,0.5,0.50013876,0.3,0.31268236,0.06666667,0.064926036
3908,0.99358904,False,Dendritic cells,Dendritic cells,0.26666668,0.2791956,0.3,0.29042572,0.1,0.09675231,0.33333334,0.33362633
47,0.99358845,False,Fibroblasts,Fibroblasts,0.033333335,0.0387774,0.4,0.38939297,0.5,0.497784,0.06666667,0.07404566
4054,0.9935884,False,Fibroblasts,Fibroblasts,0.06666667,0.06276756,0.13333334,0.13127698,0.5,0.4931322,0.3,0.31282324
2906,0.99358827,False,Fibroblasts,Fibroblasts,0.3548387,0.36766216,0.09677419,0.09257134,0.4516129,0.45067963,0.09677419,0.08908692
3602,0.99358475,False,Dendritic cells,Dendritic cells,0.23333333,0.2461639,0.13333334,0.1290433,0.16666667,0.15962976,0.46666667,0.46516308
4104,0.9935843,False,Fibroblasts,Fibroblasts,0.06666667,0.069447614,0.13333334,0.13565157,0.5,0.48716855,0.3,0.3077323
2438,0.9935828,False,Type 2 alveolar,Type 2 alveolar,0.23333333,0.24616773,0.3,0.29641384,0.16666667,0.16257392,0.3,0.2948445
4326,0.9935809,False,Dendritic cells,Dendritic cells,0.03448276,0.041225344,0.20689656,0.20906284,0.27586207,0.2797914,0.4827586,0.4699204
3928,0.9935794,False,Dendritic cells,Dendritic cells,0.16666667,0.17720924,0.2,0.1934213,0.2,0.1937375,0.43333334,0.43563193
1909,0.99357533,False,Fibroblasts,Fibroblasts,0.3,0.30323064,0.1,0.09340574,0.33333334,0.32707822,0.26666668,0.2762854
1717,0.993575,False,Fibroblasts,Fibroblasts,0.31034482,0.31798726,0.03448276,0.03969034,0.3448276,0.33672434,0.31034482,0.30559805
2977,0.9935746,False,Dendritic cells,Dendritic cells,0.032258064,0.042836476,0.3548387,0.3571111,0.19354838,0.18344846,0.41935483,0.41660392
2710,0.99357194,False,Type 2 alveolar,Type 2 alveolar,0.23333333,0.2339735,0.36666667,0.3538105,0.1,0.10512309,0.3,0.3070929
634,0.99357015,False,Type 2 alveolar,Type 2 alveolar,0.20689656,0.20997451,0.31034482,0.30740887,0.2413793,0.23145556,0.2413793,0.251161
2748,0.9935678,False,Fibroblasts,Fibroblasts,0.13793103,0.14662312,0.2413793,0.23725228,0.3448276,0.33609024,0.27586207,0.28003433
2676,0.99356556,False,Luminal_Macrophages,Luminal_Macrophages,0.36666667,0.36163387,0.13333334,0.12549728,0.3,0.3019608,0.2,0.21090803
1005,0.9935617,False,Dendritic cells,Dendritic cells,0.033333335,0.045785252,0.1,0.08853359,0.36666667,0.36525643,0.5,0.50042474
3634,0.9935616,False,Luminal_Macrophages,Luminal_Macrophages,0.4,0.38712323,0.26666668,0.2727428,0.16666667,0.16687147,0.16666667,0.17326248
355,0.9935615,False,Fibroblasts,Fibroblasts,0.2413793,0.2452232,0.2413793,0.24540545,0.31034482,0.29746786,0.20689656,0.21190353
1724,0.993558,False,Type 2 alveolar,Type 2 alveolar,0.3,0.29426458,0.33333334,0.32680428,0.1,0.09938046,0.26666668,0.2795507
292,0.9935554,False,Type 2 alveolar,Type 2 alveolar,0.06666667,0.06429921,0.4,0.38947836,0.36666667,0.36779565,0.16666667,0.17842686
4810,0.99355406,False,Fibroblasts,Fibroblasts,0.13333334,0.14134838,0.33333334,0.33821023,0.46666667,0.4589439,0.06666667,0.061497543
3589,0.9935515,False,Dendritic cells,Dendritic cells,0.20689656,0.21979363,0.20689656,0.20391491,0.27586207,0.26646397,0.31034482,0.3098275
4246,0.99355006,False,Fibroblasts,Fibroblasts,0.2413793,0.2542792,0.06896552,0.060881186,0.3448276,0.34373206,0.3448276,0.34110758
1255,0.99354917,False,Type 2 alveolar,Type 2 alveolar,0.16666667,0.1781931,0.3,0.2899316,0.26666668,0.26383343,0.26666668,0.26804188
3870,0.9935485,False,Dendritic cells,Dendritic cells,0.2,0.21290298,0.26666668,0.26523703,0.06666667,0.06566024,0.46666667,0.4561998
892,0.993547,False,Luminal_Macrophages,Luminal_Macrophages,0.38709676,0.3752375,0.09677419,0.09572748,0.29032257,0.29490066,0.22580644,0.23413439
3141,0.9935469,False,Luminal_Macrophages,Luminal_Macrophages,0.56666666,0.57957286,0.13333334,0.1289711,0.06666667,0.061373334,0.23333333,0.23008266
666,0.9935433,False,Luminal_Macrophages,Luminal_Macrophages,0.37931034,0.3735339,0.27586207,0.26872516,0.03448276,0.041410152,0.31034482,0.31633073
713,0.99353635,False,Type 2 alveolar,Type 2 alveolar,0.2580645,0.26512134,0.32258064,0.3101526,0.22580644,0.22530727,0.19354838,0.1994188
1306,0.99353427,False,Dendritic cells,Dendritic cells,0.19354838,0.20647992,0.2580645,0.25264126,0.16129032,0.15790498,0.38709676,0.38297385
2562,0.99352926,False,Type 2 alveolar,Type 2 alveolar,0.033333335,0.036273163,0.43333334,0.4203918,0.2,0.20930146,0.33333334,0.33403355
2026,0.99352646,False,Type 2 alveolar,Type 2 alveolar,0.20689656,0.21059452,0.41379312,0.402199,0.3448276,0.34347457,0.03448276,0.043731835
846,0.9935248,False,Luminal_Macrophages,Luminal_Macrophages,0.3,0.3060916,0.3,0.2940713,0.13333334,0.12631163,0.26666668,0.27352548
697,0.99352396,False,Type 2 alveolar,Type 2 alveolar,0.16129032,0.16965573,0.61290324,0.60916984,0.12903225,0.13361894,0.09677419,0.087555535
904,0.9935216,False,Dendritic cells,Dendritic cells,0.23333333,0.24447475,0.26666668,0.26339903,0.13333334,0.13514876,0.36666667,0.35697746
1698,0.9935192,False,Dendritic cells,Dendritic cells,0.09677419,0.09885672,0.29032257,0.30120164,0.12903225,0.12607528,0.48387095,0.47386637
2540,0.99351376,False,Type 2 alveolar,Type 2 alveolar,0.2,0.20534256,0.3,0.28997016,0.26666668,0.263724,0.23333333,0.24096327
1250,0.99350995,False,Luminal_Macrophages,Luminal_Macrophages,0.33333334,0.3209161,0.16666667,0.17669104,0.23333333,0.23277053,0.26666668,0.26962236
3133,0.99350786,False,Dendritic cells,Dendritic cells,0.16129032,0.17427458,0.09677419,0.08492589,0.3548387,0.3540862,0.38709676,0.38671336
3391,0.99350774,False,Fibroblasts,Fibroblasts,0.1724138,0.18029603,0.13793103,0.13397726,0.37931034,0.37027955,0.31034482,0.31544712
1623,0.99350566,False,Fibroblasts,Fibroblasts,0.29032257,0.2960962,0.032258064,0.039300635,0.3548387,0.34184995,0.32258064,0.32275313
1711,0.9935016,False,Luminal_Macrophages,Luminal_Macrophages,0.33333334,0.34170634,0.2,0.20462379,0.33333334,0.3316266,0.13333334,0.122043274
2003,0.99350077,False,Luminal_Macrophages,Luminal_Macrophages,0.33333334,0.32382098,0.2,0.19651388,0.2,0.20262623,0.26666668,0.27703893
170,0.9935007,False,Fibroblasts,Fibroblasts,0.1,0.1090111,0.1,0.0966615,0.46666667,0.45700657,0.33333334,0.33732086
1175,0.9934989,False,Fibroblasts,Fibroblasts,0.33333334,0.34633544,0.1,0.09795243,0.46666667,0.4608848,0.1,0.094827265
2550,0.99349886,False,Luminal_Macrophages,Luminal_Macrophages,0.33333334,0.32585043,0.26666668,0.2611473,0.1,0.10248233,0.3,0.31051996
4173,0.9934943,False,Dendritic cells,Dendritic cells,0.1,0.08698855,0.033333335,0.03955897,0.33333334,0.33402973,0.53333336,0.53942275
4480,0.9934929,False,Fibroblasts,Fibroblasts,0.06666667,0.07546711,0.2,0.20421375,0.36666667,0.36096,0.36666667,0.35935915
857,0.9934909,False,Type 2 alveolar,Type 2 alveolar,0.36666667,0.3796849,0.4,0.39770937,0.1,0.09465353,0.13333334,0.1279522
2973,0.99348867,False,Luminal_Macrophages,Luminal_Macrophages,0.4,0.39375967,0.2,0.19881909,0.06666667,0.06106532,0.33333334,0.34635594
2968,0.99348736,False,Type 2 alveolar,Type 2 alveolar,0.1,0.109478705,0.5,0.48697478,0.13333334,0.13572855,0.26666668,0.26781806
677,0.99348485,False,Dendritic cells,Dendritic cells,0.06666667,0.07041304,0.26666668,0.27595052,0.16666667,0.1611912,0.5,0.4924452
4826,0.99348116,False,Type 2 alveolar,Type 2 alveolar,0.23333333,0.24471469,0.4,0.38696235,0.2,0.20143412,0.16666667,0.1668888
4903,0.9934793,False,Fibroblasts,Fibroblasts,0.23333333,0.23122104,0.3,0.29989856,0.36666667,0.35583898,0.1,0.113041356
3269,0.99347705,False,Fibroblasts,Fibroblasts,0.1,0.096258394,0.033333335,0.038129162,0.56666666,0.5573624,0.3,0.30825016
1863,0.99347,False,Type 2 alveolar,Type 2 alveolar,0.13333334,0.13547793,0.33333334,0.3204639,0.3,0.2998095,0.23333333,0.2442487
1725,0.9934679,False,Type 2 alveolar,Type 2 alveolar,0.3,0.31306407,0.43333334,0.4221894,0.16666667,0.16646463,0.1,0.0982818
4343,0.9934629,False,Dendritic cells,Dendritic cells,0.2,0.20953342,0.16666667,0.16267416,0.26666668,0.27020746,0.36666667,0.357585
190,0.99345964,False,Dendritic cells,Dendritic cells,0.2,0.21308066,0.13333334,0.12477605,0.16666667,0.16306834,0.5,0.49907494
1531,0.9934573,False,Type 2 alveolar,Type 2 alveolar,0.23333333,0.23459055,0.33333334,0.32074636,0.23333333,0.23283489,0.2,0.21182819
732,0.993453,False,Luminal_Macrophages,Luminal_Macrophages,0.44827586,0.43921736,0.3448276,0.3550996,0.06896552,0.07178741,0.13793103,0.13389565
1799,0.9934504,False,Luminal_Macrophages,Luminal_Macrophages,0.37931034,0.38637355,0.03448276,0.03776102,0.3448276,0.33172843,0.2413793,0.24413702
4303,0.9934498,False,Dendritic cells,Dendritic cells,0.26666668,0.27382404,0.16666667,0.15690531,0.23333333,0.23927635,0.33333334,0.32999432
3140,0.9934473,False,Luminal_Macrophages,Luminal_Macrophages,0.43333334,0.43952376,0.16666667,0.17358164,0.36666667,0.3568549,0.033333335,0.030039812
1169,0.99344486,False,Type 2 alveolar,Fibroblasts,0.2,0.20690115,0.36666667,0.35755503,0.36666667,0.362668,0.06666667,0.07287577
2972,0.9934436,False,Fibroblasts,Fibroblasts,0.06666667,0.07977938,0.16666667,0.16103426,0.4,0.39377275,0.36666667,0.3654136
3149,0.9934399,False,Dendritic cells,Dendritic cells,0.23333333,0.23190556,0.06666667,0.07654105,0.23333333,0.23657912,0.46666667,0.45497426
3912,0.99343836,False,Dendritic cells,Dendritic cells,0.3,0.30599985,0.033333335,0.04045678,0.3,0.2984349,0.36666667,0.35510847
320,0.993438,False,Luminal_Macrophages,Luminal_Macrophages,0.3448276,0.33226758,0.27586207,0.28488135,0.06896552,0.0730702,0.31034482,0.30978087
2215,0.99343,False,Luminal_Macrophages,Luminal_Macrophages,0.43333334,0.42289183,0.26666668,0.27872512,0.16666667,0.16774823,0.13333334,0.13063481
690,0.9934276,False,Luminal_Macrophages,Luminal_Macrophages,0.36666667,0.3685109,0.26666668,0.2535218,0.033333335,0.03768223,0.33333334,0.3402851
4266,0.99342585,False,Fibroblasts,Fibroblasts,0.06666667,0.064705625,0.3,0.30731314,0.43333334,0.42214605,0.2,0.20583513
4300,0.99342537,False,Luminal_Macrophages,Luminal_Macrophages,0.4516129,0.46476218,0.06451613,0.06434997,0.41935483,0.41354373,0.06451613,0.0573441
688,0.9934241,False,Luminal_Macrophages,Luminal_Macrophages,0.26666668,0.2746207,0.26666668,0.25544828,0.2,0.19806656,0.26666668,0.2718644
2453,0.9934221,False,Dendritic cells,Dendritic cells,0.4,0.40529,0.033333335,0.04119917,0.13333334,0.12672368,0.43333334,0.42678714
1268,0.99341893,False,Fibroblasts,Fibroblasts,0.33333334,0.33963403,0.2,0.20686138,0.36666667,0.36582297,0.1,0.08768159
1222,0.9934184,False,Fibroblasts,Fibroblasts,0.33333334,0.33293265,0.2,0.2131632,0.4,0.3965474,0.06666667,0.057356793
2329,0.99341553,False,Luminal_Macrophages,Luminal_Macrophages,0.53333336,0.53585434,0.16666667,0.1742546,0.2,0.20305999,0.1,0.08683101
4979,0.9934145,False,Fibroblasts,Fibroblasts,0.33333334,0.33131167,0.23333333,0.24650423,0.36666667,0.35591874,0.06666667,0.06626535
3574,0.9934113,False,Type 2 alveolar,Type 2 alveolar,0.29032257,0.30349994,0.32258064,0.32141683,0.19354838,0.1884353,0.19354838,0.18664792
4855,0.9934081,False,Type 2 alveolar,Type 2 alveolar,0.2413793,0.23853837,0.31034482,0.30775538,0.1724138,0.16466033,0.27586207,0.2890459
4511,0.99340314,False,Dendritic cells,Dendritic cells,0.13333334,0.1296924,0.06666667,0.057113927,0.23333333,0.23993002,0.56666666,0.57326365
486,0.9934016,False,Fibroblasts,Dendritic cells,0.2,0.21319678,0.06666667,0.065990634,0.36666667,0.35926184,0.36666667,0.3615507
2147,0.9934002,False,Dendritic cells,Dendritic cells,0.1,0.105303705,0.16666667,0.16998768,0.23333333,0.23790815,0.5,0.48680046
4555,0.9933996,False,Dendritic cells,Dendritic cells,0.16666667,0.17986739,0.23333333,0.23276417,0.26666668,0.26387465,0.33333334,0.32349378
1119,0.9933974,False,Luminal_Macrophages,Luminal_Macrophages,0.33333334,0.32625133,0.23333333,0.23622379,0.13333334,0.12721016,0.3,0.31031466
3926,0.9933946,False,Luminal_Macrophages,Luminal_Macrophages,0.33333334,0.32618532,0.23333333,0.2385704,0.16666667,0.16060397,0.26666668,0.27464035
1977,0.9933911,False,Luminal_Macrophages,Luminal_Macrophages,0.38709676,0.38440052,0.3548387,0.34431717,0.22580644,0.23418792,0.032258064,0.03709436
100,0.9933871,False,Luminal_Macrophages,Luminal_Macrophages,0.3548387,0.34637752,0.06451613,0.068520196,0.32258064,0.31781602,0.2580645,0.2672863
1061,0.9933837,False,Luminal_Macrophages,Luminal_Macrophages,0.53333336,0.5424221,0.3,0.30414376,0.1,0.09673817,0.06666667,0.05669592
4866,0.9933834,False,Luminal_Macrophages,Luminal_Macrophages,0.53333336,0.53054285,0.2,0.18955731,0.033333335,0.034627244,0.23333333,0.24527259
1389,0.9933826,False,Fibroblasts,Fibroblasts,0.2,0.20134605,0.13333334,0.13154866,0.36666667,0.35521653,0.3,0.31188872
1275,0.99338204,False,Type 2 alveolar,Type 2 alveolar,0.13333334,0.1426646,0.36666667,0.35343075,0.3,0.30380723,0.2,0.20009743
2401,0.99337804,False,Dendritic cells,Dendritic cells,0.2580645,0.2606869,0.032258064,0.028036486,0.12903225,0.1200099,0.58064514,0.5912667
2131,0.9933777,False,Fibroblasts,Fibroblasts,0.13333334,0.12857227,0.3,0.31103754,0.46666667,0.45818317,0.1,0.102207094
1982,0.9933772,False,Luminal_Macrophages,Dendritic cells,0.33333334,0.32008773,0.033333335,0.039430365,0.3,0.3007677,0.33333334,0.33971423
3159,0.99337655,False,Fibroblasts,Fibroblasts,0.1724138,0.18229231,0.20689656,0.20655952,0.3448276,0.33191767,0.27586207,0.27923048
4062,0.99337476,False,Dendritic cells,Dendritic cells,0.033333335,0.044947963,0.4,0.39228582,0.13333334,0.13496912,0.43333334,0.42779708
4004,0.99337363,False,Luminal_Macrophages,Luminal_Macrophages,0.5,0.49404073,0.1,0.10145345,0.33333334,0.34513262,0.06666667,0.059373204
4815,0.9933692,False,Dendritic cells,Dendritic cells,0.26666668,0.27208343,0.033333335,0.03946277,0.26666668,0.26838198,0.43333334,0.4200718
4680,0.9933644,False,Fibroblasts,Fibroblasts,0.23333333,0.24170892,0.13333334,0.13105862,0.33333334,0.3223368,0.3,0.30489564
2794,0.99336183,False,Fibroblasts,Fibroblasts,0.26666668,0.27994308,0.06666667,0.06311779,0.6,0.5948019,0.06666667,0.062137276
4583,0.9933611,False,Type 2 alveolar,Type 2 alveolar,0.37931034,0.38943136,0.41379312,0.4129812,0.13793103,0.1410878,0.06896552,0.056499645
4983,0.9933607,False,Fibroblasts,Fibroblasts,0.23333333,0.2410929,0.26666668,0.27218568,0.3,0.29351828,0.2,0.19320317
4565,0.9933606,False,Fibroblasts,Fibroblasts,0.16666667,0.17679872,0.2,0.20314673,0.33333334,0.32192874,0.3,0.2981258
1770,0.99335986,False,Luminal_Macrophages,Luminal_Macrophages,0.4,0.3934631,0.1,0.09325664,0.33333334,0.3379927,0.16666667,0.17528763
527,0.9933596,False,Type 2 alveolar,Type 2 alveolar,0.29032257,0.28971085,0.3548387,0.34216964,0.2580645,0.26271343,0.09677419,0.105406046
922,0.9933554,False,Type 2 alveolar,Type 2 alveolar,0.29032257,0.29471445,0.3548387,0.34154943,0.2580645,0.26315743,0.09677419,0.10057866
1212,0.9933533,False,Dendritic cells,Dendritic cells,0.36666667,0.3770182,0.033333335,0.036275156,0.1,0.09035915,0.5,0.4963475
2564,0.9933493,False,Fibroblasts,Fibroblasts,0.16129032,0.1698881,0.29032257,0.28562707,0.32258064,0.31397477,0.22580644,0.23051013
942,0.9933473,False,Fibroblasts,Fibroblasts,0.1,0.10104748,0.26666668,0.27892464,0.46666667,0.45593402,0.16666667,0.16409387
2853,0.993347,False,Fibroblasts,Fibroblasts,0.16666667,0.17997268,0.13333334,0.122883104,0.56666666,0.5650392,0.13333334,0.132105
2016,0.9933445,False,Fibroblasts,Fibroblasts,0.26666668,0.27382323,0.26666668,0.2728211,0.33333334,0.32247785,0.13333334,0.13087785
2865,0.9933436,False,Dendritic cells,Dendritic cells,0.2413793,0.25375423,0.06896552,0.068831645,0.31034482,0.31128272,0.37931034,0.36613137
1099,0.9933432,False,Dendritic cells,Dendritic cells,0.033333335,0.037714988,0.4,0.3867293,0.06666667,0.06662369,0.5,0.50893205
258,0.9933408,False,Dendritic cells,Dendritic cells,0.19354838,0.20077488,0.29032257,0.29641446,0.09677419,0.094853856,0.41935483,0.4079567
4619,0.9933384,False,Type 2 alveolar,Type 2 alveolar,0.06896552,0.07600551,0.62068963,0.60934013,0.10344828,0.1014745,0.20689656,0.21317975
4831,0.9933373,False,Fibroblasts,Fibroblasts,0.06666667,0.07130548,0.33333334,0.33492854,0.4,0.38667455,0.2,0.2070914
4821,0.9933353,False,Luminal_Macrophages,Type 2 alveolar,0.36666667,0.35800117,0.36666667,0.36200273,0.033333335,0.041303247,0.23333333,0.2386928
3597,0.99333245,False,Fibroblasts,Fibroblasts,0.26666668,0.27035457,0.26666668,0.2763139,0.33333334,0.32460502,0.13333334,0.12872654
2868,0.9933322,False,Dendritic cells,Dendritic cells,0.23333333,0.24666893,0.13333334,0.12677887,0.23333333,0.23263961,0.4,0.39391267
1801,0.9933321,False,Dendritic cells,Dendritic cells,0.06666667,0.06626142,0.16666667,0.17788349,0.36666667,0.36878568,0.4,0.38706946
2556,0.99333125,False,Luminal_Macrophages,Luminal_Macrophages,0.4,0.4087465,0.36666667,0.3706689,0.13333334,0.13392216,0.1,0.0866625
2600,0.99333036,False,Dendritic cells,Dendritic cells,0.26666668,0.25593287,0.1,0.10334569,0.26666668,0.2766603,0.36666667,0.36406118
27,0.99332947,False,Dendritic cells,Dendritic cells,0.26666668,0.275946,0.2,0.2040618,0.16666667,0.15687962,0.36666667,0.36311266
932,0.99332905,False,Fibroblasts,Fibroblasts,0.06451613,0.06093368,0.2580645,0.26758206,0.3548387,0.34507924,0.32258064,0.326405
4415,0.99332756,False,Type 2 alveolar,Type 2 alveolar,0.033333335,0.045500264,0.7,0.7011779,0.1,0.09857856,0.16666667,0.1547432
4726,0.99332714,False,Luminal_Macrophages,Type 2 alveolar,0.36666667,0.35859114,0.36666667,0.36139643,0.1,0.10317494,0.16666667,0.17683747
1154,0.9933256,False,Type 2 alveolar,Type 2 alveolar,0.06666667,0.0679939,0.43333334,0.4199845,0.16666667,0.1698076,0.33333334,0.34221402
3761,0.99332416,False,Fibroblasts,Fibroblasts,0.23333333,0.23733015,0.26666668,0.27162743,0.33333334,0.31998163,0.16666667,0.17106079
3677,0.99331826,False,Type 2 alveolar,Type 2 alveolar,0.23333333,0.24380004,0.36666667,0.3533032,0.3,0.30130044,0.1,0.10159635
3503,0.99331343,False,Type 2 alveolar,Type 2 alveolar,0.4,0.40883616,0.43333334,0.43487868,0.1,0.102991626,0.06666667,0.05329353
2649,0.9933125,False,Dendritic cells,Dendritic cells,0.23333333,0.24670833,0.06666667,0.06381395,0.33333334,0.3327457,0.36666667,0.35673204
28,0.993312,False,Fibroblasts,Fibroblasts,0.033333335,0.03492792,0.23333333,0.24511471,0.4,0.39066488,0.33333334,0.3292925
3454,0.9933078,False,Dendritic cells,Dendritic cells,0.033333335,0.044071488,0.2,0.20264612,0.23333333,0.23290768,0.53333336,0.5203747
763,0.99330455,False,Luminal_Macrophages,Luminal_Macrophages,0.33333334,0.32639623,0.3,0.29385105,0.13333334,0.13302855,0.23333333,0.24672416
368,0.9933026,False,Luminal_Macrophages,Luminal_Macrophages,0.36666667,0.3545907,0.23333333,0.23201445,0.13333334,0.13473393,0.26666668,0.2786609
4820,0.99330086,False,Type 2 alveolar,Type 2 alveolar,0.1724138,0.18581218,0.3448276,0.33521485,0.1724138,0.16928501,0.31034482,0.30968803
658,0.99329835,False,Fibroblasts,Fibroblasts,0.032258064,0.039682027,0.2580645,0.2640438,0.38709676,0.38128442,0.32258064,0.31498972
3104,0.993298,False,Dendritic cells,Dendritic cells,0.2,0.21209256,0.13333334,0.12745218,0.2,0.19247717,0.46666667,0.46797818
4287,0.9932968,False,Luminal_Macrophages,Luminal_Macrophages,0.38709676,0.38445553,0.032258064,0.037133202,0.38709676,0.3763316,0.19354838,0.20207973
469,0.99329644,False,Dendritic cells,Dendritic cells,0.3,0.29821596,0.3,0.28837693,0.06666667,0.07593549,0.33333334,0.3374717
3260,0.99329466,False,Luminal_Macrophages,Luminal_Macrophages,0.3448276,0.34560776,0.27586207,0.28849265,0.31034482,0.30567122,0.06896552,0.060228396
3095,0.9932945,False,Type 2 alveolar,Type 2 alveolar,0.13793103,0.14585443,0.41379312,0.400382,0.37931034,0.38241652,0.06896552,0.07134703
4268,0.99329424,False,Dendritic cells,Dendritic cells,0.1,0.11129626,0.26666668,0.2687819,0.3,0.29944175,0.33333334,0.3204801
2065,0.99328727,False,Fibroblasts,Fibroblasts,0.38709676,0.3922446,0.06451613,0.07279376,0.48387095,0.479958,0.06451613,0.05500359
1439,0.99328333,False,Dendritic cells,Dendritic cells,0.16666667,0.16507106,0.06666667,0.054828983,0.3,0.31283027,0.46666667,0.46726975
4578,0.9932831,False,Fibroblasts,Fibroblasts,0.16666667,0.16998528,0.26666668,0.27048588,0.33333334,0.3198995,0.23333333,0.23962934
2521,0.99328244,False,Type 2 alveolar,Type 2 alveolar,0.16129032,0.16317919,0.7419355,0.7513736,0.06451613,0.05108102,0.032258064,0.034366235
20,0.99328125,False,Luminal_Macrophages,Luminal_Macrophages,0.32258064,0.33133653,0.2580645,0.26274619,0.22580644,0.22062783,0.19354838,0.18528949
4704,0.99328095,False,Luminal_Macrophages,Luminal_Macrophages,0.36666667,0.37302136,0.33333334,0.3334745,0.2,0.20694226,0.1,0.08656189
2455,0.9932762,False,Luminal_Macrophages,Type 2 alveolar,0.26666668,0.25629014,0.26666668,0.26602134,0.23333333,0.23090751,0.23333333,0.24678099
1813,0.99327564,False,Luminal_Macrophages,Luminal_Macrophages,0.4,0.3865513,0.2,0.20017368,0.26666668,0.2668487,0.13333334,0.14642633
4414,0.99327284,False,Fibroblasts,Fibroblasts,0.06666667,0.07182811,0.3,0.30034944,0.46666667,0.45321235,0.16666667,0.17461014
3780,0.9932728,False,Type 2 alveolar,Type 2 alveolar,0.2,0.19421752,0.5,0.49232808,0.1,0.10430944,0.2,0.20914498
4188,0.9932728,False,Luminal_Macrophages,Dendritic cells,0.3548387,0.34767622,0.19354838,0.18725646,0.09677419,0.09974427,0.3548387,0.36532307
2858,0.99327177,False,Luminal_Macrophages,Luminal_Macrophages,0.36666667,0.35927504,0.16666667,0.16060182,0.26666668,0.27057192,0.2,0.20955122
4659,0.99327,False,Luminal_Macrophages,Luminal_Macrophages,0.32258064,0.32522768,0.12903225,0.11758583,0.29032257,0.28830892,0.2580645,0.2688775
1218,0.9932693,False,Fibroblasts,Fibroblasts,0.06666667,0.06961035,0.16666667,0.17718437,0.6666667,0.66550934,0.1,0.087695956
2930,0.9932682,False,Dendritic cells,Dendritic cells,0.26666668,0.27752727,0.2,0.20260301,0.2,0.19686525,0.33333334,0.32300445
4374,0.99326664,False,Fibroblasts,Fibroblasts,0.26666668,0.26022333,0.26666668,0.26461956,0.3,0.29502374,0.16666667,0.18013337
1806,0.9932621,False,Fibroblasts,Dendritic cells,0.2,0.20829609,0.2,0.20517972,0.3,0.29302272,0.3,0.29350147
3684,0.9932618,False,Dendritic cells,Dendritic cells,0.2,0.20912153,0.26666668,0.25319028,0.2,0.20268567,0.33333334,0.33500248
63,0.99326175,False,Type 2 alveolar,Type 2 alveolar,0.2580645,0.26838946,0.38709676,0.37773877,0.12903225,0.1249137,0.22580644,0.228958
4497,0.99326116,False,Luminal_Macrophages,Luminal_Macrophages,0.33333334,0.31985563,0.3,0.30336595,0.06666667,0.07520685,0.3,0.30157155
180,0.9932591,False,Type 2 alveolar,Type 2 alveolar,0.06666667,0.0630516,0.6333333,0.6234665,0.26666668,0.27709585,0.033333335,0.036386035
4325,0.9932573,False,Luminal_Macrophages,Luminal_Macrophages,0.36666667,0.37614796,0.33333334,0.33670846,0.13333334,0.13396238,0.16666667,0.15318115
821,0.9932572,False,Type 2 alveolar,Type 2 alveolar,0.3,0.2947512,0.33333334,0.32509664,0.23333333,0.24181283,0.13333334,0.13833933
506,0.9932465,False,Fibroblasts,Fibroblasts,0.3,0.30648825,0.13333334,0.12628147,0.36666667,0.36021155,0.2,0.20701878
3353,0.9932448,False,Type 2 alveolar,Type 2 alveolar,0.27586207,0.2811155,0.37931034,0.36579996,0.03448276,0.040677022,0.31034482,0.31240752
2811,0.99324405,False,Dendritic cells,Dendritic cells,0.03448276,0.046438877,0.13793103,0.12791267,0.3448276,0.3463834,0.4827586,0.47926512
3774,0.99324155,False,Luminal_Macrophages,Luminal_Macrophages,0.36666667,0.36629528,0.2,0.21351692,0.36666667,0.35942504,0.06666667,0.060762744
422,0.9932381,False,Dendritic cells,Dendritic cells,0.23333333,0.22886053,0.13333334,0.12428238,0.26666668,0.27325153,0.36666667,0.37360558
4340,0.99323803,False,Luminal_Macrophages,Luminal_Macrophages,0.516129,0.503179,0.032258064,0.040359627,0.22580644,0.22523254,0.22580644,0.2312288
2763,0.9932295,False,Dendritic cells,Dendritic cells,0.3,0.30937687,0.26666668,0.25312567,0.1,0.10240362,0.33333334,0.3350939
2596,0.9932294,False,Dendritic cells,Dendritic cells,0.06451613,0.05615457,0.38709676,0.39224467,0.12903225,0.12385264,0.41935483,0.42774814
1151,0.9932291,False,Dendritic cells,Dendritic cells,0.06666667,0.07310565,0.36666667,0.37159672,0.16666667,0.16883947,0.4,0.3864581
2402,0.9932284,False,Fibroblasts,Fibroblasts,0.2413793,0.24647026,0.03448276,0.042935044,0.37931034,0.3670006,0.3448276,0.3435941
96,0.9932243,False,Dendritic cells,Dendritic cells,0.06666667,0.07669573,0.26666668,0.26307118,0.26666668,0.270189,0.4,0.39004412
2824,0.9932232,False,Fibroblasts,Fibroblasts,0.26666668,0.26319468,0.26666668,0.27396104,0.33333334,0.3232517,0.13333334,0.13959254
1421,0.9932225,False,Luminal_Macrophages,Luminal_Macrophages,0.3548387,0.3412837,0.22580644,0.23419505,0.19354838,0.1945227,0.22580644,0.22999856
3089,0.9932215,False,Dendritic cells,Dendritic cells,0.06451613,0.061550193,0.19354838,0.20293957,0.29032257,0.29448837,0.4516129,0.44102186
4485,0.9932202,False,Fibroblasts,Fibroblasts,0.26666668,0.27369025,0.23333333,0.2398693,0.3,0.29215422,0.2,0.19428627
1376,0.99321645,False,Type 2 alveolar,Type 2 alveolar,0.3,0.3090058,0.33333334,0.32864082,0.1,0.09112546,0.26666668,0.271228
3047,0.9932143,False,Fibroblasts,Fibroblasts,0.27586207,0.2771055,0.20689656,0.20930137,0.3448276,0.33125618,0.1724138,0.18233691
3617,0.9932142,False,Luminal_Macrophages,Luminal_Macrophages,0.48387095,0.47306675,0.3548387,0.3589108,0.12903225,0.12626481,0.032258064,0.04175765
930,0.99321324,False,Type 2 alveolar,Type 2 alveolar,0.16666667,0.18024024,0.33333334,0.33156177,0.16666667,0.16267706,0.33333334,0.32552093
2852,0.9932126,False,Dendritic cells,Dendritic cells,0.16666667,0.18024144,0.13333334,0.12829797,0.33333334,0.32612124,0.36666667,0.36533934
580,0.9932085,False,Luminal_Macrophages,Luminal_Macrophages,0.53333336,0.5387993,0.3,0.3081171,0.1,0.09256865,0.06666667,0.060515024
3655,0.99320567,False,Luminal_Macrophages,Luminal_Macrophages,0.4,0.39379874,0.26666668,0.2762887,0.13333334,0.12594593,0.2,0.2039666
2954,0.9932024,False,Fibroblasts,Fibroblasts,0.16129032,0.16993485,0.38709676,0.38038886,0.41935483,0.41246745,0.032258064,0.037208784
1211,0.9932008,False,Fibroblasts,Fibroblasts,0.36666667,0.36685094,0.06666667,0.06533358,0.4,0.38773465,0.16666667,0.18008086
1973,0.9932003,False,Dendritic cells,Dendritic cells,0.06666667,0.06618084,0.033333335,0.023366831,0.033333335,0.030186228,0.8666667,0.88026613
3173,0.9931995,False,Fibroblasts,Fibroblasts,0.22580644,0.227989,0.2580645,0.26878405,0.32258064,0.3089797,0.19354838,0.19424729
4936,0.9931913,False,Type 2 alveolar,Type 2 alveolar,0.16666667,0.16691358,0.36666667,0.3547572,0.2,0.19829205,0.26666668,0.28003713
4941,0.9931902,False,Type 2 alveolar,Type 2 alveolar,0.23333333,0.23194072,0.33333334,0.3211064,0.2,0.20150076,0.23333333,0.24545209
135,0.9931882,False,Type 2 alveolar,Type 2 alveolar,0.37931034,0.37770844,0.41379312,0.40177143,0.1724138,0.17600873,0.03448276,0.044511404
4904,0.9931855,False,Type 2 alveolar,Type 2 alveolar,0.23333333,0.24692398,0.36666667,0.36501044,0.36666667,0.35469392,0.033333335,0.03337165
759,0.99318284,False,Type 2 alveolar,Type 2 alveolar,0.22580644,0.23351854,0.32258064,0.31024468,0.2580645,0.2567662,0.19354838,0.19947058
2424,0.99318194,False,Type 2 alveolar,Type 2 alveolar,0.23333333,0.24167559,0.36666667,0.35486114,0.1,0.09816935,0.3,0.30529392
1060,0.9931805,False,Type 2 alveolar,Type 2 alveolar,0.12903225,0.12924103,0.41935483,0.4057159,0.29032257,0.30281755,0.16129032,0.16222554
1558,0.9931793,False,Type 2 alveolar,Type 2 alveolar,0.26666668,0.28030807,0.33333334,0.325878,0.23333333,0.22840524,0.16666667,0.1654087
1904,0.9931752,False,Type 2 alveolar,Type 2 alveolar,0.033333335,0.04195271,0.43333334,0.42363495,0.4,0.40503013,0.13333334,0.12938218
1953,0.9931738,False,Type 2 alveolar,Type 2 alveolar,0.3,0.31365246,0.33333334,0.33001897,0.06666667,0.06352093,0.3,0.2928077
3766,0.9931731,False,Luminal_Macrophages,Luminal_Macrophages,0.36666667,0.35301292,0.33333334,0.33407608,0.26666668,0.2697227,0.033333335,0.043188263
2376,0.99317056,False,Type 2 alveolar,Fibroblasts,0.19354838,0.19817288,0.32258064,0.31194916,0.32258064,0.31955323,0.16129032,0.17032474
650,0.9931702,False,Dendritic cells,Dendritic cells,0.13333334,0.13572697,0.1,0.08634036,0.33333334,0.34215364,0.43333334,0.43577904
4580,0.9931663,False,Type 2 alveolar,Type 2 alveolar,0.22580644,0.22458279,0.3548387,0.342395,0.2580645,0.26749143,0.16129032,0.16553076
2689,0.9931641,False,Luminal_Macrophages,Luminal_Macrophages,0.38709676,0.37485474,0.32258064,0.32738346,0.22580644,0.23467535,0.06451613,0.06308647
4315,0.99316317,False,Type 2 alveolar,Type 2 alveolar,0.2,0.210361,0.33333334,0.32986763,0.16666667,0.15645872,0.3,0.3033126
2687,0.9931578,False,Type 2 alveolar,Fibroblasts,0.06896552,0.06861944,0.3448276,0.33573303,0.3448276,0.34058377,0.2413793,0.2550637
3726,0.99315155,False,Fibroblasts,Fibroblasts,0.2,0.20240816,0.3,0.30930847,0.4,0.38630313,0.1,0.101980284
1788,0.99315053,False,Dendritic cells,Dendritic cells,0.1724138,0.18558702,0.06896552,0.063534416,0.3448276,0.34535325,0.41379312,0.4055253
224,0.993148,False,Type 2 alveolar,Type 2 alveolar,0.3,0.3000124,0.33333334,0.32173362,0.13333334,0.1312291,0.23333333,0.24702486
4107,0.99314266,False,Type 2 alveolar,Type 2 alveolar,0.23333333,0.22709979,0.3,0.29457232,0.26666668,0.26461327,0.2,0.21371464
2656,0.9931411,False,Type 2 alveolar,Type 2 alveolar,0.32258064,0.3240721,0.3548387,0.34630662,0.29032257,0.28513685,0.032258064,0.044484418
3757,0.99313873,False,Luminal_Macrophages,Luminal_Macrophages,0.32258064,0.32824183,0.2580645,0.26583713,0.19354838,0.19383709,0.22580644,0.2120839
3371,0.99313825,False,Luminal_Macrophages,Luminal_Macrophages,0.4,0.39383683,0.06666667,0.0591063,0.3,0.30501556,0.23333333,0.24204123
3163,0.9931373,False,Type 2 alveolar,Dendritic cells,0.16666667,0.17951289,0.36666667,0.35480067,0.1,0.10087916,0.36666667,0.3648073
2526,0.9931352,False,Fibroblasts,Fibroblasts,0.26666668,0.260328,0.16666667,0.16860628,0.3,0.2926091,0.26666668,0.27845657
4430,0.99313325,False,Luminal_Macrophages,Luminal_Macrophages,0.41379312,0.4070649,0.03448276,0.042097248,0.37931034,0.372305,0.1724138,0.17853287
559,0.99312925,False,Dendritic cells,Dendritic cells,0.36666667,0.3796621,0.16666667,0.16741267,0.06666667,0.06173638,0.4,0.39118883
4617,0.9931272,False,Fibroblasts,Fibroblasts,0.06666667,0.06642548,0.13333334,0.12540546,0.56666666,0.5610902,0.23333333,0.24707882
3312,0.99312705,False,Luminal_Macrophages,Luminal_Macrophages,0.36666667,0.37863538,0.1,0.09322123,0.36666667,0.3596995,0.16666667,0.1684439
141,0.9931231,False,Fibroblasts,Fibroblasts,0.13333334,0.1318777,0.23333333,0.23454866,0.36666667,0.35436848,0.26666668,0.27920514
3018,0.9931223,False,Fibroblasts,Fibroblasts,0.36666667,0.36206856,0.06666667,0.06472832,0.4,0.392781,0.16666667,0.18042207
43,0.99312115,False,Luminal_Macrophages,Dendritic cells,0.33333334,0.33350673,0.13333334,0.12224352,0.2,0.19733214,0.33333334,0.3469176
3243,0.9931188,False,Fibroblasts,Fibroblasts,0.033333335,0.043842413,0.26666668,0.2698007,0.56666666,0.5529043,0.13333334,0.13345255
4807,0.99311835,False,Fibroblasts,Fibroblasts,0.23333333,0.24235027,0.16666667,0.16861579,0.33333334,0.31956998,0.26666668,0.269464
2272,0.9931172,False,Fibroblasts,Fibroblasts,0.13333334,0.14274208,0.26666668,0.27074122,0.33333334,0.31956777,0.26666668,0.26694894
2187,0.9931171,False,Luminal_Macrophages,Luminal_Macrophages,0.53333336,0.51956755,0.1,0.100635365,0.33333334,0.33626598,0.033333335,0.043531056
2213,0.9931145,False,Fibroblasts,Fibroblasts,0.2,0.20749065,0.33333334,0.3396137,0.4,0.38867995,0.06666667,0.0642157
206,0.99311393,False,Luminal_Macrophages,Dendritic cells,0.29032257,0.2816046,0.16129032,0.17285043,0.2580645,0.26027656,0.29032257,0.28526837
4676,0.9931137,False,Luminal_Macrophages,Luminal_Macrophages,0.4,0.39500487,0.1,0.09122253,0.26666668,0.2769282,0.23333333,0.23684447
87,0.993108,False,Fibroblasts,Fibroblasts,0.2,0.20403269,0.3,0.3051804,0.36666667,0.3528826,0.13333334,0.1379043
4079,0.99310744,False,Dendritic cells,Dendritic cells,0.33333334,0.34711844,0.16666667,0.15846187,0.06666667,0.06257435,0.43333334,0.43184525
2477,0.99310726,False,Luminal_Macrophages,Luminal_Macrophages,0.4,0.38621455,0.26666668,0.2709942,0.16666667,0.17130077,0.16666667,0.1714905
3665,0.99310505,False,Dendritic cells,Dendritic cells,0.3,0.3070607,0.23333333,0.23732258,0.06666667,0.06940656,0.4,0.38621014
1375,0.993103,False,Dendritic cells,Dendritic cells,0.1,0.10895968,0.3,0.30483425,0.06666667,0.05976836,0.53333336,0.5264377
1296,0.9931005,False,Fibroblasts,Dendritic cells,0.23333333,0.24713226,0.16666667,0.16420192,0.3,0.29292572,0.3,0.29574013
675,0.9930993,False,Fibroblasts,Fibroblasts,0.032258064,0.034975093,0.32258064,0.3231535,0.41935483,0.40555343,0.22580644,0.236318
468,0.9930958,False,Luminal_Macrophages,Luminal_Macrophages,0.4,0.40345955,0.16666667,0.15428762,0.13333334,0.13190408,0.3,0.3103488
479,0.9930956,False,Type 2 alveolar,Type 2 alveolar,0.1,0.096790545,0.5,0.4905148,0.3,0.31380883,0.1,0.09888576
398,0.993095,False,Luminal_Macrophages,Luminal_Macrophages,0.36666667,0.36790642,0.26666668,0.27923694,0.3,0.29840508,0.06666667,0.05445159
2161,0.99309325,False,Fibroblasts,Fibroblasts,0.20689656,0.22071008,0.27586207,0.27377924,0.31034482,0.30990297,0.20689656,0.19560775
466,0.99308324,False,Luminal_Macrophages,Luminal_Macrophages,0.36666667,0.3600487,0.1,0.09278435,0.26666668,0.26858693,0.26666668,0.27857998
30,0.9930811,False,Luminal_Macrophages,Dendritic cells,0.3,0.29500565,0.2,0.19554706,0.2,0.1956095,0.3,0.31383783
3481,0.99308014,False,Fibroblasts,Fibroblasts,0.1724138,0.18625355,0.13793103,0.13681595,0.3448276,0.33927873,0.3448276,0.3376518
3599,0.99307984,False,Dendritic cells,Dendritic cells,0.13333334,0.13569881,0.2,0.20843324,0.26666668,0.26970834,0.4,0.38615966
210,0.99307925,False,Type 2 alveolar,Type 2 alveolar,0.1,0.10176897,0.46666667,0.45282513,0.13333334,0.13695595,0.3,0.30844995
2975,0.99307865,False,Luminal_Macrophages,Luminal_Macrophages,0.36666667,0.3643372,0.26666668,0.2805094,0.3,0.29987204,0.06666667,0.05528135
4706,0.99307674,False,Luminal_Macrophages,Luminal_Macrophages,0.4,0.39165062,0.36666667,0.37042126,0.13333334,0.12783624,0.1,0.11009187
408,0.9930725,False,Luminal_Macrophages,Luminal_Macrophages,0.33333334,0.3261006,0.13333334,0.13186638,0.3,0.29484478,0.23333333,0.24718827
3978,0.9930721,False,Luminal_Macrophages,Luminal_Macrophages,0.46666667,0.45659202,0.3,0.31319562,0.06666667,0.06732693,0.16666667,0.16288544
441,0.99306643,False,Dendritic cells,Dendritic cells,0.26666668,0.27070597,0.16666667,0.17649446,0.23333333,0.22783896,0.33333334,0.32496056
4682,0.993066,False,Luminal_Macrophages,Dendritic cells,0.26666668,0.25572047,0.23333333,0.23041163,0.23333333,0.23495671,0.26666668,0.27891123
2107,0.99306494,False,Luminal_Macrophages,Luminal_Macrophages,0.26666668,0.2805368,0.26666668,0.2632755,0.26666668,0.26248628,0.2,0.19370137
3880,0.99306434,False,Fibroblasts,Fibroblasts,0.26666668,0.27669385,0.033333335,0.037177473,0.36666667,0.356896,0.33333334,0.32923263
2573,0.9930631,False,Fibroblasts,Fibroblasts,0.2,0.20799175,0.16666667,0.1580384,0.33333334,0.32808775,0.3,0.30588213
158,0.9930603,False,Luminal_Macrophages,Luminal_Macrophages,0.36666667,0.38054612,0.13333334,0.12404147,0.13333334,0.12982932,0.36666667,0.36558312
3057,0.99305737,False,Dendritic cells,Dendritic cells,0.13793103,0.14673963,0.13793103,0.13625722,0.27586207,0.28093866,0.44827586,0.43606442
3664,0.9930532,False,Luminal_Macrophages,Luminal_Macrophages,0.46666667,0.46529943,0.16666667,0.17868292,0.23333333,0.23521061,0.13333334,0.12080699
1930,0.9930526,False,Dendritic cells,Dendritic cells,0.26666668,0.28047648,0.26666668,0.2624014,0.06666667,0.06675166,0.4,0.39037043
3596,0.9930519,False,Fibroblasts,Fibroblasts,0.33333334,0.33796266,0.1,0.092208184,0.36666667,0.36056232,0.2,0.20926687
2421,0.99305123,False,Dendritic cells,Dendritic cells,0.2,0.21389748,0.23333333,0.23103587,0.26666668,0.26222616,0.3,0.29284045
4599,0.993051,False,Dendritic cells,Dendritic cells,0.23333333,0.24176107,0.2,0.20547025,0.23333333,0.22971745,0.33333334,0.3230512
1697,0.99305093,False,Fibroblasts,Fibroblasts,0.16666667,0.18056484,0.23333333,0.22978044,0.3,0.29602063,0.3,0.2936341
504,0.9930502,False,Type 2 alveolar,Type 2 alveolar,0.3,0.3138995,0.33333334,0.3258503,0.3,0.29831716,0.06666667,0.061932966
1437,0.99305,False,Fibroblasts,Fibroblasts,0.36666667,0.37303686,0.1,0.10752988,0.46666667,0.46313885,0.06666667,0.056294397
654,0.9930481,False,Luminal_Macrophages,Luminal_Macrophages,0.31034482,0.31254193,0.20689656,0.21656454,0.31034482,0.29644096,0.1724138,0.17445251
4502,0.993047,False,Luminal_Macrophages,Luminal_Macrophages,0.33333334,0.3272579,0.3,0.30681455,0.2,0.19216946,0.16666667,0.1737581
683,0.99304503,False,Fibroblasts,Fibroblasts,0.1,0.10040875,0.2,0.20682164,0.4,0.38609007,0.3,0.30667955
2027,0.9930363,False,Luminal_Macrophages,Luminal_Macrophages,0.32258064,0.31047612,0.19354838,0.20605873,0.2580645,0.2562417,0.22580644,0.22722346
4220,0.9930349,False,Fibroblasts,Fibroblasts,0.16666667,0.1773175,0.33333334,0.3366127,0.43333334,0.42364576,0.06666667,0.06242407
609,0.99303067,False,Luminal_Macrophages,Luminal_Macrophages,0.26666668,0.27962887,0.26666668,0.26764315,0.23333333,0.22637038,0.23333333,0.22635765
227,0.99302745,False,Type 2 alveolar,Type 2 alveolar,0.033333335,0.047138482,0.36666667,0.35325202,0.33333334,0.33280295,0.26666668,0.2668066
2436,0.9930262,False,Type 2 alveolar,Type 2 alveolar,0.19354838,0.20749597,0.29032257,0.2799923,0.2580645,0.25563514,0.2580645,0.25687662
614,0.99302566,False,Luminal_Macrophages,Luminal_Macrophages,0.5,0.50987065,0.06666667,0.061646268,0.4,0.39107174,0.033333335,0.03741129
3587,0.9930225,False,Dendritic cells,Dendritic cells,0.26666668,0.275975,0.033333335,0.03797998,0.3,0.29920375,0.4,0.38684127
3949,0.99302155,False,Fibroblasts,Fibroblasts,0.23333333,0.23978752,0.06666667,0.069727756,0.36666667,0.35270977,0.33333334,0.33777502
2260,0.99302024,False,Dendritic cells,Dendritic cells,0.26666668,0.28062615,0.26666668,0.26063374,0.1,0.099017605,0.36666667,0.3597225
748,0.9930201,False,Type 2 alveolar,Type 2 alveolar,0.32258064,0.31479317,0.3548387,0.34866643,0.06451613,0.06731609,0.2580645,0.26922432
3544,0.99301946,False,Dendritic cells,Dendritic cells,0.06666667,0.06332256,0.33333334,0.33818856,0.23333333,0.24243918,0.36666667,0.3560497
4742,0.99301374,False,Type 2 alveolar,Type 2 alveolar,0.26666668,0.27616975,0.33333334,0.3267368,0.06666667,0.071136035,0.33333334,0.3259574
2113,0.99301356,False,Dendritic cells,Dendritic cells,0.33333334,0.33810502,0.1,0.086462215,0.033333335,0.0328982,0.53333336,0.54253453
3357,0.9930107,False,Fibroblasts,Fibroblasts,0.33333334,0.34731188,0.2,0.19736274,0.4,0.39638847,0.06666667,0.05893691
3287,0.9930106,False,Type 2 alveolar,Fibroblasts,0.26666668,0.27739298,0.3,0.2923668,0.3,0.29365438,0.13333334,0.1365858
4631,0.9930105,False,Luminal_Macrophages,Luminal_Macrophages,0.56666666,0.57774043,0.23333333,0.23623851,0.13333334,0.12617639,0.06666667,0.059844684
3504,0.9930095,False,Dendritic cells,Dendritic cells,0.06666667,0.07468715,0.16666667,0.17262721,0.36666667,0.36486605,0.4,0.38781962
3645,0.9930089,False,Dendritic cells,Dendritic cells,0.23333333,0.24459837,0.1,0.0956125,0.3,0.30271718,0.36666667,0.357072
2497,0.9930077,False,Fibroblasts,Fibroblasts,0.033333335,0.038946908,0.1,0.0896943,0.6666667,0.6750377,0.2,0.19632116
1277,0.99300647,False,Fibroblasts,Fibroblasts,0.26666668,0.27136353,0.16666667,0.16657023,0.33333334,0.31944275,0.23333333,0.24262348
3073,0.99300545,False,Fibroblasts,Fibroblasts,0.33333334,0.33126873,0.2,0.21398914,0.4,0.39137393,0.06666667,0.063368216
1274,0.9929981,False,Luminal_Macrophages,Dendritic cells,0.33333334,0.33196133,0.3,0.28736827,0.033333335,0.045183543,0.33333334,0.3354869
4922,0.99299663,False,Type 2 alveolar,Type 2 alveolar,0.1724138,0.1839188,0.3448276,0.3379452,0.27586207,0.2783638,0.20689656,0.19977222
5,0.9929962,False,Fibroblasts,Fibroblasts,0.26666668,0.2796165,0.1,0.08805001,0.33333334,0.3312758,0.3,0.30105773
1988,0.9929951,False,Fibroblasts,Fibroblasts,0.22580644,0.22845669,0.19354838,0.20167291,0.3548387,0.34082887,0.22580644,0.22904152
2798,0.99298835,False,Fibroblasts,Fibroblasts,0.23333333,0.23143177,0.23333333,0.24331965,0.36666667,0.35454485,0.16666667,0.17070366
1955,0.99298203,False,Fibroblasts,Fibroblasts,0.13333334,0.14603907,0.16666667,0.16354035,0.36666667,0.35575694,0.33333334,0.33466354
4094,0.99297994,False,Fibroblasts,Fibroblasts,0.06666667,0.06605005,0.16666667,0.1760842,0.6333333,0.63795596,0.13333334,0.1199098
4799,0.99297893,False,Luminal_Macrophages,Dendritic cells,0.26666668,0.26108485,0.23333333,0.22487298,0.23333333,0.23814692,0.26666668,0.27589527
1933,0.9929757,False,Fibroblasts,Fibroblasts,0.23333333,0.2473819,0.13333334,0.12373225,0.33333334,0.329531,0.3,0.29935482
1553,0.992974,False,Fibroblasts,Fibroblasts,0.13333334,0.14454405,0.13333334,0.12512529,0.36666667,0.36950803,0.36666667,0.36082262
520,0.9929726,False,Dendritic cells,Dendritic cells,0.033333335,0.041699924,0.23333333,0.23860244,0.23333333,0.23375244,0.5,0.48594517
4342,0.99296755,False,Dendritic cells,Dendritic cells,0.16666667,0.17610458,0.23333333,0.23470253,0.23333333,0.23659118,0.36666667,0.3526017
1596,0.99296707,False,Luminal_Macrophages,Luminal_Macrophages,0.6451613,0.6472976,0.2580645,0.24772047,0.06451613,0.060794327,0.032258064,0.044187624
595,0.9929667,False,Type 2 alveolar,Type 2 alveolar,0.06666667,0.0807333,0.36666667,0.36259538,0.2,0.19895278,0.36666667,0.35771856
2997,0.99296653,False,Type 2 alveolar,Type 2 alveolar,0.19354838,0.20333038,0.29032257,0.2794832,0.2580645,0.254837,0.2580645,0.2623494
1382,0.99296355,False,Fibroblasts,Fibroblasts,0.22580644,0.23418632,0.09677419,0.08908666,0.3548387,0.34845337,0.32258064,0.32827365
379,0.9929622,False,Type 2 alveolar,Type 2 alveolar,0.29032257,0.2909234,0.32258064,0.31753314,0.16129032,0.15226226,0.22580644,0.23928125
1576,0.992961,False,Luminal_Macrophages,Luminal_Macrophages,0.36666667,0.35308456,0.06666667,0.06617073,0.26666668,0.2736011,0.3,0.30714363
3077,0.9929604,False,Type 2 alveolar,Type 2 alveolar,0.20689656,0.22097582,0.31034482,0.30786547,0.31034482,0.30486065,0.1724138,0.16629808
2079,0.99296016,False,Fibroblasts,Fibroblasts,0.23333333,0.23487493,0.26666668,0.2629019,0.33333334,0.32301843,0.16666667,0.17920472
4155,0.99295866,False,Luminal_Macrophages,Luminal_Macrophages,0.44827586,0.46235853,0.03448276,0.031579193,0.37931034,0.37617362,0.13793103,0.12988862
2378,0.9929571,False,Luminal_Macrophages,Luminal_Macrophages,0.46666667,0.46291268,0.26666668,0.2786959,0.16666667,0.16872326,0.1,0.08966821
3511,0.99295545,False,Type 2 alveolar,Type 2 alveolar,0.06666667,0.058275197,0.36666667,0.36096907,0.23333333,0.23857072,0.33333334,0.34218502
406,0.9929484,False,Fibroblasts,Fibroblasts,0.3548387,0.3689419,0.06451613,0.062196337,0.38709676,0.37752795,0.19354838,0.1913338
581,0.9929469,False,Fibroblasts,Fibroblasts,0.2580645,0.26953757,0.22580644,0.22843958,0.41935483,0.40680647,0.09677419,0.095216446
439,0.99294627,False,Dendritic cells,Dendritic cells,0.31034482,0.3156736,0.03448276,0.04294304,0.31034482,0.3106632,0.3448276,0.3307202
2463,0.99294615,False,Dendritic cells,Dendritic cells,0.16666667,0.18077436,0.26666668,0.26367545,0.26666668,0.26070568,0.3,0.29484445
3682,0.992946,False,Type 2 alveolar,Fibroblasts,0.06896552,0.070985526,0.3448276,0.3348811,0.3448276,0.34066615,0.2413793,0.2534672
1896,0.99294406,False,Type 2 alveolar,Type 2 alveolar,0.31034482,0.32445663,0.37931034,0.37251258,0.1724138,0.16812435,0.13793103,0.13490641
2034,0.9929398,False,Type 2 alveolar,Type 2 alveolar,0.26666668,0.27129683,0.3,0.29801762,0.23333333,0.22119524,0.2,0.20949034
4213,0.99293745,False,Dendritic cells,Dendritic cells,0.06666667,0.064431004,0.26666668,0.2799325,0.3,0.30085933,0.36666667,0.3547772
3477,0.9929357,False,Fibroblasts,Fibroblasts,0.16129032,0.1702487,0.032258064,0.037428293,0.4516129,0.44211733,0.3548387,0.35020566
2964,0.99293184,False,Type 2 alveolar,Type 2 alveolar,0.16666667,0.1774698,0.3,0.28798187,0.26666668,0.26454848,0.26666668,0.26999983
1880,0.9929252,False,Type 2 alveolar,Type 2 alveolar,0.16666667,0.16361679,0.36666667,0.355567,0.3,0.30497214,0.16666667,0.17584404
3426,0.99292165,False,Dendritic cells,Dendritic cells,0.033333335,0.04640371,0.3,0.30108637,0.3,0.29467964,0.36666667,0.35783032
4487,0.99291706,False,Fibroblasts,Fibroblasts,0.33333334,0.32973984,0.2,0.21158965,0.36666667,0.35609424,0.1,0.10257628
1888,0.9929162,False,Fibroblasts,Fibroblasts,0.03448276,0.04697799,0.3448276,0.34398383,0.51724136,0.5039176,0.10344828,0.10512059
4204,0.992916,False,Luminal_Macrophages,Luminal_Macrophages,0.43333334,0.4206286,0.16666667,0.16520339,0.23333333,0.23753318,0.16666667,0.17663479
257,0.9929139,False,Luminal_Macrophages,Luminal_Macrophages,0.37931034,0.37366855,0.03448276,0.04818781,0.20689656,0.2073637,0.37931034,0.37077987
1405,0.9929092,False,Luminal_Macrophages,Luminal_Macrophages,0.43333334,0.43040204,0.06666667,0.056384686,0.36666667,0.36569837,0.13333334,0.14751494
1022,0.9929078,False,Dendritic cells,Dendritic cells,0.26666668,0.2747727,0.23333333,0.2394117,0.13333334,0.13228658,0.36666667,0.35352904
910,0.9929039,False,Luminal_Macrophages,Luminal_Macrophages,0.67741936,0.6916116,0.09677419,0.09454812,0.09677419,0.08513988,0.12903225,0.12870038
342,0.99290293,False,Dendritic cells,Dendritic cells,0.26666668,0.2588708,0.16666667,0.17497788,0.26666668,0.27254963,0.3,0.2936017
2623,0.9929018,False,Dendritic cells,Dendritic cells,0.33333334,0.33973083,0.16666667,0.16255668,0.033333335,0.041132234,0.46666667,0.45658022
3277,0.99290085,False,Dendritic cells,Dendritic cells,0.2,0.20501788,0.033333335,0.037667498,0.26666668,0.27151296,0.5,0.48580164
2703,0.992894,False,Luminal_Macrophages,Luminal_Macrophages,0.43333334,0.42495215,0.13333334,0.12750249,0.26666668,0.27300572,0.16666667,0.1745396
4824,0.9928895,False,Dendritic cells,Dendritic cells,0.26666668,0.27778745,0.26666668,0.26976684,0.1,0.09690355,0.36666667,0.35554218
3422,0.99288934,False,Fibroblasts,Fibroblasts,0.33333334,0.336004,0.1,0.09543525,0.36666667,0.35701004,0.2,0.2115507
1752,0.9928836,False,Luminal_Macrophages,Luminal_Macrophages,0.61290324,0.6108906,0.22580644,0.24003914,0.09677419,0.09242755,0.06451613,0.056642637
1433,0.99288076,False,Fibroblasts,Fibroblasts,0.26666668,0.27334672,0.033333335,0.040891737,0.36666667,0.35651922,0.33333334,0.3292423
3724,0.99288034,False,Type 2 alveolar,Type 2 alveolar,0.1,0.09333962,0.56666666,0.5590878,0.23333333,0.24742098,0.1,0.100151636
3601,0.9928792,False,Luminal_Macrophages,Luminal_Macrophages,0.3448276,0.3508546,0.06896552,0.06543221,0.2413793,0.24959384,0.3448276,0.3341193
92,0.9928782,False,Luminal_Macrophages,Luminal_Macrophages,0.36666667,0.36752886,0.033333335,0.038869794,0.26666668,0.27451167,0.33333334,0.3190897
501,0.9928766,False,Luminal_Macrophages,Luminal_Macrophages,0.33333334,0.33818457,0.13333334,0.12983447,0.2,0.2093956,0.33333334,0.3225854
1482,0.9928755,False,Luminal_Macrophages,Luminal_Macrophages,0.4516129,0.43991107,0.19354838,0.19632772,0.12903225,0.12648505,0.22580644,0.23727612
3093,0.9928748,False,Fibroblasts,Fibroblasts,0.09677419,0.10707129,0.32258064,0.32439002,0.38709676,0.37284636,0.19354838,0.19569224
2907,0.9928738,False,Luminal_Macrophages,Luminal_Macrophages,0.4516129,0.43872955,0.06451613,0.06314704,0.38709676,0.39037308,0.09677419,0.10775031
2367,0.99287355,False,Luminal_Macrophages,Luminal_Macrophages,0.33333334,0.32675606,0.26666668,0.25899097,0.13333334,0.13535301,0.26666668,0.2788999
3906,0.99287105,False,Type 2 alveolar,Type 2 alveolar,0.2,0.20987006,0.33333334,0.3190755,0.26666668,0.26808906,0.2,0.20296547
4984,0.99286973,False,Fibroblasts,Fibroblasts,0.36666667,0.3775903,0.2,0.2033369,0.4,0.3877145,0.033333335,0.031358354
940,0.9928688,False,Type 2 alveolar,Type 2 alveolar,0.06451613,0.064599626,0.41935483,0.4050924,0.3548387,0.36147735,0.16129032,0.1688306
4601,0.9928682,False,Type 2 alveolar,Type 2 alveolar,0.2,0.2040998,0.33333334,0.327002,0.33333334,0.32540107,0.13333334,0.14349714
3130,0.99286795,False,Type 2 alveolar,Type 2 alveolar,0.1,0.09055333,0.53333336,0.528516,0.033333335,0.043468602,0.33333334,0.33746216
621,0.9928668,False,Fibroblasts,Dendritic cells,0.10344828,0.09825421,0.06896552,0.059893142,0.41379312,0.41422594,0.41379312,0.42762664
1197,0.99286515,False,Dendritic cells,Dendritic cells,0.33333334,0.34760296,0.1,0.091537364,0.13333334,0.13294487,0.43333334,0.42791474
4893,0.99286014,False,Luminal_Macrophages,Luminal_Macrophages,0.3,0.29371783,0.26666668,0.2590894,0.23333333,0.23291303,0.2,0.21427977
2969,0.99285954,False,Luminal_Macrophages,Luminal_Macrophages,0.516129,0.513864,0.06451613,0.05556772,0.22580644,0.222739,0.19354838,0.2078293
3641,0.99285614,False,Dendritic cells,Dendritic cells,0.31034482,0.32463259,0.10344828,0.097737536,0.06896552,0.06710623,0.51724136,0.5105236
850,0.9928524,False,Luminal_Macrophages,Luminal_Macrophages,0.3548387,0.3559701,0.29032257,0.29703355,0.2580645,0.26451737,0.09677419,0.08247893
1867,0.9928487,False,Luminal_Macrophages,Type 2 alveolar,0.33333334,0.3395124,0.33333334,0.34145692,0.16666667,0.16116962,0.16666667,0.15786107
1869,0.9928475,False,Fibroblasts,Fibroblasts,0.13333334,0.1456932,0.26666668,0.2655849,0.4,0.38677683,0.2,0.2019451
6,0.9928472,False,Fibroblasts,Fibroblasts,0.23333333,0.24178961,0.16666667,0.16574454,0.33333334,0.31994992,0.26666668,0.27251592
1773,0.99284565,False,Luminal_Macrophages,Luminal_Macrophages,0.3548387,0.36147317,0.06451613,0.05751089,0.3548387,0.3475353,0.22580644,0.23348065
633,0.99284494,False,Dendritic cells,Dendritic cells,0.032258064,0.039547525,0.09677419,0.082464054,0.32258064,0.32357305,0.5483871,0.5544154
4370,0.9928442,False,Dendritic cells,Dendritic cells,0.26666668,0.28097823,0.1,0.09501469,0.3,0.29675028,0.33333334,0.3272568
4178,0.99284285,False,Type 2 alveolar,Fibroblasts,0.06666667,0.06252364,0.43333334,0.42316204,0.43333334,0.44141787,0.06666667,0.072896406
799,0.99284256,False,Luminal_Macrophages,Luminal_Macrophages,0.36666667,0.37683108,0.2,0.19090216,0.1,0.094783016,0.33333334,0.33748376
4597,0.9928419,False,Luminal_Macrophages,Luminal_Macrophages,0.36666667,0.3523504,0.3,0.305169,0.2,0.20418982,0.13333334,0.13829078
3244,0.99283767,False,Fibroblasts,Fibroblasts,0.033333335,0.046354093,0.2,0.20130393,0.7,0.69901353,0.06666667,0.05332849
2193,0.99283653,False,Type 2 alveolar,Type 2 alveolar,0.13333334,0.12343713,0.33333334,0.3289026,0.3,0.30556253,0.23333333,0.24209774
4385,0.9928342,False,Luminal_Macrophages,Luminal_Macrophages,0.3,0.29970875,0.26666668,0.25366613,0.16666667,0.16562687,0.26666668,0.2809982
4132,0.9928337,False,Dendritic cells,Dendritic cells,0.13333334,0.12684497,0.06666667,0.06155493,0.26666668,0.28099933,0.53333336,0.5306007
2110,0.99283206,False,Fibroblasts,Fibroblasts,0.20689656,0.20969595,0.20689656,0.20473056,0.3448276,0.33265775,0.2413793,0.2529158
316,0.9928315,False,Luminal_Macrophages,Luminal_Macrophages,0.4,0.39051253,0.3,0.29515052,0.033333335,0.038917128,0.26666668,0.2754198
1100,0.99282944,False,Luminal_Macrophages,Luminal_Macrophages,0.4516129,0.4463157,0.06451613,0.05547223,0.2580645,0.26087388,0.22580644,0.2373382
623,0.99282855,False,Luminal_Macrophages,Luminal_Macrophages,0.3,0.30746117,0.3,0.29125726,0.16666667,0.16106649,0.23333333,0.24021506
4935,0.99282795,False,Luminal_Macrophages,Luminal_Macrophages,0.53333336,0.5189892,0.033333335,0.039410252,0.23333333,0.23607828,0.2,0.20552225
4372,0.99282783,False,Dendritic cells,Dendritic cells,0.36666667,0.38101107,0.1,0.09403773,0.13333334,0.12630485,0.4,0.3986464
2980,0.99282414,False,Fibroblasts,Fibroblasts,0.33333334,0.34768513,0.06666667,0.062150896,0.43333334,0.42579174,0.16666667,0.16437232
2035,0.9928241,False,Type 2 alveolar,Type 2 alveolar,0.2580645,0.2517247,0.29032257,0.28393164,0.22580644,0.22418542,0.22580644,0.24015824
496,0.99281996,False,Luminal_Macrophages,Luminal_Macrophages,0.46666667,0.4623982,0.43333334,0.4260568,0.06666667,0.06385163,0.033333335,0.047693435
3369,0.9928171,False,Dendritic cells,Dendritic cells,0.1,0.08563419,0.033333335,0.044876225,0.4,0.4002796,0.46666667,0.46920997
1793,0.992816,False,Luminal_Macrophages,Dendritic cells,0.3,0.29606926,0.26666668,0.27444702,0.13333334,0.122896016,0.3,0.30658773
2832,0.9928159,False,Dendritic cells,Dendritic cells,0.16666667,0.17814112,0.13333334,0.12675653,0.33333334,0.33622703,0.36666667,0.35887533
146,0.99281377,False,Type 2 alveolar,Type 2 alveolar,0.33333334,0.3386173,0.4,0.3873361,0.06666667,0.0649581,0.2,0.2090885
1343,0.99281347,False,Luminal_Macrophages,Luminal_Macrophages,0.44827586,0.44116437,0.1724138,0.16864504,0.06896552,0.06547268,0.31034482,0.32471797
3992,0.9928084,False,Luminal_Macrophages,Luminal_Macrophages,0.4,0.38785905,0.33333334,0.33109108,0.06666667,0.066967204,0.2,0.21408264
243,0.9928066,False,Type 2 alveolar,Type 2 alveolar,0.13793103,0.14405003,0.3448276,0.33199012,0.2413793,0.23982997,0.27586207,0.2841299
2188,0.9928022,False,Luminal_Macrophages,Luminal_Macrophages,0.43333334,0.44550538,0.16666667,0.1528031,0.033333335,0.032801248,0.36666667,0.36889023
1569,0.99280196,False,Type 2 alveolar,Type 2 alveolar,0.1724138,0.17423482,0.31034482,0.2959487,0.2413793,0.24471556,0.27586207,0.28510088
2633,0.9928016,False,Type 2 alveolar,Type 2 alveolar,0.19354838,0.1983026,0.38709676,0.3727,0.29032257,0.29647824,0.12903225,0.13251922
4050,0.99280095,False,Fibroblasts,Fibroblasts,0.2580645,0.26654127,0.032258064,0.03817936,0.38709676,0.3736707,0.32258064,0.32160866
3890,0.9927973,False,Type 2 alveolar,Type 2 alveolar,0.3,0.31207675,0.36666667,0.35558724,0.26666668,0.26899526,0.06666667,0.063340746
2915,0.99279696,False,Type 2 alveolar,Type 2 alveolar,0.16666667,0.1616076,0.43333334,0.42598704,0.3,0.3144061,0.1,0.0979993
2813,0.9927893,False,Luminal_Macrophages,Luminal_Macrophages,0.44827586,0.43523228,0.10344828,0.10789748,0.27586207,0.27448437,0.1724138,0.18238592
872,0.9927878,False,Fibroblasts,Fibroblasts,0.33333334,0.3463486,0.13333334,0.1238315,0.36666667,0.36174408,0.16666667,0.16807581
438,0.99278766,False,Luminal_Macrophages,Luminal_Macrophages,0.5,0.50369376,0.26666668,0.2773976,0.06666667,0.06350858,0.16666667,0.15540005
2856,0.9927863,False,Dendritic cells,Dendritic cells,0.3,0.30426782,0.26666668,0.26973432,0.033333335,0.040425345,0.4,0.38557255
825,0.9927861,False,Dendritic cells,Dendritic cells,0.09677419,0.10267452,0.32258064,0.33110812,0.16129032,0.15283467,0.41935483,0.41338274
3862,0.99278516,False,Luminal_Macrophages,Luminal_Macrophages,0.3548387,0.35062096,0.09677419,0.086562224,0.22580644,0.23270385,0.32258064,0.33011293
1189,0.9927828,False,Luminal_Macrophages,Luminal_Macrophages,0.44827586,0.44181597,0.06896552,0.060990974,0.10344828,0.10437976,0.37931034,0.39281324
3755,0.9927815,False,Fibroblasts,Dendritic cells,0.2,0.21439666,0.13333334,0.123892225,0.33333334,0.32833743,0.33333334,0.3333737
1893,0.99277395,False,Dendritic cells,Dendritic cells,0.16666667,0.17828846,0.2,0.20073123,0.26666668,0.2687657,0.36666667,0.3522146
4375,0.9927706,False,Luminal_Macrophages,Luminal_Macrophages,0.31034482,0.30811757,0.1724138,0.16624483,0.31034482,0.30428222,0.20689656,0.22135532
1803,0.9927698,False,Fibroblasts,Fibroblasts,0.16666667,0.17628482,0.033333335,0.035976417,0.43333334,0.41887295,0.36666667,0.36886588
542,0.9927683,False,Fibroblasts,Fibroblasts,0.032258064,0.042349678,0.38709676,0.3795572,0.41935483,0.42372665,0.16129032,0.15436646
2111,0.99276733,False,Luminal_Macrophages,Luminal_Macrophages,0.33333334,0.32305086,0.23333333,0.24427883,0.26666668,0.26248384,0.16666667,0.17018647
1231,0.99276656,False,Type 2 alveolar,Fibroblasts,0.033333335,0.04231998,0.36666667,0.35808253,0.36666667,0.36078385,0.23333333,0.23881356
2464,0.99276286,False,Fibroblasts,Fibroblasts,0.22580644,0.23430285,0.22580644,0.22468339,0.3548387,0.34148756,0.19354838,0.19952622
729,0.9927616,False,Dendritic cells,Dendritic cells,0.1,0.11108625,0.23333333,0.23552456,0.3,0.30119932,0.36666667,0.35218996
2570,0.99276054,False,Dendritic cells,Dendritic cells,0.26666668,0.28114557,0.23333333,0.2329506,0.1,0.097769246,0.4,0.3881345
2091,0.9927603,False,Luminal_Macrophages,Luminal_Macrophages,0.33333334,0.33167213,0.3,0.31447935,0.23333333,0.22914225,0.13333334,0.12470621
3060,0.9927552,False,Dendritic cells,Dendritic cells,0.06896552,0.057698727,0.3448276,0.35600442,0.1724138,0.16919088,0.41379312,0.41710594
1792,0.99275374,False,Fibroblasts,Fibroblasts,0.19354838,0.19663583,0.22580644,0.22638845,0.32258064,0.3080881,0.2580645,0.26888758
2203,0.99275327,False,Type 2 alveolar,Type 2 alveolar,0.033333335,0.042547118,0.36666667,0.3568064,0.33333334,0.32870013,0.26666668,0.27194637
4775,0.9927515,False,Dendritic cells,Dendritic cells,0.2580645,0.27062818,0.19354838,0.18964158,0.19354838,0.18295816,0.3548387,0.35677215
3214,0.9927497,False,Type 2 alveolar,Type 2 alveolar,0.16666667,0.17370728,0.43333334,0.4193984,0.36666667,0.36610094,0.033333335,0.040793378
539,0.9927485,False,Dendritic cells,Dendritic cells,0.033333335,0.045976598,0.4,0.39289662,0.06666667,0.06852642,0.5,0.49260044
4901,0.99274725,False,Luminal_Macrophages,Luminal_Macrophages,0.36666667,0.3584151,0.3,0.31324878,0.16666667,0.16041271,0.16666667,0.16792345
790,0.9927447,False,Fibroblasts,Fibroblasts,0.13333334,0.13507268,0.23333333,0.24610461,0.33333334,0.32382017,0.3,0.2950026
3854,0.9927445,False,Luminal_Macrophages,Luminal_Macrophages,0.36666667,0.3662655,0.1,0.09060655,0.2,0.19528365,0.33333334,0.34784433
3885,0.99274385,False,Fibroblasts,Fibroblasts,0.33333334,0.34133783,0.06666667,0.06887739,0.46666667,0.4521543,0.13333334,0.13763048
1463,0.992742,False,Luminal_Macrophages,Luminal_Macrophages,0.5,0.48658484,0.033333335,0.047289938,0.1,0.098899156,0.36666667,0.36722606
1203,0.9927407,False,Fibroblasts,Fibroblasts,0.3,0.30825964,0.1,0.09416897,0.36666667,0.35797906,0.23333333,0.23959233
4139,0.99273866,False,Luminal_Macrophages,Luminal_Macrophages,0.33333334,0.31881067,0.3,0.31069148,0.2,0.20323701,0.16666667,0.16726086
1178,0.9927378,False,Fibroblasts,Fibroblasts,0.1,0.09840528,0.3,0.30136928,0.36666667,0.35373706,0.23333333,0.24648842
2609,0.9927364,False,Type 2 alveolar,Type 2 alveolar,0.2580645,0.27090475,0.3548387,0.34400558,0.19354838,0.19523537,0.19354838,0.18985425
2789,0.99273527,False,Type 2 alveolar,Dendritic cells,0.2,0.20458356,0.26666668,0.2595827,0.26666668,0.25922117,0.26666668,0.27661258
4537,0.9927347,False,Type 2 alveolar,Type 2 alveolar,0.29032257,0.29839376,0.3548387,0.3403081,0.22580644,0.2284607,0.12903225,0.13283744
1084,0.9927347,False,Type 2 alveolar,Dendritic cells,0.13333334,0.14646648,0.33333334,0.32204947,0.2,0.20139746,0.33333334,0.3300866
4779,0.9927311,False,Luminal_Macrophages,Luminal_Macrophages,0.4,0.3854621,0.26666668,0.26743686,0.033333335,0.04098881,0.3,0.30611217
4241,0.9927294,False,Fibroblasts,Fibroblasts,0.26666668,0.27389008,0.23333333,0.23037934,0.3,0.28841284,0.2,0.20731774
4191,0.99272823,False,Fibroblasts,Fibroblasts,0.33333334,0.32593986,0.23333333,0.24104175,0.36666667,0.3595166,0.06666667,0.0735018
2577,0.99272746,False,Luminal_Macrophages,Luminal_Macrophages,0.31034482,0.3168375,0.10344828,0.097523734,0.31034482,0.3017243,0.27586207,0.28391448
3142,0.9927272,False,Luminal_Macrophages,Luminal_Macrophages,0.7241379,0.73051834,0.1724138,0.18057899,0.03448276,0.029002579,0.06896552,0.059900094
3680,0.9927183,False,Dendritic cells,Dendritic cells,0.26666668,0.25238204,0.13333334,0.14012301,0.23333333,0.24110714,0.36666667,0.3663878
231,0.99271613,False,Dendritic cells,Dendritic cells,0.26666668,0.28123435,0.13333334,0.13171431,0.13333334,0.13173167,0.46666667,0.45531964
4356,0.992715,False,Fibroblasts,Fibroblasts,0.1,0.11272196,0.1,0.1018481,0.43333334,0.42626488,0.36666667,0.3591651
886,0.9927125,False,Type 2 alveolar,Type 2 alveolar,0.06666667,0.056207873,0.4,0.39588374,0.3,0.30439207,0.23333333,0.24351631
893,0.992703,False,Type 2 alveolar,Type 2 alveolar,0.033333335,0.04271984,0.4,0.39412996,0.2,0.20520745,0.36666667,0.35794276
4176,0.99270177,False,Type 2 alveolar,Type 2 alveolar,0.2580645,0.2642361,0.61290324,0.60810304,0.032258064,0.04068294,0.09677419,0.08697795
988,0.99270135,False,Luminal_Macrophages,Luminal_Macrophages,0.33333334,0.34000078,0.3,0.29556507,0.033333335,0.041263208,0.33333334,0.32317093
1336,0.99270046,False,Fibroblasts,Fibroblasts,0.3448276,0.34188655,0.03448276,0.04364966,0.41379312,0.40213504,0.20689656,0.2123287
1234,0.9927002,False,Dendritic cells,Dendritic cells,0.26666668,0.2763774,0.06666667,0.062457353,0.3,0.30488878,0.36666667,0.35627648
1894,0.99270004,False,Dendritic cells,Dendritic cells,0.26666668,0.2796133,0.06666667,0.05439774,0.2,0.20165326,0.46666667,0.4643357
365,0.9927,False,Dendritic cells,Dendritic cells,0.36666667,0.37859854,0.16666667,0.1578886,0.06666667,0.060844645,0.4,0.40266812
4693,0.99269927,False,Luminal_Macrophages,Luminal_Macrophages,0.3448276,0.34948474,0.27586207,0.28580642,0.31034482,0.30250993,0.06896552,0.06219887
3561,0.9926985,False,Dendritic cells,Dendritic cells,0.2,0.21140255,0.1,0.09352511,0.3,0.30320042,0.4,0.39187193
2284,0.99269587,False,Fibroblasts,Fibroblasts,0.38709676,0.39164883,0.032258064,0.042314243,0.4516129,0.43964714,0.12903225,0.12638979
1371,0.9926944,False,Type 2 alveolar,Type 2 alveolar,0.06666667,0.060753316,0.53333336,0.52463543,0.2,0.2065545,0.2,0.20805675
2785,0.9926928,False,Dendritic cells,Dendritic cells,0.13333334,0.14597121,0.06666667,0.05837953,0.33333334,0.33530983,0.46666667,0.4603395
1951,0.9926892,False,Luminal_Macrophages,Luminal_Macrophages,0.3548387,0.3426204,0.2580645,0.2720312,0.12903225,0.12662888,0.2580645,0.25871947
2631,0.9926892,False,Fibroblasts,Fibroblasts,0.06666667,0.055365637,0.3,0.30656257,0.36666667,0.3633461,0.26666668,0.2747257
1160,0.9926884,False,Fibroblasts,Fibroblasts,0.1,0.10797406,0.3,0.2946226,0.33333334,0.32408765,0.26666668,0.27331573
2509,0.9926875,False,Luminal_Macrophages,Luminal_Macrophages,0.43333334,0.44415048,0.4,0.40380785,0.06666667,0.06525976,0.1,0.086781904
154,0.99268645,False,Fibroblasts,Fibroblasts,0.3,0.29646206,0.23333333,0.23923026,0.33333334,0.32224414,0.13333334,0.1420635
414,0.99268425,False,Type 2 alveolar,Type 2 alveolar,0.06666667,0.06129078,0.73333335,0.7240777,0.033333335,0.041994955,0.16666667,0.17263657
1591,0.9926838,False,Dendritic cells,Dendritic cells,0.06896552,0.06522906,0.2413793,0.25266653,0.27586207,0.2792071,0.41379312,0.40289727
476,0.9926821,False,Dendritic cells,Dendritic cells,0.06666667,0.061196517,0.2,0.20773335,0.3,0.3069025,0.43333334,0.42416766
740,0.99268013,False,Fibroblasts,Fibroblasts,0.2,0.2146398,0.16666667,0.1617321,0.33333334,0.32750136,0.3,0.29612678
1794,0.9926759,False,Type 2 alveolar,Type 2 alveolar,0.16666667,0.17737865,0.33333334,0.31868517,0.2,0.20304228,0.3,0.30089387
2629,0.9926698,False,Fibroblasts,Fibroblasts,0.1,0.1146603,0.16666667,0.16174819,0.4,0.39083073,0.33333334,0.33276072
1883,0.9926692,False,Type 2 alveolar,Type 2 alveolar,0.19354838,0.20820998,0.3548387,0.34160632,0.12903225,0.12800992,0.32258064,0.32217383
2982,0.99266756,False,Fibroblasts,Fibroblasts,0.16666667,0.1752678,0.033333335,0.038765673,0.43333334,0.41866848,0.36666667,0.36729807
568,0.9926667,False,Fibroblasts,Fibroblasts,0.16129032,0.15996434,0.2580645,0.2629993,0.5483871,0.53504646,0.032258064,0.041989833
4398,0.99266595,False,Type 2 alveolar,Type 2 alveolar,0.3,0.30830136,0.4,0.38861263,0.1,0.09671922,0.2,0.20636682
3238,0.9926655,False,Type 2 alveolar,Type 2 alveolar,0.06666667,0.060754906,0.7,0.7146689,0.06666667,0.06257652,0.16666667,0.1619996
3031,0.9926635,False,Type 2 alveolar,Type 2 alveolar,0.29032257,0.3003164,0.3548387,0.34826306,0.19354838,0.19822758,0.16129032,0.153193
4233,0.9926619,False,Fibroblasts,Dendritic cells,0.033333335,0.048009533,0.3,0.29715216,0.33333334,0.32738703,0.33333334,0.3274513
1743,0.9926619,False,Luminal_Macrophages,Luminal_Macrophages,0.37931034,0.36582178,0.20689656,0.21365836,0.27586207,0.2746744,0.13793103,0.14584543
4297,0.9926618,False,Type 2 alveolar,Type 2 alveolar,0.23333333,0.24089932,0.36666667,0.3563586,0.06666667,0.07377709,0.33333334,0.32896498
3618,0.9926606,False,Luminal_Macrophages,Luminal_Macrophages,0.36666667,0.35583216,0.2,0.19926718,0.13333334,0.1302218,0.3,0.31467885
1029,0.9926584,False,Luminal_Macrophages,Luminal_Macrophages,0.33333334,0.3427614,0.1,0.08883076,0.33333334,0.32981935,0.23333333,0.23858853
4888,0.9926574,False,Fibroblasts,Fibroblasts,0.033333335,0.0480185,0.16666667,0.16475908,0.46666667,0.4595137,0.33333334,0.32770872
1651,0.9926549,False,Dendritic cells,Dendritic cells,0.06451613,0.06164246,0.3548387,0.36952886,0.16129032,0.15280865,0.41935483,0.41601995
3037,0.99265444,False,Luminal_Macrophages,Luminal_Macrophages,0.37931034,0.3660789,0.20689656,0.2194031,0.31034482,0.3125294,0.10344828,0.10198859
3247,0.99265397,False,Luminal_Macrophages,Luminal_Macrophages,0.37931034,0.3695876,0.27586207,0.27089277,0.03448276,0.042876508,0.31034482,0.31664315
2433,0.99265337,False,Luminal_Macrophages,Luminal_Macrophages,0.43333334,0.42216262,0.3,0.2964774,0.23333333,0.24557365,0.033333335,0.035786282
1329,0.9926529,False,Luminal_Macrophages,Type 2 alveolar,0.29032257,0.28285864,0.29032257,0.3050168,0.12903225,0.12667431,0.29032257,0.2854503
130,0.9926523,False,Dendritic cells,Dendritic cells,0.23333333,0.24795362,0.2,0.2000751,0.26666668,0.259818,0.3,0.29215327
1213,0.9926493,False,Luminal_Macrophages,Luminal_Macrophages,0.26666668,0.2775012,0.2,0.20386688,0.26666668,0.25570503,0.26666668,0.26292688
99,0.99264884,False,Fibroblasts,Fibroblasts,0.03448276,0.044245765,0.06896552,0.063502036,0.7241379,0.7290772,0.1724138,0.16317497
2071,0.9926484,False,Luminal_Macrophages,Luminal_Macrophages,0.6,0.6128038,0.1,0.09244854,0.26666668,0.25951493,0.033333335,0.03523267
3950,0.99264556,False,Type 2 alveolar,Type 2 alveolar,0.1,0.092951454,0.46666667,0.4590064,0.06666667,0.06836212,0.36666667,0.37968007
3076,0.99264336,False,Type 2 alveolar,Type 2 alveolar,0.23333333,0.22634311,0.3,0.29227698,0.26666668,0.26988465,0.2,0.21149527
3299,0.99263895,False,Dendritic cells,Dendritic cells,0.1,0.10250427,0.06666667,0.06423866,0.33333334,0.34555122,0.5,0.48770586
4908,0.99263847,False,Fibroblasts,Fibroblasts,0.13333334,0.14099258,0.1,0.09889081,0.43333334,0.41971952,0.33333334,0.34039718
4482,0.99263823,False,Dendritic cells,Dendritic cells,0.31034482,0.3238883,0.20689656,0.20415206,0.06896552,0.070145614,0.41379312,0.40181407
4574,0.99263775,False,Fibroblasts,Fibroblasts,0.033333335,0.043635484,0.13333334,0.12510085,0.53333336,0.52684134,0.3,0.30442232
434,0.9926373,False,Luminal_Macrophages,Luminal_Macrophages,0.37931034,0.37409222,0.31034482,0.32398856,0.2413793,0.24246101,0.06896552,0.059458267
3383,0.9926361,False,Luminal_Macrophages,Luminal_Macrophages,0.43333334,0.42152548,0.16666667,0.1785043,0.23333333,0.23041335,0.16666667,0.16955692
384,0.9926293,False,Type 2 alveolar,Type 2 alveolar,0.13333334,0.12682438,0.33333334,0.3251009,0.3,0.30163702,0.23333333,0.24643771
4031,0.99262595,False,Type 2 alveolar,Type 2 alveolar,0.13333334,0.14478679,0.4,0.38931334,0.1,0.10329473,0.36666667,0.3626052
1560,0.99262285,False,Dendritic cells,Dendritic cells,0.06666667,0.05687339,0.26666668,0.26350272,0.06666667,0.06486961,0.6,0.61475426
3364,0.99261826,False,Luminal_Macrophages,Luminal_Macrophages,0.36666667,0.3534667,0.23333333,0.23871198,0.23333333,0.23176983,0.16666667,0.1760515
3255,0.9926163,False,Type 2 alveolar,Type 2 alveolar,0.06896552,0.07522822,0.3448276,0.33195412,0.31034482,0.3084509,0.27586207,0.28436682
667,0.9926157,False,Dendritic cells,Dendritic cells,0.26666668,0.27880594,0.06666667,0.05189804,0.2,0.20120299,0.46666667,0.46809307
3188,0.99260634,False,Fibroblasts,Fibroblasts,0.2580645,0.2550267,0.29032257,0.30510986,0.3548387,0.35244662,0.09677419,0.0874168
4745,0.9926045,False,Luminal_Macrophages,Luminal_Macrophages,0.4,0.4047976,0.1,0.08829061,0.13333334,0.13025172,0.36666667,0.3766601
592,0.99260116,False,Type 2 alveolar,Type 2 alveolar,0.27586207,0.28088358,0.41379312,0.40392303,0.13793103,0.13300349,0.1724138,0.18218994
3578,0.9926006,False,Dendritic cells,Dendritic cells,0.13333334,0.14581436,0.3,0.29443365,0.23333333,0.23565102,0.33333334,0.32410097
3628,0.99259925,False,Fibroblasts,Fibroblasts,0.1724138,0.17187545,0.31034482,0.32381395,0.4827586,0.46849552,0.03448276,0.035815075
329,0.9925892,False,Luminal_Macrophages,Luminal_Macrophages,0.46666667,0.451845,0.33333334,0.34266168,0.16666667,0.16808647,0.033333335,0.03740691
3124,0.9925888,False,Luminal_Macrophages,Luminal_Macrophages,0.53333336,0.5295916,0.13333334,0.124962576,0.13333334,0.13062342,0.2,0.2148224
1346,0.992587,False,Type 2 alveolar,Type 2 alveolar,0.2,0.21482606,0.3,0.2929693,0.26666668,0.26050475,0.23333333,0.23169987
2574,0.99258655,False,Fibroblasts,Fibroblasts,0.10344828,0.10167012,0.1724138,0.17694427,0.41379312,0.40074432,0.31034482,0.32064122
1258,0.99258506,False,Dendritic cells,Dendritic cells,0.3,0.30840316,0.1,0.09278314,0.26666668,0.2730933,0.33333334,0.32572034
1244,0.9925828,False,Luminal_Macrophages,Luminal_Macrophages,0.26666668,0.2759895,0.23333333,0.22379537,0.23333333,0.22803687,0.26666668,0.27217826
2466,0.9925798,False,Dendritic cells,Dendritic cells,0.1,0.099931955,0.16666667,0.15821508,0.13333334,0.12701257,0.6,0.6148404
1116,0.99257934,False,Dendritic cells,Dendritic cells,0.2,0.21484134,0.3,0.29738128,0.16666667,0.16409473,0.33333334,0.32368267
4481,0.99256647,False,Luminal_Macrophages,Luminal_Macrophages,0.36666667,0.36607215,0.23333333,0.24781264,0.26666668,0.26705447,0.13333334,0.11906072
3035,0.9925638,False,Fibroblasts,Fibroblasts,0.033333335,0.039340835,0.26666668,0.27553168,0.4,0.38702223,0.3,0.29810533
4400,0.9925597,False,Type 2 alveolar,Fibroblasts,0.23333333,0.24821396,0.33333334,0.32745287,0.33333334,0.33175188,0.1,0.09258126
643,0.9925545,False,Fibroblasts,Fibroblasts,0.06666667,0.08155769,0.13333334,0.12620094,0.43333334,0.42745084,0.36666667,0.3647906
4381,0.9925542,False,Dendritic cells,Dendritic cells,0.2580645,0.26398247,0.032258064,0.035017297,0.22580644,0.2320209,0.48387095,0.46897933
983,0.9925493,False,Dendritic cells,Dendritic cells,0.26666668,0.26929212,0.33333334,0.32631096,0.033333335,0.045609247,0.36666667,0.35878766
4767,0.9925489,False,Type 2 alveolar,Type 2 alveolar,0.13333334,0.1359487,0.36666667,0.35176438,0.33333334,0.3358273,0.16666667,0.17645963
2643,0.99254745,False,Dendritic cells,Dendritic cells,0.2,0.21030453,0.2,0.20460057,0.2,0.19436456,0.4,0.39073035
4235,0.9925453,False,Fibroblasts,Fibroblasts,0.2,0.20689115,0.16666667,0.1602701,0.33333334,0.32482046,0.3,0.30801824
747,0.9925438,False,Dendritic cells,Dendritic cells,0.2,0.20542893,0.26666668,0.27615008,0.2,0.19917895,0.33333334,0.31924197
1318,0.99254245,False,Type 2 alveolar,Type 2 alveolar,0.38709676,0.40201193,0.41935483,0.41554305,0.12903225,0.12634596,0.06451613,0.056099072
3336,0.99254197,False,Type 2 alveolar,Type 2 alveolar,0.33333334,0.3345604,0.53333336,0.51841724,0.1,0.104316816,0.033333335,0.042705536
544,0.9925409,False,Dendritic cells,Dendritic cells,0.3,0.31491816,0.16666667,0.15869124,0.16666667,0.16197391,0.36666667,0.3644167
4991,0.9925389,False,Luminal_Macrophages,Luminal_Macrophages,0.38709676,0.37739077,0.29032257,0.28510648,0.06451613,0.0650998,0.2580645,0.27240294
868,0.9925375,False,Type 2 alveolar,Type 2 alveolar,0.16666667,0.18159164,0.33333334,0.3303694,0.16666667,0.1635017,0.33333334,0.32453725
500,0.9925362,False,Type 2 alveolar,Type 2 alveolar,0.1,0.089248076,0.4,0.3958243,0.26666668,0.27755868,0.23333333,0.23736891
1940,0.9925334,False,Dendritic cells,Dendritic cells,0.29032257,0.29352736,0.09677419,0.081840985,0.032258064,0.03593099,0.58064514,0.58870065
1937,0.992529,False,Fibroblasts,Fibroblasts,0.27586207,0.28560886,0.20689656,0.21209183,0.37931034,0.36897784,0.13793103,0.13332143
3324,0.9925274,False,Fibroblasts,Fibroblasts,0.13333334,0.1392689,0.2,0.2016499,0.4,0.38505486,0.26666668,0.2740264
3315,0.9925272,False,Fibroblasts,Fibroblasts,0.06666667,0.0666245,0.2,0.21494564,0.4,0.39031065,0.33333334,0.32811925
403,0.9925266,False,Dendritic cells,Dendritic cells,0.09677419,0.10133872,0.22580644,0.23362637,0.19354838,0.1961107,0.48387095,0.46892416
4049,0.99252313,False,Type 2 alveolar,Type 2 alveolar,0.16129032,0.17624407,0.38709676,0.37787858,0.09677419,0.0911936,0.3548387,0.35468376
1935,0.9925207,False,Fibroblasts,Fibroblasts,0.1,0.106413074,0.16666667,0.1747328,0.43333334,0.4183747,0.3,0.30047947
860,0.99251944,False,Luminal_Macrophages,Luminal_Macrophages,0.36666667,0.35818842,0.26666668,0.2805541,0.16666667,0.16018374,0.2,0.20107374
4291,0.9925159,False,Luminal_Macrophages,Luminal_Macrophages,0.37931034,0.36715844,0.13793103,0.14437063,0.27586207,0.28439063,0.20689656,0.20408028
715,0.9925135,False,Dendritic cells,Dendritic cells,0.36666667,0.37952355,0.13333334,0.12654005,0.1,0.09182021,0.4,0.40211615
4227,0.99251133,False,Type 2 alveolar,Type 2 alveolar,0.16666667,0.17400235,0.3,0.29040897,0.26666668,0.2612804,0.26666668,0.27430832
1661,0.99250686,False,Dendritic cells,Dendritic cells,0.06666667,0.06332034,0.1,0.08836004,0.36666667,0.3737876,0.46666667,0.474532
4809,0.99250615,False,Luminal_Macrophages,Luminal_Macrophages,0.33333334,0.33029303,0.26666668,0.28165442,0.3,0.29721716,0.1,0.0908354
1165,0.99250543,False,Dendritic cells,Dendritic cells,0.06666667,0.06566292,0.33333334,0.34832248,0.16666667,0.16272913,0.43333334,0.42328548
2566,0.992505,False,Luminal_Macrophages,Luminal_Macrophages,0.3,0.30339387,0.23333333,0.24492945,0.3,0.2919404,0.16666667,0.15973629
143,0.9925033,False,Luminal_Macrophages,Luminal_Macrophages,0.38709676,0.38048992,0.22580644,0.22068372,0.12903225,0.12576844,0.2580645,0.27305788
3462,0.9925005,False,Fibroblasts,Fibroblasts,0.032258064,0.045072734,0.3548387,0.35702306,0.4516129,0.44001594,0.16129032,0.15788828
4119,0.99250036,False,Luminal_Macrophages,Luminal_Macrophages,0.37931034,0.3795069,0.13793103,0.12293179,0.1724138,0.1728203,0.31034482,0.32474107
1726,0.99249846,False,Dendritic cells,Dendritic cells,0.13333334,0.14833644,0.2,0.19005433,0.16666667,0.16437167,0.5,0.49723753
4494,0.9924973,False,Dendritic cells,Dendritic cells,0.16666667,0.18167195,0.26666668,0.25637656,0.26666668,0.26214108,0.3,0.2998104
2914,0.99249375,False,Dendritic cells,Dendritic cells,0.03448276,0.048223805,0.06896552,0.057875983,0.3448276,0.34609902,0.55172414,0.54780114
3941,0.99249345,False,Luminal_Macrophages,Luminal_Macrophages,0.43333334,0.42724523,0.4,0.39142817,0.13333334,0.13298017,0.033333335,0.04834642
1183,0.99249184,False,Type 2 alveolar,Type 2 alveolar,0.13793103,0.15247446,0.3448276,0.3329301,0.20689656,0.20736939,0.31034482,0.30722606
4830,0.99249154,False,Luminal_Macrophages,Luminal_Macrophages,0.37931034,0.36859664,0.3448276,0.34052435,0.2413793,0.24862777,0.03448276,0.04225128
4159,0.9924894,False,Luminal_Macrophages,Luminal_Macrophages,0.38709676,0.3720756,0.29032257,0.30021572,0.19354838,0.19820176,0.12903225,0.12950696
4675,0.9924833,False,Fibroblasts,Fibroblasts,0.31034482,0.3010574,0.20689656,0.22192992,0.3448276,0.3441204,0.13793103,0.13289224
4454,0.9924826,False,Fibroblasts,Fibroblasts,0.06666667,0.065977715,0.33333334,0.34836805,0.5,0.49861103,0.1,0.08704315
3268,0.9924824,False,Dendritic cells,Dendritic cells,0.03448276,0.04263461,0.2413793,0.24826263,0.27586207,0.2712445,0.44827586,0.43785822
1054,0.99248105,False,Luminal_Macrophages,Luminal_Macrophages,0.4516129,0.46522418,0.3548387,0.34285134,0.16129032,0.15823987,0.032258064,0.0336847
1041,0.9924753,False,Fibroblasts,Fibroblasts,0.3,0.30854356,0.13333334,0.12687615,0.5,0.49140772,0.06666667,0.07317253
4669,0.9924701,False,Luminal_Macrophages,Luminal_Macrophages,0.36666667,0.36750087,0.033333335,0.03648341,0.36666667,0.35160688,0.23333333,0.24440886
2393,0.99246323,False,Type 2 alveolar,Type 2 alveolar,0.09677419,0.10328247,0.38709676,0.37998843,0.3548387,0.36340404,0.16129032,0.15332511
461,0.9924626,False,Type 2 alveolar,Type 2 alveolar,0.032258064,0.035658572,0.41935483,0.40427998,0.19354838,0.20510468,0.3548387,0.3549568
1057,0.99245816,False,Dendritic cells,Dendritic cells,0.2413793,0.24741723,0.03448276,0.043528475,0.3448276,0.340016,0.37931034,0.36903825
3375,0.9924565,False,Type 2 alveolar,Type 2 alveolar,0.20689656,0.2047642,0.37931034,0.36769655,0.3448276,0.34348676,0.06896552,0.084052466
4609,0.9924561,False,Dendritic cells,Dendritic cells,0.19354838,0.20863627,0.22580644,0.22128688,0.2580645,0.2569569,0.32258064,0.31311992
4469,0.992453,False,Dendritic cells,Dendritic cells,0.13333334,0.14827488,0.3,0.30015254,0.13333334,0.122745976,0.43333334,0.4288267
55,0.9924468,False,Dendritic cells,Dendritic cells,0.13333334,0.1452112,0.33333334,0.33656192,0.16666667,0.1597146,0.36666667,0.35851228
4728,0.9924443,False,Fibroblasts,Fibroblasts,0.1724138,0.18265243,0.03448276,0.039355606,0.41379312,0.40473062,0.37931034,0.37326136
998,0.99244386,False,Dendritic cells,Dendritic cells,0.31034482,0.32334766,0.20689656,0.19562115,0.13793103,0.13409415,0.3448276,0.34693706
4292,0.99244124,False,Fibroblasts,Fibroblasts,0.31034482,0.31377003,0.2413793,0.2530716,0.3448276,0.33124754,0.10344828,0.101910815
2988,0.99243885,False,Type 2 alveolar,Type 2 alveolar,0.06666667,0.07051888,0.36666667,0.35154438,0.26666668,0.27544257,0.3,0.30249414
0,0.9924383,False,Luminal_Macrophages,Luminal_Macrophages,0.46666667,0.4540542,0.23333333,0.24635349,0.26666668,0.2641557,0.033333335,0.03543656
1438,0.99243194,False,Luminal_Macrophages,Luminal_Macrophages,0.43333334,0.441447,0.43333334,0.42584333,0.1,0.092353925,0.033333335,0.040355753
2927,0.99242747,False,Luminal_Macrophages,Luminal_Macrophages,0.43333334,0.43252036,0.33333334,0.34847838,0.1,0.09450255,0.13333334,0.124498755
4705,0.9924272,False,Luminal_Macrophages,Luminal_Macrophages,0.43333334,0.41870558,0.33333334,0.33303818,0.06666667,0.06644398,0.16666667,0.18181227
3216,0.9924233,False,Luminal_Macrophages,Luminal_Macrophages,0.4,0.38484654,0.13333334,0.13348803,0.2,0.20437208,0.26666668,0.2772933
60,0.9924217,False,Fibroblasts,Fibroblasts,0.32258064,0.33188847,0.19354838,0.18667386,0.38709676,0.3788146,0.09677419,0.10262305
3967,0.99242,False,Luminal_Macrophages,Dendritic cells,0.2580645,0.24491842,0.2580645,0.25684294,0.22580644,0.22501415,0.2580645,0.2732245
1637,0.9924196,False,Dendritic cells,Dendritic cells,0.20689656,0.22169974,0.27586207,0.27621967,0.13793103,0.13569772,0.37931034,0.36638287
4017,0.9924157,False,Type 2 alveolar,Type 2 alveolar,0.2413793,0.2501769,0.37931034,0.36414176,0.13793103,0.14322713,0.2413793,0.24245417
1789,0.99241483,False,Type 2 alveolar,Type 2 alveolar,0.09677419,0.09995777,0.41935483,0.40447193,0.2580645,0.27005133,0.22580644,0.22551897
561,0.99241453,False,Type 2 alveolar,Type 2 alveolar,0.13333334,0.13568288,0.33333334,0.31890538,0.26666668,0.26592362,0.26666668,0.2794881
2892,0.99241227,False,Type 2 alveolar,Type 2 alveolar,0.20689656,0.21951215,0.37931034,0.3641348,0.31034482,0.31163973,0.10344828,0.10471326
1204,0.992411,False,Fibroblasts,Fibroblasts,0.10344828,0.11551949,0.37931034,0.37075472,0.4827586,0.47613624,0.03448276,0.037589543
4955,0.9924069,False,Fibroblasts,Fibroblasts,0.1,0.0927808,0.033333335,0.038632084,0.5,0.49203303,0.36666667,0.37655413
3158,0.9924051,False,Dendritic cells,Dendritic cells,0.1,0.103032775,0.26666668,0.27882364,0.3,0.2977075,0.33333334,0.32043606
4770,0.99240446,False,Type 2 alveolar,Type 2 alveolar,0.29032257,0.3055137,0.32258064,0.3192105,0.32258064,0.31462222,0.06451613,0.060653586
2561,0.99240166,False,Type 2 alveolar,Type 2 alveolar,0.13333334,0.14703214,0.33333334,0.32420686,0.3,0.30149788,0.23333333,0.22726311
3155,0.99240094,False,Luminal_Macrophages,Luminal_Macrophages,0.36666667,0.35653374,0.2,0.19748609,0.16666667,0.16411537,0.26666668,0.2818648
1517,0.99240005,False,Dendritic cells,Dendritic cells,0.13333334,0.147881,0.23333333,0.23398557,0.23333333,0.23204482,0.4,0.3860886
640,0.9923921,False,Dendritic cells,Dendritic cells,0.23333333,0.24694939,0.23333333,0.23493306,0.2,0.19605993,0.33333334,0.32205766
916,0.99238825,False,Type 2 alveolar,Type 2 alveolar,0.27586207,0.27019188,0.31034482,0.30079144,0.13793103,0.14380546,0.27586207,0.2852112
2364,0.9923839,False,Luminal_Macrophages,Luminal_Macrophages,0.3448276,0.3348927,0.13793103,0.13323197,0.2413793,0.24078105,0.27586207,0.29109427
1014,0.9923831,False,Fibroblasts,Fibroblasts,0.2,0.21523376,0.16666667,0.16319686,0.33333334,0.32393402,0.3,0.29763538
4754,0.99237746,False,Dendritic cells,Dendritic cells,0.13333334,0.14617316,0.36666667,0.36907184,0.1,0.09807881,0.4,0.38667613
123,0.99237686,False,Luminal_Macrophages,Luminal_Macrophages,0.6333333,0.6305561,0.2,0.20672794,0.13333334,0.12086434,0.033333335,0.041851636
4948,0.9923763,False,Fibroblasts,Fibroblasts,0.12903225,0.14427961,0.06451613,0.054040287,0.4516129,0.44942477,0.3548387,0.3522553
2882,0.99237233,False,Fibroblasts,Fibroblasts,0.22580644,0.22905993,0.22580644,0.22806716,0.29032257,0.27506724,0.2580645,0.2678057
2223,0.9923705,False,Luminal_Macrophages,Luminal_Macrophages,0.4,0.39753443,0.26666668,0.27740157,0.26666668,0.27119076,0.06666667,0.053873178
2772,0.99237037,False,Dendritic cells,Dendritic cells,0.033333335,0.046631467,0.13333334,0.13529445,0.36666667,0.3602322,0.46666667,0.4578419
4789,0.9923683,False,Fibroblasts,Fibroblasts,0.26666668,0.2700896,0.33333334,0.3270866,0.36666667,0.35764995,0.033333335,0.045173876
4551,0.9923658,False,Type 2 alveolar,Type 2 alveolar,0.2,0.21012315,0.36666667,0.36015785,0.26666668,0.27181193,0.16666667,0.15790708
3803,0.99236536,False,Dendritic cells,Dendritic cells,0.16666667,0.17617644,0.033333335,0.039092794,0.36666667,0.36164775,0.43333334,0.423083
2870,0.9923648,False,Type 2 alveolar,Type 2 alveolar,0.2,0.2143485,0.36666667,0.35380024,0.26666668,0.26758862,0.16666667,0.16426273
2795,0.99236196,False,Type 2 alveolar,Type 2 alveolar,0.26666668,0.2704438,0.4,0.38472387,0.13333334,0.13554157,0.2,0.20929074
3502,0.9923579,False,Luminal_Macrophages,Luminal_Macrophages,0.43333334,0.41804916,0.26666668,0.2777356,0.16666667,0.1683585,0.13333334,0.13585672
981,0.992357,False,Type 2 alveolar,Type 2 alveolar,0.032258064,0.046399023,0.38709676,0.37404105,0.2580645,0.25920957,0.32258064,0.32035032
3103,0.9923553,False,Fibroblasts,Fibroblasts,0.29032257,0.3028668,0.06451613,0.05754149,0.3548387,0.34652388,0.29032257,0.29306784
760,0.9923552,False,Fibroblasts,Fibroblasts,0.16666667,0.17891558,0.033333335,0.03637399,0.43333334,0.41981336,0.36666667,0.36489704
2229,0.9923548,False,Luminal_Macrophages,Luminal_Macrophages,0.33333334,0.32013276,0.26666668,0.2662581,0.1,0.09831871,0.3,0.3152904
1085,0.9923525,False,Type 2 alveolar,Type 2 alveolar,0.23333333,0.23958082,0.4,0.39216322,0.33333334,0.32587516,0.033333335,0.04238084
2843,0.99234515,False,Fibroblasts,Fibroblasts,0.20689656,0.2131816,0.1724138,0.17120075,0.3448276,0.33073097,0.27586207,0.28488666
3381,0.9923412,False,Fibroblasts,Fibroblasts,0.033333335,0.045293532,0.3,0.2996729,0.4,0.38500956,0.26666668,0.27002406
2457,0.99234045,False,Luminal_Macrophages,Luminal_Macrophages,0.36666667,0.35586363,0.23333333,0.2477201,0.3,0.30093232,0.1,0.095483996
655,0.99233973,False,Luminal_Macrophages,Luminal_Macrophages,0.46666667,0.47523436,0.1,0.086650975,0.36666667,0.37341952,0.06666667,0.06469512
2549,0.99233437,False,Fibroblasts,Fibroblasts,0.16129032,0.1685461,0.2580645,0.25632748,0.3548387,0.34124443,0.22580644,0.23388197
2471,0.99233395,False,Dendritic cells,Dendritic cells,0.03448276,0.04583877,0.06896552,0.05385845,0.31034482,0.31011984,0.5862069,0.59018296
3062,0.9923327,False,Fibroblasts,Fibroblasts,0.033333335,0.04674225,0.26666668,0.2685924,0.36666667,0.35802326,0.33333334,0.3266421
432,0.9923324,False,Luminal_Macrophages,Luminal_Macrophages,0.3448276,0.33017126,0.13793103,0.14234926,0.31034482,0.30966598,0.20689656,0.21781357
2345,0.99233025,False,Fibroblasts,Fibroblasts,0.06451613,0.071382314,0.32258064,0.33105394,0.516129,0.5073198,0.09677419,0.09024395
4023,0.99232644,False,Luminal_Macrophages,Luminal_Macrophages,0.3548387,0.3446519,0.29032257,0.28516224,0.06451613,0.06485252,0.29032257,0.30533338
3448,0.9923237,False,Luminal_Macrophages,Luminal_Macrophages,0.33333334,0.34541422,0.13333334,0.124791265,0.26666668,0.2598561,0.26666668,0.26993838
557,0.9923207,False,Dendritic cells,Dendritic cells,0.2413793,0.2567378,0.10344828,0.0947331,0.27586207,0.2750735,0.37931034,0.37345555
4249,0.9923191,False,Type 2 alveolar,Type 2 alveolar,0.13333334,0.14247149,0.43333334,0.41797158,0.4,0.4032414,0.033333335,0.036315504
3904,0.99231654,False,Dendritic cells,Dendritic cells,0.13333334,0.14399394,0.2,0.20316294,0.3,0.30154335,0.36666667,0.3512998
2233,0.9923115,False,Dendritic cells,Dendritic cells,0.19354838,0.20892543,0.2580645,0.25305837,0.22580644,0.22363926,0.32258064,0.31437695
840,0.9923083,False,Type 2 alveolar,Type 2 alveolar,0.10344828,0.11883164,0.55172414,0.5430245,0.10344828,0.098749645,0.2413793,0.23939422
4138,0.99230564,False,Type 2 alveolar,Type 2 alveolar,0.2413793,0.23007527,0.31034482,0.3120942,0.20689656,0.2028119,0.2413793,0.2550186
2120,0.9922995,False,Type 2 alveolar,Type 2 alveolar,0.033333335,0.04168461,0.6,0.5863458,0.33333334,0.33158654,0.033333335,0.040382992
1993,0.99229854,False,Type 2 alveolar,Type 2 alveolar,0.31034482,0.32574773,0.3448276,0.33311784,0.31034482,0.30743176,0.03448276,0.033702653
1829,0.9922985,False,Type 2 alveolar,Type 2 alveolar,0.2580645,0.26604065,0.32258064,0.30879274,0.19354838,0.19193323,0.22580644,0.23323342
3539,0.9922973,False,Luminal_Macrophages,Luminal_Macrophages,0.3448276,0.3510511,0.27586207,0.285044,0.2413793,0.2381482,0.13793103,0.12575665
4275,0.992295,False,Dendritic cells,Dendritic cells,0.2,0.2140817,0.1,0.094085276,0.3,0.30132818,0.4,0.3905048
1588,0.99229205,False,Dendritic cells,Dendritic cells,0.06666667,0.06700245,0.23333333,0.24124537,0.26666668,0.27383482,0.43333334,0.41791737
2839,0.99229175,False,Luminal_Macrophages,Luminal_Macrophages,0.3448276,0.3388851,0.20689656,0.19833043,0.2413793,0.24047141,0.20689656,0.22231308
69,0.9922908,False,Fibroblasts,Fibroblasts,0.26666668,0.26606908,0.2,0.19789886,0.33333334,0.32061362,0.2,0.2154184
2261,0.99228936,False,Luminal_Macrophages,Luminal_Macrophages,0.58064514,0.5960665,0.12903225,0.11546606,0.22580644,0.22508329,0.06451613,0.06338417
76,0.9922893,False,Dendritic cells,Dendritic cells,0.22580644,0.23784909,0.29032257,0.2832748,0.032258064,0.035636835,0.4516129,0.4432393
131,0.99228615,False,Type 2 alveolar,Fibroblasts,0.16666667,0.1799277,0.3,0.29166335,0.3,0.2929089,0.23333333,0.23550002
1431,0.99228346,False,Dendritic cells,Dendritic cells,0.13333334,0.1487664,0.16666667,0.16355939,0.3,0.29976213,0.4,0.38791215
2895,0.99228334,False,Fibroblasts,Fibroblasts,0.29032257,0.30575594,0.12903225,0.12546468,0.3548387,0.3445745,0.22580644,0.2242049
1417,0.99228317,False,Dendritic cells,Dendritic cells,0.32258064,0.32478335,0.032258064,0.038941354,0.2580645,0.26461217,0.38709676,0.3716631
3,0.9922786,False,Fibroblasts,Fibroblasts,0.31034482,0.32578766,0.10344828,0.10197345,0.37931034,0.3713227,0.20689656,0.2009162
718,0.99227834,False,Luminal_Macrophages,Luminal_Macrophages,0.33333334,0.32705092,0.16666667,0.15750569,0.2,0.2012721,0.3,0.31417125
4751,0.9922741,False,Luminal_Macrophages,Luminal_Macrophages,0.43333334,0.42837426,0.26666668,0.28211838,0.16666667,0.16503663,0.13333334,0.12447067
3957,0.9922722,False,Dendritic cells,Dendritic cells,0.12903225,0.14448792,0.32258064,0.31490692,0.16129032,0.15745397,0.38709676,0.38315126
4314,0.992272,False,Dendritic cells,Dendritic cells,0.26666668,0.28212264,0.23333333,0.22758153,0.13333334,0.13318701,0.36666667,0.35710877
2195,0.99226934,False,Type 2 alveolar,Type 2 alveolar,0.09677419,0.09944232,0.4516129,0.43615153,0.38709676,0.3963251,0.06451613,0.06808102
4084,0.992267,False,Luminal_Macrophages,Luminal_Macrophages,0.46666667,0.45327795,0.13333334,0.13358638,0.16666667,0.16458946,0.23333333,0.24854627
4558,0.99226654,False,Luminal_Macrophages,Luminal_Macrophages,0.6,0.61233085,0.06666667,0.0585874,0.06666667,0.05927904,0.26666668,0.26980278
2741,0.99226654,False,Dendritic cells,Dendritic cells,0.27586207,0.29132906,0.06896552,0.060193036,0.31034482,0.3061643,0.3448276,0.34231365
2294,0.9922661,False,Type 2 alveolar,Type 2 alveolar,0.13333334,0.14880106,0.36666667,0.35728413,0.16666667,0.1629365,0.33333334,0.3309783
1976,0.9922657,False,Dendritic cells,Dendritic cells,0.22580644,0.22677155,0.12903225,0.13071628,0.2580645,0.27088392,0.38709676,0.37162822
3733,0.9922632,False,Fibroblasts,Fibroblasts,0.26666668,0.27620286,0.033333335,0.03927078,0.36666667,0.35549957,0.33333334,0.32902682
3642,0.9922627,False,Luminal_Macrophages,Luminal_Macrophages,0.3548387,0.34123603,0.2580645,0.271598,0.2580645,0.2600056,0.12903225,0.12716034
1063,0.9922609,False,Luminal_Macrophages,Luminal_Macrophages,0.36666667,0.36962926,0.23333333,0.2443533,0.3,0.3014957,0.1,0.08452178
777,0.9922606,False,Fibroblasts,Fibroblasts,0.2,0.2018709,0.23333333,0.2284085,0.3,0.28944606,0.26666668,0.28027457
2374,0.9922589,False,Type 2 alveolar,Type 2 alveolar,0.23333333,0.24765375,0.36666667,0.35118458,0.13333334,0.13337052,0.26666668,0.26779124
3333,0.99225795,False,Dendritic cells,Dendritic cells,0.2,0.20809278,0.26666668,0.26960692,0.033333335,0.0377844,0.5,0.48451596
2145,0.9922573,False,Fibroblasts,Fibroblasts,0.03448276,0.043916706,0.2413793,0.24743082,0.41379312,0.39985198,0.31034482,0.30880052
3748,0.99225473,False,Luminal_Macrophages,Luminal_Macrophages,0.36666667,0.35638455,0.033333335,0.03955103,0.26666668,0.27593946,0.33333334,0.32812488
4817,0.9922541,False,Type 2 alveolar,Type 2 alveolar,0.06666667,0.073475786,0.5,0.48694548,0.36666667,0.37534937,0.06666667,0.06422933
4702,0.9922476,False,Type 2 alveolar,Type 2 alveolar,0.1724138,0.18101624,0.31034482,0.297536,0.27586207,0.27316603,0.2413793,0.2482817
601,0.99224365,False,Fibroblasts,Fibroblasts,0.032258064,0.047770765,0.32258064,0.31574634,0.3548387,0.3469831,0.29032257,0.2894998
562,0.9922422,False,Luminal_Macrophages,Luminal_Macrophages,0.46666667,0.4605452,0.13333334,0.12393917,0.3,0.30585322,0.1,0.1096624
4193,0.99224,False,Fibroblasts,Fibroblasts,0.2580645,0.25331563,0.12903225,0.11826113,0.5483871,0.55691934,0.06451613,0.07150396
4547,0.9922384,False,Type 2 alveolar,Type 2 alveolar,0.16666667,0.16802327,0.4,0.38447678,0.36666667,0.37222895,0.06666667,0.075271
3068,0.99223673,False,Fibroblasts,Fibroblasts,0.2,0.21552648,0.23333333,0.23105118,0.36666667,0.35572422,0.2,0.19769815
1682,0.99223584,False,Type 2 alveolar,Type 2 alveolar,0.23333333,0.24800822,0.36666667,0.3511383,0.13333334,0.13338201,0.26666668,0.26747146
3240,0.9922356,False,Luminal_Macrophages,Fibroblasts,0.33333334,0.3298084,0.26666668,0.27875084,0.33333334,0.33677796,0.06666667,0.05466274
3171,0.992235,False,Luminal_Macrophages,Type 2 alveolar,0.3548387,0.33937687,0.3548387,0.3552645,0.12903225,0.12896408,0.16129032,0.17639457
4392,0.9922346,False,Luminal_Macrophages,Luminal_Macrophages,0.38709676,0.38255495,0.16129032,0.15249318,0.09677419,0.09458236,0.3548387,0.37036955
1117,0.9922343,False,Type 2 alveolar,Type 2 alveolar,0.2,0.20564926,0.4,0.3852454,0.3,0.30988213,0.1,0.09922315
192,0.99223226,False,Fibroblasts,Fibroblasts,0.26666668,0.27174002,0.23333333,0.22703251,0.3,0.29076537,0.2,0.21046208
3974,0.99223083,False,Dendritic cells,Dendritic cells,0.13333334,0.13744037,0.2,0.21099636,0.3,0.30043498,0.36666667,0.35112825
3378,0.9922307,False,Type 2 alveolar,Fibroblasts,0.16129032,0.16876009,0.29032257,0.28074008,0.29032257,0.2843665,0.2580645,0.26613337
613,0.9922281,False,Luminal_Macrophages,Luminal_Macrophages,0.43333334,0.42341277,0.16666667,0.16775914,0.1,0.09437672,0.3,0.3144514
894,0.992225,False,Luminal_Macrophages,Luminal_Macrophages,0.41935483,0.42398056,0.16129032,0.14574037,0.06451613,0.06974654,0.3548387,0.3605326
4910,0.9922207,False,Type 2 alveolar,Type 2 alveolar,0.16666667,0.16572613,0.46666667,0.4520486,0.23333333,0.24651437,0.13333334,0.13571097
1422,0.992213,False,Luminal_Macrophages,Luminal_Macrophages,0.36666667,0.35931352,0.3,0.31557396,0.23333333,0.23168865,0.1,0.093423896
4538,0.9922119,False,Type 2 alveolar,Type 2 alveolar,0.26666668,0.26877844,0.3,0.28966007,0.16666667,0.1614304,0.26666668,0.2801311
3192,0.99220943,False,Fibroblasts,Fibroblasts,0.16666667,0.17994948,0.13333334,0.1273517,0.36666667,0.3570672,0.33333334,0.33563158
1001,0.9922014,False,Fibroblasts,Fibroblasts,0.26666668,0.2756032,0.16666667,0.16185091,0.33333334,0.32255182,0.23333333,0.23999408
815,0.9922006,False,Luminal_Macrophages,Luminal_Macrophages,0.3548387,0.3509069,0.2580645,0.25629333,0.12903225,0.11913639,0.2580645,0.27366334
2155,0.99219763,False,Fibroblasts,Fibroblasts,0.1724138,0.17796546,0.20689656,0.21193562,0.3448276,0.32922286,0.27586207,0.28087607
2928,0.9921965,False,Luminal_Macrophages,Luminal_Macrophages,0.36666667,0.36959404,0.033333335,0.03523336,0.36666667,0.35105965,0.23333333,0.24411294
4638,0.9921957,False,Fibroblasts,Fibroblasts,0.06666667,0.06757691,0.26666668,0.26317602,0.43333334,0.42121547,0.23333333,0.24803163
1649,0.9921956,False,Fibroblasts,Fibroblasts,0.16666667,0.17677034,0.13333334,0.122127175,0.36666667,0.362264,0.33333334,0.33883846
938,0.9921937,False,Luminal_Macrophages,Luminal_Macrophages,0.43333334,0.426154,0.26666668,0.28227928,0.1,0.09778632,0.2,0.19378042
317,0.9921929,False,Dendritic cells,Dendritic cells,0.033333335,0.04269752,0.06666667,0.058172703,0.43333334,0.4262132,0.46666667,0.4729166
2186,0.99219126,False,Fibroblasts,Fibroblasts,0.06666667,0.05768457,0.3,0.31561753,0.53333336,0.52942014,0.1,0.09727775
3627,0.9921895,False,Dendritic cells,Dendritic cells,0.1,0.09543907,0.2,0.20119603,0.26666668,0.28109157,0.43333334,0.4222734
1856,0.9921885,False,Luminal_Macrophages,Luminal_Macrophages,0.4,0.39375284,0.1,0.09062415,0.33333334,0.3371284,0.16666667,0.1784946
2409,0.99218684,False,Type 2 alveolar,Type 2 alveolar,0.2413793,0.24525018,0.37931034,0.36806175,0.10344828,0.09907059,0.27586207,0.28761744
3799,0.9921861,False,Type 2 alveolar,Fibroblasts,0.13333334,0.13550995,0.3,0.28629205,0.3,0.29808018,0.26666668,0.28011778
2538,0.9921795,False,Fibroblasts,Fibroblasts,0.4,0.415641,0.06666667,0.0611606,0.46666667,0.4663077,0.06666667,0.056890666
813,0.99217457,False,Type 2 alveolar,Fibroblasts,0.032258064,0.042350132,0.38709676,0.37144586,0.38709676,0.39026338,0.19354838,0.19594055
3743,0.9921742,False,Luminal_Macrophages,Luminal_Macrophages,0.33333334,0.3453397,0.1,0.090077534,0.26666668,0.2609376,0.3,0.30364522
1552,0.99217415,False,Luminal_Macrophages,Luminal_Macrophages,0.37931034,0.38933787,0.1724138,0.16269083,0.10344828,0.097519554,0.3448276,0.35045177
743,0.9921711,False,Type 2 alveolar,Type 2 alveolar,0.3,0.3120967,0.33333334,0.3246598,0.2,0.20356108,0.16666667,0.15968241
2434,0.9921689,False,Luminal_Macrophages,Luminal_Macrophages,0.5,0.4925474,0.16666667,0.17014556,0.1,0.0917905,0.23333333,0.24551661
1357,0.9921684,False,Type 2 alveolar,Type 2 alveolar,0.33333334,0.3413331,0.4,0.387829,0.13333334,0.1298412,0.13333334,0.14099675
541,0.9921672,False,Luminal_Macrophages,Luminal_Macrophages,0.36666667,0.36472616,0.26666668,0.27717918,0.33333334,0.3196082,0.033333335,0.03848644
605,0.99216694,False,Fibroblasts,Fibroblasts,0.1,0.09485326,0.3,0.30703646,0.43333334,0.42281398,0.16666667,0.17529628
4516,0.992164,False,Dendritic cells,Dendritic cells,0.20689656,0.21637566,0.2413793,0.24757212,0.1724138,0.16914722,0.37931034,0.36690497
1448,0.9921628,False,Luminal_Macrophages,Luminal_Macrophages,0.53333336,0.51795095,0.26666668,0.27570072,0.16666667,0.16637464,0.033333335,0.03997368
4534,0.9921616,False,Luminal_Macrophages,Luminal_Macrophages,0.36666667,0.37978345,0.2,0.18954375,0.1,0.094779335,0.33333334,0.33589342
3674,0.99216,False,Dendritic cells,Dendritic cells,0.032258064,0.04416352,0.3548387,0.3493965,0.19354838,0.19732292,0.41935483,0.4091171
1689,0.9921574,False,Type 2 alveolar,Type 2 alveolar,0.33333334,0.34861875,0.43333334,0.42295274,0.13333334,0.12802869,0.1,0.10039977
3791,0.99215454,False,Luminal_Macrophages,Luminal_Macrophages,0.46666667,0.47777063,0.36666667,0.37125358,0.1,0.09865813,0.06666667,0.052317638
3810,0.9921532,False,Dendritic cells,Dendritic cells,0.22580644,0.23381846,0.032258064,0.03993958,0.3548387,0.35016832,0.38709676,0.3760737
4978,0.9921526,False,Fibroblasts,Fibroblasts,0.06666667,0.059728596,0.1,0.09468837,0.5,0.4965548,0.33333334,0.34902817
1648,0.99214995,False,Fibroblasts,Fibroblasts,0.06896552,0.07265166,0.2413793,0.24472912,0.41379312,0.39809301,0.27586207,0.28452617
2088,0.9921488,False,Luminal_Macrophages,Luminal_Macrophages,0.36666667,0.3518662,0.3,0.29909813,0.06666667,0.070215866,0.26666668,0.27881983
2828,0.9921478,False,Luminal_Macrophages,Luminal_Macrophages,0.4,0.3842956,0.033333335,0.0473693,0.3,0.30165714,0.26666668,0.26667795
2732,0.99214727,False,Luminal_Macrophages,Type 2 alveolar,0.4,0.38965124,0.4,0.3963548,0.16666667,0.16495524,0.033333335,0.049038768
3452,0.9921441,False,Fibroblasts,Fibroblasts,0.1,0.08813583,0.1,0.097321905,0.43333334,0.4321638,0.36666667,0.3823785
3776,0.99214303,False,Luminal_Macrophages,Luminal_Macrophages,0.53333336,0.5470977,0.13333334,0.11761936,0.033333335,0.03379386,0.3,0.30148906
4805,0.9921409,False,Fibroblasts,Fibroblasts,0.26666668,0.2823849,0.13333334,0.1289158,0.33333334,0.32521558,0.26666668,0.26348367
2993,0.9921395,False,Dendritic cells,Dendritic cells,0.16666667,0.18238759,0.2,0.19816586,0.3,0.29641628,0.33333334,0.3230303
3734,0.99213845,False,Fibroblasts,Fibroblasts,0.2413793,0.23821059,0.1724138,0.18813683,0.44827586,0.43756914,0.13793103,0.1360834
4121,0.9921347,False,Dendritic cells,Dendritic cells,0.16666667,0.17622964,0.033333335,0.037770744,0.33333334,0.33506364,0.46666667,0.45093605
4490,0.9921347,False,Type 2 alveolar,Type 2 alveolar,0.09677419,0.105199754,0.4516129,0.43588224,0.3548387,0.3595336,0.09677419,0.099384315
3598,0.9921318,False,Fibroblasts,Fibroblasts,0.26666668,0.27642864,0.13333334,0.1393077,0.5,0.48617414,0.1,0.09808959
4209,0.9921244,False,Luminal_Macrophages,Luminal_Macrophages,0.33333334,0.32201234,0.3,0.3122489,0.3,0.29556978,0.06666667,0.07016905
502,0.992124,False,Luminal_Macrophages,Luminal_Macrophages,0.33333334,0.34050828,0.1,0.08424806,0.3,0.30350453,0.26666668,0.27173918
3099,0.9921233,False,Luminal_Macrophages,Luminal_Macrophages,0.33333334,0.32521746,0.16666667,0.1635137,0.23333333,0.22884877,0.26666668,0.2824201
3386,0.9921222,False,Fibroblasts,Dendritic cells,0.26666668,0.25992197,0.13333334,0.12863967,0.3,0.2956827,0.3,0.31575564
3643,0.992121,False,Luminal_Macrophages,Luminal_Macrophages,0.33333334,0.32669964,0.3,0.2908756,0.06666667,0.068820626,0.3,0.31360403
1750,0.9921165,False,Fibroblasts,Dendritic cells,0.23333333,0.24910024,0.23333333,0.22958146,0.26666668,0.2566146,0.26666668,0.2647037
3097,0.9921149,False,Luminal_Macrophages,Luminal_Macrophages,0.46666667,0.456481,0.06666667,0.06108216,0.2,0.20316105,0.26666668,0.27927577
2625,0.99211174,False,Fibroblasts,Fibroblasts,0.2,0.21059552,0.16666667,0.16417672,0.36666667,0.35338005,0.26666668,0.27184772
3895,0.9921114,False,Fibroblasts,Fibroblasts,0.33333334,0.3436542,0.06666667,0.06880572,0.4,0.38422278,0.2,0.20331731
2344,0.99211097,False,Fibroblasts,Fibroblasts,0.13333334,0.13448544,0.3,0.2945888,0.33333334,0.32296646,0.23333333,0.24795927
1846,0.99210954,False,Luminal_Macrophages,Luminal_Macrophages,0.56666666,0.57868665,0.3,0.29739773,0.033333335,0.037094217,0.1,0.08682134
4099,0.99210757,False,Type 2 alveolar,Type 2 alveolar,0.3,0.3132937,0.4,0.3851111,0.13333334,0.13243733,0.16666667,0.16915782
669,0.9921074,False,Dendritic cells,Dendritic cells,0.16666667,0.17465541,0.33333334,0.3411298,0.13333334,0.1262842,0.36666667,0.35793057
291,0.9921035,False,Luminal_Macrophages,Luminal_Macrophages,0.43333334,0.4198886,0.33333334,0.3373052,0.16666667,0.16431844,0.06666667,0.078487754
214,0.99210256,False,Dendritic cells,Dendritic cells,0.26666668,0.27744207,0.16666667,0.17168611,0.2,0.19404295,0.36666667,0.35682884
1849,0.99209505,False,Dendritic cells,Dendritic cells,0.36666667,0.37755716,0.1,0.08419014,0.033333335,0.036820427,0.5,0.50143224
2874,0.99209446,False,Fibroblasts,Fibroblasts,0.3448276,0.35613325,0.06896552,0.064680345,0.55172414,0.5401982,0.03448276,0.03898817
3038,0.9920936,False,Fibroblasts,Fibroblasts,0.13333334,0.13066533,0.1,0.104822665,0.56666666,0.55352193,0.2,0.21099007
4262,0.9920886,False,Dendritic cells,Dendritic cells,0.033333335,0.040074743,0.3,0.3090814,0.16666667,0.15471007,0.5,0.49613383
1536,0.9920882,False,Type 2 alveolar,Type 2 alveolar,0.33333334,0.33846748,0.43333334,0.41750968,0.13333334,0.13367842,0.1,0.11034436
3685,0.99208564,False,Luminal_Macrophages,Luminal_Macrophages,0.4,0.39165717,0.1,0.092514075,0.23333333,0.23772159,0.26666668,0.27810717
2313,0.99208486,False,Type 2 alveolar,Type 2 alveolar,0.2,0.21583025,0.43333334,0.42464083,0.13333334,0.12646572,0.23333333,0.23306313
3619,0.9920842,False,Dendritic cells,Dendritic cells,0.16666667,0.17313121,0.06666667,0.06244118,0.26666668,0.2760338,0.5,0.48839387
8,0.9920829,False,Luminal_Macrophages,Type 2 alveolar,0.33333334,0.32260057,0.33333334,0.32823193,0.033333335,0.04344633,0.3,0.30572116
183,0.9920809,False,Type 2 alveolar,Type 2 alveolar,0.12903225,0.11805552,0.61290324,0.6080418,0.22580644,0.23098291,0.032258064,0.0429197
4322,0.9920808,False,Fibroblasts,Fibroblasts,0.13333334,0.1437425,0.13333334,0.12415292,0.4,0.393342,0.33333334,0.33876258
4847,0.99207914,False,Luminal_Macrophages,Luminal_Macrophages,0.41379312,0.4105992,0.2413793,0.25722107,0.31034482,0.30102766,0.03448276,0.031152112
2362,0.9920782,False,Type 2 alveolar,Type 2 alveolar,0.13333334,0.14471236,0.56666666,0.558038,0.06666667,0.059451744,0.23333333,0.2377979
4585,0.99207383,False,Luminal_Macrophages,Luminal_Macrophages,0.38709676,0.37693146,0.29032257,0.29811117,0.2580645,0.2661282,0.06451613,0.05882914
4768,0.99207306,False,Dendritic cells,Dendritic cells,0.13793103,0.15258172,0.27586207,0.27021235,0.27586207,0.27706528,0.31034482,0.3001407
4813,0.99207073,False,Type 2 alveolar,Type 2 alveolar,0.033333335,0.03924771,0.46666667,0.45737162,0.4,0.40994424,0.1,0.09343648
4231,0.9920705,False,Luminal_Macrophages,Luminal_Macrophages,0.41935483,0.43021476,0.38709676,0.3785281,0.032258064,0.037257195,0.16129032,0.15399995
4946,0.9920672,False,Fibroblasts,Fibroblasts,0.33333334,0.32614464,0.2,0.21586552,0.36666667,0.36569706,0.1,0.09229277
4686,0.99206686,False,Dendritic cells,Dendritic cells,0.2,0.21390642,0.33333334,0.32640913,0.1,0.10195987,0.36666667,0.35772455
2780,0.99206674,False,Luminal_Macrophages,Luminal_Macrophages,0.5,0.49176916,0.06666667,0.059747245,0.13333334,0.13261706,0.3,0.31586656
1915,0.9920661,False,Luminal_Macrophages,Luminal_Macrophages,0.36666667,0.3507989,0.3,0.31274602,0.23333333,0.2341666,0.1,0.10228851
3843,0.9920641,False,Type 2 alveolar,Type 2 alveolar,0.23333333,0.23894846,0.36666667,0.3625309,0.36666667,0.35493073,0.033333335,0.0435899
4085,0.992064,False,Fibroblasts,Fibroblasts,0.27586207,0.28082997,0.1724138,0.15972571,0.31034482,0.3071609,0.2413793,0.2522834
3871,0.99206156,False,Type 2 alveolar,Type 2 alveolar,0.06666667,0.05919893,0.53333336,0.5258978,0.33333334,0.34921017,0.06666667,0.065693125
3575,0.992055,False,Fibroblasts,Fibroblasts,0.2,0.19775842,0.2,0.19337337,0.33333334,0.3263115,0.26666668,0.2825567
2563,0.99204886,False,Dendritic cells,Dendritic cells,0.033333335,0.043979492,0.3,0.30525607,0.23333333,0.23288207,0.43333334,0.41788235
481,0.9920488,False,Dendritic cells,Dendritic cells,0.2413793,0.23491858,0.2413793,0.25499633,0.13793103,0.14021638,0.37931034,0.36986873
2081,0.9920481,False,Fibroblasts,Fibroblasts,0.13333334,0.14476758,0.2,0.2044696,0.33333334,0.32702082,0.33333334,0.32374203
3519,0.9920437,False,Dendritic cells,Dendritic cells,0.16666667,0.17487048,0.13333334,0.11897093,0.26666668,0.27437547,0.43333334,0.4317831
891,0.99204326,False,Luminal_Macrophages,Luminal_Macrophages,0.62068963,0.62361515,0.03448276,0.04410671,0.10344828,0.087534815,0.2413793,0.24474333
898,0.9920397,False,Luminal_Macrophages,Luminal_Macrophages,0.4,0.39197373,0.06666667,0.060642537,0.3,0.2981298,0.23333333,0.24925399
3495,0.99203753,False,Dendritic cells,Dendritic cells,0.2413793,0.25730425,0.20689656,0.20126894,0.1724138,0.16841719,0.37931034,0.37300965
3087,0.9920367,False,Fibroblasts,Fibroblasts,0.20689656,0.21054658,0.20689656,0.21606152,0.41379312,0.39786652,0.1724138,0.17552538
1535,0.9920363,False,Luminal_Macrophages,Luminal_Macrophages,0.8333333,0.8308277,0.06666667,0.05383173,0.0,0.015927462,0.1,0.099413104
1243,0.9920358,False,Type 2 alveolar,Type 2 alveolar,0.1,0.10878921,0.46666667,0.45171526,0.4,0.39902303,0.033333335,0.04047251
1103,0.99203557,False,Fibroblasts,Fibroblasts,0.16666667,0.15848298,0.33333334,0.3492622,0.43333334,0.4260264,0.06666667,0.06622844
4832,0.9920349,False,Dendritic cells,Dendritic cells,0.26666668,0.27903453,0.16666667,0.17022891,0.26666668,0.26419136,0.3,0.2865452
3412,0.9920317,False,Dendritic cells,Dendritic cells,0.033333335,0.04444866,0.2,0.19865446,0.16666667,0.15207553,0.6,0.6048213
1690,0.9920283,False,Fibroblasts,Fibroblasts,0.26666668,0.2722433,0.23333333,0.23163293,0.36666667,0.35242364,0.13333334,0.14370015
3585,0.9920274,False,Type 2 alveolar,Type 2 alveolar,0.27586207,0.29029962,0.41379312,0.40079468,0.10344828,0.104955904,0.20689656,0.20394981
637,0.9920213,False,Dendritic cells,Dendritic cells,0.36666667,0.38262403,0.1,0.09076101,0.1,0.094492055,0.43333334,0.43212298
4371,0.99201506,False,Dendritic cells,Dendritic cells,0.1,0.1102818,0.23333333,0.23766123,0.23333333,0.23469351,0.43333334,0.41736338
548,0.99201155,False,Fibroblasts,Fibroblasts,0.1,0.11597692,0.16666667,0.16154058,0.36666667,0.36554217,0.36666667,0.3569404
2900,0.99200875,False,Luminal_Macrophages,Luminal_Macrophages,0.37931034,0.3708312,0.2413793,0.25736177,0.20689656,0.20356509,0.1724138,0.16824193
4410,0.9920049,False,Fibroblasts,Fibroblasts,0.16129032,0.15976684,0.29032257,0.3027178,0.41935483,0.40488806,0.12903225,0.13262726
4401,0.992002,False,Dendritic cells,Dendritic cells,0.2413793,0.23676917,0.06896552,0.07777454,0.20689656,0.21408346,0.4827586,0.4713728
465,0.9920009,False,Luminal_Macrophages,Luminal_Macrophages,0.4,0.41599828,0.13333334,0.12991832,0.1,0.093745016,0.36666667,0.3603384
4333,0.9919995,False,Fibroblasts,Fibroblasts,0.16129032,0.17729129,0.22580644,0.22494812,0.32258064,0.31476444,0.29032257,0.28299615
3368,0.99199903,False,Luminal_Macrophages,Luminal_Macrophages,0.41935483,0.40335292,0.32258064,0.33362612,0.19354838,0.19751939,0.06451613,0.06550156
336,0.99199545,False,Luminal_Macrophages,Luminal_Macrophages,0.43333334,0.43893376,0.26666668,0.2770753,0.13333334,0.12713358,0.16666667,0.15685736
1864,0.9919919,False,Luminal_Macrophages,Luminal_Macrophages,0.4,0.39435065,0.3,0.31182292,0.23333333,0.23752663,0.06666667,0.056299776
594,0.99199015,False,Type 2 alveolar,Fibroblasts,0.03448276,0.040030945,0.3448276,0.33523372,0.3448276,0.3384018,0.27586207,0.28633353
1959,0.9919868,False,Fibroblasts,Fibroblasts,0.19354838,0.20793636,0.16129032,0.15896225,0.3548387,0.3411404,0.29032257,0.291961
2989,0.9919866,False,Luminal_Macrophages,Luminal_Macrophages,0.46666667,0.45277444,0.2,0.19786538,0.16666667,0.17411828,0.16666667,0.17524186
590,0.9919834,False,Dendritic cells,Dendritic cells,0.3,0.3082236,0.3,0.29424217,0.033333335,0.04114286,0.36666667,0.35639134
4136,0.99198276,False,Type 2 alveolar,Type 2 alveolar,0.033333335,0.039787307,0.46666667,0.45063218,0.36666667,0.37335783,0.13333334,0.13622265
178,0.99198216,False,Dendritic cells,Dendritic cells,0.37931034,0.39398423,0.13793103,0.12771183,0.06896552,0.06314909,0.41379312,0.41515487
3419,0.99198186,False,Type 2 alveolar,Type 2 alveolar,0.22580644,0.24184269,0.38709676,0.3729248,0.22580644,0.22515503,0.16129032,0.16007745
3662,0.9919798,False,Luminal_Macrophages,Luminal_Macrophages,0.33333334,0.32536206,0.3,0.2919308,0.06666667,0.06717954,0.3,0.3155276
3486,0.9919701,False,Dendritic cells,Dendritic cells,0.1,0.11139716,0.3,0.30107135,0.23333333,0.23692457,0.36666667,0.3506069
1723,0.9919681,False,Luminal_Macrophages,Luminal_Macrophages,0.3548387,0.33924,0.12903225,0.1286857,0.2580645,0.25794592,0.2580645,0.27412832
495,0.991968,False,Fibroblasts,Fibroblasts,0.3,0.3045083,0.26666668,0.27822247,0.33333334,0.32011417,0.1,0.09715507
4244,0.9919664,False,Luminal_Macrophages,Luminal_Macrophages,0.36666667,0.37465033,0.36666667,0.3600367,0.2,0.20808342,0.06666667,0.057229526
4846,0.99196047,False,Fibroblasts,Fibroblasts,0.29032257,0.28550214,0.16129032,0.15966189,0.3548387,0.3452085,0.19354838,0.20962745
354,0.9919586,False,Fibroblasts,Fibroblasts,0.12903225,0.13486004,0.19354838,0.19154625,0.38709676,0.3730161,0.29032257,0.30057758
1912,0.99195325,False,Luminal_Macrophages,Luminal_Macrophages,0.43333334,0.4417486,0.1,0.08430785,0.3,0.2995986,0.16666667,0.17434488
1095,0.99195147,False,Luminal_Macrophages,Luminal_Macrophages,0.3448276,0.34080854,0.3448276,0.33274955,0.1724138,0.17904645,0.13793103,0.14739549
2149,0.9919477,False,Type 2 alveolar,Type 2 alveolar,0.36666667,0.37716627,0.53333336,0.52373666,0.033333335,0.03893831,0.06666667,0.060158733
3731,0.99194705,False,Dendritic cells,Dendritic cells,0.33333334,0.3453424,0.1,0.08883367,0.13333334,0.12839371,0.43333334,0.4374302
2603,0.9919449,False,Type 2 alveolar,Type 2 alveolar,0.16666667,0.18174544,0.46666667,0.45323437,0.16666667,0.16398872,0.2,0.20103146
310,0.9919447,False,Dendritic cells,Dendritic cells,0.19354838,0.19415802,0.3548387,0.3566717,0.032258064,0.045926057,0.41935483,0.40324417
4658,0.9919442,False,Fibroblasts,Fibroblasts,0.31034482,0.3241302,0.13793103,0.13121279,0.37931034,0.369917,0.1724138,0.17473997
4011,0.9919442,False,Type 2 alveolar,Type 2 alveolar,0.1,0.10557364,0.36666667,0.35055497,0.33333334,0.33653957,0.2,0.20733178
2707,0.9919427,False,Dendritic cells,Dendritic cells,0.32258064,0.313837,0.16129032,0.17740493,0.12903225,0.12650336,0.38709676,0.38225472
1364,0.9919394,False,Type 2 alveolar,Type 2 alveolar,0.3,0.28994918,0.36666667,0.36059633,0.033333335,0.046641137,0.3,0.30281335
1500,0.9919383,False,Fibroblasts,Fibroblasts,0.1,0.10786724,0.3,0.29758203,0.36666667,0.3529613,0.23333333,0.24158949
4346,0.99193686,False,Luminal_Macrophages,Luminal_Macrophages,0.36666667,0.35497102,0.26666668,0.26629946,0.1,0.09593662,0.26666668,0.28279287
3691,0.9919358,False,Luminal_Macrophages,Luminal_Macrophages,0.37931034,0.39179432,0.37931034,0.37352923,0.1724138,0.1760582,0.06896552,0.058618285
2779,0.99193114,False,Luminal_Macrophages,Luminal_Macrophages,0.33333334,0.3383349,0.13333334,0.12759227,0.2,0.21113615,0.33333334,0.32293668
4115,0.9919302,False,Dendritic cells,Dendritic cells,0.033333335,0.03950809,0.2,0.20996492,0.36666667,0.3635961,0.4,0.3869309
4926,0.99192894,False,Dendritic cells,Dendritic cells,0.1,0.09889836,0.23333333,0.24623747,0.3,0.30323797,0.36666667,0.35162622
3867,0.99192834,False,Fibroblasts,Fibroblasts,0.23333333,0.22830854,0.23333333,0.23402047,0.3,0.28888154,0.23333333,0.24878946
2427,0.99192446,False,Type 2 alveolar,Type 2 alveolar,0.13333334,0.14724112,0.36666667,0.35277534,0.16666667,0.16440691,0.33333334,0.33557665
1818,0.9919241,False,Dendritic cells,Dendritic cells,0.23333333,0.24948514,0.23333333,0.22785433,0.2,0.1976655,0.33333334,0.32499507
4203,0.9919191,False,Dendritic cells,Dendritic cells,0.1,0.1025403,0.2,0.19136095,0.06666667,0.05914391,0.6333333,0.6469549
3271,0.9919151,False,Type 2 alveolar,Type 2 alveolar,0.26666668,0.28283644,0.36666667,0.35943407,0.3,0.29497942,0.06666667,0.06275014
2373,0.991915,False,Fibroblasts,Fibroblasts,0.23333333,0.24261375,0.1,0.1023356,0.56666666,0.55049664,0.1,0.10455398
3252,0.9919109,False,Type 2 alveolar,Type 2 alveolar,0.27586207,0.27965203,0.3448276,0.3394253,0.3448276,0.33405164,0.03448276,0.04687107
2799,0.991906,False,Dendritic cells,Dendritic cells,0.1724138,0.18860179,0.13793103,0.1330936,0.20689656,0.20397234,0.4827586,0.47433227
537,0.99190533,False,Luminal_Macrophages,Luminal_Macrophages,0.46666667,0.45870265,0.2,0.21213162,0.26666668,0.27072445,0.06666667,0.058441345
1679,0.9919031,False,Luminal_Macrophages,Luminal_Macrophages,0.37931034,0.3641388,0.13793103,0.13690889,0.2413793,0.24245235,0.2413793,0.25649998
2804,0.991898,False,Type 2 alveolar,Type 2 alveolar,0.19354838,0.20805317,0.3548387,0.34225136,0.16129032,0.15767367,0.29032257,0.29202178
3796,0.9918915,False,Fibroblasts,Fibroblasts,0.22580644,0.23490508,0.32258064,0.32506862,0.38709676,0.37087977,0.06451613,0.069146544
3783,0.99188817,False,Luminal_Macrophages,Luminal_Macrophages,0.41935483,0.410707,0.06451613,0.056940306,0.22580644,0.22585203,0.29032257,0.30650076
768,0.9918875,False,Type 2 alveolar,Type 2 alveolar,0.3,0.31622496,0.36666667,0.3542869,0.26666668,0.2644837,0.06666667,0.06500439
4066,0.9918875,False,Dendritic cells,Dendritic cells,0.2,0.21534786,0.033333335,0.03421048,0.13333334,0.11772965,0.6333333,0.63271195
1332,0.99188405,False,Luminal_Macrophages,Dendritic cells,0.33333334,0.31863934,0.033333335,0.043806277,0.3,0.29846212,0.33333334,0.3390923
4363,0.9918831,False,Luminal_Macrophages,Luminal_Macrophages,0.3548387,0.34860086,0.12903225,0.12055821,0.32258064,0.32105875,0.19354838,0.20978215
4668,0.99188256,False,Luminal_Macrophages,Fibroblasts,0.26666668,0.25247735,0.23333333,0.24934888,0.26666668,0.26688597,0.23333333,0.2312878
370,0.99188256,False,Luminal_Macrophages,Luminal_Macrophages,0.36666667,0.3516046,0.16666667,0.1683429,0.26666668,0.26549387,0.2,0.21455857
3754,0.99187857,False,Type 2 alveolar,Dendritic cells,0.22580644,0.22960716,0.2580645,0.24970324,0.2580645,0.2501829,0.2580645,0.2705067
540,0.9918775,False,Type 2 alveolar,Type 2 alveolar,0.29032257,0.3035737,0.38709676,0.37272623,0.29032257,0.2933165,0.032258064,0.030383531
3234,0.9918668,False,Dendritic cells,Dendritic cells,0.06896552,0.07568831,0.20689656,0.2125441,0.2413793,0.24527538,0.4827586,0.46649224
3534,0.9918646,False,Dendritic cells,Dendritic cells,0.033333335,0.04115513,0.06666667,0.058548294,0.36666667,0.35851434,0.53333336,0.54178226
4362,0.9918617,False,Dendritic cells,Dendritic cells,0.22580644,0.24208304,0.16129032,0.15936361,0.22580644,0.22171088,0.38709676,0.37684238
4450,0.991861,False,Fibroblasts,Fibroblasts,0.23333333,0.24094702,0.1,0.09289216,0.36666667,0.3574965,0.3,0.30866435
1324,0.9918606,False,Dendritic cells,Dendritic cells,0.2,0.2108597,0.26666668,0.25387332,0.2,0.20541911,0.33333334,0.32984793
1285,0.9918601,False,Dendritic cells,Dendritic cells,0.2,0.20912518,0.13333334,0.12717143,0.26666668,0.27382135,0.4,0.38988203
1787,0.9918563,False,Luminal_Macrophages,Luminal_Macrophages,0.32258064,0.31733397,0.22580644,0.24209395,0.32258064,0.31417316,0.12903225,0.1263989
1647,0.99185246,False,Dendritic cells,Dendritic cells,0.12903225,0.14532739,0.06451613,0.057574183,0.38709676,0.3854607,0.41935483,0.41163772
1667,0.9918509,False,Dendritic cells,Dendritic cells,0.16666667,0.16734293,0.3,0.31308046,0.033333335,0.035874758,0.5,0.4837018
3347,0.9918501,False,Type 2 alveolar,Type 2 alveolar,0.13793103,0.14413905,0.51724136,0.5035596,0.20689656,0.21698837,0.13793103,0.135313
2315,0.9918501,False,Fibroblasts,Fibroblasts,0.06666667,0.057061262,0.1,0.09350363,0.46666667,0.46646857,0.36666667,0.38296655
65,0.9918489,False,Fibroblasts,Fibroblasts,0.33333334,0.33808506,0.033333335,0.044883832,0.56666666,0.56127375,0.06666667,0.055757362
3455,0.9918478,False,Dendritic cells,Dendritic cells,0.032258064,0.04478519,0.32258064,0.32635784,0.09677419,0.0908216,0.5483871,0.5380354
194,0.9918431,False,Dendritic cells,Dendritic cells,0.23333333,0.24964704,0.23333333,0.22771235,0.16666667,0.16153531,0.36666667,0.36110526
2134,0.99184257,False,Dendritic cells,Dendritic cells,0.33333334,0.34409407,0.06666667,0.05990944,0.1,0.09044234,0.5,0.50555414
1138,0.9918425,False,Type 2 alveolar,Type 2 alveolar,0.31034482,0.32011202,0.41379312,0.39747807,0.06896552,0.071417354,0.20689656,0.21099256
4471,0.9918411,False,Dendritic cells,Dendritic cells,0.23333333,0.24419668,0.1,0.0973873,0.2,0.20545447,0.46666667,0.4529615
3567,0.9918352,False,Dendritic cells,Dendritic cells,0.13333334,0.14849877,0.36666667,0.36646155,0.033333335,0.034497485,0.46666667,0.45054218
2833,0.9918291,False,Luminal_Macrophages,Luminal_Macrophages,0.33333334,0.3275147,0.13333334,0.122810125,0.26666668,0.27241227,0.26666668,0.27726284
44,0.9918279,False,Luminal_Macrophages,Luminal_Macrophages,0.6,0.6163442,0.2,0.19974037,0.06666667,0.061944216,0.13333334,0.12197121
1355,0.9918269,False,Type 2 alveolar,Type 2 alveolar,0.032258064,0.03805212,0.38709676,0.3748982,0.3548387,0.35069105,0.22580644,0.23635861
2080,0.9918262,False,Fibroblasts,Fibroblasts,0.4,0.4066015,0.033333335,0.039913535,0.53333336,0.5169857,0.033333335,0.03649921
4056,0.99182284,False,Luminal_Macrophages,Luminal_Macrophages,0.33333334,0.3170566,0.26666668,0.26658913,0.2,0.2051562,0.2,0.21119806
381,0.99181885,False,Fibroblasts,Fibroblasts,0.26666668,0.26138762,0.26666668,0.26492167,0.3,0.29066172,0.16666667,0.183029
939,0.99181587,False,Type 2 alveolar,Type 2 alveolar,0.3,0.308569,0.33333334,0.33021882,0.33333334,0.32007957,0.033333335,0.041132674
1683,0.99181384,False,Fibroblasts,Fibroblasts,0.13333334,0.13366476,0.33333334,0.34434918,0.5,0.48362762,0.033333335,0.038358442
4304,0.99181193,False,Dendritic cells,Dendritic cells,0.06666667,0.06987876,0.23333333,0.24649745,0.33333334,0.3269652,0.36666667,0.35665864
2346,0.99180883,False,Dendritic cells,Dendritic cells,0.03448276,0.048947312,0.27586207,0.27713317,0.2413793,0.24202594,0.44827586,0.43189356
3054,0.9918077,False,Dendritic cells,Dendritic cells,0.16666667,0.18070468,0.06666667,0.058325604,0.2,0.20234655,0.56666666,0.5586232
1543,0.9918074,False,Type 2 alveolar,Type 2 alveolar,0.4,0.41477644,0.43333334,0.4349421,0.1,0.09566863,0.06666667,0.054612845
2348,0.9918015,False,Luminal_Macrophages,Luminal_Macrophages,0.36666667,0.35026965,0.23333333,0.2408104,0.26666668,0.26979795,0.13333334,0.13912196
4587,0.9917993,False,Type 2 alveolar,Type 2 alveolar,0.26666668,0.26033163,0.36666667,0.3573469,0.13333334,0.13258676,0.23333333,0.24973473
2527,0.99179894,False,Type 2 alveolar,Type 2 alveolar,0.3,0.29746032,0.36666667,0.35443804,0.06666667,0.06503283,0.26666668,0.2830688
1235,0.9917976,False,Type 2 alveolar,Dendritic cells,0.2,0.21535695,0.3,0.28789407,0.2,0.20104782,0.3,0.2957012
4842,0.9917934,False,Dendritic cells,Dendritic cells,0.26666668,0.27407295,0.033333335,0.04084892,0.33333334,0.3348247,0.36666667,0.35025343
1233,0.99179137,False,Fibroblasts,Fibroblasts,0.23333333,0.23758988,0.2,0.19741075,0.33333334,0.3195054,0.23333333,0.245494
2893,0.9917909,False,Fibroblasts,Fibroblasts,0.26666668,0.25760216,0.23333333,0.23774514,0.3,0.2926463,0.2,0.2120064
3948,0.99178416,False,Luminal_Macrophages,Luminal_Macrophages,0.4,0.39605403,0.36666667,0.37611288,0.16666667,0.17365219,0.06666667,0.05418093
3323,0.9917822,False,Type 2 alveolar,Type 2 alveolar,0.33333334,0.3403716,0.4,0.3959662,0.16666667,0.17606398,0.1,0.08759818
4202,0.9917807,False,Luminal_Macrophages,Luminal_Macrophages,0.32258064,0.32975772,0.09677419,0.08033561,0.29032257,0.2947924,0.29032257,0.29511425
3727,0.9917792,False,Fibroblasts,Fibroblasts,0.2,0.19913906,0.23333333,0.23899566,0.33333334,0.31775272,0.23333333,0.2441125
3228,0.99177796,False,Type 2 alveolar,Type 2 alveolar,0.19354838,0.1911581,0.3548387,0.34078494,0.2580645,0.26645476,0.19354838,0.20160222
2572,0.9917778,False,Type 2 alveolar,Type 2 alveolar,0.13333334,0.14560574,0.33333334,0.325598,0.2,0.20417203,0.33333334,0.32462424
136,0.9917745,False,Luminal_Macrophages,Type 2 alveolar,0.3,0.2838378,0.3,0.3030571,0.16666667,0.16637793,0.23333333,0.2467272
1851,0.9917732,False,Type 2 alveolar,Type 2 alveolar,0.36666667,0.37971732,0.46666667,0.4700697,0.1,0.09260177,0.06666667,0.057611253
2506,0.9917713,False,Type 2 alveolar,Type 2 alveolar,0.36666667,0.36320055,0.4,0.38700867,0.2,0.20880702,0.033333335,0.04098381
2626,0.9917693,False,Dendritic cells,Dendritic cells,0.23333333,0.24382302,0.3,0.29648352,0.033333335,0.039305024,0.43333334,0.42038843
4825,0.9917674,False,Dendritic cells,Dendritic cells,0.26666668,0.2792071,0.033333335,0.03352072,0.2,0.20373736,0.5,0.48353484
111,0.99176544,False,Type 2 alveolar,Type 2 alveolar,0.1,0.09435578,0.4,0.3891751,0.26666668,0.28199428,0.23333333,0.23447485
3461,0.9917654,False,Luminal_Macrophages,Luminal_Macrophages,0.46666667,0.460614,0.13333334,0.12291668,0.26666668,0.27221113,0.13333334,0.14425814
78,0.99176115,False,Fibroblasts,Fibroblasts,0.32258064,0.3329454,0.16129032,0.15449797,0.3548387,0.3451534,0.16129032,0.16740328
3842,0.99176097,False,Type 2 alveolar,Type 2 alveolar,0.16129032,0.16565217,0.38709676,0.37061873,0.3548387,0.35558754,0.09677419,0.10814152
1622,0.99175817,False,Luminal_Macrophages,Luminal_Macrophages,0.4,0.39688796,0.13333334,0.11996174,0.3,0.30824327,0.16666667,0.17490707
4536,0.99175113,False,Type 2 alveolar,Type 2 alveolar,0.16666667,0.17101888,0.53333336,0.52022654,0.23333333,0.24547887,0.06666667,0.06327577
2479,0.9917502,False,Type 2 alveolar,Type 2 alveolar,0.33333334,0.3453385,0.43333334,0.41901624,0.06666667,0.07116111,0.16666667,0.16448414
2257,0.9917481,False,Type 2 alveolar,Type 2 alveolar,0.16666667,0.18170254,0.33333334,0.32053834,0.2,0.19629112,0.3,0.30146798
2581,0.991747,False,Fibroblasts,Fibroblasts,0.16666667,0.17883803,0.26666668,0.26642844,0.33333334,0.31706563,0.23333333,0.23766787
884,0.991742,False,Dendritic cells,Dendritic cells,0.1,0.095843524,0.23333333,0.24392366,0.26666668,0.27259237,0.4,0.3876405
256,0.99173963,False,Dendritic cells,Dendritic cells,0.16129032,0.15761016,0.19354838,0.19020164,0.12903225,0.11953836,0.516129,0.5326498
1492,0.9917374,False,Dendritic cells,Dendritic cells,0.2,0.21425205,0.33333334,0.33560643,0.1,0.09525004,0.36666667,0.3548915
3433,0.9917372,False,Type 2 alveolar,Type 2 alveolar,0.3,0.29679826,0.43333334,0.42000946,0.06666667,0.067654274,0.2,0.21553798
2505,0.9917354,False,Fibroblasts,Fibroblasts,0.06666667,0.065761946,0.16666667,0.17043757,0.46666667,0.45104218,0.3,0.3127583
4707,0.99173504,False,Fibroblasts,Fibroblasts,0.2,0.20587759,0.1,0.08780301,0.36666667,0.36233377,0.33333334,0.34398565
4683,0.9917313,False,Luminal_Macrophages,Luminal_Macrophages,0.29032257,0.30597472,0.29032257,0.29120788,0.29032257,0.28448278,0.12903225,0.11833467
225,0.99173045,False,Type 2 alveolar,Type 2 alveolar,0.31034482,0.325926,0.41379312,0.39975464,0.2413793,0.24233718,0.03448276,0.03198212
2899,0.9917271,False,Type 2 alveolar,Type 2 alveolar,0.37931034,0.38712493,0.51724136,0.50069565,0.06896552,0.07006962,0.03448276,0.042109817
1232,0.9917248,False,Dendritic cells,Dendritic cells,0.12903225,0.14558263,0.2580645,0.2515371,0.29032257,0.2902144,0.32258064,0.31266585
2590,0.991723,False,Fibroblasts,Fibroblasts,0.2,0.21344177,0.1,0.09913771,0.5,0.48430833,0.2,0.20311221
2361,0.9917224,False,Dendritic cells,Dendritic cells,0.26666668,0.28249073,0.13333334,0.13130099,0.13333334,0.13406451,0.46666667,0.45214382
3740,0.99171734,False,Fibroblasts,Fibroblasts,0.1,0.11362542,0.16666667,0.16960655,0.6666667,0.6659672,0.06666667,0.05080082
3311,0.9917151,False,Dendritic cells,Dendritic cells,0.23333333,0.24990325,0.06666667,0.059284613,0.33333334,0.33031124,0.36666667,0.36050093
3442,0.991714,False,Type 2 alveolar,Type 2 alveolar,0.13333334,0.14698505,0.33333334,0.32013223,0.23333333,0.23625357,0.3,0.2966292
4626,0.99171287,False,Type 2 alveolar,Dendritic cells,0.10344828,0.1200225,0.31034482,0.29794928,0.27586207,0.27496874,0.31034482,0.30705947
1380,0.99170727,False,Type 2 alveolar,Type 2 alveolar,0.3,0.30664966,0.4,0.3834145,0.033333335,0.0407476,0.26666668,0.2691882
2429,0.99170643,False,Luminal_Macrophages,Luminal_Macrophages,0.4,0.38851354,0.26666668,0.2832538,0.3,0.29601634,0.033333335,0.03221634
2370,0.9917048,False,Luminal_Macrophages,Luminal_Macrophages,0.4,0.39625216,0.26666668,0.2778923,0.26666668,0.27203143,0.06666667,0.053824123
3498,0.9917032,False,Fibroblasts,Fibroblasts,0.1,0.10338965,0.13333334,0.13224374,0.53333336,0.5178294,0.23333333,0.2465372
2013,0.9917031,False,Type 2 alveolar,Type 2 alveolar,0.33333334,0.33690903,0.36666667,0.3500729,0.033333335,0.043087035,0.26666668,0.26993108
4345,0.9917024,False,Luminal_Macrophages,Luminal_Macrophages,0.4516129,0.4536836,0.29032257,0.3022046,0.19354838,0.19619082,0.06451613,0.047920913
2883,0.9917016,False,Type 2 alveolar,Dendritic cells,0.1724138,0.18901064,0.31034482,0.3007622,0.20689656,0.2031209,0.31034482,0.30710626
1659,0.99170005,False,Dendritic cells,Dendritic cells,0.22580644,0.24131508,0.22580644,0.22689766,0.12903225,0.12372839,0.41935483,0.40805885
1760,0.9916992,False,Luminal_Macrophages,Luminal_Macrophages,0.53333336,0.5209469,0.06666667,0.062451538,0.3,0.31393668,0.1,0.102664866
2862,0.99169534,False,Dendritic cells,Dendritic cells,0.2,0.2157011,0.1,0.09098364,0.33333334,0.33424157,0.36666667,0.3590737
171,0.99169517,False,Fibroblasts,Fibroblasts,0.13333334,0.14770234,0.13333334,0.13557397,0.36666667,0.36325032,0.36666667,0.3534733
3547,0.99168986,False,Fibroblasts,Fibroblasts,0.33333334,0.32762945,0.2,0.21376242,0.4,0.3890836,0.06666667,0.069524564
3106,0.9916889,False,Luminal_Macrophages,Luminal_Macrophages,0.4,0.3843655,0.33333334,0.3412627,0.06666667,0.06567891,0.2,0.20869282
4267,0.99168694,False,Luminal_Macrophages,Luminal_Macrophages,0.43333334,0.42608282,0.2,0.19295506,0.06666667,0.064336,0.3,0.31662616
2198,0.99168473,False,Fibroblasts,Fibroblasts,0.033333335,0.044819735,0.33333334,0.33415025,0.46666667,0.4500361,0.16666667,0.17099392
3008,0.9916811,False,Fibroblasts,Fibroblasts,0.16666667,0.17233036,0.16666667,0.16862464,0.36666667,0.35002878,0.3,0.30901617
2256,0.99167967,False,Luminal_Macrophages,Luminal_Macrophages,0.37931034,0.39595103,0.37931034,0.37529963,0.13793103,0.13332194,0.10344828,0.0954274
3174,0.9916773,False,Fibroblasts,Fibroblasts,0.2,0.21664536,0.13333334,0.13191299,0.33333334,0.32740688,0.33333334,0.32403472
97,0.99167126,False,Luminal_Macrophages,Luminal_Macrophages,0.44827586,0.4596304,0.31034482,0.31418476,0.13793103,0.13939402,0.10344828,0.08679086
4722,0.9916697,False,Type 2 alveolar,Type 2 alveolar,0.2,0.21146941,0.4,0.384326,0.16666667,0.16568013,0.23333333,0.23852445
508,0.9916653,False,Fibroblasts,Fibroblasts,0.06451613,0.068909116,0.19354838,0.20093554,0.4516129,0.43494353,0.29032257,0.29521185
2628,0.9916626,False,Luminal_Macrophages,Fibroblasts,0.3,0.29286945,0.26666668,0.2833414,0.3,0.29493254,0.13333334,0.12885661
2646,0.9916618,False,Type 2 alveolar,Type 2 alveolar,0.1,0.10256015,0.46666667,0.45016438,0.26666668,0.28078297,0.16666667,0.16649245
2718,0.9916586,False,Fibroblasts,Fibroblasts,0.2413793,0.2532969,0.13793103,0.13377674,0.5862069,0.5736785,0.03448276,0.039247837
1150,0.99165666,False,Dendritic cells,Dendritic cells,0.13793103,0.15395497,0.27586207,0.27652484,0.27586207,0.27391624,0.31034482,0.29560396
4279,0.9916555,False,Luminal_Macrophages,Luminal_Macrophages,0.33333334,0.34483528,0.06666667,0.059099313,0.26666668,0.27185366,0.33333334,0.32421178
2287,0.9916512,False,Type 2 alveolar,Dendritic cells,0.23333333,0.2392067,0.26666668,0.25767756,0.23333333,0.22562481,0.26666668,0.2774909
1702,0.9916511,False,Type 2 alveolar,Type 2 alveolar,0.16129032,0.17341942,0.3548387,0.3381409,0.2580645,0.2603493,0.22580644,0.22809038
4854,0.9916502,False,Type 2 alveolar,Type 2 alveolar,0.10344828,0.10340068,0.37931034,0.36265844,0.31034482,0.3165807,0.20689656,0.21736021
4839,0.99165004,False,Luminal_Macrophages,Luminal_Macrophages,0.516129,0.5077296,0.06451613,0.057952862,0.19354838,0.19181116,0.22580644,0.24250637
1746,0.9916483,False,Luminal_Macrophages,Luminal_Macrophages,0.46666667,0.47260052,0.033333335,0.041292377,0.4,0.40281054,0.1,0.08329658
3380,0.9916453,False,Type 2 alveolar,Type 2 alveolar,0.10344828,0.115157336,0.37931034,0.3640595,0.3448276,0.34982803,0.1724138,0.17095515
2760,0.99164057,False,Dendritic cells,Dendritic cells,0.27586207,0.29053152,0.06896552,0.058058623,0.10344828,0.09763633,0.55172414,0.5537735
2236,0.99164057,False,Fibroblasts,Fibroblasts,0.16666667,0.17432731,0.26666668,0.26396197,0.33333334,0.3193192,0.23333333,0.24239154
2228,0.99163747,False,Dendritic cells,Dendritic cells,0.2,0.1938569,0.1,0.08941802,0.26666668,0.27765843,0.43333334,0.4390666
1034,0.99163675,False,Type 2 alveolar,Type 2 alveolar,0.1724138,0.17768939,0.3448276,0.3281011,0.31034482,0.31216782,0.1724138,0.18204165
1961,0.9916354,False,Type 2 alveolar,Type 2 alveolar,0.12903225,0.13782804,0.48387095,0.4717191,0.32258064,0.33051407,0.06451613,0.05993881
3658,0.9916338,False,Dendritic cells,Dendritic cells,0.19354838,0.19969955,0.29032257,0.3009039,0.12903225,0.117730156,0.38709676,0.38166642
3254,0.9916314,False,Dendritic cells,Dendritic cells,0.1724138,0.189151,0.2413793,0.23630776,0.27586207,0.27473748,0.31034482,0.29980376
2413,0.99162775,False,Luminal_Macrophages,Luminal_Macrophages,0.4,0.40991595,0.4,0.40342882,0.1,0.10339969,0.1,0.08325552
1559,0.99162406,False,Dendritic cells,Dendritic cells,0.23333333,0.24660794,0.1,0.090100065,0.13333334,0.12648141,0.53333336,0.5368106
2823,0.99162394,False,Dendritic cells,Dendritic cells,0.31034482,0.3194663,0.03448276,0.041944392,0.31034482,0.3105138,0.3448276,0.3280755
3258,0.99161595,False,Luminal_Macrophages,Luminal_Macrophages,0.3,0.28956568,0.23333333,0.24046442,0.23333333,0.22699949,0.23333333,0.24297038
4833,0.9916141,False,Dendritic cells,Dendritic cells,0.26666668,0.2539434,0.16666667,0.18090937,0.2,0.20252916,0.36666667,0.3626181
3256,0.99161327,False,Luminal_Macrophages,Luminal_Macrophages,0.5,0.48760408,0.23333333,0.23771498,0.06666667,0.0622891,0.2,0.21239176
3168,0.99161005,False,Fibroblasts,Fibroblasts,0.2,0.21160232,0.26666668,0.27088428,0.33333334,0.31655344,0.2,0.20095994
2715,0.99160826,False,Dendritic cells,Dendritic cells,0.3448276,0.35765216,0.06896552,0.067730315,0.20689656,0.21085553,0.37931034,0.36376208
1465,0.99160606,False,Fibroblasts,Fibroblasts,0.31034482,0.32607132,0.27586207,0.27630225,0.37931034,0.36252245,0.03448276,0.035103954
4114,0.99160284,False,Luminal_Macrophages,Luminal_Macrophages,0.4,0.38465336,0.13333334,0.13188563,0.3,0.30306157,0.16666667,0.18039946
416,0.9916021,False,Type 2 alveolar,Type 2 alveolar,0.06666667,0.06498379,0.7,0.7167957,0.13333334,0.13267387,0.1,0.08554661
2173,0.9916014,False,Fibroblasts,Fibroblasts,0.06666667,0.07966426,0.26666668,0.27046624,0.36666667,0.35530305,0.3,0.29456648
1021,0.9915984,False,Fibroblasts,Fibroblasts,0.41935483,0.40255168,0.09677419,0.09829545,0.4516129,0.45541427,0.032258064,0.043738596
82,0.9915978,False,Fibroblasts,Fibroblasts,0.1,0.10782111,0.3,0.3089834,0.53333336,0.53070456,0.06666667,0.05249097
2816,0.9915978,False,Type 2 alveolar,Type 2 alveolar,0.2,0.19514893,0.3,0.29225928,0.26666668,0.26245406,0.23333333,0.25013778
4522,0.9915961,False,Type 2 alveolar,Type 2 alveolar,0.3,0.30680597,0.4,0.39006323,0.13333334,0.1264623,0.16666667,0.17666844
522,0.9915941,False,Luminal_Macrophages,Luminal_Macrophages,0.33333334,0.35014528,0.23333333,0.22976772,0.1,0.0934671,0.33333334,0.32661998
2847,0.99159396,False,Dendritic cells,Dendritic cells,0.23333333,0.24033698,0.33333334,0.3340495,0.033333335,0.042425547,0.4,0.38318795
1282,0.9915873,False,Luminal_Macrophages,Luminal_Macrophages,0.4,0.4168254,0.1,0.09014707,0.1,0.0957624,0.4,0.39726502
1775,0.9915867,False,Dendritic cells,Dendritic cells,0.032258064,0.044508114,0.032258064,0.036834694,0.3548387,0.343603,0.58064514,0.5750542
3352,0.9915838,False,Dendritic cells,Dendritic cells,0.20689656,0.21822517,0.06896552,0.064944245,0.31034482,0.31584853,0.41379312,0.40098208
4255,0.9915832,False,Fibroblasts,Fibroblasts,0.1724138,0.18924738,0.1724138,0.17206395,0.3448276,0.33382887,0.31034482,0.30485985
1658,0.9915816,False,Fibroblasts,Fibroblasts,0.23333333,0.2249247,0.26666668,0.27430937,0.33333334,0.32490516,0.16666667,0.17586075
2392,0.9915807,False,Luminal_Macrophages,Luminal_Macrophages,0.43333334,0.41686204,0.36666667,0.3683534,0.16666667,0.16629937,0.033333335,0.0484852
1474,0.991578,False,Fibroblasts,Fibroblasts,0.20689656,0.21543816,0.27586207,0.28416455,0.3448276,0.33583835,0.1724138,0.16455898
3295,0.9915735,False,Fibroblasts,Fibroblasts,0.13333334,0.1405429,0.26666668,0.2763101,0.3,0.29279447,0.3,0.29035252
1080,0.9915705,False,Luminal_Macrophages,Luminal_Macrophages,0.3,0.31145024,0.3,0.30540884,0.23333333,0.22997452,0.16666667,0.1531664
3358,0.9915688,False,Dendritic cells,Dendritic cells,0.27586207,0.28942463,0.1724138,0.16973877,0.03448276,0.03778265,0.51724136,0.50305396
1269,0.9915678,False,Fibroblasts,Fibroblasts,0.09677419,0.09617017,0.29032257,0.30718705,0.516129,0.5020201,0.09677419,0.094622694
991,0.99156713,False,Type 2 alveolar,Type 2 alveolar,0.26666668,0.2695854,0.3,0.28640398,0.16666667,0.16339698,0.26666668,0.28061363
4032,0.9915646,False,Type 2 alveolar,Type 2 alveolar,0.2,0.20893338,0.36666667,0.35006994,0.23333333,0.23305918,0.2,0.20793748
3856,0.99156326,False,Dendritic cells,Dendritic cells,0.2,0.21545221,0.23333333,0.2347546,0.2,0.19607843,0.36666667,0.35371473
2635,0.99156326,False,Fibroblasts,Fibroblasts,0.1724138,0.18315065,0.1724138,0.16971304,0.37931034,0.36513758,0.27586207,0.28199866
3792,0.99156207,False,Fibroblasts,Fibroblasts,0.3,0.30467832,0.26666668,0.27886423,0.33333334,0.32301185,0.1,0.0934456
3940,0.99156135,False,Type 2 alveolar,Type 2 alveolar,0.032258064,0.03927104,0.7096774,0.6986401,0.16129032,0.17115468,0.09677419,0.09093416
1581,0.991561,False,Type 2 alveolar,Type 2 alveolar,0.16666667,0.17335999,0.33333334,0.3192984,0.26666668,0.2638236,0.23333333,0.24351804
4295,0.99156034,False,Dendritic cells,Dendritic cells,0.1,0.113793835,0.26666668,0.2697522,0.2,0.19488895,0.43333334,0.42156503
155,0.99155706,False,Luminal_Macrophages,Luminal_Macrophages,0.46666667,0.45292044,0.26666668,0.28296292,0.1,0.096860334,0.16666667,0.1672563
2875,0.9915552,False,Type 2 alveolar,Type 2 alveolar,0.033333335,0.03659261,0.6,0.5935609,0.23333333,0.24696365,0.13333334,0.122882836
2926,0.99155086,False,Type 2 alveolar,Type 2 alveolar,0.29032257,0.28685507,0.38709676,0.373666,0.06451613,0.06747721,0.2580645,0.27200174
2829,0.99155056,False,Type 2 alveolar,Type 2 alveolar,0.27586207,0.292761,0.3448276,0.3408121,0.27586207,0.27086765,0.10344828,0.09555932
2940,0.99154985,False,Type 2 alveolar,Type 2 alveolar,0.2413793,0.25118104,0.3448276,0.34342524,0.06896552,0.07606409,0.3448276,0.32932967
4019,0.9915402,False,Fibroblasts,Fibroblasts,0.16666667,0.17031477,0.2,0.19903518,0.36666667,0.35071185,0.26666668,0.27993813
2316,0.99153817,False,Fibroblasts,Fibroblasts,0.36666667,0.37020442,0.2,0.21338595,0.4,0.38349402,0.033333335,0.03291558
553,0.99153787,False,Dendritic cells,Dendritic cells,0.19354838,0.20411038,0.22580644,0.2321687,0.22580644,0.22310223,0.3548387,0.34061867
4030,0.99153507,False,Fibroblasts,Fibroblasts,0.32258064,0.32033813,0.06451613,0.06104007,0.3548387,0.34362736,0.2580645,0.2749944
119,0.9915311,False,Type 2 alveolar,Type 2 alveolar,0.16666667,0.16985258,0.7,0.71304077,0.033333335,0.034044452,0.1,0.0830622
627,0.99152386,False,Luminal_Macrophages,Luminal_Macrophages,0.53333336,0.516381,0.23333333,0.24344628,0.16666667,0.16948172,0.06666667,0.070690915
4741,0.9915233,False,Fibroblasts,Fibroblasts,0.2,0.21146795,0.13333334,0.13106696,0.4,0.385313,0.26666668,0.27215207
1528,0.99152,False,Type 2 alveolar,Type 2 alveolar,0.29032257,0.29595274,0.38709676,0.37130532,0.29032257,0.289154,0.032258064,0.043587945
3717,0.9915189,False,Dendritic cells,Dendritic cells,0.33333334,0.3332551,0.16666667,0.15198866,0.1,0.097794116,0.4,0.41696215
838,0.99151874,False,Type 2 alveolar,Type 2 alveolar,0.23333333,0.24754901,0.36666667,0.35109538,0.26666668,0.2694135,0.13333334,0.13194215
3473,0.9915124,False,Type 2 alveolar,Type 2 alveolar,0.16666667,0.18364175,0.3,0.29882964,0.23333333,0.22652034,0.3,0.29100823
1327,0.99151075,False,Fibroblasts,Fibroblasts,0.033333335,0.050311834,0.3,0.29956892,0.36666667,0.35844097,0.3,0.2916783
2010,0.9915033,False,Luminal_Macrophages,Luminal_Macrophages,0.4,0.3941037,0.23333333,0.25032675,0.3,0.29665324,0.06666667,0.05891633
4781,0.9915022,False,Luminal_Macrophages,Luminal_Macrophages,0.29032257,0.30731812,0.19354838,0.18989192,0.29032257,0.28854212,0.22580644,0.21424787
1489,0.99150217,False,Fibroblasts,Fibroblasts,0.33333334,0.34123158,0.13333334,0.12330323,0.36666667,0.35970113,0.16666667,0.17576408
3877,0.9915021,False,Dendritic cells,Dendritic cells,0.26666668,0.28366253,0.2,0.19423321,0.13333334,0.13234787,0.4,0.38975644
4318,0.99150157,False,Dendritic cells,Dendritic cells,0.1,0.09601625,0.16666667,0.17145593,0.26666668,0.27887428,0.46666667,0.45365357
2934,0.9914996,False,Fibroblasts,Fibroblasts,0.23333333,0.23461094,0.2,0.20362891,0.4,0.38299915,0.16666667,0.17876092
653,0.9914943,False,Dendritic cells,Dendritic cells,0.16666667,0.17985824,0.3,0.3038198,0.16666667,0.1560054,0.36666667,0.36031657
4479,0.9914918,False,Luminal_Macrophages,Luminal_Macrophages,0.4,0.38298354,0.033333335,0.037091196,0.26666668,0.2735358,0.3,0.3063895
2608,0.9914873,False,Luminal_Macrophages,Luminal_Macrophages,0.36666667,0.3803254,0.36666667,0.36808175,0.16666667,0.16861816,0.1,0.08297469
4885,0.9914858,False,Luminal_Macrophages,Luminal_Macrophages,0.43333334,0.44014198,0.4,0.39588827,0.033333335,0.043553106,0.13333334,0.12041666
4771,0.9914856,False,Type 2 alveolar,Type 2 alveolar,0.23333333,0.24449864,0.36666667,0.34963787,0.1,0.102539316,0.3,0.3033242
3086,0.99148184,False,Luminal_Macrophages,Luminal_Macrophages,0.4,0.38616544,0.26666668,0.2787077,0.2,0.19679824,0.13333334,0.13832857
1441,0.9914804,False,Type 2 alveolar,Type 2 alveolar,0.1,0.10664345,0.43333334,0.41629416,0.33333334,0.341773,0.13333334,0.1352894
2400,0.99147826,False,Luminal_Macrophages,Luminal_Macrophages,0.43333334,0.4242824,0.13333334,0.12534076,0.26666668,0.2718509,0.16666667,0.17852588
1401,0.99147815,False,Type 2 alveolar,Dendritic cells,0.22580644,0.24285023,0.29032257,0.28105405,0.19354838,0.1901764,0.29032257,0.28591937
2636,0.9914764,False,Luminal_Macrophages,Fibroblasts,0.3,0.2891921,0.16666667,0.1683688,0.3,0.29376078,0.23333333,0.24867828
1419,0.9914758,False,Luminal_Macrophages,Luminal_Macrophages,0.37931034,0.36226195,0.27586207,0.28001073,0.20689656,0.20880666,0.13793103,0.14892064
4521,0.9914751,False,Luminal_Macrophages,Luminal_Macrophages,0.38709676,0.38941073,0.22580644,0.24054222,0.2580645,0.25360197,0.12903225,0.11644504
3166,0.9914607,False,Type 2 alveolar,Type 2 alveolar,0.033333335,0.038548164,0.5,0.48423606,0.16666667,0.16535193,0.3,0.31186387
1929,0.9914585,False,Type 2 alveolar,Type 2 alveolar,0.33333334,0.34485108,0.43333334,0.4162503,0.1,0.104173675,0.13333334,0.13472497
1145,0.99145633,False,Fibroblasts,Fibroblasts,0.06451613,0.059613187,0.22580644,0.23931915,0.4516129,0.43942854,0.2580645,0.26163915
4996,0.99145174,False,Fibroblasts,Fibroblasts,0.33333334,0.3350848,0.033333335,0.037323445,0.4,0.3829035,0.23333333,0.24468826
4582,0.99145085,False,Luminal_Macrophages,Luminal_Macrophages,0.46666667,0.47233856,0.06666667,0.06480421,0.36666667,0.37809306,0.1,0.08476415
3894,0.99144894,False,Dendritic cells,Dendritic cells,0.20689656,0.21983412,0.1724138,0.17405988,0.20689656,0.20941505,0.41379312,0.39669093
1567,0.99144787,False,Fibroblasts,Fibroblasts,0.12903225,0.14243133,0.2580645,0.2617697,0.32258064,0.31224078,0.29032257,0.2835582
2807,0.9914438,False,Dendritic cells,Dendritic cells,0.23333333,0.25044578,0.16666667,0.16239853,0.13333334,0.12655573,0.46666667,0.46060002
59,0.9914413,False,Dendritic cells,Dendritic cells,0.033333335,0.049199697,0.13333334,0.12491713,0.33333334,0.33458433,0.5,0.49129882
362,0.9914398,False,Dendritic cells,Dendritic cells,0.12903225,0.13810343,0.3548387,0.36025468,0.06451613,0.067149416,0.4516129,0.43449253
1590,0.99143934,False,Type 2 alveolar,Type 2 alveolar,0.13333334,0.14203793,0.33333334,0.31621197,0.26666668,0.26975805,0.26666668,0.271992
4055,0.991431,False,Fibroblasts,Dendritic cells,0.26666668,0.2699082,0.13333334,0.12511873,0.3,0.29107657,0.3,0.3138965
1866,0.9914302,False,Dendritic cells,Dendritic cells,0.06666667,0.05380811,0.43333334,0.4290523,0.033333335,0.045286994,0.46666667,0.4718526
2752,0.9914288,False,Type 2 alveolar,Type 2 alveolar,0.33333334,0.34003007,0.36666667,0.3630045,0.16666667,0.17711231,0.13333334,0.11985314
4618,0.9914288,False,Fibroblasts,Fibroblasts,0.23333333,0.23722084,0.16666667,0.16846171,0.46666667,0.44952425,0.13333334,0.14479323
2151,0.99142754,False,Fibroblasts,Fibroblasts,0.06896552,0.060350478,0.27586207,0.28671202,0.3448276,0.33629772,0.31034482,0.31663978
796,0.99142224,False,Fibroblasts,Fibroblasts,0.2580645,0.26585254,0.12903225,0.1182045,0.32258064,0.31625283,0.29032257,0.29969013
2162,0.9914182,False,Dendritic cells,Dendritic cells,0.3,0.31189552,0.033333335,0.034964755,0.26666668,0.27030343,0.4,0.3828363
1670,0.99141407,False,Dendritic cells,Dendritic cells,0.06666667,0.07571472,0.2,0.19814634,0.26666668,0.27479047,0.46666667,0.45134845
1608,0.9914137,False,Luminal_Macrophages,Luminal_Macrophages,0.51724136,0.50219494,0.20689656,0.20979162,0.06896552,0.06683935,0.20689656,0.22117412
3387,0.99141264,False,Dendritic cells,Dendritic cells,0.2413793,0.2538773,0.10344828,0.10061496,0.20689656,0.21157329,0.44827586,0.4339344
2029,0.9914082,False,Type 2 alveolar,Type 2 alveolar,0.22580644,0.230429,0.516129,0.4989455,0.12903225,0.12964071,0.12903225,0.14098485
195,0.99140704,False,Type 2 alveolar,Type 2 alveolar,0.13793103,0.15353684,0.3448276,0.3283083,0.2413793,0.24071267,0.27586207,0.27744222
2152,0.99140435,False,Luminal_Macrophages,Luminal_Macrophages,0.31034482,0.31668496,0.27586207,0.28671318,0.2413793,0.23290779,0.1724138,0.16369408
4927,0.99140275,False,Type 2 alveolar,Type 2 alveolar,0.033333335,0.044510473,0.4,0.3861865,0.36666667,0.3632856,0.2,0.2060174
4431,0.9914015,False,Dendritic cells,Dendritic cells,0.13333334,0.14594795,0.3,0.3003496,0.2,0.20423281,0.36666667,0.3494697
2048,0.99140114,False,Fibroblasts,Fibroblasts,0.33333334,0.3287185,0.23333333,0.23462687,0.36666667,0.35408378,0.06666667,0.082570836
140,0.99139816,False,Fibroblasts,Fibroblasts,0.22580644,0.23838009,0.3548387,0.35112035,0.38709676,0.37361145,0.032258064,0.03688806
4622,0.99139625,False,Type 2 alveolar,Type 2 alveolar,0.32258064,0.31805065,0.38709676,0.37441924,0.032258064,0.041291006,0.2580645,0.26623908
208,0.9913937,False,Luminal_Macrophages,Luminal_Macrophages,0.36666667,0.35152575,0.23333333,0.24328801,0.2,0.19792822,0.2,0.20725797
1348,0.9913914,False,Fibroblasts,Fibroblasts,0.16666667,0.17452078,0.23333333,0.22885801,0.33333334,0.32059154,0.26666668,0.27602968
1704,0.9913903,False,Dendritic cells,Dendritic cells,0.2,0.20842575,0.26666668,0.26229098,0.033333335,0.042127006,0.5,0.48715627
2746,0.99138993,False,Fibroblasts,Fibroblasts,0.23333333,0.23178199,0.2,0.20565902,0.33333334,0.31766453,0.23333333,0.2448945
4920,0.99138874,False,Type 2 alveolar,Type 2 alveolar,0.16666667,0.17116836,0.43333334,0.4189055,0.033333335,0.046054214,0.36666667,0.36387193
4335,0.99138814,False,Type 2 alveolar,Type 2 alveolar,0.26666668,0.2587266,0.3,0.2907164,0.26666668,0.2676446,0.16666667,0.1829124
3468,0.99138707,False,Type 2 alveolar,Type 2 alveolar,0.16666667,0.18102165,0.5,0.48277414,0.13333334,0.13445288,0.2,0.2017514
2639,0.991384,False,Type 2 alveolar,Type 2 alveolar,0.23333333,0.23275553,0.36666667,0.35249135,0.16666667,0.16418783,0.23333333,0.2505653
4636,0.99138224,False,Type 2 alveolar,Type 2 alveolar,0.13793103,0.1453664,0.37931034,0.36207485,0.27586207,0.2849047,0.20689656,0.20765406
3582,0.99138105,False,Luminal_Macrophages,Luminal_Macrophages,0.33333334,0.3197823,0.26666668,0.27443084,0.1,0.09631316,0.3,0.3094737
906,0.99137974,False,Luminal_Macrophages,Luminal_Macrophages,0.4,0.39806506,0.16666667,0.15136111,0.26666668,0.2773317,0.16666667,0.17324215
4711,0.99137855,False,Fibroblasts,Fibroblasts,0.36666667,0.3690873,0.2,0.21482228,0.4,0.3861092,0.033333335,0.029981198
363,0.9913778,False,Fibroblasts,Fibroblasts,0.16129032,0.16979578,0.032258064,0.04099702,0.41935483,0.40416116,0.38709676,0.38504604
1227,0.9913738,False,Dendritic cells,Dendritic cells,0.3,0.31725243,0.2,0.18581969,0.1,0.09841761,0.4,0.39851028
3984,0.9913724,False,Type 2 alveolar,Type 2 alveolar,0.033333335,0.0483634,0.36666667,0.3525533,0.3,0.3022251,0.3,0.29685822
795,0.9913716,False,Dendritic cells,Dendritic cells,0.16666667,0.18392351,0.06666667,0.06253665,0.36666667,0.35674837,0.4,0.3967914
472,0.99137056,False,Type 2 alveolar,Type 2 alveolar,0.2,0.21725884,0.36666667,0.35546088,0.1,0.09710203,0.33333334,0.33017826
523,0.9913695,False,Luminal_Macrophages,Luminal_Macrophages,0.4516129,0.45468366,0.12903225,0.115380175,0.22580644,0.22219752,0.19354838,0.2077386
657,0.9913675,False,Dendritic cells,Dendritic cells,0.13333334,0.1425067,0.13333334,0.122608304,0.33333334,0.34142497,0.4,0.39346007
1764,0.99136317,False,Fibroblasts,Fibroblasts,0.26666668,0.28097647,0.16666667,0.1560164,0.3,0.29337654,0.26666668,0.26963055
2783,0.991362,False,Fibroblasts,Fibroblasts,0.20689656,0.21541232,0.06896552,0.06475825,0.41379312,0.4007244,0.31034482,0.31910506
721,0.9913616,False,Dendritic cells,Dendritic cells,0.13333334,0.14248252,0.2,0.20759828,0.3,0.30052927,0.36666667,0.3493899
971,0.991361,False,Luminal_Macrophages,Luminal_Macrophages,0.5,0.48329103,0.26666668,0.26609775,0.033333335,0.040745128,0.2,0.20986615
480,0.991361,False,Fibroblasts,Fibroblasts,0.1,0.09680102,0.2,0.21164678,0.5,0.48592103,0.2,0.20563117
2296,0.99136,False,Dendritic cells,Dendritic cells,0.26666668,0.2839467,0.2,0.19479471,0.16666667,0.15954919,0.36666667,0.36170942
1142,0.9913579,False,Type 2 alveolar,Type 2 alveolar,0.2,0.21122399,0.36666667,0.3518221,0.2,0.19756043,0.23333333,0.23939347
405,0.9913563,False,Fibroblasts,Fibroblasts,0.26666668,0.2568976,0.26666668,0.27027556,0.3,0.29248175,0.16666667,0.1803451
3207,0.9913525,False,Type 2 alveolar,Type 2 alveolar,0.20689656,0.2208001,0.3448276,0.34094843,0.10344828,0.106839776,0.3448276,0.3314117
2545,0.99135107,False,Luminal_Macrophages,Luminal_Macrophages,0.56666666,0.5590769,0.23333333,0.23956083,0.06666667,0.056958552,0.13333334,0.14440374
2232,0.99134916,False,Dendritic cells,Dendritic cells,0.2,0.21399945,0.16666667,0.16225746,0.26666668,0.26996887,0.36666667,0.3537742
4720,0.99134874,False,Dendritic cells,Dendritic cells,0.1724138,0.1872815,0.1724138,0.17032449,0.2413793,0.24381414,0.41379312,0.3985799
3470,0.99134874,False,Fibroblasts,Fibroblasts,0.13333334,0.13494046,0.23333333,0.23932183,0.36666667,0.34936416,0.26666668,0.27637354
230,0.9913477,False,Luminal_Macrophages,Luminal_Macrophages,0.41379312,0.39694837,0.3448276,0.34436774,0.20689656,0.21422757,0.03448276,0.04445637
1931,0.99134666,False,Type 2 alveolar,Type 2 alveolar,0.23333333,0.24336766,0.43333334,0.41602662,0.3,0.30555922,0.033333335,0.035046432
3723,0.9913453,False,Dendritic cells,Dendritic cells,0.033333335,0.04283647,0.2,0.20780627,0.3,0.29860687,0.46666667,0.45075044
1783,0.991345,False,Luminal_Macrophages,Luminal_Macrophages,0.46666667,0.45078677,0.36666667,0.36523655,0.13333334,0.13822736,0.033333335,0.045749247
2202,0.99134195,False,Luminal_Macrophages,Luminal_Macrophages,0.53333336,0.5294766,0.06666667,0.056568682,0.16666667,0.16330525,0.23333333,0.25064942
283,0.9913416,False,Type 2 alveolar,Type 2 alveolar,0.033333335,0.042598996,0.36666667,0.35646895,0.26666668,0.27471784,0.33333334,0.32621416
3006,0.9913404,False,Type 2 alveolar,Type 2 alveolar,0.38709676,0.3867151,0.41935483,0.40241727,0.032258064,0.04195016,0.16129032,0.16891745
3836,0.9913365,False,Dendritic cells,Dendritic cells,0.09677419,0.09009179,0.12903225,0.118387684,0.2580645,0.2697895,0.516129,0.5217311
3335,0.9913311,False,Fibroblasts,Fibroblasts,0.3,0.3173378,0.16666667,0.15630135,0.33333334,0.3288683,0.2,0.19749252
4891,0.9913295,False,Type 2 alveolar,Type 2 alveolar,0.3,0.30619714,0.43333334,0.41599232,0.23333333,0.24412622,0.033333335,0.033684347
1064,0.9913295,False,Fibroblasts,Fibroblasts,0.26666668,0.26297134,0.2,0.20037146,0.33333334,0.3196877,0.2,0.21696952
4653,0.99132913,False,Type 2 alveolar,Type 2 alveolar,0.33333334,0.33620682,0.4,0.38265827,0.23333333,0.24184693,0.033333335,0.039287966
1125,0.99132854,False,Luminal_Macrophages,Luminal_Macrophages,0.5,0.49137998,0.033333335,0.031430762,0.13333334,0.126513,0.33333334,0.35067633
1416,0.99132407,False,Dendritic cells,Dendritic cells,0.23333333,0.24346285,0.1,0.0841807,0.26666668,0.2738891,0.4,0.39846742
3418,0.9913237,False,Luminal_Macrophages,Luminal_Macrophages,0.37931034,0.39297885,0.03448276,0.037700363,0.2413793,0.24184574,0.3448276,0.327475
4933,0.9913215,False,Type 2 alveolar,Dendritic cells,0.06666667,0.057889003,0.33333334,0.32475403,0.26666668,0.27375272,0.33333334,0.34360424
3932,0.99131846,False,Dendritic cells,Dendritic cells,0.16129032,0.16034852,0.032258064,0.026016038,0.12903225,0.11885296,0.67741936,0.6947825
3114,0.99131656,False,Dendritic cells,Dendritic cells,0.2580645,0.2754314,0.16129032,0.1518559,0.2580645,0.25512177,0.32258064,0.31759092
2039,0.9913151,False,Dendritic cells,Dendritic cells,0.32258064,0.330991,0.12903225,0.11166247,0.19354838,0.19370346,0.3548387,0.36364308
129,0.99131346,False,Dendritic cells,Dendritic cells,0.2,0.21197344,0.06666667,0.052387994,0.2,0.19690561,0.53333336,0.53873295
1713,0.9913094,False,Dendritic cells,Dendritic cells,0.033333335,0.042016674,0.2,0.20869789,0.3,0.29995185,0.46666667,0.44933355
3202,0.991309,False,Luminal_Macrophages,Dendritic cells,0.26666668,0.25931844,0.23333333,0.23327766,0.23333333,0.22335517,0.26666668,0.28404874
734,0.9913073,False,Type 2 alveolar,Type 2 alveolar,0.2,0.21738534,0.33333334,0.32441464,0.3,0.2984036,0.16666667,0.15979645
2263,0.99130654,False,Dendritic cells,Dendritic cells,0.13333334,0.14971094,0.23333333,0.23434268,0.3,0.29720357,0.33333334,0.3187428
4316,0.9913061,False,Luminal_Macrophages,Luminal_Macrophages,0.33333334,0.31594563,0.1,0.10461445,0.3,0.30108938,0.26666668,0.27835056
2077,0.9913053,False,Dendritic cells,Dendritic cells,0.23333333,0.24937083,0.3,0.28486153,0.13333334,0.1310824,0.33333334,0.33468518
4967,0.99130267,False,Type 2 alveolar,Type 2 alveolar,0.09677419,0.10348886,0.4516129,0.438942,0.3548387,0.36551863,0.09677419,0.092050485
2301,0.9913026,False,Luminal_Macrophages,Luminal_Macrophages,0.6,0.60281116,0.23333333,0.24791703,0.06666667,0.06614188,0.1,0.08312997
2379,0.99130064,False,Luminal_Macrophages,Luminal_Macrophages,0.44827586,0.4309879,0.2413793,0.24488118,0.06896552,0.06885473,0.2413793,0.2552762
222,0.99129957,False,Fibroblasts,Fibroblasts,0.1,0.094767034,0.23333333,0.24036376,0.46666667,0.4544987,0.2,0.21037042
3921,0.99128705,False,Type 2 alveolar,Type 2 alveolar,0.03448276,0.036391784,0.4827586,0.4653327,0.31034482,0.3206326,0.1724138,0.17764291
3405,0.99128115,False,Type 2 alveolar,Type 2 alveolar,0.1724138,0.18985151,0.27586207,0.27205545,0.27586207,0.27182585,0.27586207,0.26626718
1338,0.99128044,False,Fibroblasts,Fibroblasts,0.29032257,0.29477897,0.29032257,0.30093148,0.38709676,0.36965764,0.032258064,0.03463194
1928,0.9912795,False,Type 2 alveolar,Type 2 alveolar,0.06666667,0.056015417,0.43333334,0.42654353,0.4,0.40830734,0.1,0.10913371
549,0.99127704,False,Type 2 alveolar,Type 2 alveolar,0.2,0.21732493,0.36666667,0.3518968,0.23333333,0.23345433,0.2,0.19732393
1305,0.9912727,False,Luminal_Macrophages,Luminal_Macrophages,0.33333334,0.31587872,0.1,0.10653537,0.3,0.30306748,0.26666668,0.27451837
2705,0.9912719,False,Luminal_Macrophages,Luminal_Macrophages,0.36666667,0.3492105,0.23333333,0.24215682,0.23333333,0.23631667,0.16666667,0.17231598
3167,0.9912664,False,Type 2 alveolar,Type 2 alveolar,0.2,0.21366628,0.4,0.38501817,0.06666667,0.07046755,0.33333334,0.33084804
3012,0.9912658,False,Type 2 alveolar,Type 2 alveolar,0.2580645,0.26900432,0.38709676,0.3696283,0.22580644,0.23120393,0.12903225,0.13016343
4230,0.9912644,False,Fibroblasts,Fibroblasts,0.3548387,0.3638929,0.032258064,0.040211942,0.516129,0.51659214,0.09677419,0.07930299
642,0.99126345,False,Type 2 alveolar,Type 2 alveolar,0.19354838,0.21102153,0.3548387,0.35289818,0.09677419,0.09415648,0.3548387,0.34192377
2222,0.99126154,False,Luminal_Macrophages,Luminal_Macrophages,0.53333336,0.5408544,0.06666667,0.057176568,0.36666667,0.35867992,0.033333335,0.043289162
4785,0.9912606,False,Dendritic cells,Dendritic cells,0.16666667,0.17678286,0.13333334,0.11585453,0.23333333,0.2387503,0.46666667,0.46861228
2163,0.9912601,False,Fibroblasts,Fibroblasts,0.27586207,0.2618421,0.06896552,0.06987722,0.3448276,0.34136778,0.31034482,0.32691285
2740,0.99125916,False,Fibroblasts,Fibroblasts,0.2,0.21342893,0.33333334,0.3373861,0.4,0.38507155,0.06666667,0.06411339
863,0.991254,False,Type 2 alveolar,Type 2 alveolar,0.06451613,0.06634141,0.48387095,0.47618008,0.3548387,0.37050554,0.09677419,0.086973
2408,0.99125236,False,Dendritic cells,Dendritic cells,0.13333334,0.14342843,0.2,0.20395243,0.23333333,0.23678112,0.43333334,0.41583806
2269,0.99124897,False,Luminal_Macrophages,Luminal_Macrophages,0.36666667,0.35329798,0.3,0.3051626,0.26666668,0.27900618,0.06666667,0.06253321
3483,0.99124897,False,Fibroblasts,Fibroblasts,0.2,0.2166936,0.1,0.100808464,0.36666667,0.35407203,0.33333334,0.3284259
2645,0.9912481,False,Type 2 alveolar,Type 2 alveolar,0.36666667,0.36697656,0.4,0.38249612,0.2,0.20755672,0.033333335,0.04297055
2096,0.991243,False,Luminal_Macrophages,Luminal_Macrophages,0.56666666,0.5594194,0.033333335,0.035112046,0.06666667,0.056399893,0.33333334,0.34906867
4426,0.99123996,False,Luminal_Macrophages,Luminal_Macrophages,0.31034482,0.30242777,0.27586207,0.2709653,0.1724138,0.16770758,0.2413793,0.25889933
1122,0.9912396,False,Type 2 alveolar,Type 2 alveolar,0.2580645,0.27505258,0.29032257,0.27587664,0.2580645,0.2585972,0.19354838,0.19047356
1754,0.9912387,False,Fibroblasts,Fibroblasts,0.06666667,0.07279157,0.3,0.29962865,0.4,0.38284877,0.23333333,0.24473096
1257,0.9912379,False,Dendritic cells,Dendritic cells,0.06666667,0.06365915,0.3,0.31151417,0.23333333,0.23934339,0.4,0.38548335
38,0.9912378,False,Luminal_Macrophages,Luminal_Macrophages,0.43333334,0.41631573,0.16666667,0.16615985,0.26666668,0.27165443,0.13333334,0.14586997
2720,0.99123687,False,Type 2 alveolar,Type 2 alveolar,0.2,0.2088831,0.4,0.3824738,0.33333334,0.33695856,0.06666667,0.07168462
1367,0.99123657,False,Fibroblasts,Fibroblasts,0.16666667,0.17688201,0.2,0.20731147,0.46666667,0.45607665,0.16666667,0.15972988
2904,0.99123484,False,Type 2 alveolar,Type 2 alveolar,0.16666667,0.15990178,0.43333334,0.42256796,0.33333334,0.336412,0.06666667,0.08111827
1520,0.9912348,False,Luminal_Macrophages,Luminal_Macrophages,0.4,0.39283383,0.16666667,0.1691234,0.23333333,0.22296907,0.2,0.21507366
259,0.99122876,False,Dendritic cells,Dendritic cells,0.03448276,0.04273524,0.13793103,0.14722113,0.37931034,0.36978188,0.44827586,0.44026184
2045,0.9912285,False,Type 2 alveolar,Type 2 alveolar,0.06896552,0.058615744,0.41379312,0.40659985,0.1724138,0.18554501,0.3448276,0.34923935
3953,0.99122787,False,Dendritic cells,Dendritic cells,0.19354838,0.21109267,0.2580645,0.2545179,0.22580644,0.22108811,0.32258064,0.31330132
3667,0.9912274,False,Dendritic cells,Dendritic cells,0.29032257,0.301321,0.032258064,0.03332461,0.22580644,0.23128675,0.4516129,0.4340676
570,0.9912263,False,Type 2 alveolar,Type 2 alveolar,0.2,0.20894521,0.33333334,0.32251576,0.3,0.29327026,0.16666667,0.17526875
1314,0.991226,False,Dendritic cells,Dendritic cells,0.1,0.112122156,0.23333333,0.23875909,0.3,0.2993758,0.36666667,0.34974295
1546,0.99122405,False,Dendritic cells,Dendritic cells,0.2,0.21755192,0.3,0.29848024,0.13333334,0.12983966,0.36666667,0.35412818
4783,0.9912238,False,Type 2 alveolar,Type 2 alveolar,0.1,0.1103211,0.53333336,0.515781,0.16666667,0.17146592,0.2,0.2024321
2262,0.99121976,False,Dendritic cells,Dendritic cells,0.2,0.21654353,0.23333333,0.23068708,0.2,0.20101702,0.36666667,0.3517524
179,0.99121886,False,Fibroblasts,Fibroblasts,0.06666667,0.07174379,0.2,0.2124852,0.4,0.3855562,0.33333334,0.33021483
378,0.9912171,False,Dendritic cells,Dendritic cells,0.26666668,0.2796151,0.06666667,0.06285306,0.3,0.30461738,0.36666667,0.35291448
1884,0.9912162,False,Fibroblasts,Fibroblasts,0.16129032,0.158184,0.22580644,0.23243503,0.41935483,0.40489358,0.19354838,0.20448746
4070,0.9912141,False,Type 2 alveolar,Type 2 alveolar,0.26666668,0.27689275,0.36666667,0.36185393,0.2,0.2073457,0.16666667,0.15390757
3338,0.9912134,False,Luminal_Macrophages,Luminal_Macrophages,0.37931034,0.38690957,0.37931034,0.3673457,0.1724138,0.18238786,0.06896552,0.06335692
4594,0.99121165,False,Fibroblasts,Fibroblasts,0.33333334,0.33764863,0.1,0.0941075,0.36666667,0.3549824,0.2,0.21326146
3679,0.9912098,False,Type 2 alveolar,Type 2 alveolar,0.26666668,0.27219662,0.43333334,0.41575298,0.06666667,0.069057226,0.23333333,0.24299315
2842,0.99120927,False,Dendritic cells,Dendritic cells,0.19354838,0.210091,0.19354838,0.19458723,0.29032257,0.28498018,0.32258064,0.3103416
2004,0.99120885,False,Type 2 alveolar,Type 2 alveolar,0.31034482,0.32018852,0.37931034,0.3617281,0.27586207,0.27681524,0.03448276,0.041268226
2592,0.9912081,False,Type 2 alveolar,Type 2 alveolar,0.23333333,0.24780853,0.6333333,0.61965674,0.1,0.09609279,0.033333335,0.036441933
3866,0.9912074,False,Type 2 alveolar,Type 2 alveolar,0.23333333,0.25091848,0.36666667,0.35677403,0.06666667,0.06260724,0.33333334,0.3297002
297,0.9911983,False,Luminal_Macrophages,Luminal_Macrophages,0.53333336,0.5227389,0.033333335,0.03818362,0.16666667,0.15965773,0.26666668,0.27941978
1304,0.9911944,False,Fibroblasts,Fibroblasts,0.12903225,0.13744625,0.032258064,0.0374867,0.4516129,0.43400174,0.38709676,0.39106533
2018,0.9911939,False,Type 2 alveolar,Type 2 alveolar,0.16666667,0.1765962,0.36666667,0.3490544,0.16666667,0.1669112,0.3,0.30743822
1978,0.9911921,False,Type 2 alveolar,Type 2 alveolar,0.23333333,0.24674103,0.3,0.28543347,0.26666668,0.26361746,0.2,0.20420802
771,0.99119186,False,Dendritic cells,Dendritic cells,0.16666667,0.18150009,0.26666668,0.25416872,0.2,0.20278294,0.36666667,0.36154833
2920,0.99118507,False,Dendritic cells,Dendritic cells,0.16666667,0.17777538,0.2,0.20545247,0.23333333,0.23440205,0.4,0.38237005
2884,0.99118495,False,Dendritic cells,Dendritic cells,0.1724138,0.18470015,0.13793103,0.13678542,0.27586207,0.2812057,0.41379312,0.39730865
1215,0.9911812,False,Dendritic cells,Dendritic cells,0.33333334,0.3509709,0.13333334,0.119914345,0.13333334,0.12999572,0.4,0.39911902
2670,0.9911777,False,Type 2 alveolar,Type 2 alveolar,0.16666667,0.17916451,0.36666667,0.37181348,0.36666667,0.36441347,0.1,0.08460854
4737,0.9911751,False,Type 2 alveolar,Type 2 alveolar,0.27586207,0.27229983,0.37931034,0.36886618,0.13793103,0.13428767,0.20689656,0.22454631
2569,0.99117446,False,Luminal_Macrophages,Luminal_Macrophages,0.3548387,0.34682328,0.19354838,0.20551214,0.29032257,0.29600993,0.16129032,0.15165469
1293,0.9911697,False,Dendritic cells,Dendritic cells,0.06666667,0.077584565,0.23333333,0.238717,0.26666668,0.26802567,0.43333334,0.41567275
714,0.99116766,False,Luminal_Macrophages,Luminal_Macrophages,0.4516129,0.44016156,0.22580644,0.223923,0.09677419,0.09244434,0.22580644,0.24347107
433,0.99116766,False,Dendritic cells,Dendritic cells,0.03448276,0.0459597,0.27586207,0.27894598,0.2413793,0.2444831,0.44827586,0.43061116
1548,0.99116504,False,Dendritic cells,Dendritic cells,0.36666667,0.35459608,0.033333335,0.051003214,0.06666667,0.0625928,0.53333336,0.53180796
2820,0.9911598,False,Fibroblasts,Fibroblasts,0.16129032,0.16611274,0.29032257,0.3031805,0.4516129,0.43844992,0.09677419,0.092256784
4355,0.99115884,False,Fibroblasts,Fibroblasts,0.4,0.41768226,0.1,0.09765711,0.43333334,0.43190795,0.06666667,0.052752692
1328,0.99115664,False,Luminal_Macrophages,Luminal_Macrophages,0.7,0.6920855,0.033333335,0.033609807,0.0,0.017410241,0.26666668,0.25689447
54,0.9911562,False,Luminal_Macrophages,Luminal_Macrophages,0.3448276,0.33987227,0.27586207,0.26663128,0.13793103,0.13442954,0.2413793,0.25906688
2089,0.99115515,False,Dendritic cells,Dendritic cells,0.033333335,0.043644674,0.23333333,0.24071167,0.33333334,0.32800618,0.4,0.38763753
659,0.99115455,False,Type 2 alveolar,Type 2 alveolar,0.1724138,0.19010463,0.3448276,0.34349433,0.13793103,0.1347277,0.3448276,0.33167335
3139,0.9911539,False,Dendritic cells,Dendritic cells,0.06666667,0.07396925,0.2,0.19534867,0.16666667,0.15362585,0.56666666,0.5770562
4337,0.99115264,False,Fibroblasts,Fibroblasts,0.1,0.1176947,0.26666668,0.25782347,0.33333334,0.3277447,0.3,0.29673716
4633,0.99114764,False,Luminal_Macrophages,Luminal_Macrophages,0.46666667,0.4560011,0.23333333,0.24667232,0.2,0.20436576,0.1,0.092960805
1038,0.9911459,False,Type 2 alveolar,Type 2 alveolar,0.27586207,0.29338837,0.37931034,0.36790553,0.27586207,0.27604395,0.06896552,0.06266215
4140,0.9911423,False,Dendritic cells,Dendritic cells,0.033333335,0.04610163,0.33333334,0.3245828,0.26666668,0.2716138,0.36666667,0.3577018
106,0.99113953,False,Type 2 alveolar,Type 2 alveolar,0.1,0.10397647,0.5,0.48584622,0.23333333,0.24707781,0.16666667,0.16309953
979,0.99113894,False,Type 2 alveolar,Type 2 alveolar,0.2,0.20778823,0.3,0.28932497,0.26666668,0.2596195,0.23333333,0.24326725
296,0.9911385,False,Type 2 alveolar,Type 2 alveolar,0.13333334,0.15105624,0.33333334,0.3235347,0.23333333,0.23255695,0.3,0.2928521
4961,0.99113685,False,Dendritic cells,Dendritic cells,0.2413793,0.2586914,0.31034482,0.31075907,0.06896552,0.06777029,0.37931034,0.3627792
1720,0.99113053,False,Fibroblasts,Fibroblasts,0.23333333,0.24667537,0.033333335,0.037730206,0.36666667,0.36031663,0.36666667,0.35527778
1168,0.99113035,False,Luminal_Macrophages,Luminal_Macrophages,0.61290324,0.6268568,0.032258064,0.036043793,0.2580645,0.25137714,0.09677419,0.08572224
229,0.99112517,False,Fibroblasts,Fibroblasts,0.27586207,0.28834578,0.20689656,0.20455618,0.3448276,0.32941824,0.1724138,0.17767973
2123,0.99112296,False,Fibroblasts,Dendritic cells,0.033333335,0.049411092,0.1,0.08681444,0.43333334,0.42876476,0.43333334,0.43500966
2812,0.9911215,False,Type 2 alveolar,Type 2 alveolar,0.36666667,0.36002076,0.4,0.40442255,0.033333335,0.04666783,0.2,0.18888888
4448,0.99112,False,Fibroblasts,Fibroblasts,0.1724138,0.17537744,0.2413793,0.25382614,0.37931034,0.36155024,0.20689656,0.20924617
2599,0.9911185,False,Type 2 alveolar,Type 2 alveolar,0.03448276,0.043447196,0.41379312,0.40031755,0.20689656,0.21569508,0.3448276,0.3405402
1685,0.9911082,False,Type 2 alveolar,Type 2 alveolar,0.3,0.31778368,0.5,0.48509613,0.13333334,0.1327781,0.06666667,0.06434207
950,0.9911074,False,Dendritic cells,Dendritic cells,0.13333334,0.15111855,0.2,0.19307382,0.2,0.19915973,0.46666667,0.45664784
2493,0.9911066,False,Fibroblasts,Fibroblasts,0.13333334,0.15016906,0.26666668,0.2659092,0.56666666,0.54963744,0.033333335,0.03428434
4615,0.9911061,False,Type 2 alveolar,Type 2 alveolar,0.06666667,0.0710896,0.46666667,0.44887888,0.033333335,0.040019136,0.43333334,0.44001237
1838,0.99110574,False,Fibroblasts,Fibroblasts,0.03448276,0.033957973,0.27586207,0.28521702,0.55172414,0.5344604,0.13793103,0.14636463
1906,0.991099,False,Luminal_Macrophages,Luminal_Macrophages,0.38709676,0.40442893,0.06451613,0.04800017,0.16129032,0.1617601,0.38709676,0.38581073
3588,0.99109423,False,Luminal_Macrophages,Luminal_Macrophages,0.33333334,0.32150188,0.3,0.30012232,0.2,0.19401988,0.16666667,0.18435588
4498,0.9910934,False,Luminal_Macrophages,Fibroblasts,0.32258064,0.31352013,0.12903225,0.13603595,0.32258064,0.31382793,0.22580644,0.23661599
2468,0.99109113,False,Fibroblasts,Fibroblasts,0.1,0.10538624,0.3,0.31243148,0.53333336,0.53077525,0.06666667,0.051406983
4179,0.99108946,False,Fibroblasts,Fibroblasts,0.13333334,0.15115443,0.1,0.08923654,0.4,0.39751115,0.36666667,0.3620979
245,0.99108887,False,Luminal_Macrophages,Luminal_Macrophages,0.5,0.5178223,0.06666667,0.059469316,0.4,0.39044347,0.033333335,0.0322649
446,0.99108446,False,Luminal_Macrophages,Luminal_Macrophages,0.43333334,0.43123874,0.33333334,0.3511644,0.13333334,0.13302878,0.1,0.08456814
2270,0.99108315,False,Type 2 alveolar,Type 2 alveolar,0.3448276,0.33916926,0.4827586,0.47297174,0.10344828,0.10105975,0.06896552,0.08679919
1286,0.9910828,False,Luminal_Macrophages,Luminal_Macrophages,0.33333334,0.31863397,0.23333333,0.24436215,0.26666668,0.26353163,0.16666667,0.17347226
1938,0.99108076,False,Fibroblasts,Fibroblasts,0.26666668,0.2665524,0.26666668,0.27731055,0.4,0.38227582,0.06666667,0.07386124
735,0.99107605,False,Dendritic cells,Dendritic cells,0.13333334,0.14931019,0.3,0.3018711,0.16666667,0.158141,0.4,0.39067778
579,0.9910755,False,Luminal_Macrophages,Luminal_Macrophages,0.3548387,0.3416415,0.32258064,0.3179289,0.19354838,0.20047325,0.12903225,0.13995636
367,0.99107397,False,Dendritic cells,Dendritic cells,0.2,0.21710952,0.06666667,0.055778574,0.23333333,0.23407589,0.5,0.49303606
1652,0.99107355,False,Fibroblasts,Dendritic cells,0.2,0.20786184,0.13333334,0.115480416,0.33333334,0.33411893,0.33333334,0.34253874
4216,0.9910732,False,Luminal_Macrophages,Luminal_Macrophages,0.4,0.383779,0.2,0.19836742,0.2,0.20506978,0.2,0.21278378
13,0.99107057,False,Fibroblasts,Fibroblasts,0.2413793,0.23686293,0.2413793,0.2523612,0.3448276,0.33148506,0.1724138,0.1792908
744,0.9910697,False,Luminal_Macrophages,Luminal_Macrophages,0.53333336,0.52226096,0.33333334,0.3425486,0.033333335,0.041978687,0.1,0.09321174
4864,0.9910665,False,Type 2 alveolar,Type 2 alveolar,0.1,0.11498394,0.36666667,0.3541513,0.2,0.20288303,0.33333334,0.32798174
1026,0.9910626,False,Dendritic cells,Dendritic cells,0.2,0.21787485,0.3,0.2962327,0.13333334,0.13141128,0.36666667,0.35448113
4506,0.99106145,False,Fibroblasts,Fibroblasts,0.13333334,0.13328706,0.16666667,0.17869237,0.53333336,0.5155026,0.16666667,0.17251799
2076,0.99106044,False,Fibroblasts,Fibroblasts,0.033333335,0.036028825,0.26666668,0.27864662,0.5,0.4821208,0.2,0.20320375
1246,0.991059,False,Luminal_Macrophages,Luminal_Macrophages,0.7419355,0.75545824,0.06451613,0.058836434,0.06451613,0.052313857,0.12903225,0.13339156
1629,0.9910581,False,Dendritic cells,Dendritic cells,0.26666668,0.2821197,0.16666667,0.16909741,0.23333333,0.23066276,0.33333334,0.31812015
1532,0.99105483,False,Fibroblasts,Fibroblasts,0.36666667,0.38428178,0.13333334,0.12482496,0.46666667,0.4572847,0.033333335,0.033608567
3113,0.9910543,False,Fibroblasts,Fibroblasts,0.26666668,0.28293508,0.26666668,0.26828972,0.33333334,0.32331857,0.13333334,0.12545663
345,0.9910425,False,Fibroblasts,Fibroblasts,0.09677419,0.10145938,0.16129032,0.16055793,0.4516129,0.43443033,0.29032257,0.30355236
4347,0.9910384,False,Type 2 alveolar,Type 2 alveolar,0.2,0.21343483,0.36666667,0.34874344,0.26666668,0.26837412,0.16666667,0.16944757
509,0.9910377,False,Luminal_Macrophages,Luminal_Macrophages,0.43333334,0.42262912,0.1,0.09277971,0.26666668,0.26890156,0.2,0.2156896
4944,0.9910371,False,Dendritic cells,Dendritic cells,0.2,0.21792586,0.2,0.19141202,0.16666667,0.16640423,0.43333334,0.4242579
3852,0.9910322,False,Dendritic cells,Dendritic cells,0.36666667,0.38460234,0.13333334,0.12393109,0.1,0.09189389,0.4,0.39957267
4509,0.9910316,False,Type 2 alveolar,Dendritic cells,0.16666667,0.18425785,0.36666667,0.3538072,0.1,0.094922654,0.36666667,0.36701223
3051,0.9910307,False,Dendritic cells,Dendritic cells,0.16666667,0.17789657,0.36666667,0.36481485,0.033333335,0.04004202,0.43333334,0.4172466
3813,0.9910293,False,Dendritic cells,Dendritic cells,0.26666668,0.28460807,0.16666667,0.15904948,0.26666668,0.25765723,0.3,0.29868522
1307,0.9910278,False,Fibroblasts,Fibroblasts,0.033333335,0.050853934,0.13333334,0.11997556,0.43333334,0.42874664,0.4,0.4004239
2903,0.99102634,False,Dendritic cells,Dendritic cells,0.16129032,0.1792376,0.29032257,0.28358603,0.22580644,0.22402273,0.32258064,0.31315362
3887,0.9910249,False,Type 2 alveolar,Type 2 alveolar,0.1,0.11218527,0.36666667,0.34871644,0.33333334,0.33697912,0.2,0.20211919
3282,0.99102217,False,Luminal_Macrophages,Luminal_Macrophages,0.38709676,0.3691411,0.3548387,0.3626079,0.06451613,0.06843737,0.19354838,0.19981363
649,0.9910203,False,Dendritic cells,Dendritic cells,0.3,0.31015015,0.033333335,0.03638566,0.3,0.3047569,0.36666667,0.34870726
4964,0.9910202,False,Luminal_Macrophages,Luminal_Macrophages,0.51724136,0.5235097,0.1724138,0.18176089,0.2413793,0.24372345,0.06896552,0.05100597
2762,0.9910196,False,Luminal_Macrophages,Luminal_Macrophages,0.4516129,0.44543442,0.16129032,0.15261625,0.09677419,0.09366591,0.29032257,0.3082834
3690,0.99101824,False,Fibroblasts,Fibroblasts,0.2,0.20187801,0.23333333,0.2437661,0.36666667,0.34870312,0.2,0.20565277
2312,0.99101496,False,Fibroblasts,Fibroblasts,0.23333333,0.22392343,0.26666668,0.27785563,0.36666667,0.35810646,0.13333334,0.1401145
4043,0.99100643,False,Fibroblasts,Fibroblasts,0.33333334,0.34111974,0.23333333,0.24353401,0.36666667,0.35662776,0.06666667,0.05871845
1043,0.9910057,False,Type 2 alveolar,Type 2 alveolar,0.16666667,0.17741615,0.5,0.4864906,0.13333334,0.12885423,0.2,0.20723908
42,0.9910034,False,Luminal_Macrophages,Luminal_Macrophages,0.36666667,0.35284224,0.26666668,0.27068886,0.2,0.19583127,0.16666667,0.18063764
1237,0.99100244,False,Luminal_Macrophages,Luminal_Macrophages,0.36666667,0.35657609,0.26666668,0.25876212,0.06666667,0.067912936,0.3,0.31674883
1009,0.9909993,False,Dendritic cells,Dendritic cells,0.13333334,0.14754845,0.16666667,0.15954737,0.3,0.30378628,0.4,0.3891179
3283,0.9909981,False,Dendritic cells,Dendritic cells,0.2,0.21225482,0.13333334,0.120863095,0.26666668,0.2724157,0.4,0.39446637
4957,0.9909975,False,Luminal_Macrophages,Luminal_Macrophages,0.4,0.381995,0.33333334,0.3370034,0.06666667,0.068315305,0.2,0.21268626
1206,0.9909918,False,Luminal_Macrophages,Luminal_Macrophages,0.4,0.38349858,0.13333334,0.13181828,0.26666668,0.27747715,0.2,0.207206
4129,0.9909916,False,Type 2 alveolar,Type 2 alveolar,0.3,0.31421837,0.33333334,0.32698333,0.33333334,0.32166657,0.033333335,0.037131798
2953,0.99099,False,Type 2 alveolar,Type 2 alveolar,0.16666667,0.17613582,0.36666667,0.3486467,0.2,0.20126185,0.26666668,0.2739557
2389,0.990989,False,Dendritic cells,Dendritic cells,0.36666667,0.37604713,0.13333334,0.12032785,0.1,0.094983555,0.4,0.40864146
2070,0.9909883,False,Dendritic cells,Dendritic cells,0.13333334,0.1484993,0.26666668,0.25565606,0.26666668,0.26952404,0.33333334,0.32632053
4857,0.9909825,False,Type 2 alveolar,Type 2 alveolar,0.033333335,0.04252869,0.46666667,0.44863155,0.13333334,0.1342439,0.36666667,0.37459582
827,0.9909814,False,Type 2 alveolar,Type 2 alveolar,0.2,0.2110405,0.4,0.3851995,0.3,0.3069966,0.1,0.09676333
1941,0.9909802,False,Luminal_Macrophages,Luminal_Macrophages,0.37931034,0.38778028,0.20689656,0.2149506,0.31034482,0.3118604,0.10344828,0.08540867
1139,0.99097925,False,Fibroblasts,Fibroblasts,0.27586207,0.27816156,0.13793103,0.13429026,0.3448276,0.3304269,0.2413793,0.2571213
2430,0.99097914,False,Type 2 alveolar,Type 2 alveolar,0.1,0.101639315,0.36666667,0.34862494,0.3,0.30563077,0.23333333,0.244105
4604,0.9909757,False,Dendritic cells,Dendritic cells,0.26666668,0.2844918,0.13333334,0.12297202,0.26666668,0.2668902,0.33333334,0.32564604
3176,0.99097556,False,Type 2 alveolar,Type 2 alveolar,0.2413793,0.25787967,0.37931034,0.36540484,0.31034482,0.30620146,0.06896552,0.07051401
3248,0.99097383,False,Type 2 alveolar,Type 2 alveolar,0.06896552,0.0749538,0.37931034,0.3623396,0.3448276,0.34374604,0.20689656,0.21896055
4331,0.99097234,False,Type 2 alveolar,Type 2 alveolar,0.2580645,0.24941687,0.29032257,0.281071,0.22580644,0.22565033,0.22580644,0.24386182
2106,0.99096966,False,Dendritic cells,Dendritic cells,0.29032257,0.30838323,0.16129032,0.1569888,0.16129032,0.15747108,0.38709676,0.3771569
2619,0.99096763,False,Dendritic cells,Dendritic cells,0.16666667,0.18142623,0.33333334,0.33469796,0.13333334,0.13527384,0.36666667,0.348602
4827,0.990967,False,Type 2 alveolar,Type 2 alveolar,0.12903225,0.14451098,0.61290324,0.61142766,0.16129032,0.16387758,0.09677419,0.080183685
1877,0.99096584,False,Dendritic cells,Dendritic cells,0.13333334,0.14227466,0.06666667,0.05587792,0.2,0.19272044,0.6,0.609127
4646,0.9909648,False,Luminal_Macrophages,Luminal_Macrophages,0.46666667,0.46344706,0.1,0.09679533,0.1,0.08835379,0.33333334,0.3514038
2768,0.9909642,False,Fibroblasts,Fibroblasts,0.3,0.31544468,0.13333334,0.12747276,0.33333334,0.32112232,0.23333333,0.23596026
1262,0.9909642,False,Luminal_Macrophages,Luminal_Macrophages,0.33333334,0.32702968,0.23333333,0.22273101,0.16666667,0.16550104,0.26666668,0.28473827
4313,0.9909624,False,Type 2 alveolar,Type 2 alveolar,0.26666668,0.28287002,0.4,0.38337392,0.1,0.098550804,0.23333333,0.23520528
4608,0.9909575,False,Dendritic cells,Dendritic cells,0.23333333,0.25141835,0.2,0.19431467,0.16666667,0.15814523,0.4,0.39612174
3865,0.9909561,False,Type 2 alveolar,Type 2 alveolar,0.2580645,0.2756486,0.48387095,0.46987706,0.12903225,0.12493848,0.12903225,0.12953591
127,0.9909466,False,Type 2 alveolar,Type 2 alveolar,0.23333333,0.24742505,0.4,0.38416448,0.2,0.20401514,0.16666667,0.16439539
645,0.99094564,False,Fibroblasts,Fibroblasts,0.3,0.31243187,0.26666668,0.27234355,0.33333334,0.32613382,0.1,0.08909071
2331,0.99094343,False,Fibroblasts,Fibroblasts,0.37931034,0.39132184,0.03448276,0.0405844,0.44827586,0.43756145,0.13793103,0.13053234
1000,0.9909428,False,Dendritic cells,Dendritic cells,0.13333334,0.14231203,0.1,0.0848142,0.23333333,0.23040463,0.53333336,0.54246914
4507,0.99094266,False,Dendritic cells,Dendritic cells,0.20689656,0.21773238,0.06896552,0.055977184,0.10344828,0.0983219,0.62068963,0.6279685
853,0.99093443,False,Luminal_Macrophages,Luminal_Macrophages,0.36666667,0.34853554,0.23333333,0.2372646,0.26666668,0.26743585,0.13333334,0.14676398
1925,0.9909313,False,Fibroblasts,Fibroblasts,0.23333333,0.24275368,0.26666668,0.27538374,0.36666667,0.3489209,0.13333334,0.13294166
3859,0.99093056,False,Luminal_Macrophages,Luminal_Macrophages,0.6,0.61464506,0.06666667,0.058749095,0.3,0.2897787,0.033333335,0.03682709
2821,0.99092925,False,Type 2 alveolar,Type 2 alveolar,0.1,0.105580956,0.36666667,0.34852517,0.3,0.30235547,0.23333333,0.24353844
4916,0.99092406,False,Luminal_Macrophages,Luminal_Macrophages,0.31034482,0.3159822,0.1724138,0.15657908,0.2413793,0.23906213,0.27586207,0.28837657
1325,0.9909167,False,Luminal_Macrophages,Luminal_Macrophages,0.33333334,0.3187738,0.3,0.29639295,0.13333334,0.13918489,0.23333333,0.24564834
460,0.9909152,False,Luminal_Macrophages,Luminal_Macrophages,0.4,0.3860402,0.13333334,0.12912348,0.23333333,0.23485592,0.23333333,0.24998039
1603,0.9909151,False,Fibroblasts,Fibroblasts,0.16666667,0.17151602,0.2,0.21332036,0.33333334,0.32294556,0.3,0.292218
608,0.9909112,False,Type 2 alveolar,Fibroblasts,0.23333333,0.22024474,0.26666668,0.2634998,0.26666668,0.2647445,0.23333333,0.25151095
1956,0.990905,False,Fibroblasts,Fibroblasts,0.10344828,0.105634004,0.06896552,0.056211267,0.79310346,0.80910766,0.03448276,0.029046997
4748,0.99090296,False,Dendritic cells,Dendritic cells,0.033333335,0.041348636,0.23333333,0.24351215,0.33333334,0.33041015,0.4,0.38472906
3138,0.99089754,False,Type 2 alveolar,Type 2 alveolar,0.2,0.2153543,0.46666667,0.45131543,0.2,0.20285058,0.13333334,0.1304797
2372,0.99089205,False,Luminal_Macrophages,Luminal_Macrophages,0.6333333,0.6433189,0.2,0.20823033,0.1,0.08699689,0.06666667,0.06145392
3459,0.99089116,False,Dendritic cells,Dendritic cells,0.20689656,0.2251142,0.2413793,0.23823628,0.2413793,0.2368082,0.31034482,0.29984128
4730,0.9908901,False,Type 2 alveolar,Type 2 alveolar,0.3,0.31821978,0.43333334,0.41913113,0.06666667,0.06334245,0.2,0.19930658
4651,0.9908858,False,Dendritic cells,Dendritic cells,0.2,0.21184164,0.36666667,0.36101764,0.033333335,0.039720077,0.4,0.38742062
1660,0.9908854,False,Luminal_Macrophages,Luminal_Macrophages,0.73333335,0.73185354,0.23333333,0.21658383,0.0,0.01682253,0.033333335,0.03474005
4208,0.9908847,False,Dendritic cells,Dendritic cells,0.2,0.20484307,0.13333334,0.12308608,0.13333334,0.12535009,0.53333336,0.5467208
2050,0.99087864,False,Luminal_Macrophages,Luminal_Macrophages,0.56666666,0.56628174,0.26666668,0.2849093,0.1,0.08816523,0.06666667,0.06064367
1911,0.9908689,False,Luminal_Macrophages,Luminal_Macrophages,0.43333334,0.41507116,0.13333334,0.13557635,0.3,0.30850592,0.13333334,0.1408465
4419,0.9908654,False,Dendritic cells,Dendritic cells,0.3548387,0.35643053,0.22580644,0.23199968,0.032258064,0.042742144,0.38709676,0.3688276
1,0.99086154,False,Luminal_Macrophages,Luminal_Macrophages,0.32258064,0.33670944,0.12903225,0.11849877,0.32258064,0.3148372,0.22580644,0.2299546
3175,0.99085826,False,Dendritic cells,Dendritic cells,0.16666667,0.17857909,0.13333334,0.12320497,0.1,0.09184487,0.6,0.60637105
3577,0.9908529,False,Fibroblasts,Fibroblasts,0.13333334,0.1516275,0.13333334,0.12855786,0.4,0.38917974,0.33333334,0.33063492
2347,0.9908492,False,Type 2 alveolar,Type 2 alveolar,0.2580645,0.26103193,0.41935483,0.4010532,0.29032257,0.2909746,0.032258064,0.04694028
3290,0.99084795,False,Fibroblasts,Fibroblasts,0.29032257,0.29544148,0.19354838,0.20673361,0.3548387,0.34569824,0.16129032,0.15212665
3325,0.9908467,False,Fibroblasts,Fibroblasts,0.06666667,0.05600956,0.13333334,0.13557827,0.56666666,0.5590171,0.23333333,0.24939503
3784,0.9908444,False,Type 2 alveolar,Type 2 alveolar,0.2,0.21719366,0.36666667,0.3607126,0.26666668,0.26778415,0.16666667,0.15430963
3629,0.9908424,False,Dendritic cells,Dendritic cells,0.13793103,0.15257718,0.1724138,0.16239603,0.1724138,0.16411635,0.51724136,0.52091044
3403,0.99084187,False,Luminal_Macrophages,Luminal_Macrophages,0.3448276,0.33321792,0.1724138,0.17667763,0.2413793,0.23467264,0.2413793,0.25543177
3788,0.9908387,False,Luminal_Macrophages,Luminal_Macrophages,0.33333334,0.3408152,0.3,0.30835065,0.26666668,0.2691568,0.1,0.081677414
1592,0.99083793,False,Luminal_Macrophages,Luminal_Macrophages,0.43333334,0.4395372,0.36666667,0.37878695,0.1,0.09427976,0.1,0.08739605
2491,0.99083245,False,Fibroblasts,Fibroblasts,0.2413793,0.24594797,0.20689656,0.19936031,0.31034482,0.29954597,0.2413793,0.25514576
3221,0.9908318,False,Dendritic cells,Dendritic cells,0.2413793,0.25971574,0.10344828,0.09719466,0.31034482,0.30907714,0.3448276,0.33401248
3524,0.99083126,False,Dendritic cells,Dendritic cells,0.23333333,0.24690324,0.23333333,0.23810095,0.13333334,0.12782066,0.4,0.38717517
3735,0.9908311,False,Fibroblasts,Fibroblasts,0.06666667,0.060545664,0.33333334,0.32892716,0.36666667,0.35885593,0.23333333,0.2516712
3500,0.9908281,False,Fibroblasts,Fibroblasts,0.12903225,0.13995987,0.32258064,0.322584,0.38709676,0.36875293,0.16129032,0.1687032
3186,0.9908253,False,Fibroblasts,Fibroblasts,0.16666667,0.17938001,0.06666667,0.066837154,0.46666667,0.4483173,0.3,0.30546552
3543,0.9908242,False,Dendritic cells,Dendritic cells,0.19354838,0.20941184,0.32258064,0.32023573,0.06451613,0.067004256,0.41935483,0.40334827
678,0.9908221,False,Type 2 alveolar,Fibroblasts,0.2,0.21835583,0.3,0.29604825,0.3,0.2966625,0.2,0.18893337
1341,0.9908211,False,Luminal_Macrophages,Luminal_Macrophages,0.6333333,0.6258703,0.26666668,0.25968558,0.0,0.018357757,0.1,0.09608639
4804,0.99082047,False,Luminal_Macrophages,Luminal_Macrophages,0.4,0.39702538,0.13333334,0.12350245,0.13333334,0.12777981,0.33333334,0.35169238
273,0.99081653,False,Fibroblasts,Fibroblasts,0.23333333,0.24371678,0.3,0.30798352,0.33333334,0.32356074,0.13333334,0.124739
277,0.9908114,False,Dendritic cells,Dendritic cells,0.3,0.28454307,0.033333335,0.030556468,0.0,0.01837714,0.6666667,0.66652334
4164,0.99080753,False,Luminal_Macrophages,Dendritic cells,0.38709676,0.394212,0.09677419,0.0783893,0.12903225,0.13258485,0.38709676,0.39481384
1473,0.9908044,False,Dendritic cells,Dendritic cells,0.32258064,0.34021446,0.09677419,0.09080931,0.22580644,0.22656395,0.3548387,0.3424123
2837,0.9908043,False,Luminal_Macrophages,Luminal_Macrophages,0.4,0.39803475,0.16666667,0.1581196,0.1,0.09212084,0.33333334,0.3517247
3958,0.990804,False,Fibroblasts,Fibroblasts,0.13333334,0.14237483,0.3,0.3093505,0.43333334,0.41836083,0.13333334,0.12991388
818,0.99080396,False,Dendritic cells,Dendritic cells,0.16666667,0.18265176,0.23333333,0.23574029,0.16666667,0.1586445,0.43333334,0.4229634
1610,0.9908036,False,Dendritic cells,Dendritic cells,0.16129032,0.15879577,0.0,0.018392816,0.2580645,0.2538369,0.58064514,0.56897455
4794,0.99080235,False,Fibroblasts,Fibroblasts,0.3,0.30653846,0.26666668,0.27311337,0.36666667,0.34827134,0.06666667,0.07207684
1330,0.99080205,False,Type 2 alveolar,Type 2 alveolar,0.26666668,0.27326173,0.36666667,0.35684535,0.033333335,0.045134243,0.33333334,0.3247587
4455,0.990799,False,Type 2 alveolar,Type 2 alveolar,0.1,0.09449388,0.53333336,0.52043754,0.2,0.21190993,0.16666667,0.1731587
4542,0.99079716,False,Fibroblasts,Fibroblasts,0.032258064,0.04554159,0.032258064,0.03738031,0.48387095,0.47202292,0.4516129,0.44505528
2536,0.9907971,False,Type 2 alveolar,Type 2 alveolar,0.2,0.2163588,0.43333334,0.41782013,0.16666667,0.16377407,0.2,0.20204705
1300,0.99079686,False,Fibroblasts,Fibroblasts,0.06666667,0.08086707,0.33333334,0.33618313,0.46666667,0.44826037,0.13333334,0.13468942
2958,0.9907948,False,Type 2 alveolar,Type 2 alveolar,0.032258064,0.04659463,0.41935483,0.4021582,0.19354838,0.19762225,0.3548387,0.35362497
550,0.9907898,False,Dendritic cells,Dendritic cells,0.033333335,0.04068357,0.13333334,0.11570862,0.2,0.19920434,0.6333333,0.6444035
3814,0.99078715,False,Type 2 alveolar,Type 2 alveolar,0.032258064,0.042070147,0.4516129,0.43318713,0.19354838,0.19626832,0.32258064,0.32847437
4632,0.99078643,False,Type 2 alveolar,Type 2 alveolar,0.2,0.21346389,0.53333336,0.52243876,0.13333334,0.1258008,0.13333334,0.13829654
600,0.99078625,False,Type 2 alveolar,Type 2 alveolar,0.23333333,0.25062382,0.5,0.48449558,0.16666667,0.16780373,0.1,0.09707688
2020,0.99078465,False,Dendritic cells,Dendritic cells,0.033333335,0.03905528,0.3,0.30486715,0.26666668,0.2745084,0.4,0.38156927
2644,0.9907817,False,Fibroblasts,Fibroblasts,0.16666667,0.18260618,0.33333334,0.3341303,0.43333334,0.4148968,0.06666667,0.06836681
2679,0.9907793,False,Type 2 alveolar,Type 2 alveolar,0.26666668,0.2652444,0.4,0.38298082,0.3,0.3003448,0.033333335,0.05143004
455,0.99077684,False,Dendritic cells,Dendritic cells,0.09677419,0.10661874,0.22580644,0.232987,0.22580644,0.22722766,0.4516129,0.4331666
4351,0.9907736,False,Dendritic cells,Dendritic cells,0.27586207,0.28824747,0.20689656,0.19326234,0.13793103,0.13311246,0.37931034,0.38537776
4539,0.990773,False,Dendritic cells,Dendritic cells,0.22580644,0.23928632,0.2580645,0.2630386,0.19354838,0.18324023,0.32258064,0.31443486
4853,0.9907714,False,Luminal_Macrophages,Luminal_Macrophages,0.3448276,0.33220792,0.13793103,0.13209356,0.2413793,0.24851704,0.27586207,0.2871815
1511,0.99076706,False,Fibroblasts,Fibroblasts,0.36666667,0.37252402,0.033333335,0.045941833,0.46666667,0.4539853,0.13333334,0.12754887
1012,0.99076647,False,Type 2 alveolar,Type 2 alveolar,0.16666667,0.18513373,0.43333334,0.4208158,0.06666667,0.06626362,0.33333334,0.3277868
2499,0.9907643,False,Luminal_Macrophages,Luminal_Macrophages,0.53333336,0.5321929,0.16666667,0.17799802,0.23333333,0.24047337,0.06666667,0.04933573
2855,0.99076045,False,Dendritic cells,Dendritic cells,0.20689656,0.22061865,0.10344828,0.0896834,0.31034482,0.31510183,0.37931034,0.37459606
412,0.9907602,False,Fibroblasts,Fibroblasts,0.033333335,0.046041057,0.36666667,0.35691962,0.4,0.39126745,0.2,0.20577183
3883,0.9907553,False,Type 2 alveolar,Type 2 alveolar,0.16129032,0.1769024,0.38709676,0.3728006,0.12903225,0.1248391,0.32258064,0.325458
3098,0.99075407,False,Luminal_Macrophages,Dendritic cells,0.26666668,0.25923616,0.23333333,0.25182515,0.23333333,0.22506833,0.26666668,0.26387033
1377,0.9907537,False,Dendritic cells,Dendritic cells,0.23333333,0.2518259,0.06666667,0.06461799,0.33333334,0.33321336,0.36666667,0.35034275
1353,0.99075186,False,Type 2 alveolar,Type 2 alveolar,0.12903225,0.13046183,0.38709676,0.36860043,0.16129032,0.16878413,0.32258064,0.3321536
3286,0.9907497,False,Type 2 alveolar,Type 2 alveolar,0.16666667,0.16003478,0.5,0.4881313,0.16666667,0.16932294,0.16666667,0.18251094
4681,0.990747,False,Fibroblasts,Fibroblasts,0.13333334,0.14692125,0.23333333,0.23825155,0.56666666,0.55758387,0.06666667,0.05724338
4960,0.99073714,False,Type 2 alveolar,Type 2 alveolar,0.32258064,0.34110636,0.41935483,0.4138658,0.12903225,0.12545662,0.12903225,0.119571164
2553,0.9907353,False,Dendritic cells,Dendritic cells,0.4,0.41784424,0.06666667,0.055742666,0.06666667,0.059061218,0.46666667,0.46735185
4962,0.9907328,False,Luminal_Macrophages,Luminal_Macrophages,0.3448276,0.32629314,0.20689656,0.21561486,0.2413793,0.24170597,0.20689656,0.21638604
2729,0.9907276,False,Type 2 alveolar,Type 2 alveolar,0.20689656,0.2254413,0.31034482,0.3002551,0.27586207,0.2732057,0.20689656,0.20109792
737,0.990726,False,Type 2 alveolar,Type 2 alveolar,0.2,0.20706844,0.36666667,0.35690695,0.16666667,0.15787835,0.26666668,0.27814624
3666,0.99072546,False,Fibroblasts,Fibroblasts,0.06451613,0.06964519,0.29032257,0.3037426,0.5483871,0.54302615,0.09677419,0.08358605
3586,0.99072486,False,Fibroblasts,Fibroblasts,0.1,0.09131439,0.1,0.11510744,0.6333333,0.63677615,0.16666667,0.156802
4801,0.9907181,False,Luminal_Macrophages,Luminal_Macrophages,0.43333334,0.41476962,0.06666667,0.073367536,0.26666668,0.2753796,0.23333333,0.23648323
4433,0.9907142,False,Dendritic cells,Dendritic cells,0.3,0.31857166,0.2,0.19822125,0.13333334,0.1262881,0.36666667,0.356919
4358,0.99070585,False,Luminal_Macrophages,Luminal_Macrophages,0.33333334,0.33603057,0.26666668,0.28255782,0.33333334,0.32492667,0.06666667,0.05648499
1354,0.99070555,False,Luminal_Macrophages,Luminal_Macrophages,0.4,0.38437742,0.2,0.20644282,0.3,0.29703376,0.1,0.11214609
2510,0.990704,False,Fibroblasts,Fibroblasts,0.23333333,0.24305363,0.13333334,0.12287232,0.33333334,0.3252023,0.3,0.30887175
3981,0.9907012,False,Fibroblasts,Fibroblasts,0.2,0.19631563,0.16666667,0.16876419,0.36666667,0.35175335,0.26666668,0.28316677
4242,0.99070066,False,Dendritic cells,Dendritic cells,0.26666668,0.27790117,0.033333335,0.040697508,0.3,0.2998735,0.4,0.3815279
3983,0.9906997,False,Luminal_Macrophages,Type 2 alveolar,0.36666667,0.3737648,0.36666667,0.3781691,0.13333334,0.1271142,0.13333334,0.12095189
671,0.99069905,False,Type 2 alveolar,Type 2 alveolar,0.13333334,0.1367905,0.36666667,0.34806478,0.26666668,0.2772676,0.23333333,0.23787715
1540,0.9906979,False,Fibroblasts,Fibroblasts,0.2413793,0.24867651,0.27586207,0.28716898,0.3448276,0.33739784,0.13793103,0.12675665
1681,0.9906962,False,Fibroblasts,Fibroblasts,0.23333333,0.24542084,0.1,0.091902286,0.36666667,0.35615674,0.3,0.30652013
2929,0.99069166,False,Fibroblasts,Fibroblasts,0.033333335,0.04785978,0.1,0.0879296,0.53333336,0.5267871,0.33333334,0.33742356
3517,0.99068826,False,Dendritic cells,Dendritic cells,0.2,0.21380499,0.16666667,0.162533,0.26666668,0.27148512,0.36666667,0.35217682
834,0.99068266,False,Type 2 alveolar,Type 2 alveolar,0.22580644,0.23656172,0.38709676,0.37466758,0.2580645,0.26594397,0.12903225,0.12282673
4697,0.9906823,False,Dendritic cells,Dendritic cells,0.1,0.11863543,0.23333333,0.22149445,0.16666667,0.15993884,0.5,0.49993134
4366,0.9906794,False,Luminal_Macrophages,Luminal_Macrophages,0.4827586,0.47319645,0.13793103,0.12885198,0.2413793,0.25053477,0.13793103,0.1474168
1457,0.9906794,False,Fibroblasts,Fibroblasts,0.32258064,0.3231393,0.2580645,0.27361062,0.38709676,0.36845556,0.032258064,0.03479451
1303,0.9906773,False,Fibroblasts,Fibroblasts,0.1724138,0.18618013,0.27586207,0.2801162,0.37931034,0.360665,0.1724138,0.1730387
2238,0.99067324,False,Type 2 alveolar,Type 2 alveolar,0.1,0.10904438,0.6333333,0.6148364,0.06666667,0.06651013,0.2,0.2096091
4925,0.990668,False,Fibroblasts,Fibroblasts,0.10344828,0.09573248,0.2413793,0.25895512,0.55172414,0.5528123,0.10344828,0.092500076
207,0.9906673,False,Dendritic cells,Dendritic cells,0.16129032,0.17753454,0.22580644,0.21956854,0.22580644,0.22822766,0.38709676,0.37466934
2303,0.9906635,False,Type 2 alveolar,Type 2 alveolar,0.10344828,0.09463341,0.37931034,0.36945227,0.2413793,0.24479066,0.27586207,0.29112366
3515,0.99065745,False,Dendritic cells,Dendritic cells,0.23333333,0.2498366,0.13333334,0.13551521,0.23333333,0.23255974,0.4,0.38208845
1868,0.99065423,False,Type 2 alveolar,Type 2 alveolar,0.033333335,0.0429514,0.4,0.38130847,0.26666668,0.2682183,0.3,0.3075218
890,0.9906532,False,Fibroblasts,Fibroblasts,0.33333334,0.3423155,0.06666667,0.061644692,0.36666667,0.35299513,0.23333333,0.24304467
2241,0.99064744,False,Type 2 alveolar,Type 2 alveolar,0.16666667,0.1743001,0.4,0.3891234,0.1,0.092171505,0.33333334,0.34440497
2809,0.9906441,False,Luminal_Macrophages,Luminal_Macrophages,0.76666665,0.7853784,0.06666667,0.062087893,0.06666667,0.053814042,0.1,0.09871966
2410,0.9906394,False,Type 2 alveolar,Type 2 alveolar,0.16666667,0.176044,0.33333334,0.3163438,0.23333333,0.23160161,0.26666668,0.27601057
288,0.99063915,False,Luminal_Macrophages,Luminal_Macrophages,0.56666666,0.5825751,0.2,0.20281322,0.1,0.09192401,0.13333334,0.12268768
2137,0.99063706,False,Type 2 alveolar,Type 2 alveolar,0.1,0.09725675,0.8333333,0.8314502,0.0,0.018725839,0.06666667,0.05256718
2880,0.9906368,False,Type 2 alveolar,Type 2 alveolar,0.13333334,0.15205967,0.33333334,0.32092345,0.23333333,0.2286851,0.3,0.29833174
1220,0.9906345,False,Type 2 alveolar,Type 2 alveolar,0.13333334,0.14035594,0.5,0.48126894,0.33333334,0.3407712,0.033333335,0.037603922
4698,0.9906343,False,Dendritic cells,Dendritic cells,0.033333335,0.051375277,0.4,0.38827518,0.1,0.10068933,0.46666667,0.45966017
4773,0.9906338,False,Luminal_Macrophages,Luminal_Macrophages,0.43333334,0.41460088,0.2,0.2107463,0.2,0.2009427,0.16666667,0.17371015
1672,0.9906319,False,Type 2 alveolar,Type 2 alveolar,0.3,0.3179957,0.33333334,0.3274588,0.23333333,0.23407385,0.13333334,0.12047166
2183,0.9906309,False,Dendritic cells,Dendritic cells,0.23333333,0.2520715,0.2,0.19788224,0.2,0.19443767,0.36666667,0.35560858
462,0.9906301,False,Type 2 alveolar,Type 2 alveolar,0.16666667,0.16860168,0.4,0.38126022,0.23333333,0.24123749,0.2,0.2089006
4388,0.9906293,False,Luminal_Macrophages,Luminal_Macrophages,0.44827586,0.46701717,0.1724138,0.16922402,0.3448276,0.3338602,0.03448276,0.029898575
1163,0.99062735,False,Dendritic cells,Dendritic cells,0.033333335,0.04062654,0.26666668,0.27811873,0.33333334,0.3278242,0.36666667,0.3534305
1157,0.9906267,False,Fibroblasts,Fibroblasts,0.23333333,0.24116024,0.16666667,0.16315433,0.36666667,0.35143244,0.23333333,0.24425296
3046,0.9906249,False,Fibroblasts,Fibroblasts,0.27586207,0.29430407,0.1724138,0.17125596,0.37931034,0.36171794,0.1724138,0.17272197
2990,0.9906225,False,Dendritic cells,Dendritic cells,0.31034482,0.29967564,0.0,0.018755,0.13793103,0.13129023,0.55172414,0.55027914
4072,0.9906198,False,Type 2 alveolar,Type 2 alveolar,0.2413793,0.2500254,0.41379312,0.39608747,0.03448276,0.044597123,0.31034482,0.30928996
3709,0.99061847,False,Fibroblasts,Fibroblasts,0.13333334,0.14250551,0.2,0.2095909,0.36666667,0.34831777,0.3,0.2995858
3354,0.99061674,False,Luminal_Macrophages,Luminal_Macrophages,0.43333334,0.4480713,0.1,0.10372527,0.4,0.4003033,0.06666667,0.047900196
646,0.9906155,False,Fibroblasts,Fibroblasts,0.23333333,0.25108054,0.26666668,0.26768845,0.3,0.28871858,0.2,0.19251238
1966,0.9906126,False,Fibroblasts,Fibroblasts,0.13333334,0.12891431,0.26666668,0.28339082,0.43333334,0.41897765,0.16666667,0.16871722
3654,0.99061006,False,Luminal_Macrophages,Luminal_Macrophages,0.41379312,0.39501327,0.37931034,0.38214976,0.1724138,0.17605196,0.03448276,0.04678505
3363,0.99060667,False,Type 2 alveolar,Type 2 alveolar,0.26666668,0.2854533,0.43333334,0.42542896,0.13333334,0.12422799,0.16666667,0.16488977
3150,0.9906062,False,Type 2 alveolar,Type 2 alveolar,0.13793103,0.1471927,0.41379312,0.39500546,0.27586207,0.28419077,0.1724138,0.17361109
4943,0.9906034,False,Type 2 alveolar,Type 2 alveolar,0.3,0.31879318,0.4,0.38231575,0.2,0.19921356,0.1,0.09967752
791,0.9906002,False,Dendritic cells,Dendritic cells,0.033333335,0.047246836,0.3,0.30369323,0.23333333,0.23452616,0.43333334,0.41453385
2898,0.9906001,False,Fibroblasts,Fibroblasts,0.23333333,0.24370074,0.06666667,0.06724952,0.4,0.38120016,0.3,0.30784953
2394,0.99059886,False,Luminal_Macrophages,Luminal_Macrophages,0.36666667,0.35950366,0.23333333,0.25213563,0.33333334,0.32790828,0.06666667,0.060452398
2757,0.990598,False,Luminal_Macrophages,Luminal_Macrophages,0.4,0.38119605,0.26666668,0.26749927,0.033333335,0.044417962,0.3,0.30688676
3456,0.9905937,False,Type 2 alveolar,Type 2 alveolar,0.2,0.21646893,0.4,0.3817177,0.06666667,0.06613624,0.33333334,0.33567712
3429,0.99059254,False,Luminal_Macrophages,Luminal_Macrophages,0.44827586,0.42946097,0.03448276,0.040454574,0.37931034,0.385035,0.13793103,0.14504942
1645,0.99058706,False,Fibroblasts,Fibroblasts,0.1,0.09415527,0.2,0.21882585,0.6,0.599542,0.1,0.087476835
533,0.9905861,False,Luminal_Macrophages,Luminal_Macrophages,0.36666667,0.36914143,0.1,0.08117217,0.3,0.30473801,0.23333333,0.24494837
493,0.9905857,False,Dendritic cells,Dendritic cells,0.2,0.21515673,0.06666667,0.05908721,0.26666668,0.2703385,0.46666667,0.45541748
3994,0.9905836,False,Type 2 alveolar,Type 2 alveolar,0.23333333,0.2433847,0.43333334,0.41450056,0.06666667,0.070516065,0.26666668,0.2715987
4541,0.99058217,False,Dendritic cells,Dendritic cells,0.03448276,0.04766357,0.31034482,0.31159073,0.27586207,0.28027105,0.37931034,0.3604747
2007,0.990582,False,Dendritic cells,Dendritic cells,0.26666668,0.28348792,0.06666667,0.048086755,0.033333335,0.03534805,0.6333333,0.63307726
2118,0.990582,False,Luminal_Macrophages,Luminal_Macrophages,0.38709676,0.37179443,0.16129032,0.15775667,0.22580644,0.2266844,0.22580644,0.24376453
3966,0.99057937,False,Dendritic cells,Dendritic cells,0.23333333,0.24969642,0.13333334,0.120782465,0.3,0.30247816,0.33333334,0.32704297
858,0.990576,False,Luminal_Macrophages,Luminal_Macrophages,0.5,0.50960124,0.36666667,0.3731362,0.033333335,0.03611054,0.1,0.08115204
4911,0.9905754,False,Type 2 alveolar,Type 2 alveolar,0.2,0.21192499,0.36666667,0.35022318,0.23333333,0.23092754,0.2,0.20692433
4795,0.9905735,False,Type 2 alveolar,Type 2 alveolar,0.2580645,0.26558718,0.41935483,0.40050188,0.29032257,0.29328996,0.032258064,0.04062099
3430,0.9905729,False,Luminal_Macrophages,Luminal_Macrophages,0.5862069,0.58163595,0.06896552,0.05810973,0.0,0.018854091,0.3448276,0.3414002
3563,0.9905717,False,Dendritic cells,Dendritic cells,0.36666667,0.37270764,0.2,0.18114334,0.033333335,0.041434556,0.4,0.40471447
1639,0.9905569,False,Dendritic cells,Dendritic cells,0.26666668,0.2841174,0.23333333,0.23023434,0.06666667,0.068102166,0.43333334,0.41754615
698,0.99055356,False,Dendritic cells,Dendritic cells,0.33333334,0.3516748,0.16666667,0.16443236,0.06666667,0.06721809,0.43333334,0.41667476
2288,0.9905534,False,Type 2 alveolar,Type 2 alveolar,0.13333334,0.14311077,0.33333334,0.31809646,0.26666668,0.26301038,0.26666668,0.27578244
2613,0.9905532,False,Dendritic cells,Dendritic cells,0.13333334,0.15222691,0.36666667,0.36640763,0.06666667,0.065740585,0.43333334,0.41562495
2885,0.9905521,False,Fibroblasts,Fibroblasts,0.032258064,0.049027316,0.09677419,0.09890069,0.48387095,0.4752507,0.38709676,0.37682125
2066,0.9905508,False,Fibroblasts,Fibroblasts,0.23333333,0.23324849,0.06666667,0.062373642,0.4,0.3854795,0.3,0.31889835
2420,0.990545,False,Dendritic cells,Dendritic cells,0.29032257,0.3083988,0.2580645,0.25639197,0.09677419,0.097608,0.3548387,0.3376012
2519,0.99054384,False,Luminal_Macrophages,Luminal_Macrophages,0.48387095,0.48666665,0.16129032,0.14237796,0.032258064,0.03486363,0.32258064,0.33609173
2318,0.9905293,False,Type 2 alveolar,Type 2 alveolar,0.16129032,0.17959762,0.32258064,0.3096186,0.2580645,0.25208515,0.2580645,0.25869867
929,0.99052674,False,Fibroblasts,Fibroblasts,0.16666667,0.17087343,0.3,0.2908832,0.33333334,0.32350358,0.2,0.21473972
2923,0.990525,False,Type 2 alveolar,Type 2 alveolar,0.12903225,0.13620187,0.38709676,0.36814675,0.2580645,0.2657265,0.22580644,0.22992484
4253,0.99052346,False,Luminal_Macrophages,Luminal_Macrophages,0.43333334,0.43592718,0.1,0.08104689,0.26666668,0.27735317,0.2,0.20567273
3675,0.9905225,False,Dendritic cells,Dendritic cells,0.2580645,0.27701956,0.032258064,0.030134024,0.09677419,0.087292925,0.61290324,0.6055535
528,0.99052215,False,Dendritic cells,Dendritic cells,0.13333334,0.15073729,0.1,0.08997778,0.33333334,0.33488515,0.43333334,0.4243998
1732,0.9905212,False,Type 2 alveolar,Type 2 alveolar,0.033333335,0.051330414,0.36666667,0.34770906,0.3,0.30035898,0.3,0.3006015
1040,0.9905127,False,Type 2 alveolar,Type 2 alveolar,0.13333334,0.14754991,0.36666667,0.35036486,0.26666668,0.27142462,0.23333333,0.23066063
1669,0.990511,False,Dendritic cells,Dendritic cells,0.2,0.21694589,0.13333334,0.12701657,0.26666668,0.2686988,0.4,0.3873387
3451,0.9905064,False,Fibroblasts,Fibroblasts,0.23333333,0.24642007,0.2,0.20219737,0.36666667,0.3476795,0.2,0.203703
3136,0.9905051,False,Luminal_Macrophages,Luminal_Macrophages,0.3448276,0.34018072,0.10344828,0.08910542,0.27586207,0.28310177,0.27586207,0.28761214
117,0.9905019,False,Luminal_Macrophages,Fibroblasts,0.33333334,0.32094756,0.1,0.10515518,0.33333334,0.32672286,0.23333333,0.24717434
4453,0.9904988,False,Dendritic cells,Dendritic cells,0.33333334,0.35233572,0.16666667,0.15909421,0.13333334,0.12588549,0.36666667,0.3626846
3701,0.99049735,False,Dendritic cells,Dendritic cells,0.3,0.31900528,0.13333334,0.13331908,0.2,0.19468461,0.36666667,0.35299104
629,0.9904968,False,Fibroblasts,Fibroblasts,0.31034482,0.32935122,0.06896552,0.06394974,0.51724136,0.5131344,0.10344828,0.09356465
1621,0.9904967,False,Dendritic cells,Dendritic cells,0.13333334,0.14832947,0.2,0.20401047,0.2,0.19317235,0.46666667,0.45448777
4212,0.9904918,False,Luminal_Macrophages,Luminal_Macrophages,0.3,0.28610477,0.2,0.20271379,0.23333333,0.2282121,0.26666668,0.2829693
1718,0.9904918,False,Type 2 alveolar,Type 2 alveolar,0.23333333,0.23277321,0.43333334,0.4148771,0.13333334,0.1339771,0.2,0.21837258
4301,0.9904838,False,Fibroblasts,Fibroblasts,0.16666667,0.17112476,0.23333333,0.23691638,0.36666667,0.34763438,0.23333333,0.24432452
2810,0.99048275,False,Luminal_Macrophages,Luminal_Macrophages,0.53333336,0.52275664,0.0,0.019034533,0.16666667,0.16162874,0.3,0.2965801
2568,0.9904764,False,Luminal_Macrophages,Luminal_Macrophages,0.36666667,0.35168403,0.033333335,0.039612524,0.33333334,0.32926884,0.26666668,0.2794346
4708,0.9904708,False,Fibroblasts,Fibroblasts,0.1724138,0.19147213,0.06896552,0.060188554,0.62068963,0.61184305,0.13793103,0.13649625
1127,0.9904655,False,Dendritic cells,Dendritic cells,0.26666668,0.2764955,0.26666668,0.24832958,0.13333334,0.13260145,0.33333334,0.3425735
3421,0.9904651,False,Type 2 alveolar,Type 2 alveolar,0.1,0.10703235,0.4,0.38093016,0.3,0.31027287,0.2,0.20176463
4757,0.9904642,False,Type 2 alveolar,Fibroblasts,0.16666667,0.18573828,0.33333334,0.32117918,0.33333334,0.3271455,0.16666667,0.16593708
2584,0.99044985,False,Type 2 alveolar,Type 2 alveolar,0.1,0.114094704,0.36666667,0.3475664,0.33333334,0.3341696,0.2,0.20416935
3672,0.9904468,False,Type 2 alveolar,Type 2 alveolar,0.2,0.21421199,0.4,0.3828671,0.1,0.09802646,0.3,0.30489448
2542,0.9904456,False,Type 2 alveolar,Type 2 alveolar,0.3,0.3053937,0.33333334,0.3257988,0.33333334,0.3217591,0.033333335,0.04704834
2782,0.99044204,False,Luminal_Macrophages,Luminal_Macrophages,0.4,0.3825059,0.3,0.31373435,0.06666667,0.07204828,0.23333333,0.23171149
2869,0.9904369,False,Fibroblasts,Fibroblasts,0.16666667,0.17742944,0.3,0.30836344,0.36666667,0.35894534,0.16666667,0.1552618
1384,0.990436,False,Type 2 alveolar,Type 2 alveolar,0.16129032,0.16940552,0.41935483,0.40022692,0.29032257,0.3001201,0.12903225,0.13024747
281,0.9904356,False,Type 2 alveolar,Type 2 alveolar,0.06896552,0.055379495,0.5862069,0.58771914,0.10344828,0.09790551,0.2413793,0.25899583
4118,0.9904314,False,Type 2 alveolar,Type 2 alveolar,0.26666668,0.28580385,0.33333334,0.33268785,0.33333334,0.324482,0.06666667,0.057026308
3317,0.9904307,False,Type 2 alveolar,Type 2 alveolar,0.13793103,0.14355342,0.41379312,0.3946545,0.31034482,0.32139465,0.13793103,0.14039743
954,0.9904306,False,Luminal_Macrophages,Type 2 alveolar,0.26666668,0.25417095,0.26666668,0.2708488,0.26666668,0.26002362,0.2,0.21495663
1032,0.99043,False,Type 2 alveolar,Fibroblasts,0.13333334,0.1524733,0.3,0.29052007,0.3,0.29436517,0.26666668,0.2626414
2356,0.99042964,False,Type 2 alveolar,Type 2 alveolar,0.2,0.21181633,0.36666667,0.35365483,0.13333334,0.1272044,0.3,0.30732447
2245,0.9904196,False,Fibroblasts,Fibroblasts,0.12903225,0.13106604,0.22580644,0.22903484,0.41935483,0.4001941,0.22580644,0.23970503
1538,0.99041873,False,Type 2 alveolar,Type 2 alveolar,0.10344828,0.112962954,0.44827586,0.44099164,0.37931034,0.3889582,0.06896552,0.057087276
90,0.99041474,False,Luminal_Macrophages,Luminal_Macrophages,0.44827586,0.4342316,0.31034482,0.3247192,0.13793103,0.14272712,0.10344828,0.09832206
3497,0.990413,False,Luminal_Macrophages,Luminal_Macrophages,0.46666667,0.45141977,0.06666667,0.062739596,0.16666667,0.1725769,0.3,0.3132637
389,0.99040985,False,Dendritic cells,Dendritic cells,0.23333333,0.24992993,0.13333334,0.13591707,0.13333334,0.12678564,0.5,0.48736736
3402,0.99040335,False,Dendritic cells,Dendritic cells,0.2,0.2191932,0.26666668,0.26449478,0.2,0.19411564,0.33333334,0.3221963
4877,0.99040145,False,Type 2 alveolar,Type 2 alveolar,0.12903225,0.1312843,0.516129,0.5018,0.12903225,0.12416418,0.22580644,0.24275151
1394,0.99039954,False,Dendritic cells,Dendritic cells,0.16666667,0.18065695,0.033333335,0.036013275,0.33333334,0.33586407,0.46666667,0.44746575
156,0.99039733,False,Type 2 alveolar,Type 2 alveolar,0.3,0.31920534,0.5,0.4891407,0.1,0.094564,0.1,0.09708993
346,0.9903922,False,Fibroblasts,Fibroblasts,0.36666667,0.3741912,0.13333334,0.14502431,0.46666667,0.44836822,0.033333335,0.032416217
4902,0.99039054,False,Fibroblasts,Fibroblasts,0.1,0.119218916,0.26666668,0.26195252,0.33333334,0.3199273,0.3,0.29890132
3356,0.99038416,False,Type 2 alveolar,Dendritic cells,0.13333334,0.15256499,0.3,0.2907323,0.26666668,0.25992417,0.3,0.2967786
3973,0.990384,False,Fibroblasts,Fibroblasts,0.33333334,0.33838248,0.033333335,0.04035613,0.43333334,0.4141013,0.2,0.20716006
1104,0.99038124,False,Type 2 alveolar,Type 2 alveolar,0.033333335,0.04326434,0.46666667,0.44742918,0.36666667,0.37239525,0.13333334,0.1369112
3772,0.9903808,False,Dendritic cells,Dendritic cells,0.33333334,0.3443478,0.033333335,0.039186046,0.26666668,0.26903787,0.36666667,0.3474283
4892,0.9903693,False,Fibroblasts,Fibroblasts,0.2,0.2105808,0.23333333,0.24193317,0.36666667,0.3474053,0.2,0.20008075
2283,0.99036264,False,Luminal_Macrophages,Luminal_Macrophages,0.36666667,0.347392,0.13333334,0.13693625,0.26666668,0.2685777,0.23333333,0.24709411
4965,0.99035597,False,Fibroblasts,Fibroblasts,0.06451613,0.06684674,0.22580644,0.24276395,0.58064514,0.56734365,0.12903225,0.12304566
3351,0.9903541,False,Type 2 alveolar,Type 2 alveolar,0.16666667,0.18289669,0.36666667,0.34921658,0.23333333,0.23149164,0.23333333,0.23639505
4923,0.99035186,False,Dendritic cells,Dendritic cells,0.16666667,0.1801424,0.26666668,0.2724872,0.13333334,0.1278686,0.43333334,0.4195018
1808,0.9903503,False,Dendritic cells,Dendritic cells,0.2,0.21929938,0.33333334,0.32333145,0.06666667,0.06526612,0.4,0.39210314
3764,0.99034643,False,Luminal_Macrophages,Luminal_Macrophages,0.48387095,0.46502638,0.16129032,0.17238572,0.19354838,0.20176007,0.16129032,0.16082783
4684,0.99033725,False,Luminal_Macrophages,Luminal_Macrophages,0.33333334,0.32114053,0.16666667,0.17340355,0.23333333,0.22620067,0.26666668,0.2792552
464,0.99033415,False,Luminal_Macrophages,Luminal_Macrophages,0.36666667,0.35541582,0.13333334,0.12959327,0.33333334,0.32899252,0.16666667,0.1859984
2473,0.9903335,False,Dendritic cells,Dendritic cells,0.33333334,0.3444153,0.1,0.08066689,0.033333335,0.039277807,0.53333336,0.53563994
26,0.9903329,False,Fibroblasts,Fibroblasts,0.09677419,0.10716098,0.12903225,0.12522006,0.4516129,0.43609092,0.32258064,0.33152807
2976,0.99032825,False,Luminal_Macrophages,Luminal_Macrophages,0.33333334,0.33840862,0.26666668,0.2809349,0.23333333,0.22387365,0.16666667,0.1567828
137,0.99032813,False,Luminal_Macrophages,Luminal_Macrophages,0.5483871,0.5634729,0.19354838,0.1978063,0.12903225,0.1204328,0.12903225,0.118287995
353,0.99032766,False,Luminal_Macrophages,Luminal_Macrophages,0.6,0.58605355,0.1,0.096462995,0.0,0.0193446,0.3,0.29813883
2691,0.9903225,False,Luminal_Macrophages,Luminal_Macrophages,0.4516129,0.4569443,0.09677419,0.080916174,0.06451613,0.061019097,0.38709676,0.40112045
3340,0.9903204,False,Luminal_Macrophages,Luminal_Macrophages,0.38709676,0.36773753,0.32258064,0.3339403,0.22580644,0.23294057,0.06451613,0.06538157
313,0.9903203,False,Dendritic cells,Dendritic cells,0.032258064,0.04539176,0.22580644,0.23067781,0.29032257,0.29167688,0.4516129,0.43225354
3616,0.99032015,False,Type 2 alveolar,Type 2 alveolar,0.22580644,0.23978494,0.516129,0.49817574,0.16129032,0.15988381,0.09677419,0.10215543
4732,0.9903189,False,Luminal_Macrophages,Luminal_Macrophages,0.43333334,0.45269552,0.06666667,0.056741044,0.06666667,0.06286355,0.43333334,0.4276999
3100,0.9903179,False,Fibroblasts,Fibroblasts,0.3548387,0.3717076,0.12903225,0.13013615,0.48387095,0.4645067,0.032258064,0.03364957
2512,0.9903052,False,Type 2 alveolar,Type 2 alveolar,0.13333334,0.14283869,0.43333334,0.41524568,0.3,0.30988434,0.13333334,0.13203134
2290,0.99030286,False,Dendritic cells,Dendritic cells,0.36666667,0.385412,0.06666667,0.054106504,0.06666667,0.05983254,0.5,0.500649
4652,0.9903007,False,Fibroblasts,Fibroblasts,0.03448276,0.049592204,0.2413793,0.24566844,0.37931034,0.37034774,0.3448276,0.33439165
459,0.9902992,False,Fibroblasts,Fibroblasts,0.26666668,0.26145667,0.2,0.2122633,0.36666667,0.35247508,0.16666667,0.17380494
2207,0.9902981,False,Type 2 alveolar,Type 2 alveolar,0.2,0.2103894,0.46666667,0.4472628,0.16666667,0.17122841,0.16666667,0.17111936
2475,0.9902979,False,Type 2 alveolar,Type 2 alveolar,0.26666668,0.2767962,0.36666667,0.3472625,0.26666668,0.26811075,0.1,0.10783061
1086,0.9902954,False,Dendritic cells,Dendritic cells,0.3,0.3194092,0.2,0.19861382,0.06666667,0.06591117,0.43333334,0.41606575
4439,0.9902927,False,Type 2 alveolar,Type 2 alveolar,0.33333334,0.34685984,0.46666667,0.45002827,0.16666667,0.16389054,0.033333335,0.039221346
489,0.9902925,False,Type 2 alveolar,Type 2 alveolar,0.3448276,0.35615742,0.4827586,0.47501332,0.03448276,0.042567942,0.13793103,0.12626135
4660,0.9902921,False,Fibroblasts,Fibroblasts,0.26666668,0.27145624,0.26666668,0.28129295,0.36666667,0.34824315,0.1,0.09900761
1616,0.9902915,False,Luminal_Macrophages,Luminal_Macrophages,0.37931034,0.36879316,0.3448276,0.33592775,0.03448276,0.0432598,0.2413793,0.25201932
4276,0.9902895,False,Type 2 alveolar,Type 2 alveolar,0.2,0.20969057,0.4,0.38057896,0.1,0.10592238,0.3,0.3038081
750,0.990284,False,Dendritic cells,Dendritic cells,0.13333334,0.14157861,0.2,0.18964358,0.06666667,0.057591174,0.6,0.6111867
4554,0.99028116,False,Dendritic cells,Dendritic cells,0.3,0.3194377,0.13333334,0.12806389,0.1,0.09840459,0.46666667,0.45409384
4458,0.99027735,False,Fibroblasts,Fibroblasts,0.033333335,0.04577926,0.3,0.3069994,0.6,0.588166,0.06666667,0.059055343
4729,0.99027294,False,Dendritic cells,Dendritic cells,0.2,0.21145707,0.33333334,0.33542097,0.1,0.10590947,0.36666667,0.3472125
4990,0.99027294,False,Fibroblasts,Fibroblasts,0.2,0.219049,0.26666668,0.26707175,0.3,0.29312566,0.23333333,0.22075361
49,0.99026936,False,Luminal_Macrophages,Luminal_Macrophages,0.36666667,0.36241376,0.1,0.0909335,0.33333334,0.32719147,0.2,0.21946123
1256,0.9902672,False,Fibroblasts,Fibroblasts,0.06666667,0.07375939,0.16666667,0.16295713,0.5,0.48424393,0.26666668,0.2790396
4298,0.9902659,False,Dendritic cells,Dendritic cells,0.06666667,0.063906044,0.26666668,0.2800674,0.23333333,0.23940073,0.43333334,0.4166258
200,0.990264,False,Type 2 alveolar,Type 2 alveolar,0.06666667,0.06320273,0.36666667,0.3506586,0.33333334,0.3355865,0.23333333,0.25055215
4573,0.9902629,False,Dendritic cells,Dendritic cells,0.23333333,0.24406564,0.33333334,0.3284119,0.06666667,0.075408556,0.36666667,0.3521139
611,0.99026257,False,Type 2 alveolar,Type 2 alveolar,0.10344828,0.10728245,0.4827586,0.4702464,0.31034482,0.32598555,0.10344828,0.0964856
787,0.9902621,False,Luminal_Macrophages,Luminal_Macrophages,0.33333334,0.32105204,0.16666667,0.1670821,0.26666668,0.25947216,0.23333333,0.25239372
1460,0.9902616,False,Fibroblasts,Fibroblasts,0.2,0.21947673,0.1,0.092271596,0.36666667,0.3568125,0.33333334,0.3314392
3230,0.9902603,False,Fibroblasts,Fibroblasts,0.33333334,0.34126785,0.1,0.08657872,0.46666667,0.4606085,0.1,0.11154495
4149,0.990259,False,Type 2 alveolar,Type 2 alveolar,0.1724138,0.18118691,0.4827586,0.4794129,0.2413793,0.25208822,0.10344828,0.08731198
2306,0.99025244,False,Luminal_Macrophages,Luminal_Macrophages,0.3448276,0.3391826,0.06896552,0.072720185,0.3448276,0.33097747,0.2413793,0.2571198
841,0.9902492,False,Luminal_Macrophages,Luminal_Macrophages,0.5483871,0.5602154,0.06451613,0.057643533,0.3548387,0.34220973,0.032258064,0.039931327
1706,0.99024385,False,Type 2 alveolar,Fibroblasts,0.1,0.09472275,0.43333334,0.4212734,0.43333334,0.4311582,0.033333335,0.05284569
1729,0.9902436,False,Fibroblasts,Fibroblasts,0.16666667,0.17601761,0.26666668,0.2632591,0.33333334,0.31722814,0.23333333,0.24349508
4198,0.99023926,False,Dendritic cells,Dendritic cells,0.26666668,0.2833475,0.06666667,0.0664186,0.26666668,0.26950732,0.4,0.38072664
411,0.9902358,False,Fibroblasts,Fibroblasts,0.41379312,0.43332145,0.06896552,0.06526696,0.44827586,0.4456916,0.06896552,0.055719987
4836,0.9902351,False,Type 2 alveolar,Type 2 alveolar,0.10344828,0.10624705,0.44827586,0.428746,0.13793103,0.13796034,0.31034482,0.32704657
2669,0.99023336,False,Dendritic cells,Dendritic cells,0.22580644,0.24397612,0.16129032,0.16265392,0.12903225,0.1204125,0.48387095,0.47295752
2382,0.990233,False,Dendritic cells,Dendritic cells,0.3,0.31406233,0.06666667,0.060839504,0.23333333,0.23880501,0.4,0.38629317
4348,0.9902293,False,Luminal_Macrophages,Luminal_Macrophages,0.33333334,0.3528649,0.33333334,0.32900295,0.16666667,0.16667649,0.16666667,0.1514556
3584,0.9902285,False,Luminal_Macrophages,Luminal_Macrophages,0.56666666,0.58494467,0.1,0.08186819,0.3,0.2985888,0.033333335,0.034598306
2024,0.9902258,False,Luminal_Macrophages,Luminal_Macrophages,0.3,0.2838726,0.23333333,0.25288174,0.2,0.19783588,0.26666668,0.2654098
1345,0.99022526,False,Luminal_Macrophages,Luminal_Macrophages,0.36666667,0.3495619,0.2,0.20128132,0.2,0.1975553,0.23333333,0.25160143
552,0.9902189,False,Fibroblasts,Fibroblasts,0.2,0.21424128,0.23333333,0.23865426,0.36666667,0.34744978,0.2,0.19965464
1055,0.9902185,False,Type 2 alveolar,Type 2 alveolar,0.23333333,0.22323754,0.26666668,0.26341015,0.26666668,0.26045606,0.23333333,0.25289622
4175,0.9902161,False,Type 2 alveolar,Type 2 alveolar,0.10344828,0.12301617,0.3448276,0.33094186,0.2413793,0.23936264,0.31034482,0.30667934
3360,0.99021584,False,Luminal_Macrophages,Luminal_Macrophages,0.43333334,0.41664925,0.26666668,0.281279,0.1,0.09711578,0.2,0.204956
947,0.9902124,False,Fibroblasts,Fibroblasts,0.2,0.20405254,0.23333333,0.24566527,0.36666667,0.34709135,0.2,0.20319079
1133,0.9902122,False,Fibroblasts,Fibroblasts,0.13333334,0.12295211,0.33333334,0.33040535,0.36666667,0.36040026,0.16666667,0.18624227
2105,0.99020976,False,Fibroblasts,Fibroblasts,0.033333335,0.03588809,0.06666667,0.053313553,0.76666665,0.7836923,0.13333334,0.12710595
4819,0.99020904,False,Dendritic cells,Dendritic cells,0.03448276,0.051845014,0.1724138,0.16763476,0.31034482,0.31256443,0.4827586,0.46795577
3441,0.99020815,False,Dendritic cells,Dendritic cells,0.26666668,0.285972,0.06666667,0.06300412,0.3,0.30027834,0.36666667,0.35074547
1219,0.9902079,False,Fibroblasts,Fibroblasts,0.29032257,0.3099068,0.12903225,0.121486455,0.4516129,0.4445226,0.12903225,0.12408414
3891,0.99020654,False,Type 2 alveolar,Type 2 alveolar,0.2580645,0.2498267,0.32258064,0.31986037,0.16129032,0.15266147,0.2580645,0.27765146
1210,0.99020547,False,Fibroblasts,Fibroblasts,0.3,0.3065016,0.16666667,0.1737159,0.43333334,0.41374424,0.1,0.10603833
2555,0.9902023,False,Luminal_Macrophages,Luminal_Macrophages,0.43333334,0.4170157,0.36666667,0.37626633,0.033333335,0.04332906,0.16666667,0.16338882
3566,0.99019647,False,Type 2 alveolar,Type 2 alveolar,0.23333333,0.23215589,0.36666667,0.35321978,0.13333334,0.12835066,0.26666668,0.28627372
1887,0.9901955,False,Fibroblasts,Fibroblasts,0.2,0.20796108,0.13333334,0.13049103,0.4,0.3832333,0.26666668,0.27831456
4128,0.9901929,False,Type 2 alveolar,Type 2 alveolar,0.06896552,0.064040214,0.44827586,0.43452564,0.13793103,0.13699237,0.3448276,0.36444178
1503,0.99019045,False,Type 2 alveolar,Type 2 alveolar,0.16666667,0.18015628,0.36666667,0.34960037,0.2,0.19744712,0.26666668,0.2727962
246,0.9901863,False,Luminal_Macrophages,Luminal_Macrophages,0.36666667,0.36867234,0.3,0.31762186,0.13333334,0.12491149,0.2,0.18879439
1807,0.99018127,False,Dendritic cells,Dendritic cells,0.09677419,0.089448035,0.22580644,0.23709418,0.29032257,0.29867235,0.38709676,0.37478542
1214,0.99017954,False,Luminal_Macrophages,Luminal_Macrophages,0.4,0.3803591,0.23333333,0.23847257,0.16666667,0.17067179,0.2,0.21049653
861,0.99017674,False,Type 2 alveolar,Type 2 alveolar,0.16666667,0.18123052,0.4,0.38834485,0.33333334,0.33841595,0.1,0.092008665
1673,0.99017435,False,Type 2 alveolar,Type 2 alveolar,0.06896552,0.067084886,0.44827586,0.4305052,0.1724138,0.17302993,0.31034482,0.32937998
3562,0.9901722,False,Fibroblasts,Fibroblasts,0.13793103,0.14162129,0.13793103,0.1293435,0.41379312,0.402725,0.31034482,0.3263102
1331,0.99016035,False,Type 2 alveolar,Type 2 alveolar,0.2,0.21520329,0.33333334,0.31365398,0.2,0.20095794,0.26666668,0.27018476
3109,0.99015766,False,Type 2 alveolar,Type 2 alveolar,0.22580644,0.23458566,0.38709676,0.36815438,0.12903225,0.12828995,0.2580645,0.26897004
2093,0.99015754,False,Type 2 alveolar,Type 2 alveolar,0.19354838,0.20611373,0.38709676,0.38719735,0.032258064,0.039276995,0.38709676,0.3674119
2130,0.99015653,False,Fibroblasts,Fibroblasts,0.03448276,0.045460567,0.20689656,0.21560568,0.37931034,0.3695527,0.37931034,0.36938104
2240,0.99015427,False,Fibroblasts,Fibroblasts,0.20689656,0.20221496,0.27586207,0.27011922,0.31034482,0.3010778,0.20689656,0.22658801
4423,0.99015397,False,Fibroblasts,Fibroblasts,0.09677419,0.10175607,0.16129032,0.17028093,0.5483871,0.52869505,0.19354838,0.19926791
1200,0.99015373,False,Type 2 alveolar,Type 2 alveolar,0.09677419,0.101420365,0.3548387,0.33514616,0.29032257,0.2939526,0.2580645,0.2694808
4061,0.99015236,False,Type 2 alveolar,Type 2 alveolar,0.3,0.3058162,0.46666667,0.44697136,0.16666667,0.17073868,0.06666667,0.07647383
2404,0.99014914,False,Type 2 alveolar,Type 2 alveolar,0.1,0.107110016,0.4,0.38029832,0.2,0.2008574,0.3,0.31173426
1225,0.9901491,False,Fibroblasts,Fibroblasts,0.2413793,0.25265798,0.1724138,0.17024803,0.37931034,0.36177424,0.20689656,0.21531977
1675,0.99014795,False,Type 2 alveolar,Type 2 alveolar,0.12903225,0.13286346,0.5483871,0.528683,0.06451613,0.06509039,0.2580645,0.27336317
4735,0.99014735,False,Fibroblasts,Fibroblasts,0.3,0.31602556,0.1,0.103679754,0.46666667,0.45442823,0.13333334,0.12586644
332,0.99014455,False,Type 2 alveolar,Type 2 alveolar,0.23333333,0.2505532,0.36666667,0.34828007,0.2,0.19867572,0.2,0.202491
147,0.9901348,False,Type 2 alveolar,Type 2 alveolar,0.26666668,0.27444643,0.4,0.3802696,0.2,0.20867096,0.13333334,0.13661306
662,0.99013275,False,Dendritic cells,Dendritic cells,0.1,0.110227115,0.13333334,0.11909711,0.33333334,0.34284073,0.43333334,0.42783505
1858,0.99012744,False,Type 2 alveolar,Type 2 alveolar,0.06666667,0.06733281,0.53333336,0.53363025,0.3,0.31878203,0.1,0.08025493
3869,0.99012715,False,Fibroblasts,Fibroblasts,0.06666667,0.07759451,0.13333334,0.1135876,0.4,0.40531614,0.4,0.40350175
3217,0.9901171,False,Type 2 alveolar,Type 2 alveolar,0.1,0.09515516,0.5,0.4866859,0.33333334,0.3530992,0.06666667,0.06505978
233,0.99011683,False,Dendritic cells,Dendritic cells,0.3,0.31976637,0.26666668,0.2570472,0.06666667,0.064426854,0.36666667,0.35875955
4657,0.99011505,False,Fibroblasts,Fibroblasts,0.20689656,0.21757215,0.27586207,0.28495634,0.31034482,0.3051723,0.20689656,0.19229922
672,0.9901144,False,Fibroblasts,Fibroblasts,0.26666668,0.28643793,0.16666667,0.16112277,0.3,0.29294762,0.26666668,0.25949168
1396,0.99011093,False,Type 2 alveolar,Type 2 alveolar,0.0,0.019778177,0.82758623,0.8229657,0.13793103,0.12464617,0.03448276,0.032609977
4420,0.990108,False,Dendritic cells,Dendritic cells,0.1724138,0.18985277,0.27586207,0.2782071,0.20689656,0.20674074,0.3448276,0.32519943
2109,0.99010426,False,Type 2 alveolar,Type 2 alveolar,0.16666667,0.18322793,0.33333334,0.31920627,0.3,0.2943356,0.2,0.20323017
2334,0.9901017,False,Type 2 alveolar,Type 2 alveolar,0.06451613,0.059155073,0.58064514,0.56620955,0.29032257,0.3099679,0.06451613,0.06466747
3011,0.9900981,False,Luminal_Macrophages,Luminal_Macrophages,0.4,0.3801962,0.26666668,0.27409667,0.13333334,0.13821362,0.2,0.20749356
2957,0.99009705,False,Type 2 alveolar,Type 2 alveolar,0.16666667,0.18356739,0.33333334,0.31906867,0.3,0.3029052,0.2,0.1944587
1998,0.99009347,False,Type 2 alveolar,Fibroblasts,0.23333333,0.24733463,0.36666667,0.3561405,0.36666667,0.35737976,0.033333335,0.039145127
2171,0.9900904,False,Type 2 alveolar,Type 2 alveolar,0.2,0.21628553,0.36666667,0.35036814,0.13333334,0.12981272,0.3,0.30353358
4080,0.99009025,False,Type 2 alveolar,Type 2 alveolar,0.1724138,0.19116068,0.44827586,0.42966437,0.06896552,0.067757525,0.31034482,0.31141746
3009,0.9900891,False,Dendritic cells,Dendritic cells,0.16666667,0.18006584,0.16666667,0.15250465,0.2,0.19434026,0.46666667,0.47308934
4013,0.9900886,False,Luminal_Macrophages,Luminal_Macrophages,0.53333336,0.55315614,0.2,0.19622323,0.06666667,0.0599973,0.2,0.19062334
726,0.99008816,False,Dendritic cells,Dendritic cells,0.13793103,0.15555023,0.31034482,0.31254935,0.06896552,0.065717824,0.4827586,0.46618265
4360,0.99008393,False,Type 2 alveolar,Type 2 alveolar,0.16666667,0.17773283,0.33333334,0.3166331,0.2,0.19686805,0.3,0.30876604
2078,0.99008155,False,Luminal_Macrophages,Luminal_Macrophages,0.36666667,0.35707638,0.23333333,0.24852704,0.36666667,0.35642013,0.033333335,0.037976485
157,0.9900808,False,Dendritic cells,Dendritic cells,0.3,0.3015673,0.06666667,0.055031914,0.06666667,0.058462992,0.56666666,0.5849378
3738,0.9900785,False,Luminal_Macrophages,Luminal_Macrophages,0.4,0.380157,0.3,0.30563092,0.26666668,0.27311775,0.033333335,0.041094344
3673,0.99007535,False,Luminal_Macrophages,Luminal_Macrophages,0.37931034,0.36850104,0.27586207,0.28485167,0.31034482,0.30130485,0.03448276,0.04534242
2068,0.9900667,False,Luminal_Macrophages,Luminal_Macrophages,0.33333334,0.3228024,0.23333333,0.25148606,0.3,0.29066432,0.13333334,0.13504718
3261,0.990066,False,Dendritic cells,Dendritic cells,0.13333334,0.14472573,0.1,0.086004995,0.3,0.30847558,0.46666667,0.46079367
34,0.990066,False,Luminal_Macrophages,Luminal_Macrophages,0.56666666,0.5729058,0.1,0.08979249,0.13333334,0.12367285,0.2,0.2136289
4744,0.9900659,False,Luminal_Macrophages,Luminal_Macrophages,0.46666667,0.4467984,0.16666667,0.16691816,0.23333333,0.24126963,0.13333334,0.14501382
3816,0.9900601,False,Luminal_Macrophages,Luminal_Macrophages,0.4,0.3891602,0.13333334,0.124293365,0.2,0.20141283,0.26666668,0.2851336
1640,0.990053,False,Luminal_Macrophages,Luminal_Macrophages,0.43333334,0.41343936,0.26666668,0.28141052,0.26666668,0.2681168,0.033333335,0.037033305
1934,0.9900524,False,Dendritic cells,Dendritic cells,0.13333334,0.14957464,0.23333333,0.23698717,0.23333333,0.23150325,0.4,0.38193494
3154,0.99004906,False,Luminal_Macrophages,Luminal_Macrophages,0.46666667,0.45347798,0.26666668,0.2674038,0.26666668,0.2599535,0.0,0.019164758
4486,0.9900461,False,Fibroblasts,Fibroblasts,0.22580644,0.21689127,0.22580644,0.2194043,0.29032257,0.285732,0.2580645,0.27797237
2750,0.99004483,False,Luminal_Macrophages,Luminal_Macrophages,0.4,0.39401117,0.033333335,0.053243656,0.36666667,0.35870615,0.2,0.19403899
2634,0.9900437,False,Fibroblasts,Fibroblasts,0.1,0.10200078,0.16666667,0.17587112,0.43333334,0.4134207,0.3,0.30870742
4710,0.99004304,False,Type 2 alveolar,Dendritic cells,0.2,0.21954852,0.33333334,0.32003653,0.13333334,0.1267163,0.33333334,0.3336987
2640,0.99003667,False,Luminal_Macrophages,Luminal_Macrophages,0.43333334,0.42525503,0.16666667,0.15838036,0.16666667,0.16310461,0.23333333,0.25326002
3399,0.9900336,False,Dendritic cells,Dendritic cells,0.4,0.39617404,0.1,0.08389322,0.06666667,0.069389634,0.43333334,0.4505431
4289,0.9900318,False,Luminal_Macrophages,Luminal_Macrophages,0.6551724,0.6672243,0.03448276,0.04236739,0.2413793,0.23831058,0.06896552,0.05209776
2912,0.99002963,False,Type 2 alveolar,Fibroblasts,0.033333335,0.053274028,0.33333334,0.32172114,0.33333334,0.32914925,0.3,0.2958556
3913,0.9900285,False,Type 2 alveolar,Type 2 alveolar,0.13333334,0.15327626,0.33333334,0.31964648,0.23333333,0.232116,0.3,0.29496124
3898,0.9900266,False,Dendritic cells,Dendritic cells,0.23333333,0.24399462,0.26666668,0.26568097,0.033333335,0.042618852,0.46666667,0.44770557
3384,0.99002475,False,Luminal_Macrophages,Luminal_Macrophages,0.46666667,0.44721153,0.23333333,0.24281506,0.13333334,0.13283788,0.16666667,0.17713544
385,0.99002355,False,Type 2 alveolar,Type 2 alveolar,0.1,0.101947516,0.46666667,0.44671375,0.26666668,0.27870503,0.16666667,0.17263375
3821,0.9900192,False,Fibroblasts,Fibroblasts,0.13333334,0.14723605,0.033333335,0.03939216,0.5,0.4813584,0.33333334,0.33201337
1604,0.9900105,False,Luminal_Macrophages,Luminal_Macrophages,0.38709676,0.37512293,0.19354838,0.18554324,0.16129032,0.16325516,0.2580645,0.27607867
4569,0.9900088,False,Fibroblasts,Fibroblasts,0.33333334,0.35331583,0.13333334,0.12073127,0.4,0.39319554,0.13333334,0.13275735
3763,0.99000865,False,Type 2 alveolar,Type 2 alveolar,0.22580644,0.24578919,0.3548387,0.34869224,0.06451613,0.061832495,0.3548387,0.34368607
2330,0.99000514,False,Fibroblasts,Fibroblasts,0.1,0.092177056,0.16666667,0.16610903,0.46666667,0.4550575,0.26666668,0.2866564
3272,0.989999,False,Type 2 alveolar,Type 2 alveolar,0.22580644,0.21194527,0.2580645,0.26810086,0.2580645,0.25192365,0.2580645,0.2680302
4021,0.98999536,False,Fibroblasts,Fibroblasts,0.2,0.20368077,0.06666667,0.071362846,0.4,0.37999076,0.33333334,0.3449657
4912,0.9899946,False,Dendritic cells,Dendritic cells,0.16666667,0.18503293,0.33333334,0.32568848,0.1,0.10164463,0.4,0.387634
4563,0.9899943,False,Fibroblasts,Fibroblasts,0.36666667,0.36335713,0.16666667,0.16726312,0.46666667,0.44996482,0.0,0.019414956
2513,0.9899937,False,Type 2 alveolar,Type 2 alveolar,0.16666667,0.18621793,0.46666667,0.4488807,0.16666667,0.16712807,0.2,0.19777332
749,0.9899916,False,Luminal_Macrophages,Luminal_Macrophages,0.33333334,0.31564903,0.26666668,0.27784276,0.2,0.19766754,0.2,0.20884064
2680,0.9899874,False,Fibroblasts,Fibroblasts,0.13333334,0.1379054,0.06666667,0.058080792,0.56666666,0.55522734,0.23333333,0.24878646
3081,0.98998696,False,Fibroblasts,Fibroblasts,0.26666668,0.27628493,0.2,0.20243378,0.5,0.47997394,0.033333335,0.04130737
4662,0.9899869,False,Fibroblasts,Fibroblasts,0.3,0.3191053,0.2,0.20092092,0.4,0.38544843,0.1,0.094525374
300,0.9899841,False,Luminal_Macrophages,Luminal_Macrophages,0.5,0.47996816,0.16666667,0.17439498,0.06666667,0.06934429,0.26666668,0.27629253
2486,0.98998016,False,Type 2 alveolar,Type 2 alveolar,0.16129032,0.17528327,0.32258064,0.30775085,0.2580645,0.2528546,0.2580645,0.26411128
674,0.98997784,False,Type 2 alveolar,Type 2 alveolar,0.2,0.22004431,0.33333334,0.32898346,0.13333334,0.12832877,0.33333334,0.32264346
3683,0.9899729,False,Fibroblasts,Fibroblasts,0.033333335,0.042467587,0.13333334,0.12518188,0.53333336,0.52143055,0.3,0.31092
4719,0.98996973,False,Fibroblasts,Fibroblasts,0.09677419,0.09203989,0.2580645,0.26091737,0.38709676,0.3717706,0.2580645,0.27527222
167,0.9899658,False,Fibroblasts,Fibroblasts,0.26666668,0.26367292,0.3,0.31289658,0.4,0.38292536,0.033333335,0.040505134
1515,0.98996574,False,Fibroblasts,Fibroblasts,0.13333334,0.13531612,0.2,0.20450859,0.4,0.37993145,0.26666668,0.2802438
1251,0.98996377,False,Luminal_Macrophages,Luminal_Macrophages,0.4,0.38725504,0.26666668,0.28463975,0.23333333,0.23543273,0.1,0.092672475
2478,0.9899632,False,Type 2 alveolar,Type 2 alveolar,0.06451613,0.07114099,0.4516129,0.44616544,0.38709676,0.40054563,0.09677419,0.08214802
4254,0.98996013,False,Type 2 alveolar,Type 2 alveolar,0.26666668,0.2731324,0.36666667,0.34658697,0.06666667,0.07057263,0.3,0.30970803
3878,0.9899595,False,Luminal_Macrophages,Luminal_Macrophages,0.44827586,0.43139815,0.31034482,0.30748016,0.2413793,0.24104057,0.0,0.020081047
2407,0.98995745,False,Fibroblasts,Fibroblasts,0.26666668,0.2735622,0.23333333,0.24652283,0.43333334,0.4169217,0.06666667,0.062993206
211,0.9899473,False,Type 2 alveolar,Type 2 alveolar,0.27586207,0.2849621,0.37931034,0.35920495,0.06896552,0.07055441,0.27586207,0.2852786
685,0.98994553,False,Fibroblasts,Fibroblasts,0.06896552,0.06519827,0.27586207,0.27974972,0.44827586,0.4319342,0.20689656,0.2231178
2033,0.98993593,False,Luminal_Macrophages,Luminal_Macrophages,0.3,0.29321137,0.23333333,0.25346145,0.3,0.28879473,0.16666667,0.16453241
925,0.9899359,False,Dendritic cells,Dendritic cells,0.23333333,0.25049603,0.13333334,0.1356304,0.23333333,0.23400179,0.4,0.3798717
2866,0.98992896,False,Type 2 alveolar,Type 2 alveolar,0.3548387,0.37114555,0.4516129,0.43376037,0.16129032,0.15900075,0.032258064,0.036093365
2038,0.9899281,False,Fibroblasts,Fibroblasts,0.06666667,0.06605371,0.3,0.3201437,0.56666666,0.5552228,0.06666667,0.058579788
1524,0.9899131,False,Fibroblasts,Fibroblasts,0.23333333,0.23782118,0.13333334,0.12986726,0.36666667,0.34995896,0.26666668,0.2823526
1420,0.9899105,False,Luminal_Macrophages,Luminal_Macrophages,0.4,0.39198646,0.2,0.19036984,0.13333334,0.130798,0.26666668,0.28684568
1968,0.98991036,False,Dendritic cells,Dendritic cells,0.32258064,0.33447322,0.06451613,0.06614061,0.19354838,0.20021062,0.41935483,0.39917555
4661,0.98990995,False,Dendritic cells,Dendritic cells,0.1,0.11287482,0.16666667,0.1708726,0.33333334,0.3364327,0.4,0.3798199
889,0.9899093,False,Fibroblasts,Fibroblasts,0.06666667,0.06714967,0.26666668,0.270406,0.43333334,0.41315195,0.23333333,0.24929243
1358,0.9899079,False,Luminal_Macrophages,Fibroblasts,0.36666667,0.36015528,0.2,0.22018415,0.36666667,0.36370167,0.06666667,0.055958916
3400,0.98990244,False,Type 2 alveolar,Type 2 alveolar,0.10344828,0.120696,0.41379312,0.39359805,0.37931034,0.3798167,0.10344828,0.105889276
573,0.98989516,False,Fibroblasts,Fibroblasts,0.19354838,0.21057935,0.09677419,0.094388664,0.38709676,0.36927268,0.32258064,0.32575932
591,0.98989224,False,Luminal_Macrophages,Luminal_Macrophages,0.53333336,0.5517639,0.13333334,0.12893587,0.26666668,0.26845163,0.06666667,0.050848547
1458,0.9898899,False,Dendritic cells,Dendritic cells,0.1724138,0.19191116,0.31034482,0.31106764,0.10344828,0.095488735,0.41379312,0.40153244
2446,0.98988897,False,Fibroblasts,Fibroblasts,0.23333333,0.23889297,0.13333334,0.13089289,0.36666667,0.3488851,0.26666668,0.2813291
348,0.98988885,False,Type 2 alveolar,Type 2 alveolar,0.06896552,0.063746855,0.6551724,0.6401688,0.03448276,0.040538587,0.2413793,0.25554577
835,0.9898879,False,Luminal_Macrophages,Luminal_Macrophages,0.44827586,0.42805162,0.20689656,0.21708505,0.20689656,0.21374506,0.13793103,0.14111826
4963,0.9898875,False,Fibroblasts,Fibroblasts,0.2,0.20939364,0.06666667,0.06892859,0.43333334,0.41310826,0.3,0.30856952
1834,0.9898859,False,Fibroblasts,Fibroblasts,0.13333334,0.14392571,0.13333334,0.12926136,0.43333334,0.4171771,0.3,0.30963585
4408,0.98988444,False,Luminal_Macrophages,Luminal_Macrophages,0.53333336,0.5182777,0.033333335,0.039176695,0.23333333,0.22815777,0.2,0.21438779
4982,0.9898839,False,Type 2 alveolar,Type 2 alveolar,0.22580644,0.23662645,0.3548387,0.33460647,0.16129032,0.16410922,0.2580645,0.26465783
1059,0.9898793,False,Fibroblasts,Fibroblasts,0.16666667,0.17007838,0.23333333,0.22811744,0.36666667,0.3516412,0.23333333,0.250163
2516,0.9898791,False,Dendritic cells,Dendritic cells,0.31034482,0.32871962,0.20689656,0.19200586,0.03448276,0.036349766,0.44827586,0.44292477
4919,0.9898778,False,Type 2 alveolar,Type 2 alveolar,0.26666668,0.28181642,0.5,0.4818075,0.033333335,0.03842797,0.2,0.19794814
1890,0.98987544,False,Fibroblasts,Fibroblasts,0.1,0.1103918,0.26666668,0.27041492,0.4,0.37975085,0.23333333,0.23944247
4270,0.9898654,False,Fibroblasts,Fibroblasts,0.16129032,0.17452854,0.22580644,0.23283736,0.32258064,0.3091906,0.29032257,0.28344354
3129,0.9898629,False,Luminal_Macrophages,Dendritic cells,0.26666668,0.25596768,0.2,0.20630413,0.26666668,0.2570915,0.26666668,0.2806367
3594,0.9898626,False,Dendritic cells,Dendritic cells,0.16666667,0.18212308,0.16666667,0.16353245,0.26666668,0.271485,0.4,0.38285947
2803,0.98986113,False,Fibroblasts,Fibroblasts,0.23333333,0.23442288,0.06666667,0.07209805,0.5,0.47972223,0.2,0.21375681
4627,0.98985183,False,Luminal_Macrophages,Fibroblasts,0.29032257,0.28385413,0.16129032,0.15104301,0.29032257,0.28674203,0.2580645,0.27836084
3990,0.9898481,False,Type 2 alveolar,Type 2 alveolar,0.06666667,0.05902013,0.6666667,0.6540094,0.23333333,0.24515654,0.033333335,0.04181391
1259,0.98984534,False,Fibroblasts,Fibroblasts,0.2,0.2119112,0.13333334,0.13608931,0.4,0.37969074,0.26666668,0.2723088
4311,0.9898416,False,Dendritic cells,Dendritic cells,0.3,0.30784547,0.23333333,0.2450782,0.1,0.10072652,0.36666667,0.34634984
2535,0.98983926,False,Fibroblasts,Fibroblasts,0.16666667,0.17889407,0.1,0.09191102,0.4,0.38776752,0.33333334,0.3414274
1785,0.98983884,False,Fibroblasts,Fibroblasts,0.06666667,0.05769955,0.23333333,0.245419,0.4,0.38864484,0.3,0.30823666
2854,0.98983485,False,Luminal_Macrophages,Luminal_Macrophages,0.5483871,0.5524456,0.09677419,0.07742984,0.19354838,0.1925624,0.16129032,0.1775622
514,0.98983127,False,Fibroblasts,Fibroblasts,0.033333335,0.043331344,0.36666667,0.361371,0.4,0.38495818,0.2,0.21033949
3071,0.98983,False,Luminal_Macrophages,Luminal_Macrophages,0.3548387,0.33772296,0.19354838,0.19936188,0.22580644,0.2225823,0.22580644,0.2403329
807,0.9898296,False,Dendritic cells,Dendritic cells,0.4,0.42034084,0.06666667,0.056204587,0.06666667,0.064688705,0.46666667,0.4587659
50,0.9898276,False,Luminal_Macrophages,Luminal_Macrophages,0.56666666,0.5627807,0.16666667,0.1591008,0.1,0.09110704,0.16666667,0.18701151
3489,0.98982644,False,Type 2 alveolar,Type 2 alveolar,0.2,0.21966133,0.4,0.37974143,0.2,0.20068586,0.2,0.19991142
4992,0.98982424,False,Dendritic cells,Dendritic cells,0.31034482,0.33069628,0.13793103,0.1336038,0.1724138,0.1683164,0.37931034,0.36738348
1337,0.989819,False,Fibroblasts,Fibroblasts,0.1,0.09536503,0.16666667,0.17272612,0.43333334,0.41760632,0.3,0.3143025
88,0.98981786,False,Type 2 alveolar,Type 2 alveolar,0.1,0.12036426,0.33333334,0.3253448,0.26666668,0.25948915,0.3,0.29480183
2965,0.9898135,False,Fibroblasts,Dendritic cells,0.033333335,0.04185312,0.23333333,0.24518651,0.36666667,0.35615528,0.36666667,0.35680506
2595,0.9898054,False,Dendritic cells,Dendritic cells,0.16666667,0.18705581,0.26666668,0.26491106,0.26666668,0.25657064,0.3,0.29146245
249,0.98980254,False,Type 2 alveolar,Type 2 alveolar,0.2580645,0.26764125,0.3548387,0.34815243,0.3548387,0.34113008,0.032258064,0.043076243
1852,0.9898016,False,Luminal_Macrophages,Luminal_Macrophages,0.33333334,0.3392655,0.23333333,0.24779797,0.33333334,0.32750678,0.1,0.08542978
4477,0.98979783,False,Fibroblasts,Fibroblasts,0.13333334,0.1473162,0.23333333,0.23480232,0.46666667,0.44626236,0.16666667,0.17161909
3668,0.9897967,False,Type 2 alveolar,Type 2 alveolar,0.19354838,0.20700538,0.38709676,0.37156996,0.2580645,0.26501405,0.16129032,0.15641056
1665,0.9897956,False,Luminal_Macrophages,Luminal_Macrophages,0.43333334,0.41618812,0.16666667,0.16340318,0.26666668,0.26821533,0.13333334,0.15219346
2713,0.9897938,False,Dendritic cells,Dendritic cells,0.1724138,0.18317306,0.31034482,0.31999794,0.10344828,0.101477385,0.41379312,0.39535162
588,0.9897882,False,Luminal_Macrophages,Luminal_Macrophages,0.3548387,0.33643368,0.12903225,0.12701367,0.22580644,0.2263809,0.29032257,0.31017172
4184,0.98978645,False,Luminal_Macrophages,Luminal_Macrophages,0.33333334,0.31548682,0.3,0.29769227,0.26666668,0.26639375,0.1,0.120427124
4762,0.9897864,False,Luminal_Macrophages,Luminal_Macrophages,0.56666666,0.56870806,0.16666667,0.14857319,0.0,0.018385863,0.26666668,0.2643329
149,0.98978627,False,Fibroblasts,Fibroblasts,0.13793103,0.15230176,0.06896552,0.060538154,0.55172414,0.53972405,0.2413793,0.24743609
4808,0.98978096,False,Fibroblasts,Fibroblasts,0.03448276,0.0549209,0.27586207,0.2754892,0.3448276,0.33512008,0.3448276,0.33446985
3082,0.98977965,False,Luminal_Macrophages,Luminal_Macrophages,0.6333333,0.64723647,0.1,0.086194,0.06666667,0.060031936,0.2,0.20653759
3366,0.98977053,False,Type 2 alveolar,Type 2 alveolar,0.06896552,0.072078355,0.41379312,0.3933341,0.31034482,0.32012823,0.20689656,0.21445927
4760,0.98976845,False,Fibroblasts,Fibroblasts,0.27586207,0.27253225,0.1724138,0.18068323,0.41379312,0.39665982,0.13793103,0.15012464
4942,0.98976773,False,Dendritic cells,Dendritic cells,0.033333335,0.036793485,0.033333335,0.03609413,0.26666668,0.24620208,0.6666667,0.6809103
4131,0.9897617,False,Fibroblasts,Fibroblasts,0.032258064,0.045742225,0.12903225,0.11948748,0.7419355,0.74892795,0.09677419,0.08584241
4293,0.98976004,False,Luminal_Macrophages,Luminal_Macrophages,0.4,0.39080226,0.33333334,0.35381326,0.16666667,0.16626395,0.1,0.08912058
895,0.9897541,False,Type 2 alveolar,Type 2 alveolar,0.13333334,0.1353387,0.46666667,0.44617483,0.26666668,0.28179517,0.13333334,0.13669136
2399,0.98975205,False,Fibroblasts,Fibroblasts,0.23333333,0.2538292,0.06666667,0.061311744,0.36666667,0.35408846,0.33333334,0.33077058
3390,0.9897504,False,Luminal_Macrophages,Luminal_Macrophages,0.56666666,0.547212,0.26666668,0.28416172,0.033333335,0.036337588,0.13333334,0.13228872
3237,0.98974925,False,Fibroblasts,Fibroblasts,0.12903225,0.12700526,0.2580645,0.27529457,0.4516129,0.4331384,0.16129032,0.16456176
4237,0.9897453,False,Fibroblasts,Fibroblasts,0.033333335,0.043552186,0.23333333,0.2436238,0.4,0.38901162,0.33333334,0.32381237
4736,0.98974276,False,Dendritic cells,Dendritic cells,0.1,0.091083504,0.0,0.02051448,0.36666667,0.3562369,0.53333336,0.5321651
4437,0.9897414,False,Dendritic cells,Dendritic cells,0.37931034,0.39982757,0.03448276,0.029681776,0.10344828,0.09306169,0.4827586,0.47742894
1173,0.98974085,False,Fibroblasts,Fibroblasts,0.06666667,0.060862537,0.1,0.08528588,0.46666667,0.46873677,0.36666667,0.38511482
1797,0.98973995,False,Dendritic cells,Dendritic cells,0.12903225,0.13650458,0.09677419,0.07625409,0.2580645,0.26584977,0.516129,0.52139163
3762,0.98973745,False,Type 2 alveolar,Type 2 alveolar,0.20689656,0.20501386,0.41379312,0.3951507,0.27586207,0.28672868,0.10344828,0.11310678
4968,0.989735,False,Dendritic cells,Dendritic cells,0.23333333,0.23927124,0.3,0.31257385,0.033333335,0.035351574,0.43333334,0.41280335
529,0.9897274,False,Type 2 alveolar,Type 2 alveolar,0.06666667,0.05674688,0.6666667,0.68036056,0.2,0.20685141,0.06666667,0.05604116
3900,0.9897154,False,Fibroblasts,Fibroblasts,0.13333334,0.1361771,0.3,0.30999073,0.4,0.37943074,0.16666667,0.17440142
3151,0.9897098,False,Luminal_Macrophages,Luminal_Macrophages,0.3548387,0.33558688,0.12903225,0.12770364,0.2580645,0.2652402,0.2580645,0.2714693
4727,0.9897081,False,Fibroblasts,Fibroblasts,0.16666667,0.1796534,0.2,0.20536411,0.36666667,0.34608293,0.26666668,0.26889956
1491,0.9897067,False,Fibroblasts,Fibroblasts,0.033333335,0.050565172,0.23333333,0.23668815,0.36666667,0.36245513,0.36666667,0.35029155
2115,0.98970646,False,Dendritic cells,Dendritic cells,0.10344828,0.119955346,0.27586207,0.27826598,0.20689656,0.20857263,0.41379312,0.393206
198,0.9896991,False,Fibroblasts,Fibroblasts,0.032258064,0.04068591,0.22580644,0.2309446,0.48387095,0.4632692,0.2580645,0.26510033
4593,0.989699,False,Luminal_Macrophages,Luminal_Macrophages,0.33333334,0.3448378,0.3,0.29482916,0.033333335,0.042430896,0.33333334,0.31790215
4613,0.989698,False,Fibroblasts,Fibroblasts,0.26666668,0.27128345,0.033333335,0.040771496,0.4,0.379396,0.3,0.3085491
2873,0.98969674,False,Type 2 alveolar,Type 2 alveolar,0.19354838,0.20975946,0.38709676,0.3697739,0.19354838,0.19026479,0.22580644,0.23020184
2388,0.9896915,False,Luminal_Macrophages,Luminal_Macrophages,0.46666667,0.46900716,0.033333335,0.051609833,0.43333334,0.4266771,0.06666667,0.052705824
4247,0.98969114,False,Fibroblasts,Fibroblasts,0.1,0.101120725,0.16666667,0.16831048,0.5,0.47938222,0.23333333,0.25118658
2128,0.9896903,False,Fibroblasts,Fibroblasts,0.2,0.21545693,0.06666667,0.07182918,0.6666667,0.66015404,0.06666667,0.052559864
622,0.98969,False,Dendritic cells,Dendritic cells,0.06666667,0.08217134,0.033333335,0.038448654,0.43333334,0.42527503,0.46666667,0.45410496
3463,0.9896895,False,Luminal_Macrophages,Luminal_Macrophages,0.38709676,0.3728942,0.22580644,0.23288465,0.09677419,0.09035584,0.29032257,0.3038653
2751,0.98968816,False,Type 2 alveolar,Type 2 alveolar,0.23333333,0.24096464,0.43333334,0.41270968,0.033333335,0.040473927,0.3,0.30585176
699,0.98968107,False,Fibroblasts,Fibroblasts,0.1724138,0.17748156,0.27586207,0.28501025,0.37931034,0.35867253,0.1724138,0.17883569
4428,0.9896809,False,Luminal_Macrophages,Luminal_Macrophages,0.36666667,0.3507345,0.33333334,0.34033686,0.16666667,0.16196063,0.13333334,0.14696804
2773,0.9896787,False,Dendritic cells,Dendritic cells,0.19354838,0.20921728,0.29032257,0.2923738,0.16129032,0.16421282,0.3548387,0.33419603
4239,0.98967475,False,Luminal_Macrophages,Luminal_Macrophages,0.4,0.4094216,0.4,0.4067372,0.033333335,0.03782501,0.16666667,0.14601615
3420,0.989674,False,Dendritic cells,Dendritic cells,0.37931034,0.3766928,0.03448276,0.027782967,0.0,0.020652018,0.5862069,0.5748722
1335,0.9896734,False,Type 2 alveolar,Type 2 alveolar,0.3,0.3058539,0.4,0.3793468,0.26666668,0.2712476,0.033333335,0.04355172
4418,0.98966116,False,Fibroblasts,Fibroblasts,0.23333333,0.24642716,0.2,0.20758381,0.46666667,0.45139673,0.1,0.094592266
1499,0.989658,False,Luminal_Macrophages,Luminal_Macrophages,0.46666667,0.4459826,0.13333334,0.14168482,0.033333335,0.040567733,0.36666667,0.37176475
2085,0.98965406,False,Type 2 alveolar,Type 2 alveolar,0.2,0.20607862,0.43333334,0.41264147,0.33333334,0.3364686,0.033333335,0.044811342
2385,0.98964936,False,Fibroblasts,Fibroblasts,0.33333334,0.35225353,0.13333334,0.13511446,0.36666667,0.36092713,0.16666667,0.15170483
2002,0.9896464,False,Dendritic cells,Luminal_Macrophages,0.33333334,0.3514372,0.033333335,0.03456935,0.26666668,0.26803407,0.36666667,0.34595942
138,0.98964626,False,Type 2 alveolar,Type 2 alveolar,0.033333335,0.041154794,0.46666667,0.4459592,0.36666667,0.37423164,0.13333334,0.13865432
564,0.98964566,False,Luminal_Macrophages,Luminal_Macrophages,0.33333334,0.32316598,0.23333333,0.2244073,0.13333334,0.13171798,0.3,0.32070872
2443,0.98964465,False,Type 2 alveolar,Type 2 alveolar,0.1,0.11467471,0.36666667,0.35246134,0.23333333,0.23936936,0.3,0.29349458
3931,0.98964345,False,Type 2 alveolar,Type 2 alveolar,0.3,0.30058303,0.4,0.37928692,0.16666667,0.17433216,0.13333334,0.14579788
1272,0.9896431,False,Fibroblasts,Fibroblasts,0.13333334,0.1297295,0.0,0.020713754,0.7,0.68709403,0.16666667,0.16246273
3525,0.9896425,False,Type 2 alveolar,Type 2 alveolar,0.09677419,0.092780426,0.38709676,0.37037557,0.2580645,0.26159376,0.2580645,0.2752503
2403,0.9896374,False,Type 2 alveolar,Type 2 alveolar,0.16666667,0.1844959,0.33333334,0.31727374,0.23333333,0.22866766,0.26666668,0.2695627
1082,0.98962873,False,Fibroblasts,Fibroblasts,0.13333334,0.13755886,0.1,0.079257414,0.6333333,0.64453524,0.13333334,0.13864844
4060,0.9896269,False,Type 2 alveolar,Type 2 alveolar,0.26666668,0.28741297,0.56666666,0.5598731,0.1,0.091439515,0.06666667,0.061274443
1039,0.98962677,False,Dendritic cells,Dendritic cells,0.2,0.22074649,0.23333333,0.23067585,0.23333333,0.22910023,0.33333334,0.31947744
4006,0.989623,False,Fibroblasts,Fibroblasts,0.10344828,0.120103866,0.31034482,0.2987198,0.3448276,0.3356987,0.2413793,0.24547766
1442,0.9896209,False,Luminal_Macrophages,Luminal_Macrophages,0.43333334,0.41843933,0.16666667,0.16080245,0.033333335,0.040806282,0.36666667,0.3799519
2991,0.9896202,False,Fibroblasts,Fibroblasts,0.16129032,0.17047286,0.16129032,0.1613444,0.4516129,0.43085328,0.22580644,0.23732948
321,0.98962003,False,Fibroblasts,Fibroblasts,0.3,0.30952784,0.16666667,0.16208512,0.36666667,0.3504883,0.16666667,0.17789873
1398,0.98962,False,Fibroblasts,Fibroblasts,0.16666667,0.16901001,0.1,0.093755886,0.5,0.48548406,0.23333333,0.25175005
4142,0.9896181,False,Luminal_Macrophages,Luminal_Macrophages,0.41379312,0.3930294,0.10344828,0.11086324,0.2413793,0.24813987,0.2413793,0.24796748
4103,0.98961264,False,Luminal_Macrophages,Luminal_Macrophages,0.6666667,0.67873305,0.033333335,0.030795254,0.26666668,0.24842998,0.033333335,0.04204164
4876,0.9896089,False,Fibroblasts,Fibroblasts,0.23333333,0.2514306,0.2,0.20268494,0.46666667,0.45156756,0.1,0.0943169
148,0.9896072,False,Dendritic cells,Dendritic cells,0.16666667,0.18612489,0.2,0.20132735,0.16666667,0.15882103,0.46666667,0.45372674
2817,0.9896062,False,Type 2 alveolar,Type 2 alveolar,0.03448276,0.045967046,0.37931034,0.36231112,0.2413793,0.25068262,0.3448276,0.34103918
3344,0.989594,False,Fibroblasts,Fibroblasts,0.36666667,0.38414928,0.16666667,0.16999611,0.4,0.3983856,0.06666667,0.047469016
2578,0.98958975,False,Type 2 alveolar,Type 2 alveolar,0.23333333,0.24780072,0.36666667,0.36519364,0.033333335,0.0396865,0.36666667,0.3473192
1406,0.98958457,False,Luminal_Macrophages,Luminal_Macrophages,0.51724136,0.5097509,0.0,0.020830821,0.10344828,0.09451483,0.37931034,0.3749034
755,0.9895845,False,Type 2 alveolar,Type 2 alveolar,0.23333333,0.25416437,0.36666667,0.35862717,0.33333334,0.32751402,0.06666667,0.05969449
828,0.9895843,False,Fibroblasts,Fibroblasts,0.16666667,0.16988169,0.23333333,0.22915214,0.36666667,0.35001653,0.23333333,0.25094965
2508,0.98958004,False,Type 2 alveolar,Type 2 alveolar,0.26666668,0.27764064,0.36666667,0.35033342,0.33333334,0.32882667,0.033333335,0.043199264
3660,0.9895799,False,Dendritic cells,Dendritic cells,0.22580644,0.24532829,0.16129032,0.15939453,0.2580645,0.2593829,0.3548387,0.3358943
499,0.9895778,False,Fibroblasts,Fibroblasts,0.33333334,0.34797192,0.033333335,0.039539166,0.46666667,0.4467227,0.16666667,0.1657662
856,0.98957705,False,Fibroblasts,Fibroblasts,0.1,0.110676005,0.26666668,0.2705484,0.4,0.37915415,0.23333333,0.23962145
1975,0.98956645,False,Fibroblasts,Fibroblasts,0.16666667,0.17276974,0.033333335,0.040329084,0.43333334,0.4124662,0.36666667,0.37443495
3215,0.98956037,False,Type 2 alveolar,Type 2 alveolar,0.38709676,0.40466827,0.4516129,0.44409218,0.06451613,0.06782395,0.09677419,0.08341559
4339,0.98955923,False,Type 2 alveolar,Type 2 alveolar,0.33333334,0.3308565,0.36666667,0.38289127,0.2,0.2046569,0.1,0.08159531
4251,0.9895532,False,Luminal_Macrophages,Dendritic cells,0.27586207,0.2634698,0.2413793,0.23381779,0.20689656,0.20595683,0.27586207,0.29675564
3343,0.9895527,False,Dendritic cells,Dendritic cells,0.26666668,0.2864023,0.06666667,0.06500207,0.3,0.30115905,0.36666667,0.3474366
323,0.98955,False,Luminal_Macrophages,Luminal_Macrophages,0.41935483,0.40270862,0.2580645,0.25381076,0.032258064,0.03797634,0.29032257,0.3055043
487,0.98954964,False,Luminal_Macrophages,Luminal_Macrophages,0.55172414,0.5422637,0.0,0.02090074,0.10344828,0.097203344,0.3448276,0.33963218
3554,0.9895489,False,Type 2 alveolar,Type 2 alveolar,0.2,0.21513183,0.43333334,0.4184484,0.16666667,0.16064945,0.2,0.20577039
4109,0.9895485,False,Type 2 alveolar,Type 2 alveolar,0.2,0.20572385,0.33333334,0.31243038,0.23333333,0.235569,0.23333333,0.24627675
4803,0.98954785,False,Type 2 alveolar,Type 2 alveolar,0.16129032,0.17046316,0.4516129,0.43070856,0.2580645,0.2694917,0.12903225,0.12933661
144,0.9895477,False,Fibroblasts,Fibroblasts,0.2,0.2184844,0.033333335,0.035753474,0.4,0.38583863,0.36666667,0.3599235
2175,0.98954386,False,Fibroblasts,Fibroblasts,0.13333334,0.14009742,0.26666668,0.28081483,0.46666667,0.454848,0.13333334,0.1242397
4995,0.9895409,False,Fibroblasts,Fibroblasts,0.13333334,0.14461505,0.33333334,0.33710033,0.5,0.47908172,0.033333335,0.039202884
1102,0.9895407,False,Fibroblasts,Fibroblasts,0.03448276,0.050196093,0.03448276,0.03968806,0.55172414,0.5395117,0.37931034,0.37060416
1657,0.98954046,False,Fibroblasts,Fibroblasts,0.20689656,0.22781569,0.06896552,0.06229648,0.41379312,0.40100104,0.31034482,0.30888686
1671,0.9895398,False,Fibroblasts,Fibroblasts,0.23333333,0.24951917,0.16666667,0.17140114,0.53333336,0.5271128,0.06666667,0.051966842
2,0.98953885,False,Luminal_Macrophages,Luminal_Macrophages,0.4827586,0.49577406,0.03448276,0.038877297,0.37931034,0.3828227,0.10344828,0.08252598
2739,0.9895361,False,Fibroblasts,Fibroblasts,0.3,0.31125066,0.033333335,0.04080743,0.53333336,0.5124055,0.13333334,0.13553637
4796,0.98952943,False,Type 2 alveolar,Type 2 alveolar,0.3,0.31547856,0.33333334,0.33807868,0.26666668,0.2673839,0.1,0.07905884
1974,0.98952895,False,Fibroblasts,Fibroblasts,0.3,0.32094213,0.13333334,0.12795341,0.36666667,0.35459554,0.2,0.19650893
40,0.98952484,False,Luminal_Macrophages,Luminal_Macrophages,0.53333336,0.51381457,0.3,0.30716893,0.13333334,0.13190176,0.033333335,0.04711471
1748,0.98952365,False,Fibroblasts,Fibroblasts,0.3,0.30124336,0.1,0.09317163,0.36666667,0.35254228,0.23333333,0.25304273
3331,0.9895214,False,Dendritic cells,Dendritic cells,0.1,0.10747862,0.23333333,0.24681193,0.2,0.1960722,0.46666667,0.44963726
1090,0.98952127,False,Type 2 alveolar,Type 2 alveolar,0.32258064,0.33893532,0.41935483,0.39839733,0.22580644,0.22729369,0.032258064,0.035373703
2515,0.9895187,False,Type 2 alveolar,Type 2 alveolar,0.33333334,0.34037283,0.5,0.4827128,0.033333335,0.04725641,0.13333334,0.12965795
1609,0.9895184,False,Type 2 alveolar,Type 2 alveolar,0.16666667,0.1868187,0.3,0.28511038,0.26666668,0.2605931,0.26666668,0.2674778
2098,0.98951787,False,Type 2 alveolar,Type 2 alveolar,0.0,0.020964213,0.7241379,0.71468025,0.06896552,0.060841553,0.20689656,0.20351395
3907,0.9895174,False,Fibroblasts,Fibroblasts,0.33333334,0.32911724,0.1,0.09774495,0.36666667,0.3521726,0.2,0.22096527
874,0.9895116,False,Luminal_Macrophages,Luminal_Macrophages,0.4,0.3790232,0.13333334,0.13666968,0.26666668,0.27365756,0.2,0.21064958
3393,0.9894973,False,Type 2 alveolar,Type 2 alveolar,0.2,0.21250829,0.5,0.47899458,0.16666667,0.16933167,0.13333334,0.1391655
121,0.9894967,False,Fibroblasts,Fibroblasts,0.1724138,0.19001243,0.1724138,0.17431681,0.37931034,0.3583038,0.27586207,0.27736706
1554,0.9894956,False,Fibroblasts,Fibroblasts,0.033333335,0.045259926,0.3,0.3015146,0.43333334,0.41232452,0.23333333,0.24090098
1124,0.9894947,False,Fibroblasts,Fibroblasts,0.06896552,0.06526275,0.2413793,0.25199872,0.4827586,0.46545073,0.20689656,0.21728773
1778,0.98949045,False,Luminal_Macrophages,Luminal_Macrophages,0.7586207,0.7500463,0.20689656,0.19445187,0.03448276,0.03739061,0.0,0.018111186
4065,0.98948276,False,Luminal_Macrophages,Luminal_Macrophages,0.46666667,0.45848978,0.16666667,0.15597036,0.06666667,0.064505324,0.3,0.3210345
1845,0.9894795,False,Type 2 alveolar,Type 2 alveolar,0.032258064,0.052335758,0.3548387,0.33622536,0.32258064,0.3201529,0.29032257,0.291286
3043,0.98947775,False,Type 2 alveolar,Type 2 alveolar,0.1724138,0.18264684,0.44827586,0.4272314,0.03448276,0.040985502,0.3448276,0.34913623
4896,0.9894761,False,Dendritic cells,Dendritic cells,0.31034482,0.33139268,0.13793103,0.120378844,0.13793103,0.13584654,0.41379312,0.4123819
2422,0.9894745,False,Type 2 alveolar,Type 2 alveolar,0.3448276,0.36587858,0.41379312,0.40948722,0.13793103,0.13079876,0.10344828,0.09383537
4264,0.9894721,False,Fibroblasts,Fibroblasts,0.22580644,0.22643921,0.2580645,0.27210972,0.48387095,0.46281517,0.032258064,0.03863594
4020,0.9894701,False,Dendritic cells,Dendritic cells,0.2,0.2210598,0.2,0.1895559,0.16666667,0.16508614,0.43333334,0.4242982
2021,0.98946893,False,Type 2 alveolar,Type 2 alveolar,0.1,0.09800896,0.46666667,0.44759554,0.26666668,0.2823744,0.16666667,0.17202103
2802,0.98945916,False,Luminal_Macrophages,Luminal_Macrophages,0.5862069,0.5700911,0.2413793,0.25923902,0.03448276,0.037704702,0.13793103,0.13296515
4012,0.9894567,False,Fibroblasts,Fibroblasts,0.2580645,0.26726604,0.32258064,0.32514948,0.38709676,0.36601016,0.032258064,0.041574314
426,0.9894537,False,Type 2 alveolar,Type 2 alveolar,0.09677419,0.09463176,0.41935483,0.4004046,0.22580644,0.23922803,0.2580645,0.26573557
3661,0.9894519,False,Type 2 alveolar,Type 2 alveolar,0.16666667,0.17434563,0.36666667,0.34557042,0.2,0.20079784,0.26666668,0.2792861
1631,0.9894519,False,Luminal_Macrophages,Luminal_Macrophages,0.46666667,0.4528766,0.1,0.09464641,0.0,0.021096198,0.43333334,0.43138075
3573,0.9894444,False,Type 2 alveolar,Type 2 alveolar,0.31034482,0.331456,0.44827586,0.43541402,0.10344828,0.098019116,0.13793103,0.13511086
2935,0.9894433,False,Dendritic cells,Dendritic cells,0.23333333,0.24592705,0.23333333,0.24185303,0.16666667,0.16338827,0.36666667,0.34883168
4939,0.989443,False,Type 2 alveolar,Type 2 alveolar,0.06896552,0.07005143,0.41379312,0.39267907,0.2413793,0.25105247,0.27586207,0.28621697
2650,0.9894421,False,Dendritic cells,Dendritic cells,0.2,0.2169386,0.1,0.08685405,0.23333333,0.23751052,0.46666667,0.45869687
4988,0.9894383,False,Fibroblasts,Fibroblasts,0.3,0.313115,0.033333335,0.039420955,0.46666667,0.4455433,0.2,0.20192076
3522,0.98943454,False,Luminal_Macrophages,Luminal_Macrophages,0.4,0.37886912,0.033333335,0.046227004,0.26666668,0.26972342,0.3,0.30518046
556,0.9894326,False,Fibroblasts,Fibroblasts,0.33333334,0.33014476,0.26666668,0.28267345,0.36666667,0.34872046,0.033333335,0.038461365
2651,0.98942834,False,Fibroblasts,Fibroblasts,0.2,0.19775774,0.26666668,0.25814736,0.3,0.28961822,0.23333333,0.2544767
4527,0.98942626,False,Luminal_Macrophages,Luminal_Macrophages,0.4,0.37885246,0.3,0.31383663,0.23333333,0.23842137,0.06666667,0.06888951
202,0.9894244,False,Dendritic cells,Dendritic cells,0.09677419,0.108325094,0.29032257,0.29800606,0.22580644,0.2277232,0.38709676,0.3659456
2774,0.9894209,False,Type 2 alveolar,Type 2 alveolar,0.29032257,0.3059885,0.48387095,0.4650646,0.06451613,0.070008405,0.16129032,0.15893851
2094,0.989418,False,Fibroblasts,Fibroblasts,0.2,0.2077134,0.033333335,0.03691639,0.5,0.4788361,0.26666668,0.27653414
3119,0.9894131,False,Fibroblasts,Fibroblasts,0.4,0.41605714,0.033333335,0.038450044,0.5,0.49109346,0.06666667,0.05439936
4776,0.9894086,False,Type 2 alveolar,Type 2 alveolar,0.1,0.11240286,0.33333334,0.3121505,0.3,0.30067733,0.26666668,0.27476934
1484,0.989407,False,Type 2 alveolar,Type 2 alveolar,0.1,0.10314744,0.36666667,0.34548068,0.26666668,0.27924058,0.26666668,0.27213132
3923,0.9894046,False,Fibroblasts,Fibroblasts,0.13333334,0.14208433,0.26666668,0.27540538,0.56666666,0.5454759,0.033333335,0.03703432
2067,0.98940223,False,Dendritic cells,Dendritic cells,0.33333334,0.35282806,0.13333334,0.12963657,0.13333334,0.13503416,0.4,0.3825012
3669,0.9894001,False,Dendritic cells,Dendritic cells,0.10344828,0.11877737,0.27586207,0.27300593,0.2413793,0.24725007,0.37931034,0.36096662
2196,0.9893917,False,Dendritic cells,Dendritic cells,0.12903225,0.13529894,0.2580645,0.2730145,0.29032257,0.28498983,0.32258064,0.3066967
2827,0.9893915,False,Type 2 alveolar,Type 2 alveolar,0.033333335,0.037817907,0.46666667,0.44544965,0.33333334,0.33460924,0.16666667,0.1821232
3824,0.98938584,False,Type 2 alveolar,Type 2 alveolar,0.033333335,0.042828795,0.53333336,0.5121051,0.033333335,0.04031146,0.4,0.4047547
1875,0.989381,False,Luminal_Macrophages,Luminal_Macrophages,0.33333334,0.34015143,0.3,0.2880852,0.033333335,0.047753163,0.33333334,0.3240102
1617,0.9893789,False,Fibroblasts,Fibroblasts,0.23333333,0.25355375,0.13333334,0.12868617,0.36666667,0.35007167,0.26666668,0.26768845
3309,0.989371,False,Luminal_Macrophages,Luminal_Macrophages,0.37931034,0.36389354,0.3448276,0.33898637,0.03448276,0.04736074,0.2413793,0.24975933
1876,0.9893694,False,Type 2 alveolar,Type 2 alveolar,0.23333333,0.22929978,0.33333334,0.3195055,0.2,0.19660015,0.23333333,0.25459453
1432,0.98936915,False,Fibroblasts,Fibroblasts,0.32258064,0.33666286,0.032258064,0.039437525,0.58064514,0.5732572,0.06451613,0.050642435
1984,0.9893604,False,Type 2 alveolar,Type 2 alveolar,0.033333335,0.0355146,0.56666666,0.54538745,0.2,0.21097268,0.2,0.20812531
797,0.9893589,False,Luminal_Macrophages,Luminal_Macrophages,0.32258064,0.30780646,0.22580644,0.23167971,0.2580645,0.25155652,0.19354838,0.20895728
1170,0.98935354,False,Luminal_Macrophages,Luminal_Macrophages,0.46666667,0.4631324,0.13333334,0.11557466,0.16666667,0.16761847,0.23333333,0.25367448
3689,0.98935235,False,Fibroblasts,Fibroblasts,0.13333334,0.14300913,0.26666668,0.27292362,0.43333334,0.41203806,0.16666667,0.17202918
1046,0.98934716,False,Fibroblasts,Fibroblasts,0.0,0.021305641,0.33333334,0.3277432,0.36666667,0.3566894,0.3,0.29426178
3265,0.98934436,False,Luminal_Macrophages,Luminal_Macrophages,0.6,0.5814508,0.0,0.020585926,0.033333335,0.034058634,0.36666667,0.3639046
2565,0.98933893,False,Fibroblasts,Fibroblasts,0.16666667,0.15542202,0.033333335,0.041633908,0.6,0.58992255,0.2,0.21302152
4917,0.9893348,False,Dendritic cells,Dendritic cells,0.16666667,0.18272614,0.23333333,0.23549308,0.2,0.20311119,0.4,0.37866962
3765,0.9893334,False,Type 2 alveolar,Type 2 alveolar,0.033333335,0.043615784,0.6,0.57866675,0.16666667,0.17440985,0.2,0.20330764
4838,0.98933196,False,Luminal_Macrophages,Luminal_Macrophages,0.36666667,0.34841406,0.26666668,0.28497037,0.2,0.19691652,0.16666667,0.169699
3334,0.9893288,False,Type 2 alveolar,Type 2 alveolar,0.26666668,0.27658436,0.36666667,0.3504565,0.033333335,0.04475804,0.33333334,0.32820112
3721,0.98932064,False,Type 2 alveolar,Type 2 alveolar,0.1,0.100847095,0.43333334,0.41197458,0.33333334,0.34416273,0.13333334,0.14301558
1141,0.9893195,False,Fibroblasts,Fibroblasts,0.13333334,0.1370736,0.23333333,0.23159322,0.4,0.3803791,0.23333333,0.25095406
2881,0.98931754,False,Dendritic cells,Dendritic cells,0.23333333,0.25123468,0.1,0.09355105,0.3,0.3034636,0.36666667,0.35175067
3169,0.9893015,False,Type 2 alveolar,Type 2 alveolar,0.26666668,0.2836207,0.4,0.38157892,0.3,0.2970241,0.033333335,0.037776243
4614,0.98929596,False,Dendritic cells,Dendritic cells,0.26666668,0.28632447,0.23333333,0.23508357,0.16666667,0.16146174,0.33333334,0.3171302
25,0.9892932,False,Fibroblasts,Fibroblasts,0.13333334,0.14783484,0.13333334,0.12672757,0.53333336,0.5185256,0.2,0.20691198
2140,0.989287,False,Fibroblasts,Fibroblasts,0.16666667,0.16869001,0.16666667,0.18142264,0.46666667,0.44524074,0.2,0.20464659
3232,0.9892851,False,Dendritic cells,Dendritic cells,0.09677419,0.11704399,0.3548387,0.34446555,0.09677419,0.09793417,0.4516129,0.44055632
2015,0.9892849,False,Dendritic cells,Dendritic cells,0.3,0.32143024,0.23333333,0.22821452,0.1,0.09629926,0.36666667,0.354056
4848,0.98928475,False,Luminal_Macrophages,Luminal_Macrophages,0.41379312,0.3923626,0.2413793,0.2524469,0.2413793,0.24755411,0.10344828,0.107636385
254,0.9892812,False,Luminal_Macrophages,Luminal_Macrophages,0.4516129,0.43017524,0.2580645,0.27325013,0.2580645,0.26008186,0.032258064,0.03649278
1969,0.9892809,False,Fibroblasts,Fibroblasts,0.1724138,0.16519691,0.1724138,0.19385208,0.51724136,0.5125146,0.13793103,0.12843642
3425,0.9892795,False,Type 2 alveolar,Type 2 alveolar,0.033333335,0.037186515,0.6333333,0.6128234,0.06666667,0.065735616,0.26666668,0.28425443
1228,0.9892687,False,Dendritic cells,Dendritic cells,0.26666668,0.28812918,0.13333334,0.13081875,0.13333334,0.13123949,0.46666667,0.44981253
4095,0.98926854,False,Luminal_Macrophages,Luminal_Macrophages,0.6,0.6017322,0.06666667,0.061653093,0.33333334,0.31688395,0.0,0.01973071
2724,0.989265,False,Fibroblasts,Fibroblasts,0.06666667,0.06631778,0.16666667,0.17482518,0.53333336,0.5122123,0.23333333,0.2466448
2792,0.98925793,False,Fibroblasts,Fibroblasts,0.13333334,0.15028283,0.13333334,0.13786797,0.4,0.38223672,0.33333334,0.32961246
2104,0.9892473,False,Type 2 alveolar,Fibroblasts,0.033333335,0.045788687,0.46666667,0.4501676,0.46666667,0.46166036,0.033333335,0.04238338
2386,0.98924613,False,Fibroblasts,Fibroblasts,0.2,0.21115951,0.26666668,0.2583965,0.33333334,0.32009572,0.2,0.21034825
2309,0.989244,False,Fibroblasts,Fibroblasts,0.2,0.1941139,0.26666668,0.27938005,0.33333334,0.3177074,0.2,0.20879865
3152,0.9892369,False,Dendritic cells,Dendritic cells,0.13333334,0.14213759,0.033333335,0.046055265,0.4,0.3872169,0.43333334,0.42459023
1900,0.9892363,False,Dendritic cells,Dendritic cells,0.26666668,0.2741719,0.1,0.08921989,0.13333334,0.12258601,0.5,0.51402223
680,0.98923576,False,Luminal_Macrophages,Luminal_Macrophages,0.5,0.51155806,0.1,0.08701717,0.1,0.09145438,0.3,0.3099704
967,0.98922753,False,Dendritic cells,Dendritic cells,0.032258064,0.043830134,0.12903225,0.11092937,0.22580644,0.22236429,0.61290324,0.6228761
4605,0.98922426,False,Luminal_Macrophages,Luminal_Macrophages,0.48387095,0.4623195,0.22580644,0.24206509,0.2580645,0.26099685,0.032258064,0.034618594
4981,0.9892157,False,Fibroblasts,Fibroblasts,0.3,0.31306842,0.3,0.30443737,0.36666667,0.34509802,0.033333335,0.037396178
2101,0.9892153,False,Fibroblasts,Fibroblasts,0.26666668,0.27575773,0.06666667,0.05694319,0.4,0.38815406,0.26666668,0.27914497
4041,0.98920715,False,Luminal_Macrophages,Luminal_Macrophages,0.6333333,0.6258957,0.0,0.0215857,0.1,0.09156157,0.26666668,0.26095703
4690,0.98920685,False,Luminal_Macrophages,Luminal_Macrophages,0.44827586,0.43141666,0.06896552,0.06562067,0.20689656,0.20551434,0.27586207,0.2974483
3493,0.98920614,False,Dendritic cells,Dendritic cells,0.033333335,0.044900913,0.2,0.20458259,0.3,0.30543756,0.46666667,0.44507897
4504,0.9892037,False,Luminal_Macrophages,Luminal_Macrophages,0.55172414,0.5642548,0.06896552,0.06254549,0.27586207,0.284924,0.10344828,0.088275716
4932,0.989203,False,Type 2 alveolar,Type 2 alveolar,0.2,0.21702735,0.4,0.38164294,0.1,0.09676304,0.3,0.30456662
3939,0.9892028,False,Luminal_Macrophages,Luminal_Macrophages,0.36666667,0.36244518,0.33333334,0.32134777,0.3,0.29461262,0.0,0.021594398
2242,0.98920274,False,Luminal_Macrophages,Luminal_Macrophages,0.5,0.48295653,0.13333334,0.12878229,0.23333333,0.24392103,0.13333334,0.14434016
1413,0.98920137,False,Type 2 alveolar,Type 2 alveolar,0.03448276,0.05361931,0.62068963,0.60482615,0.13793103,0.14039175,0.20689656,0.20116282
2271,0.98920107,False,Type 2 alveolar,Type 2 alveolar,0.13793103,0.14074606,0.3448276,0.32322967,0.27586207,0.2791135,0.2413793,0.2569107
3199,0.9891993,False,Type 2 alveolar,Type 2 alveolar,0.2580645,0.27966595,0.3548387,0.33762708,0.32258064,0.32134578,0.06451613,0.061361156
3105,0.98919857,False,Dendritic cells,Dendritic cells,0.1724138,0.19123608,0.1724138,0.17387791,0.2413793,0.2426958,0.41379312,0.39219025
3397,0.98919773,False,Luminal_Macrophages,Luminal_Macrophages,0.4516129,0.43633762,0.12903225,0.122702956,0.2580645,0.272122,0.16129032,0.16883744
2180,0.98919713,False,Fibroblasts,Fibroblasts,0.26666668,0.25018597,0.26666668,0.27701807,0.3,0.29487503,0.16666667,0.177921
4308,0.98919684,False,Type 2 alveolar,Type 2 alveolar,0.06666667,0.08259614,0.36666667,0.34506032,0.3,0.3037261,0.26666668,0.2686175
949,0.9891925,False,Dendritic cells,Dendritic cells,0.26666668,0.2764545,0.23333333,0.24289812,0.06666667,0.0689291,0.43333334,0.41171834
1456,0.98919225,False,Fibroblasts,Fibroblasts,0.23333333,0.2207783,0.26666668,0.27447248,0.3,0.29093948,0.2,0.21380973
485,0.9891784,False,Luminal_Macrophages,Luminal_Macrophages,0.44827586,0.46331766,0.06896552,0.057287928,0.10344828,0.093482636,0.37931034,0.38591173
391,0.98917305,False,Fibroblasts,Fibroblasts,0.2,0.2174347,0.1,0.09844572,0.5,0.47990033,0.2,0.20421919
3892,0.989173,False,Fibroblasts,Fibroblasts,0.23333333,0.23110951,0.3,0.30740002,0.43333334,0.41390315,0.033333335,0.047587287
3183,0.9891697,False,Type 2 alveolar,Type 2 alveolar,0.19354838,0.21229212,0.41935483,0.40430248,0.22580644,0.22872327,0.16129032,0.15468211
819,0.9891685,False,Luminal_Macrophages,Luminal_Macrophages,0.7419355,0.758386,0.06451613,0.05839808,0.16129032,0.1457454,0.032258064,0.037470523
4852,0.98916495,False,Luminal_Macrophages,Luminal_Macrophages,0.6,0.62167007,0.06666667,0.05800788,0.2,0.19728076,0.13333334,0.1230413
2901,0.9891638,False,Type 2 alveolar,Type 2 alveolar,0.23333333,0.24673633,0.43333334,0.41554654,0.2,0.20826933,0.13333334,0.1294478
510,0.98916274,False,Dendritic cells,Dendritic cells,0.09677419,0.11757298,0.3548387,0.35571444,0.09677419,0.08724528,0.4516129,0.4394673
575,0.98916125,False,Fibroblasts,Fibroblasts,0.3,0.3104268,0.26666668,0.2779174,0.36666667,0.35438263,0.06666667,0.057273176
660,0.9891609,False,Luminal_Macrophages,Luminal_Macrophages,0.73333335,0.7344463,0.23333333,0.21270648,0.033333335,0.032281984,0.0,0.020565333
1776,0.9891603,False,Type 2 alveolar,Type 2 alveolar,0.1,0.092541486,0.43333334,0.41911238,0.33333334,0.3472554,0.13333334,0.14109072
3884,0.9891601,False,Dendritic cells,Dendritic cells,0.2,0.19877492,0.0,0.021679653,0.33333334,0.32628113,0.46666667,0.4532642
4971,0.9891575,False,Dendritic cells,Dendritic cells,0.29032257,0.2853991,0.22580644,0.24749142,0.16129032,0.15772404,0.32258064,0.30938542
3961,0.9891473,False,Luminal_Macrophages,Luminal_Macrophages,0.36666667,0.34746572,0.2,0.21263099,0.23333333,0.23082887,0.2,0.20907448
883,0.98914725,False,Type 2 alveolar,Type 2 alveolar,0.36666667,0.35974836,0.43333334,0.4185461,0.16666667,0.17508699,0.033333335,0.046618488
3205,0.98914623,False,Fibroblasts,Fibroblasts,0.23333333,0.24586353,0.2,0.20792702,0.43333334,0.4116258,0.13333334,0.13458359
1164,0.98914415,False,Luminal_Macrophages,Luminal_Macrophages,0.3548387,0.3364706,0.19354838,0.20463772,0.32258064,0.31923705,0.12903225,0.13965467
4679,0.98914355,False,Type 2 alveolar,Type 2 alveolar,0.033333335,0.048999097,0.4,0.37828705,0.26666668,0.26869112,0.3,0.30402273
1817,0.989143,False,Fibroblasts,Fibroblasts,0.36666667,0.36299568,0.033333335,0.03412474,0.43333334,0.41529033,0.16666667,0.18758926
1962,0.9891409,False,Fibroblasts,Fibroblasts,0.4,0.3782818,0.13333334,0.14293158,0.43333334,0.43629095,0.033333335,0.042495675
3002,0.98913956,False,Fibroblasts,Fibroblasts,0.1,0.12094755,0.26666668,0.26743996,0.33333334,0.32104668,0.3,0.29056576
1199,0.9891363,False,Type 2 alveolar,Type 2 alveolar,0.1,0.10171392,0.56666666,0.54493916,0.033333335,0.039410055,0.3,0.31393683
2023,0.98913544,False,Luminal_Macrophages,Luminal_Macrophages,0.38709676,0.36737043,0.32258064,0.32057786,0.032258064,0.03715758,0.2580645,0.27489406
2124,0.9891334,False,Dendritic cells,Dendritic cells,0.16666667,0.18329707,0.26666668,0.27176937,0.1,0.0914575,0.46666667,0.453476
1987,0.98912483,False,Fibroblasts,Dendritic cells,0.16666667,0.1864887,0.033333335,0.03526164,0.4,0.38782573,0.4,0.39042392
4405,0.9891243,False,Dendritic cells,Dendritic cells,0.3,0.3217514,0.06666667,0.05899467,0.16666667,0.16531794,0.46666667,0.45393607
3749,0.98911816,False,Luminal_Macrophages,Fibroblasts,0.29032257,0.2793914,0.19354838,0.19114484,0.29032257,0.2818936,0.22580644,0.2475701
4427,0.9891138,False,Luminal_Macrophages,Luminal_Macrophages,0.53333336,0.5551057,0.2,0.19871368,0.16666667,0.1615505,0.1,0.08463011
2984,0.9891066,False,Type 2 alveolar,Type 2 alveolar,0.2,0.21612424,0.43333334,0.41209814,0.06666667,0.066115014,0.3,0.3056626
3595,0.98910326,False,Type 2 alveolar,Type 2 alveolar,0.06666667,0.06613542,0.4,0.37873775,0.3,0.30535,0.23333333,0.24977686
1719,0.9891022,False,Type 2 alveolar,Type 2 alveolar,0.1,0.104346626,0.43333334,0.41153768,0.3,0.31351954,0.16666667,0.17059621
4758,0.9890971,False,Fibroblasts,Fibroblasts,0.23333333,0.24726738,0.1,0.08853176,0.36666667,0.3563292,0.3,0.3078717
772,0.9890957,False,Fibroblasts,Fibroblasts,0.23333333,0.24207312,0.2,0.21306886,0.43333334,0.4158454,0.13333334,0.12901263
2055,0.9890863,False,Type 2 alveolar,Fibroblasts,0.19354838,0.1817874,0.29032257,0.28454092,0.29032257,0.28603777,0.22580644,0.2476339
3929,0.98908126,False,Fibroblasts,Fibroblasts,0.23333333,0.25093377,0.06666667,0.0635837,0.43333334,0.41457883,0.26666668,0.27090374
24,0.98908,False,Luminal_Macrophages,Luminal_Macrophages,0.4,0.4182473,0.1,0.08534763,0.1,0.092812374,0.4,0.40359274
4600,0.98907435,False,Type 2 alveolar,Dendritic cells,0.23333333,0.24350898,0.36666667,0.35309154,0.033333335,0.045009043,0.36666667,0.35839048
628,0.98907304,False,Luminal_Macrophages,Luminal_Macrophages,0.41935483,0.4036941,0.09677419,0.090581045,0.22580644,0.23021545,0.2580645,0.2755095
298,0.98907226,False,Dendritic cells,Dendritic cells,0.23333333,0.23397249,0.2,0.22121628,0.23333333,0.22725557,0.33333334,0.3175557
4181,0.98906654,False,Dendritic cells,Dendritic cells,0.19354838,0.21541525,0.16129032,0.1504113,0.09677419,0.09184157,0.5483871,0.5423319
3042,0.9890655,False,Luminal_Macrophages,Luminal_Macrophages,0.56666666,0.55948365,0.1,0.093856476,0.13333334,0.12479088,0.2,0.221869
1201,0.98906314,False,Fibroblasts,Fibroblasts,0.2,0.20914535,0.2,0.2111022,0.36666667,0.34479287,0.23333333,0.2349595
3840,0.989063,False,Dendritic cells,Dendritic cells,0.2,0.21672282,0.033333335,0.038484417,0.36666667,0.362785,0.4,0.3820077
1451,0.98906004,False,Type 2 alveolar,Type 2 alveolar,0.27586207,0.2707036,0.41379312,0.39707166,0.03448276,0.04358828,0.27586207,0.28863642
61,0.98905957,False,Dendritic cells,Dendritic cells,0.06896552,0.05931338,0.37931034,0.3700591,0.0,0.021880822,0.55172414,0.54874665
3041,0.98905957,False,Type 2 alveolar,Type 2 alveolar,0.2,0.21497779,0.43333334,0.41716447,0.13333334,0.12762137,0.23333333,0.24023636
3328,0.9890585,False,Fibroblasts,Fibroblasts,0.033333335,0.04727469,0.033333335,0.04127502,0.53333336,0.5219184,0.4,0.3895319
1390,0.9890585,False,Fibroblasts,Fibroblasts,0.09677419,0.07489119,0.38709676,0.39291,0.41935483,0.43101442,0.09677419,0.10118442
1130,0.98905486,False,Luminal_Macrophages,Luminal_Macrophages,0.33333334,0.31144303,0.3,0.30417928,0.16666667,0.16765639,0.2,0.21672125
2708,0.98904914,False,Fibroblasts,Fibroblasts,0.26666668,0.27617016,0.26666668,0.27906486,0.4,0.3841877,0.06666667,0.06057722
1642,0.98904186,False,Fibroblasts,Fibroblasts,0.16666667,0.1854726,0.3,0.30311036,0.43333334,0.42403963,0.1,0.08737739
2243,0.98904026,False,Dendritic cells,Dendritic cells,0.37931034,0.37719613,0.13793103,0.13429756,0.0,0.021919502,0.4827586,0.4665868
1366,0.98903716,False,Type 2 alveolar,Type 2 alveolar,0.2580645,0.27084374,0.32258064,0.30562374,0.22580644,0.22083767,0.19354838,0.20269482
4577,0.9890344,False,Dendritic cells,Dendritic cells,0.09677419,0.077299334,0.09677419,0.0955773,0.19354838,0.19228896,0.61290324,0.6348344
4928,0.98902446,False,Luminal_Macrophages,Luminal_Macrophages,0.43333334,0.41603816,0.0,0.021951096,0.26666668,0.26378486,0.3,0.29822588
94,0.9890195,False,Luminal_Macrophages,Luminal_Macrophages,0.516129,0.51619536,0.16129032,0.15014052,0.32258064,0.3117695,0.0,0.021894598
712,0.9890186,False,Type 2 alveolar,Type 2 alveolar,0.2,0.22196274,0.6666667,0.65530694,0.06666667,0.06488247,0.06666667,0.05784779
2252,0.98901844,False,Type 2 alveolar,Type 2 alveolar,0.26666668,0.28496346,0.46666667,0.44470352,0.06666667,0.06905581,0.2,0.2012772
2945,0.98901486,False,Fibroblasts,Fibroblasts,0.33333334,0.33709088,0.2,0.21223286,0.43333334,0.41136307,0.033333335,0.0393132
1707,0.98901075,False,Dendritic cells,Dendritic cells,0.16666667,0.1801614,0.3,0.30558318,0.1,0.10290065,0.43333334,0.41135478
3058,0.9890093,False,Type 2 alveolar,Type 2 alveolar,0.033333335,0.03912809,0.53333336,0.511352,0.3,0.3125635,0.13333334,0.13695638
4488,0.9890088,False,Type 2 alveolar,Type 2 alveolar,0.06451613,0.059908908,0.4516129,0.4342377,0.32258064,0.3370404,0.16129032,0.168813
1547,0.9890069,False,Dendritic cells,Dendritic cells,0.1,0.08807533,0.2,0.19823074,0.06666667,0.058374338,0.6333333,0.65531963
36,0.9890015,False,Type 2 alveolar,Type 2 alveolar,0.29032257,0.29704705,0.41935483,0.39735782,0.032258064,0.04138259,0.2580645,0.2642125
1614,0.98899984,False,Dendritic cells,Dendritic cells,0.3,0.32025108,0.23333333,0.23508261,0.1,0.094639644,0.36666667,0.35002667
220,0.9889994,False,Luminal_Macrophages,Luminal_Macrophages,0.46666667,0.4446655,0.2,0.20560463,0.3,0.30344856,0.033333335,0.046281334
2328,0.9889989,False,Luminal_Macrophages,Luminal_Macrophages,0.516129,0.5170097,0.0,0.021121547,0.4516129,0.43064535,0.032258064,0.031223387
3530,0.9889981,False,Fibroblasts,Fibroblasts,0.3,0.31205395,0.26666668,0.27661654,0.33333334,0.32376945,0.1,0.08756011
3879,0.9889947,False,Luminal_Macrophages,Luminal_Macrophages,0.43333334,0.41258252,0.2,0.20239224,0.16666667,0.16540685,0.2,0.21961837
4508,0.9889925,False,Type 2 alveolar,Type 2 alveolar,0.033333335,0.047686584,0.5,0.479352,0.06666667,0.07432835,0.4,0.3986331
197,0.9889917,False,Type 2 alveolar,Type 2 alveolar,0.1,0.1030738,0.5,0.47798342,0.06666667,0.06993287,0.33333334,0.34901
2764,0.9889885,False,Luminal_Macrophages,Luminal_Macrophages,0.5,0.49316838,0.1,0.09228615,0.0,0.022023018,0.4,0.39252245
3558,0.9889876,False,Dendritic cells,Dendritic cells,0.43333334,0.42911834,0.033333335,0.034865107,0.0,0.020492971,0.53333336,0.51552355
1804,0.98898524,False,Fibroblasts,Fibroblasts,0.3,0.31610137,0.033333335,0.039261468,0.56666666,0.5599413,0.1,0.084695876
3027,0.9889846,False,Luminal_Macrophages,Luminal_Macrophages,0.4827586,0.46072784,0.27586207,0.27605656,0.03448276,0.040651467,0.20689656,0.22256418
341,0.9889833,False,Dendritic cells,Dendritic cells,0.2,0.19515562,0.0,0.018598953,0.13333334,0.1161442,0.6666667,0.67010117
532,0.98898065,False,Luminal_Macrophages,Luminal_Macrophages,0.79310346,0.8151421,0.06896552,0.06608333,0.06896552,0.05145857,0.06896552,0.06731593
3226,0.98898005,False,Dendritic cells,Dendritic cells,0.2413793,0.26341918,0.1724138,0.1697058,0.1724138,0.16850929,0.41379312,0.39836577
2784,0.9889789,False,Fibroblasts,Fibroblasts,0.03448276,0.046425465,0.2413793,0.24802211,0.44827586,0.42623374,0.27586207,0.2793187
4474,0.9889783,False,Luminal_Macrophages,Dendritic cells,0.3,0.29139084,0.1,0.086565785,0.3,0.30414668,0.3,0.3178967
1523,0.98897743,False,Dendritic cells,Dendritic cells,0.3,0.32200587,0.23333333,0.23337257,0.1,0.09550851,0.36666667,0.34911302
139,0.9889757,False,Dendritic cells,Dendritic cells,0.033333335,0.046175756,0.23333333,0.21128482,0.033333335,0.03507005,0.7,0.7074694
3718,0.9889741,False,Type 2 alveolar,Type 2 alveolar,0.13333334,0.14553894,0.4,0.37794822,0.23333333,0.23638976,0.23333333,0.24012303
3553,0.9889735,False,Fibroblasts,Fibroblasts,0.3,0.30647913,0.16666667,0.17404789,0.5,0.47794694,0.033333335,0.04152606
4792,0.9889679,False,Type 2 alveolar,Type 2 alveolar,0.3,0.2967099,0.36666667,0.34789258,0.23333333,0.24202,0.1,0.113377556
4863,0.9889657,False,Fibroblasts,Fibroblasts,0.1724138,0.17979233,0.03448276,0.034901,0.5862069,0.5641383,0.20689656,0.22116838
711,0.9889656,False,Type 2 alveolar,Type 2 alveolar,0.26666668,0.25992006,0.36666667,0.3513444,0.23333333,0.23986076,0.13333334,0.14887474
641,0.9889652,False,Type 2 alveolar,Type 2 alveolar,0.3,0.31975463,0.4,0.38976493,0.23333333,0.23564827,0.06666667,0.05483217
2461,0.9889602,False,Fibroblasts,Fibroblasts,0.033333335,0.040994424,0.2,0.21441844,0.4,0.38529298,0.36666667,0.3592941
3288,0.9889583,False,Dendritic cells,Dendritic cells,0.26666668,0.27987334,0.16666667,0.17554335,0.16666667,0.16437826,0.4,0.38020507
3965,0.9889579,False,Fibroblasts,Fibroblasts,0.32258064,0.32319218,0.22580644,0.24727915,0.3548387,0.3448618,0.09677419,0.08466689
4505,0.988955,False,Fibroblasts,Fibroblasts,0.13793103,0.160021,0.27586207,0.27031717,0.31034482,0.30051655,0.27586207,0.26914528
2787,0.98894954,False,Fibroblasts,Fibroblasts,0.10344828,0.11034878,0.10344828,0.09522273,0.7241379,0.7393383,0.06896552,0.055090215
918,0.9889482,False,Luminal_Macrophages,Luminal_Macrophages,0.46666667,0.4480654,0.033333335,0.037657287,0.36666667,0.36316437,0.13333334,0.15111293
3888,0.9889469,False,Type 2 alveolar,Type 2 alveolar,0.09677419,0.10107329,0.5483871,0.52628094,0.032258064,0.03987908,0.32258064,0.33276668
1408,0.9889434,False,Luminal_Macrophages,Luminal_Macrophages,0.44827586,0.4270932,0.1724138,0.17274311,0.1724138,0.17148316,0.20689656,0.22868043
4027,0.98893946,False,Fibroblasts,Fibroblasts,0.20689656,0.21409859,0.2413793,0.2562983,0.37931034,0.35978046,0.1724138,0.16982263
2777,0.9889319,False,Fibroblasts,Dendritic cells,0.23333333,0.21750537,0.23333333,0.23995085,0.26666668,0.26035845,0.26666668,0.2821853
2919,0.98892546,False,Type 2 alveolar,Type 2 alveolar,0.1,0.10097731,0.43333334,0.41118422,0.26666668,0.2826994,0.2,0.20513904
2661,0.9889254,False,Dendritic cells,Dendritic cells,0.16129032,0.18343955,0.16129032,0.15984772,0.16129032,0.15755315,0.516129,0.49915954
833,0.98892415,False,Type 2 alveolar,Type 2 alveolar,0.1,0.10750704,0.4,0.37784833,0.3,0.31312907,0.2,0.20151553
2390,0.988923,False,Type 2 alveolar,Type 2 alveolar,0.06666667,0.068800665,0.46666667,0.44451264,0.13333334,0.13892278,0.33333334,0.34776393
1024,0.9889184,False,Fibroblasts,Fibroblasts,0.06451613,0.06934636,0.19354838,0.20178543,0.5483871,0.52622396,0.19354838,0.20264418
4672,0.9889169,False,Dendritic cells,Dendritic cells,0.13333334,0.12495285,0.0,0.022166152,0.26666668,0.26532078,0.6,0.5875602
3828,0.98889947,False,Type 2 alveolar,Type 2 alveolar,0.2413793,0.2519535,0.44827586,0.42607483,0.03448276,0.03956297,0.27586207,0.28240874
3730,0.9888943,False,Dendritic cells,Dendritic cells,0.46666667,0.45605147,0.0,0.021145707,0.033333335,0.034399044,0.5,0.4884038
3640,0.988893,False,Luminal_Macrophages,Luminal_Macrophages,0.36666667,0.34527126,0.2,0.20407294,0.16666667,0.16584796,0.26666668,0.28480783
3022,0.98888916,False,Luminal_Macrophages,Luminal_Macrophages,0.51724136,0.5071417,0.03448276,0.03351524,0.0,0.022221666,0.44827586,0.43712136
4786,0.98887897,False,Fibroblasts,Fibroblasts,0.1724138,0.18202133,0.20689656,0.2056355,0.37931034,0.3583293,0.2413793,0.2540139
2449,0.9888754,False,Type 2 alveolar,Type 2 alveolar,0.1,0.095387034,0.76666665,0.76840734,0.0,0.020508572,0.13333334,0.115697056
83,0.9888747,False,Dendritic cells,Dendritic cells,0.23333333,0.23073757,0.3,0.29546335,0.0,0.022250647,0.46666667,0.45154846
3972,0.9888723,False,Dendritic cells,Dendritic cells,0.1,0.092543095,0.0,0.022255447,0.33333334,0.32685784,0.56666666,0.5583436
1917,0.9888722,False,Luminal_Macrophages,Luminal_Macrophages,0.38709676,0.37850487,0.12903225,0.11536853,0.19354838,0.19743247,0.29032257,0.30869415
1837,0.9888658,False,Type 2 alveolar,Type 2 alveolar,0.2,0.21508242,0.36666667,0.34439826,0.26666668,0.27056062,0.16666667,0.16995873
4189,0.9888645,False,Type 2 alveolar,Type 2 alveolar,0.06666667,0.071966365,0.4,0.37772897,0.3,0.3057093,0.23333333,0.24459538
1570,0.98886126,False,Fibroblasts,Fibroblasts,0.2,0.2115267,0.26666668,0.2774174,0.4,0.38367376,0.13333334,0.12738216
1323,0.9888612,False,Type 2 alveolar,Type 2 alveolar,0.033333335,0.040432934,0.53333336,0.52052534,0.1,0.09053041,0.33333334,0.3485113
921,0.98886096,False,Dendritic cells,Dendritic cells,0.09677419,0.0776645,0.32258064,0.3421477,0.09677419,0.09948524,0.48387095,0.48070258
4733,0.98885965,False,Fibroblasts,Fibroblasts,0.16666667,0.16879286,0.23333333,0.2534878,0.5,0.490028,0.1,0.08769134
4870,0.98885715,False,Fibroblasts,Fibroblasts,0.1,0.10697797,0.23333333,0.24066438,0.5,0.4777142,0.16666667,0.17464338
3753,0.9888542,False,Luminal_Macrophages,Luminal_Macrophages,0.46666667,0.45435926,0.1,0.09001579,0.3,0.30507663,0.13333334,0.15054828
3478,0.9888494,False,Type 2 alveolar,Type 2 alveolar,0.2413793,0.2541623,0.44827586,0.42597464,0.20689656,0.21434379,0.10344828,0.10551921
4612,0.9888464,False,Type 2 alveolar,Type 2 alveolar,0.16666667,0.17955992,0.46666667,0.44435954,0.2,0.20890234,0.16666667,0.16717824
109,0.98884565,False,Luminal_Macrophages,Luminal_Macrophages,0.41379312,0.39148438,0.31034482,0.31942096,0.10344828,0.10413253,0.1724138,0.18496211
1826,0.9888448,False,Type 2 alveolar,Type 2 alveolar,0.19354838,0.20386218,0.38709676,0.3647864,0.29032257,0.2923538,0.12903225,0.13899763
4319,0.9888437,False,Type 2 alveolar,Type 2 alveolar,0.16666667,0.17778346,0.56666666,0.54435396,0.06666667,0.06850474,0.2,0.20935777
779,0.9888406,False,Luminal_Macrophages,Luminal_Macrophages,0.4,0.39285582,0.26666668,0.2889855,0.23333333,0.2298354,0.1,0.088323265
4001,0.9888402,False,Luminal_Macrophages,Luminal_Macrophages,0.5,0.4889903,0.06666667,0.06564809,0.43333334,0.42304206,0.0,0.02231959
2664,0.98883456,False,Dendritic cells,Dendritic cells,0.16666667,0.18200664,0.3,0.3069909,0.16666667,0.16261725,0.36666667,0.34838519
3611,0.98883295,False,Luminal_Macrophages,Luminal_Macrophages,0.4,0.39032075,0.3,0.29297847,0.0,0.02233406,0.3,0.29436678
2037,0.9888274,False,Type 2 alveolar,Type 2 alveolar,0.29032257,0.31028417,0.3548387,0.3409883,0.32258064,0.31408584,0.032258064,0.03464176
943,0.988821,False,Fibroblasts,Fibroblasts,0.3,0.31329578,0.26666668,0.2673892,0.4,0.37764198,0.033333335,0.04167299
1006,0.9888116,False,Dendritic cells,Dendritic cells,0.16666667,0.18904343,0.2,0.1971979,0.16666667,0.16045973,0.46666667,0.45329896
1349,0.9888073,False,Luminal_Macrophages,Luminal_Macrophages,0.46666667,0.48494047,0.13333334,0.12333124,0.33333334,0.33744487,0.06666667,0.054283388
3703,0.9888013,False,Type 2 alveolar,Type 2 alveolar,0.13333334,0.14791359,0.43333334,0.4163948,0.33333334,0.34115043,0.1,0.09454116
498,0.98879784,False,Fibroblasts,Fibroblasts,0.16666667,0.18907101,0.33333334,0.33074045,0.43333334,0.41693804,0.06666667,0.06325049
1392,0.9887955,False,Type 2 alveolar,Type 2 alveolar,0.3,0.32240894,0.46666667,0.45161405,0.13333334,0.13124378,0.1,0.0947333
3540,0.9887879,False,Type 2 alveolar,Type 2 alveolar,0.13333334,0.15389031,0.36666667,0.34428892,0.33333334,0.33328688,0.16666667,0.16853383
3239,0.98878497,False,Dendritic cells,Dendritic cells,0.23333333,0.25343004,0.23333333,0.23566675,0.1,0.09943891,0.43333334,0.41146433
1107,0.98878473,False,Type 2 alveolar,Type 2 alveolar,0.26666668,0.2799137,0.43333334,0.41090274,0.06666667,0.06770568,0.23333333,0.24147789
4029,0.988784,False,Type 2 alveolar,Fibroblasts,0.19354838,0.20853913,0.32258064,0.3062591,0.32258064,0.31647024,0.16129032,0.16873153
3829,0.9887815,False,Fibroblasts,Fibroblasts,0.22580644,0.24065398,0.12903225,0.13410197,0.4516129,0.42917594,0.19354838,0.19606814
429,0.98878014,False,Type 2 alveolar,Type 2 alveolar,0.033333335,0.042336456,0.53333336,0.513048,0.3,0.31343657,0.13333334,0.13117896
1986,0.9887791,False,Type 2 alveolar,Type 2 alveolar,0.06666667,0.07147746,0.36666667,0.3471998,0.33333334,0.33035845,0.23333333,0.2509643
3501,0.98877805,False,Fibroblasts,Fibroblasts,0.19354838,0.2056632,0.19354838,0.20346183,0.41935483,0.39691094,0.19354838,0.19396397
1008,0.9887731,False,Fibroblasts,Fibroblasts,0.13333334,0.13228808,0.3,0.32245374,0.43333334,0.42213008,0.13333334,0.123128094
716,0.9887632,False,Dendritic cells,Dendritic cells,0.43333334,0.419403,0.0,0.02247355,0.06666667,0.063762404,0.5,0.49436104
2610,0.9887626,False,Fibroblasts,Fibroblasts,0.20689656,0.20018344,0.03448276,0.03730876,0.7586207,0.742859,0.0,0.019648843
4647,0.9887596,False,Luminal_Macrophages,Luminal_Macrophages,0.36666667,0.35374826,0.13333334,0.12666611,0.23333333,0.23043813,0.26666668,0.28914747
3531,0.988756,False,Fibroblasts,Fibroblasts,0.3,0.32248804,0.16666667,0.16634095,0.43333334,0.42331734,0.1,0.08785371
4667,0.98875564,False,Luminal_Macrophages,Luminal_Macrophages,0.29032257,0.3128113,0.22580644,0.21071467,0.19354838,0.19098546,0.29032257,0.28548864
631,0.988754,False,Type 2 alveolar,Type 2 alveolar,0.2,0.21959728,0.46666667,0.45093158,0.06666667,0.059909683,0.26666668,0.26956138
3756,0.9887537,False,Dendritic cells,Dendritic cells,0.06666667,0.06977886,0.23333333,0.22027902,0.1,0.090561695,0.6,0.6193804
4278,0.9887514,False,Fibroblasts,Fibroblasts,0.20689656,0.21645838,0.2413793,0.24753883,0.37931034,0.3568132,0.1724138,0.17918958
4317,0.9887396,False,Fibroblasts,Fibroblasts,0.26666668,0.272301,0.033333335,0.040659223,0.43333334,0.4108126,0.26666668,0.27622718
3019,0.9887349,False,Dendritic cells,Dendritic cells,0.19354838,0.2160786,0.19354838,0.18480624,0.29032257,0.28564268,0.32258064,0.3134725
2967,0.9887346,False,Type 2 alveolar,Type 2 alveolar,0.26666668,0.28678492,0.36666667,0.3534389,0.33333334,0.32403034,0.033333335,0.035745874
1426,0.9887304,False,Dendritic cells,Dendritic cells,0.26666668,0.28405324,0.1,0.08836467,0.26666668,0.2718194,0.36666667,0.35576272
936,0.98872757,False,Fibroblasts,Fibroblasts,0.033333335,0.03657523,0.2,0.2076775,0.5,0.47745514,0.26666668,0.27829218
205,0.9887154,False,Luminal_Macrophages,Luminal_Macrophages,0.53333336,0.51690775,0.16666667,0.16052312,0.06666667,0.0683207,0.23333333,0.2542484
302,0.9887151,False,Fibroblasts,Fibroblasts,0.33333334,0.3377461,0.2,0.21815704,0.4,0.38294005,0.06666667,0.06115684
648,0.9887146,False,Type 2 alveolar,Fibroblasts,0.033333335,0.04365877,0.46666667,0.44409585,0.46666667,0.4678494,0.033333335,0.044395994
2995,0.9887094,False,Luminal_Macrophages,Type 2 alveolar,0.33333334,0.32961872,0.33333334,0.33072227,0.33333334,0.31707776,0.0,0.022581182
589,0.98870367,False,Fibroblasts,Fibroblasts,0.26666668,0.28694585,0.1,0.09656011,0.43333334,0.4141806,0.2,0.20231344
3016,0.98870355,False,Luminal_Macrophages,Luminal_Macrophages,0.46666667,0.4683379,0.33333334,0.354255,0.06666667,0.059882764,0.13333334,0.11752438
3342,0.9886991,False,Dendritic cells,Dendritic cells,0.1,0.114350766,0.2,0.19488688,0.3,0.30825114,0.4,0.38251123
1374,0.98869216,False,Fibroblasts,Fibroblasts,0.13333334,0.12387789,0.2,0.21805723,0.53333336,0.5201731,0.13333334,0.13789178
3494,0.9886918,False,Fibroblasts,Fibroblasts,0.23333333,0.24839653,0.23333333,0.2408865,0.43333334,0.4116582,0.1,0.099058785
2247,0.98868984,False,Fibroblasts,Fibroblasts,0.2580645,0.27047014,0.19354838,0.19677675,0.516129,0.4935086,0.032258064,0.039244406
3963,0.9886894,False,Type 2 alveolar,Type 2 alveolar,0.1,0.10464236,0.5,0.48860794,0.3,0.31797877,0.1,0.088770896
2281,0.98868895,False,Type 2 alveolar,Type 2 alveolar,0.26666668,0.2889875,0.43333334,0.41747656,0.13333334,0.126568,0.16666667,0.166968
2298,0.9886881,False,Fibroblasts,Fibroblasts,0.033333335,0.047744844,0.23333333,0.22858292,0.46666667,0.44879323,0.26666668,0.27487895
2184,0.9886821,False,Luminal_Macrophages,Luminal_Macrophages,0.6666667,0.66127896,0.13333334,0.13070782,0.2,0.18537742,0.0,0.022635862
4086,0.98868126,False,Type 2 alveolar,Type 2 alveolar,0.2,0.1984174,0.36666667,0.34561175,0.2,0.20878735,0.23333333,0.2471835
3897,0.9886797,False,Type 2 alveolar,Type 2 alveolar,0.13333334,0.1249133,0.5,0.4857794,0.23333333,0.2527638,0.13333334,0.1365435
287,0.98867965,False,Luminal_Macrophages,Luminal_Macrophages,0.43333334,0.41311643,0.06666667,0.064242914,0.2,0.20823956,0.3,0.31440112
2986,0.98867077,False,Luminal_Macrophages,Luminal_Macrophages,0.5,0.50333613,0.0,0.019322366,0.43333334,0.4191229,0.06666667,0.058218632
3849,0.98866516,False,Dendritic cells,Dendritic cells,0.16129032,0.18396002,0.19354838,0.18992579,0.19354838,0.19322658,0.4516129,0.43288767
3839,0.98865837,False,Type 2 alveolar,Type 2 alveolar,0.033333335,0.04036034,0.56666666,0.5439834,0.2,0.21330225,0.2,0.202354
3013,0.98865485,False,Luminal_Macrophages,Luminal_Macrophages,0.56666666,0.58720267,0.13333334,0.12055857,0.2,0.20215434,0.1,0.09008441
4750,0.9886548,False,Fibroblasts,Fibroblasts,0.36666667,0.3746427,0.06666667,0.056878142,0.46666667,0.4537648,0.1,0.11471437
4354,0.988654,False,Fibroblasts,Fibroblasts,0.26666668,0.28861102,0.1,0.091400005,0.46666667,0.4525747,0.16666667,0.1674142
1996,0.98865294,False,Type 2 alveolar,Type 2 alveolar,0.1,0.111438416,0.5,0.48029608,0.33333334,0.34458902,0.06666667,0.06367645
2533,0.98865247,False,Fibroblasts,Fibroblasts,0.16129032,0.17863417,0.12903225,0.117149234,0.5483871,0.53757507,0.16129032,0.1666415
3063,0.9886519,False,Type 2 alveolar,Type 2 alveolar,0.06451613,0.0679488,0.516129,0.4934328,0.032258064,0.04488414,0.38709676,0.39373422
1534,0.9886503,False,Type 2 alveolar,Type 2 alveolar,0.33333334,0.35173422,0.56666666,0.5574957,0.033333335,0.03763184,0.06666667,0.053138252
1584,0.9886481,False,Type 2 alveolar,Type 2 alveolar,0.37931034,0.37503365,0.41379312,0.39721766,0.20689656,0.20504485,0.0,0.022703785
4492,0.98864776,False,Type 2 alveolar,Type 2 alveolar,0.06666667,0.06975934,0.4,0.37729552,0.3,0.30920732,0.23333333,0.24373779
153,0.98864675,False,Fibroblasts,Fibroblasts,0.16666667,0.18937321,0.16666667,0.16034545,0.33333334,0.3257407,0.33333334,0.32454064
4969,0.9886461,False,Dendritic cells,Dendritic cells,0.19354838,0.2116951,0.32258064,0.32018054,0.06451613,0.06907719,0.41935483,0.39904717
150,0.9886404,False,Fibroblasts,Fibroblasts,0.13333334,0.15180328,0.26666668,0.27016076,0.4,0.3772808,0.2,0.20075506
4603,0.9886357,False,Fibroblasts,Fibroblasts,0.16666667,0.17628136,0.23333333,0.24644715,0.4,0.3785505,0.2,0.19872093
4336,0.9886176,False,Dendritic cells,Dendritic cells,0.13333334,0.15609813,0.23333333,0.23063143,0.3,0.29462948,0.33333334,0.31864092
3820,0.98861617,False,Luminal_Macrophages,Luminal_Macrophages,0.4516129,0.47438055,0.09677419,0.08649114,0.3548387,0.35274902,0.09677419,0.086379334
4332,0.9886098,False,Dendritic cells,Dendritic cells,0.37931034,0.4020908,0.13793103,0.119928956,0.06896552,0.06572163,0.41379312,0.4122586
4167,0.98860073,False,Luminal_Macrophages,Luminal_Macrophages,0.4,0.3807549,0.2,0.19644652,0.13333334,0.13369714,0.26666668,0.28910145
2621,0.988596,False,Type 2 alveolar,Type 2 alveolar,0.13793103,0.15402767,0.37931034,0.35650244,0.20689656,0.20764402,0.27586207,0.2818259
3622,0.9885958,False,Luminal_Macrophages,Luminal_Macrophages,0.4,0.3860936,0.13333334,0.12443135,0.3,0.3075643,0.16666667,0.18191078
112,0.98859227,False,Type 2 alveolar,Type 2 alveolar,0.23333333,0.23880136,0.43333334,0.4105178,0.13333334,0.13678606,0.2,0.2138947
1369,0.9885915,False,Luminal_Macrophages,Luminal_Macrophages,0.56666666,0.57840645,0.26666668,0.27774388,0.1,0.0865816,0.06666667,0.05726807
1452,0.98858637,False,Type 2 alveolar,Type 2 alveolar,0.2,0.20427623,0.4,0.38028845,0.13333334,0.13021766,0.26666668,0.28521764
3304,0.98858535,False,Fibroblasts,Fibroblasts,0.06666667,0.067770034,0.23333333,0.2374895,0.5,0.47717068,0.2,0.21756975
1768,0.9885852,False,Dendritic cells,Dendritic cells,0.33333334,0.35616302,0.06666667,0.057993766,0.16666667,0.15841283,0.43333334,0.42743045
1148,0.98858374,False,Luminal_Macrophages,Luminal_Macrophages,0.7,0.7215475,0.033333335,0.033476118,0.23333333,0.21050075,0.033333335,0.034475595
4126,0.98858064,False,Type 2 alveolar,Type 2 alveolar,0.2,0.21805558,0.56666666,0.5514632,0.13333334,0.13811646,0.1,0.092364706
2547,0.98857725,False,Fibroblasts,Fibroblasts,0.33333334,0.34041137,0.033333335,0.04910076,0.6,0.5789143,0.033333335,0.03157361
1751,0.9885745,False,Fibroblasts,Fibroblasts,0.33333334,0.34242436,0.033333335,0.04142054,0.46666667,0.44381562,0.16666667,0.17233948
709,0.9885709,False,Fibroblasts,Fibroblasts,0.16666667,0.17588608,0.26666668,0.28030547,0.43333334,0.4167623,0.13333334,0.12704618
2767,0.9885698,False,Luminal_Macrophages,Luminal_Macrophages,0.41379312,0.40173814,0.2413793,0.2642397,0.2413793,0.23665313,0.10344828,0.09736901
1922,0.9885696,False,Fibroblasts,Fibroblasts,0.26666668,0.28484878,0.3,0.30467865,0.36666667,0.35205466,0.06666667,0.05841785
2850,0.9885671,False,Luminal_Macrophages,Luminal_Macrophages,0.37931034,0.36157054,0.13793103,0.13418682,0.20689656,0.20551483,0.27586207,0.2987278
4387,0.98856694,False,Luminal_Macrophages,Dendritic cells,0.44827586,0.4409,0.0,0.02286606,0.10344828,0.093835235,0.44827586,0.44239867
3235,0.98856,False,Dendritic cells,Dendritic cells,0.23333333,0.25621328,0.23333333,0.22380085,0.16666667,0.16533485,0.36666667,0.354651
4524,0.98855716,False,Type 2 alveolar,Type 2 alveolar,0.0,0.02288569,0.46666667,0.44677562,0.16666667,0.16649932,0.36666667,0.3638394
3581,0.98855436,False,Luminal_Macrophages,Luminal_Macrophages,0.4,0.39352036,0.36666667,0.35143986,0.23333333,0.23214854,0.0,0.022891207
3793,0.9885436,False,Luminal_Macrophages,Dendritic cells,0.26666668,0.25317493,0.2,0.21177863,0.26666668,0.2572456,0.26666668,0.27780083
3747,0.9885434,False,Type 2 alveolar,Type 2 alveolar,0.06666667,0.05417996,0.6,0.5895735,0.3,0.31042507,0.033333335,0.045821454
4446,0.9885426,False,Type 2 alveolar,Type 2 alveolar,0.032258064,0.04168403,0.61290324,0.59621596,0.19354838,0.20703723,0.16129032,0.15506281
3909,0.98854077,False,Luminal_Macrophages,Luminal_Macrophages,0.33333334,0.31757203,0.16666667,0.16006297,0.26666668,0.26611328,0.23333333,0.25625175
3415,0.9885402,False,Fibroblasts,Fibroblasts,0.16129032,0.1749549,0.16129032,0.16340128,0.38709676,0.36417714,0.29032257,0.29746667
2501,0.9885399,False,Dendritic cells,Dendritic cells,0.29032257,0.31324276,0.19354838,0.18515837,0.12903225,0.12127059,0.38709676,0.38032824
2126,0.98853713,False,Fibroblasts,Fibroblasts,0.13333334,0.14972866,0.2,0.20653036,0.53333336,0.5215498,0.13333334,0.12219118
3074,0.9885366,False,Dendritic cells,Dendritic cells,0.1,0.09902242,0.16666667,0.14471751,0.033333335,0.03596614,0.7,0.72029394
1597,0.9885341,False,Fibroblasts,Fibroblasts,0.16129032,0.18030871,0.19354838,0.19704586,0.41935483,0.39642304,0.22580644,0.2262224
1091,0.9885225,False,Luminal_Macrophages,Luminal_Macrophages,0.5,0.52295494,0.06666667,0.059423015,0.4,0.38675055,0.033333335,0.030871518
308,0.98851526,False,Type 2 alveolar,Type 2 alveolar,0.3,0.32296944,0.36666667,0.36259574,0.13333334,0.12807593,0.2,0.18635885
2343,0.98851484,False,Luminal_Macrophages,Luminal_Macrophages,0.41379312,0.3908228,0.1724138,0.18137836,0.31034482,0.31486404,0.10344828,0.112934746
3644,0.9885116,False,Dendritic cells,Dendritic cells,0.23333333,0.2555169,0.2,0.2007932,0.1,0.089394026,0.46666667,0.45429578
3742,0.9885075,False,Dendritic cells,Dendritic cells,0.16666667,0.18965167,0.16666667,0.16452082,0.3,0.2961604,0.36666667,0.34966716
2448,0.98850304,False,Luminal_Macrophages,Luminal_Macrophages,0.46666667,0.4657024,0.06666667,0.053642284,0.0,0.0229939,0.46666667,0.45766136
1053,0.9885003,False,Dendritic cells,Dendritic cells,0.26666668,0.2896661,0.13333334,0.12082115,0.1,0.09272073,0.5,0.496792
1030,0.9884999,False,Type 2 alveolar,Type 2 alveolar,0.33333334,0.35633358,0.46666667,0.45590028,0.13333334,0.13004342,0.06666667,0.057722747
3120,0.98849684,False,Fibroblasts,Fibroblasts,0.0,0.02300634,0.26666668,0.2661383,0.43333334,0.41491702,0.3,0.2959384
1179,0.9884966,False,Fibroblasts,Fibroblasts,0.16666667,0.18208142,0.1,0.08458184,0.4,0.39241135,0.33333334,0.34092546
4724,0.9884952,False,Type 2 alveolar,Type 2 alveolar,0.4,0.4165051,0.53333336,0.5114867,0.033333335,0.03983787,0.033333335,0.03217035
1836,0.98849267,False,Type 2 alveolar,Type 2 alveolar,0.1,0.09782029,0.4,0.3791651,0.26666668,0.28054368,0.23333333,0.24247095
4907,0.98848903,False,Luminal_Macrophages,Luminal_Macrophages,0.46666667,0.44781622,0.0,0.018506601,0.16666667,0.16249518,0.36666667,0.37118196
4712,0.9884876,False,Type 2 alveolar,Type 2 alveolar,0.26666668,0.2504272,0.3,0.29809994,0.23333333,0.22844815,0.2,0.22302473
3460,0.9884732,False,Fibroblasts,Fibroblasts,0.29032257,0.3108582,0.29032257,0.28878295,0.38709676,0.3655827,0.032258064,0.034776125
1342,0.9884718,False,Luminal_Macrophages,Luminal_Macrophages,0.48387095,0.4608146,0.22580644,0.2375459,0.2580645,0.26206154,0.032258064,0.03957797
673,0.9884675,False,Dendritic cells,Dendritic cells,0.36666667,0.3801731,0.06666667,0.071602404,0.13333334,0.13795613,0.43333334,0.4102684
3827,0.98846394,False,Luminal_Macrophages,Luminal_Macrophages,0.5862069,0.5945779,0.10344828,0.09603177,0.10344828,0.087792605,0.20689656,0.22159769
3593,0.98846364,False,Fibroblasts,Fibroblasts,0.31034482,0.3334176,0.06896552,0.062100843,0.37931034,0.36976242,0.2413793,0.23471914
2191,0.9884633,False,Dendritic cells,Dendritic cells,0.13333334,0.15640679,0.2,0.19606058,0.2,0.19482747,0.46666667,0.45270517
3091,0.9884615,False,Fibroblasts,Fibroblasts,0.26666668,0.28037378,0.16666667,0.1760366,0.5,0.4803266,0.06666667,0.063263044
1385,0.9884578,False,Type 2 alveolar,Type 2 alveolar,0.09677419,0.103892446,0.3548387,0.33175436,0.32258064,0.32594165,0.22580644,0.23841156
4377,0.9884554,False,Fibroblasts,Fibroblasts,0.16666667,0.18574178,0.06666667,0.06002533,0.43333334,0.41688544,0.33333334,0.3373474
1360,0.98845345,False,Type 2 alveolar,Type 2 alveolar,0.43333334,0.4102402,0.46666667,0.47221273,0.06666667,0.07147664,0.033333335,0.046070397
1071,0.9884528,False,Dendritic cells,Dendritic cells,0.06666667,0.08005528,0.33333334,0.33524314,0.2,0.20779599,0.4,0.3769056
306,0.98845017,False,Dendritic cells,Dendritic cells,0.37931034,0.3970938,0.10344828,0.08759045,0.10344828,0.09620643,0.41379312,0.41910928
4272,0.9884418,False,Dendritic cells,Dendritic cells,0.16666667,0.1597541,0.0,0.022307655,0.4,0.38379624,0.43333334,0.43414208
2335,0.98843825,False,Fibroblasts,Fibroblasts,0.3,0.31892192,0.033333335,0.037534915,0.5,0.48071867,0.16666667,0.1628245
85,0.9884366,False,Dendritic cells,Dendritic cells,0.22580644,0.2421067,0.06451613,0.056358956,0.32258064,0.3294072,0.38709676,0.3721271
2201,0.9884365,False,Type 2 alveolar,Type 2 alveolar,0.20689656,0.21714637,0.44827586,0.4251489,0.31034482,0.31731808,0.03448276,0.0403866
4867,0.9884358,False,Fibroblasts,Fibroblasts,0.20689656,0.22807612,0.03448276,0.036431614,0.37931034,0.36833966,0.37931034,0.3671526
1455,0.9884274,False,Type 2 alveolar,Type 2 alveolar,0.2,0.22193143,0.4,0.37990788,0.2,0.20121375,0.2,0.19694693
2380,0.9884193,False,Type 2 alveolar,Type 2 alveolar,0.23333333,0.25269592,0.5,0.47683862,0.06666667,0.070359446,0.2,0.20010605
2960,0.9884187,False,Fibroblasts,Fibroblasts,0.26666668,0.27918535,0.26666668,0.27731055,0.3,0.2904051,0.16666667,0.15309896
2558,0.98841506,False,Dendritic cells,Dendritic cells,0.16666667,0.1873253,0.23333333,0.23584452,0.16666667,0.15981182,0.43333334,0.41701832
3092,0.9884059,False,Type 2 alveolar,Type 2 alveolar,0.13333334,0.13257417,0.46666667,0.44423762,0.26666668,0.28045782,0.13333334,0.14273036
4628,0.98840564,False,Dendritic cells,Dendritic cells,0.12903225,0.15222098,0.29032257,0.28317815,0.2580645,0.25579467,0.32258064,0.3088062
1881,0.98840517,False,Dendritic cells,Dendritic cells,0.33333334,0.3279834,0.0,0.023189584,0.23333333,0.23258254,0.43333334,0.41624442
4987,0.9884018,False,Luminal_Macrophages,Luminal_Macrophages,0.46666667,0.47357285,0.16666667,0.17474782,0.26666668,0.27487573,0.1,0.07680353
3639,0.98840064,False,Type 2 alveolar,Type 2 alveolar,0.23333333,0.24849114,0.4,0.38072762,0.26666668,0.27470762,0.1,0.09607365
1564,0.9884002,False,Type 2 alveolar,Type 2 alveolar,0.13793103,0.1443453,0.41379312,0.39059365,0.31034482,0.31847727,0.13793103,0.14658384
2342,0.98839897,False,Type 2 alveolar,Type 2 alveolar,0.16666667,0.17609523,0.4,0.37707815,0.16666667,0.16638647,0.26666668,0.28044012
909,0.98839426,False,Dendritic cells,Dendritic cells,0.13333334,0.15164606,0.16666667,0.16197976,0.23333333,0.23823214,0.46666667,0.44814205
2234,0.98838824,False,Dendritic cells,Dendritic cells,0.4,0.42322358,0.1,0.07912007,0.06666667,0.06459564,0.43333334,0.43306074
769,0.98838425,False,Luminal_Macrophages,Luminal_Macrophages,0.5,0.48126966,0.36666667,0.36394444,0.0,0.023231467,0.13333334,0.13155445
2992,0.9883813,False,Dendritic cells,Dendritic cells,0.16666667,0.18990402,0.26666668,0.25308657,0.2,0.19637518,0.36666667,0.36063424
3514,0.98837715,False,Type 2 alveolar,Type 2 alveolar,0.06666667,0.062397104,0.53333336,0.51689714,0.13333334,0.13079342,0.26666668,0.2899123
4187,0.98837686,False,Luminal_Macrophages,Fibroblasts,0.27586207,0.26236615,0.20689656,0.20220125,0.27586207,0.27080703,0.2413793,0.2646256
2805,0.9883641,False,Fibroblasts,Fibroblasts,0.2413793,0.2470839,0.20689656,0.21246387,0.37931034,0.35603848,0.1724138,0.18441369
1709,0.98835987,False,Luminal_Macrophages,Luminal_Macrophages,0.36666667,0.348978,0.3,0.29440838,0.06666667,0.067411944,0.26666668,0.28920168
2666,0.9883542,False,Type 2 alveolar,Type 2 alveolar,0.19354838,0.21683995,0.32258064,0.31006312,0.22580644,0.2214773,0.2580645,0.25161967
4898,0.9883532,False,Luminal_Macrophages,Luminal_Macrophages,0.3448276,0.3459525,0.0,0.022168702,0.31034482,0.3051949,0.3448276,0.3266839
911,0.98835236,False,Dendritic cells,Dendritic cells,0.2,0.22329524,0.2,0.19929019,0.26666668,0.25711673,0.33333334,0.32029778
3916,0.98834944,False,Type 2 alveolar,Type 2 alveolar,0.33333334,0.33089656,0.36666667,0.35264546,0.3,0.2931569,0.0,0.023301084
3246,0.98834884,False,Luminal_Macrophages,Luminal_Macrophages,0.36666667,0.37129754,0.23333333,0.24412069,0.26666668,0.27455086,0.13333334,0.11003101
4918,0.98834825,False,Type 2 alveolar,Type 2 alveolar,0.16666667,0.18293889,0.43333334,0.42019528,0.3,0.3070313,0.1,0.08983454
2300,0.988348,False,Fibroblasts,Fibroblasts,0.3,0.3091656,0.2,0.21413846,0.4,0.38762918,0.1,0.08906681
2917,0.9883476,False,Dendritic cells,Dendritic cells,0.2,0.19785893,0.0,0.023304828,0.23333333,0.22322853,0.56666666,0.55560774
142,0.988345,False,Type 2 alveolar,Type 2 alveolar,0.032258064,0.044191986,0.5483871,0.52507716,0.16129032,0.16605324,0.2580645,0.26467755
705,0.988342,False,Luminal_Macrophages,Luminal_Macrophages,0.36666667,0.3433506,0.033333335,0.04566631,0.3,0.3068884,0.3,0.30409464
792,0.98833954,False,Luminal_Macrophages,Luminal_Macrophages,0.33333334,0.31754145,0.16666667,0.15913762,0.26666668,0.26724753,0.23333333,0.25607342
1902,0.98833835,False,Fibroblasts,Fibroblasts,0.16666667,0.18998991,0.16666667,0.16655926,0.6,0.5914565,0.06666667,0.05199436
2360,0.9883378,False,Type 2 alveolar,Type 2 alveolar,0.26666668,0.289991,0.33333334,0.32762992,0.33333334,0.3219884,0.06666667,0.0603907
2890,0.9883316,False,Luminal_Macrophages,Luminal_Macrophages,0.41379312,0.39045632,0.31034482,0.31664553,0.03448276,0.041866135,0.2413793,0.251032
1129,0.98832923,False,Dendritic cells,Dendritic cells,0.31034482,0.30784717,0.1724138,0.16170062,0.0,0.023341564,0.51724136,0.50711066
2157,0.9883282,False,Dendritic cells,Dendritic cells,0.20689656,0.20418866,0.0,0.02334362,0.27586207,0.27324483,0.51724136,0.4992229
1819,0.98831713,False,Type 2 alveolar,Type 2 alveolar,0.29032257,0.30821425,0.38709676,0.36621028,0.22580644,0.23128054,0.09677419,0.09429495
1715,0.988317,False,Dendritic cells,Dendritic cells,0.23333333,0.23096974,0.33333334,0.3470519,0.033333335,0.042980712,0.4,0.37899768
4146,0.98830104,False,Luminal_Macrophages,Luminal_Macrophages,0.44827586,0.43067753,0.0,0.021887772,0.13793103,0.13213146,0.41379312,0.41530323
761,0.9882933,False,Dendritic cells,Dendritic cells,0.43333334,0.454002,0.06666667,0.050147258,0.033333335,0.036078073,0.46666667,0.45977265
905,0.98829263,False,Luminal_Macrophages,Luminal_Macrophages,0.67741936,0.7008341,0.09677419,0.08691533,0.09677419,0.08529835,0.12903225,0.12695225
3795,0.9882902,False,Fibroblasts,Fibroblasts,0.2580645,0.26611468,0.032258064,0.03906227,0.5483871,0.5249675,0.16129032,0.16985549
4003,0.98828185,False,Fibroblasts,Fibroblasts,0.23333333,0.25484452,0.26666668,0.2685918,0.36666667,0.34991208,0.13333334,0.12665161
2859,0.988281,False,Luminal_Macrophages,Luminal_Macrophages,0.43333334,0.42840654,0.43333334,0.42186543,0.0,0.023437932,0.13333334,0.12629002
3937,0.9882792,False,Fibroblasts,Fibroblasts,0.13333334,0.1402441,0.23333333,0.23298593,0.4,0.3769058,0.23333333,0.24986415
3694,0.98827916,False,Type 2 alveolar,Type 2 alveolar,0.033333335,0.041214515,0.56666666,0.54322493,0.033333335,0.04297814,0.36666667,0.37258238
2602,0.98827696,False,Fibroblasts,Fibroblasts,0.3,0.32312745,0.1,0.10031862,0.53333336,0.51323026,0.06666667,0.06332359
1891,0.9882741,False,Type 2 alveolar,Fibroblasts,0.033333335,0.045209832,0.46666667,0.44741046,0.46666667,0.4624711,0.033333335,0.044908654
1589,0.98826796,False,Dendritic cells,Dendritic cells,0.37931034,0.3805622,0.0,0.022212204,0.13793103,0.13021985,0.4827586,0.46700573
3918,0.98826694,False,Fibroblasts,Fibroblasts,0.4,0.40698808,0.033333335,0.049811393,0.5,0.49726906,0.06666667,0.045931485
4914,0.9882656,False,Fibroblasts,Fibroblasts,0.32258064,0.3298238,0.2580645,0.27429023,0.3548387,0.3422948,0.06451613,0.053591147
1140,0.98826396,False,Dendritic cells,Dendritic cells,0.4,0.3950554,0.16666667,0.16373843,0.0,0.023472112,0.43333334,0.41773412
526,0.9882589,False,Luminal_Macrophages,Luminal_Macrophages,0.53333336,0.50985116,0.23333333,0.2388814,0.033333335,0.0354788,0.2,0.21578865
4861,0.988255,False,Fibroblasts,Fibroblasts,0.13793103,0.15737316,0.03448276,0.038323455,0.51724136,0.49375144,0.31034482,0.31055194
3435,0.9882469,False,Fibroblasts,Fibroblasts,0.23333333,0.24646343,0.2,0.20710556,0.53333336,0.5098272,0.033333335,0.03660385
1240,0.9882385,False,Luminal_Macrophages,Luminal_Macrophages,0.8666667,0.89018965,0.06666667,0.05208077,0.033333335,0.027209137,0.033333335,0.030520523
766,0.9882363,False,Fibroblasts,Fibroblasts,0.2,0.20746964,0.13333334,0.12632151,0.43333334,0.4168178,0.23333333,0.24939099
299,0.98823464,False,Type 2 alveolar,Type 2 alveolar,0.2413793,0.24230358,0.41379312,0.39026234,0.06896552,0.07205919,0.27586207,0.29537484
1261,0.9882299,False,Fibroblasts,Fibroblasts,0.33333334,0.33525038,0.3,0.29605576,0.36666667,0.3470707,0.0,0.021623163
1113,0.988228,False,Fibroblasts,Fibroblasts,0.2580645,0.2743009,0.12903225,0.12251014,0.4516129,0.43459105,0.16129032,0.16859788
3064,0.988223,False,Luminal_Macrophages,Fibroblasts,0.26666668,0.24945514,0.23333333,0.23106161,0.26666668,0.262596,0.23333333,0.25688726
304,0.9882208,False,Fibroblasts,Fibroblasts,0.13793103,0.15510762,0.2413793,0.24665694,0.37931034,0.35575196,0.2413793,0.24248344
3934,0.98821944,False,Type 2 alveolar,Dendritic cells,0.16129032,0.18485147,0.29032257,0.27838054,0.2580645,0.25290748,0.29032257,0.2838605
926,0.9882143,False,Luminal_Macrophages,Luminal_Macrophages,0.53333336,0.55337006,0.06666667,0.05695194,0.033333335,0.036867965,0.36666667,0.35281006
315,0.98821056,False,Luminal_Macrophages,Luminal_Macrophages,0.33333334,0.31585127,0.16666667,0.17254744,0.26666668,0.26056987,0.23333333,0.2510314
275,0.988199,False,Luminal_Macrophages,Luminal_Macrophages,0.4,0.37639794,0.26666668,0.28098005,0.13333334,0.13479036,0.2,0.20783165
2736,0.9881985,False,Type 2 alveolar,Type 2 alveolar,0.13333334,0.12488365,0.33333334,0.31954852,0.3,0.2986316,0.23333333,0.25693622
626,0.9881931,False,Fibroblasts,Fibroblasts,0.33333334,0.34885627,0.033333335,0.041424215,0.46666667,0.44716454,0.16666667,0.16255492
1176,0.9881868,False,Luminal_Macrophages,Luminal_Macrophages,0.48387095,0.4658253,0.2580645,0.2715816,0.06451613,0.0589354,0.19354838,0.20365778
4349,0.98818445,False,Luminal_Macrophages,Luminal_Macrophages,0.56666666,0.59029776,0.2,0.19914289,0.13333334,0.12734543,0.1,0.083213866
4564,0.98818207,False,Type 2 alveolar,Type 2 alveolar,0.1724138,0.19570838,0.3448276,0.32526556,0.1724138,0.17275503,0.31034482,0.306271
2158,0.98817945,False,Luminal_Macrophages,Luminal_Macrophages,0.4,0.38425875,0.3,0.31962955,0.2,0.20401156,0.1,0.092100166
1464,0.98817575,False,Luminal_Macrophages,Luminal_Macrophages,0.3448276,0.33985177,0.20689656,0.23054501,0.3448276,0.33747473,0.10344828,0.09212844
3960,0.98817253,False,Type 2 alveolar,Type 2 alveolar,0.3448276,0.35537276,0.41379312,0.39814562,0.1724138,0.1855235,0.06896552,0.06095808
3409,0.9881701,False,Luminal_Macrophages,Luminal_Macrophages,0.76666665,0.77176607,0.2,0.17753156,0.0,0.018560428,0.033333335,0.032141957
946,0.9881699,False,Fibroblasts,Fibroblasts,0.16666667,0.16761173,0.23333333,0.2539282,0.56666666,0.5430065,0.033333335,0.035453595
4740,0.9881687,False,Dendritic cells,Dendritic cells,0.3,0.32366258,0.13333334,0.12132733,0.2,0.19632275,0.36666667,0.3586873
3117,0.9881658,False,Fibroblasts,Fibroblasts,0.1,0.11510382,0.2,0.19908193,0.43333334,0.410583,0.26666668,0.27523133
4549,0.988162,False,Type 2 alveolar,Type 2 alveolar,0.13793103,0.15167345,0.37931034,0.361573,0.1724138,0.16647504,0.31034482,0.32027847
4766,0.9881555,False,Luminal_Macrophages,Luminal_Macrophages,0.46666667,0.4537802,0.0,0.023688978,0.3,0.2928088,0.23333333,0.229722
782,0.9881519,False,Type 2 alveolar,Type 2 alveolar,0.32258064,0.3376063,0.38709676,0.36818954,0.032258064,0.040928513,0.2580645,0.2532756
754,0.98814917,False,Type 2 alveolar,Type 2 alveolar,0.1,0.105371356,0.43333334,0.40963167,0.23333333,0.24139191,0.23333333,0.24360509
2951,0.9881487,False,Luminal_Macrophages,Luminal_Macrophages,0.3,0.28565896,0.26666668,0.25730506,0.2,0.20292023,0.23333333,0.25411573
3893,0.9881403,False,Fibroblasts,Fibroblasts,0.06896552,0.07928845,0.27586207,0.28111038,0.4827586,0.45903924,0.1724138,0.18056196
3039,0.9881379,False,Type 2 alveolar,Type 2 alveolar,0.37931034,0.40066084,0.4827586,0.46809673,0.06896552,0.07133915,0.06896552,0.05990321
3612,0.98813677,False,Fibroblasts,Fibroblasts,0.26666668,0.28302416,0.1,0.0902276,0.36666667,0.35271257,0.26666668,0.27403563
4887,0.9881338,False,Dendritic cells,Luminal_Macrophages,0.36666667,0.39039907,0.1,0.08909045,0.13333334,0.13085851,0.4,0.38965192
3499,0.9881315,False,Dendritic cells,Dendritic cells,0.23333333,0.2504971,0.1,0.08430327,0.3,0.30657324,0.36666667,0.35862643
4977,0.988131,False,Luminal_Macrophages,Luminal_Macrophages,0.43333334,0.41175213,0.23333333,0.2311765,0.1,0.100810274,0.23333333,0.2562611
418,0.98812854,False,Fibroblasts,Fibroblasts,0.22580644,0.24101998,0.09677419,0.10164059,0.5483871,0.5246442,0.12903225,0.13269523
2340,0.98812747,False,Fibroblasts,Fibroblasts,0.26666668,0.2751812,0.13333334,0.12511626,0.36666667,0.3511387,0.23333333,0.2485639
2966,0.98812735,False,Type 2 alveolar,Type 2 alveolar,0.13793103,0.13800588,0.7241379,0.7052358,0.0,0.023670524,0.13793103,0.13308781
2051,0.988127,False,Type 2 alveolar,Type 2 alveolar,0.2580645,0.26563933,0.38709676,0.3633508,0.19354838,0.19607338,0.16129032,0.17493649
3876,0.988127,False,Type 2 alveolar,Type 2 alveolar,0.19354838,0.20733766,0.41935483,0.40658295,0.032258064,0.042214863,0.3548387,0.34386456
325,0.98812294,False,Dendritic cells,Dendritic cells,0.13333334,0.15627371,0.16666667,0.15934232,0.33333334,0.33414704,0.36666667,0.3502369
3752,0.9881213,False,Dendritic cells,Dendritic cells,0.16666667,0.19042413,0.3,0.28751612,0.2,0.1992275,0.33333334,0.32283232
2766,0.9881193,False,Fibroblasts,Fibroblasts,0.1,0.09544535,0.0,0.023761373,0.46666667,0.44788417,0.43333334,0.43290907
1897,0.98811895,False,Type 2 alveolar,Type 2 alveolar,0.2,0.20809147,0.46666667,0.44290462,0.3,0.300586,0.033333335,0.048417952
4468,0.98811215,False,Type 2 alveolar,Type 2 alveolar,0.3,0.3191605,0.46666667,0.442891,0.1,0.10250009,0.13333334,0.13544841
4525,0.98810965,False,Fibroblasts,Fibroblasts,0.23333333,0.24235256,0.16666667,0.1663203,0.4,0.3765657,0.2,0.2147615
758,0.9881004,False,Type 2 alveolar,Type 2 alveolar,0.2,0.21559246,0.4,0.3772638,0.3,0.30820668,0.1,0.098937064
4607,0.9880991,False,Type 2 alveolar,Type 2 alveolar,0.1724138,0.19046375,0.37931034,0.36363283,0.31034482,0.31609657,0.13793103,0.12980677
124,0.9880982,False,Dendritic cells,Dendritic cells,0.26666668,0.2809823,0.2,0.20948793,0.23333333,0.22051173,0.3,0.28901803
2727,0.9880964,False,Luminal_Macrophages,Luminal_Macrophages,0.46666667,0.45571512,0.33333334,0.35337737,0.06666667,0.07042979,0.13333334,0.12047774
3790,0.988094,False,Type 2 alveolar,Type 2 alveolar,0.033333335,0.049207125,0.4,0.38033894,0.36666667,0.36251566,0.2,0.2079383
68,0.98809373,False,Luminal_Macrophages,Luminal_Macrophages,0.4,0.3816774,0.23333333,0.24335743,0.1,0.09451006,0.26666668,0.28045505
1440,0.9880894,False,Dendritic cells,Dendritic cells,0.033333335,0.03984258,0.23333333,0.22290227,0.1,0.08660987,0.6333333,0.65064526
1551,0.988088,False,Type 2 alveolar,Type 2 alveolar,0.2,0.20016664,0.46666667,0.446638,0.33333334,0.32953802,0.0,0.023657372
3707,0.98807985,False,Fibroblasts,Fibroblasts,0.23333333,0.23644708,0.033333335,0.036134154,0.46666667,0.4428264,0.26666668,0.2845924
1195,0.98807836,False,Type 2 alveolar,Type 2 alveolar,0.13333334,0.14273779,0.53333336,0.52560556,0.23333333,0.24777214,0.1,0.08388444
3055,0.9880707,False,Dendritic cells,Dendritic cells,0.10344828,0.12042943,0.20689656,0.20370737,0.27586207,0.2827395,0.41379312,0.39312372
1901,0.9880692,False,Dendritic cells,Dendritic cells,0.2413793,0.23421918,0.20689656,0.20309421,0.0,0.023861714,0.55172414,0.5388249
3811,0.9880663,False,Fibroblasts,Fibroblasts,0.033333335,0.04164667,0.3,0.2962346,0.43333334,0.41323134,0.23333333,0.24888735
53,0.9880656,False,Dendritic cells,Dendritic cells,0.26666668,0.28337646,0.1,0.091209084,0.2,0.20715901,0.43333334,0.41825548
424,0.98806334,False,Type 2 alveolar,Type 2 alveolar,0.33333334,0.31486136,0.36666667,0.3612653,0.033333335,0.052151516,0.26666668,0.27172184
3281,0.9880565,False,Luminal_Macrophages,Luminal_Macrophages,0.37931034,0.3719051,0.27586207,0.27559474,0.3448276,0.32861316,0.0,0.023886982
896,0.9880526,False,Luminal_Macrophages,Luminal_Macrophages,0.46666667,0.48723572,0.06666667,0.053973444,0.06666667,0.055465046,0.4,0.40332577
271,0.98804903,False,Dendritic cells,Dendritic cells,0.3,0.30092776,0.26666668,0.2610655,0.0,0.02297411,0.43333334,0.41503254
2686,0.9880487,False,Fibroblasts,Fibroblasts,0.2,0.19279976,0.26666668,0.27785417,0.36666667,0.34996423,0.16666667,0.17938182
2743,0.98804635,False,Fibroblasts,Fibroblasts,0.3,0.29109913,0.13333334,0.1251909,0.33333334,0.32646936,0.23333333,0.25724068
3633,0.98804206,False,Type 2 alveolar,Type 2 alveolar,0.22580644,0.22451958,0.41935483,0.39992413,0.0,0.023915915,0.3548387,0.35164037
425,0.9880392,False,Type 2 alveolar,Type 2 alveolar,0.13793103,0.14134149,0.4827586,0.45883703,0.03448276,0.044168215,0.3448276,0.35565326
2548,0.9880311,False,Type 2 alveolar,Type 2 alveolar,0.26666668,0.29060447,0.43333334,0.4138949,0.16666667,0.1647373,0.13333334,0.13076329
3485,0.98802865,False,Luminal_Macrophages,Luminal_Macrophages,0.4,0.3862765,0.33333334,0.35174718,0.16666667,0.1721956,0.1,0.08978074
751,0.988026,False,Luminal_Macrophages,Luminal_Macrophages,0.36666667,0.34360033,0.26666668,0.26670638,0.1,0.09911838,0.26666668,0.29057488
4512,0.9880218,False,Type 2 alveolar,Type 2 alveolar,0.31034482,0.32980126,0.37931034,0.35593387,0.06896552,0.06838557,0.2413793,0.24587929
3218,0.98801684,False,Dendritic cells,Dendritic cells,0.22580644,0.24437208,0.12903225,0.11580308,0.12903225,0.118295096,0.516129,0.5215297
174,0.98801523,False,Dendritic cells,Dendritic cells,0.10344828,0.1068762,0.37931034,0.37230888,0.0,0.02054166,0.51724136,0.5002733
3165,0.9880146,False,Dendritic cells,Dendritic cells,0.0,0.023970854,0.2,0.18791755,0.2,0.18896098,0.6,0.59915066
1580,0.98800933,False,Luminal_Macrophages,Luminal_Macrophages,0.5,0.4790052,0.033333335,0.05731468,0.43333334,0.43057936,0.033333335,0.033100788
3592,0.98800564,False,Dendritic cells,Dendritic cells,0.033333335,0.051491797,0.26666668,0.27249694,0.33333334,0.32757372,0.36666667,0.34843758
1721,0.98800206,False,Type 2 alveolar,Type 2 alveolar,0.46666667,0.46761745,0.5,0.4817587,0.0,0.023045128,0.033333335,0.027578672
4047,0.98799217,False,Dendritic cells,Dendritic cells,0.032258064,0.04913999,0.2580645,0.26519832,0.32258064,0.3190442,0.38709676,0.36661753
770,0.9879864,False,Fibroblasts,Fibroblasts,0.23333333,0.25195673,0.23333333,0.23873712,0.36666667,0.34956473,0.16666667,0.15974143
4042,0.9879855,False,Fibroblasts,Fibroblasts,0.3,0.31292248,0.16666667,0.14881748,0.33333334,0.32715347,0.2,0.2111066
4692,0.98798335,False,Fibroblasts,Fibroblasts,0.3,0.3193733,0.033333335,0.03799333,0.6,0.5886614,0.06666667,0.05397198
475,0.9879815,False,Luminal_Macrophages,Dendritic cells,0.44827586,0.43661168,0.10344828,0.09362349,0.0,0.024037002,0.44827586,0.4457279
2848,0.9879787,False,Luminal_Macrophages,Luminal_Macrophages,0.41935483,0.405623,0.22580644,0.21992645,0.06451613,0.060085442,0.29032257,0.31436515
3777,0.9879772,False,Dendritic cells,Dendritic cells,0.16666667,0.19071221,0.33333334,0.3298447,0.13333334,0.12882903,0.36666667,0.35061404
3345,0.9879768,False,Type 2 alveolar,Type 2 alveolar,0.033333335,0.039917987,0.43333334,0.41015342,0.33333334,0.33246678,0.2,0.21746178
3676,0.9879726,False,Type 2 alveolar,Dendritic cells,0.16666667,0.18011488,0.4,0.3858391,0.033333335,0.043939896,0.4,0.3901061
4475,0.9879723,False,Luminal_Macrophages,Luminal_Macrophages,0.43333334,0.42515674,0.23333333,0.25212422,0.26666668,0.2719312,0.06666667,0.050787892
2924,0.9879695,False,Fibroblasts,Fibroblasts,0.033333335,0.043175958,0.33333334,0.3253643,0.43333334,0.4172414,0.2,0.21421838
369,0.987965,False,Luminal_Macrophages,Luminal_Macrophages,0.43333334,0.44320428,0.1,0.08193982,0.1,0.093990214,0.36666667,0.3808657
2840,0.98796356,False,Type 2 alveolar,Type 2 alveolar,0.033333335,0.050259914,0.46666667,0.4425938,0.4,0.40605754,0.1,0.10108881
4160,0.9879619,False,Dendritic cells,Dendritic cells,0.16129032,0.18356591,0.32258064,0.32438123,0.16129032,0.15753163,0.3548387,0.33452123
2836,0.98796123,False,Type 2 alveolar,Type 2 alveolar,0.1,0.1038096,0.43333334,0.4092558,0.26666668,0.28179705,0.2,0.20513758
800,0.98796034,False,Type 2 alveolar,Type 2 alveolar,0.36666667,0.3819214,0.53333336,0.5109864,0.033333335,0.042157862,0.06666667,0.06493436
285,0.9879576,False,Fibroblasts,Fibroblasts,0.3,0.31540895,0.3,0.29268047,0.36666667,0.3499014,0.033333335,0.042009193
4376,0.98795164,False,Luminal_Macrophages,Luminal_Macrophages,0.33333334,0.34320968,0.23333333,0.24755372,0.3,0.29562402,0.13333334,0.1136126
1885,0.9879501,False,Dendritic cells,Dendritic cells,0.06666667,0.062161982,0.16666667,0.1563428,0.13333334,0.12406214,0.6333333,0.65743315
3901,0.98794454,False,Luminal_Macrophages,Luminal_Macrophages,0.5,0.47588903,0.06666667,0.06915891,0.26666668,0.28423193,0.16666667,0.1707201
175,0.9879399,False,Fibroblasts,Fibroblasts,0.23333333,0.2523596,0.033333335,0.03842725,0.4,0.38159207,0.33333334,0.3276211
1854,0.9879373,False,Fibroblasts,Fibroblasts,0.2580645,0.28125432,0.09677419,0.09413698,0.61290324,0.591415,0.032258064,0.0331937
597,0.98793525,False,Dendritic cells,Dendritic cells,0.06666667,0.06443906,0.0,0.024129465,0.4,0.380585,0.53333336,0.5308464
3193,0.9879324,False,Dendritic cells,Dendritic cells,0.19354838,0.21232887,0.09677419,0.08695555,0.29032257,0.29567733,0.41935483,0.40503827
1320,0.9879318,False,Dendritic cells,Dendritic cells,0.033333335,0.053558443,0.2,0.20166257,0.36666667,0.36891538,0.4,0.37586364
392,0.98792946,False,Type 2 alveolar,Type 2 alveolar,0.033333335,0.036611807,0.7,0.72086257,0.13333334,0.1303486,0.13333334,0.11217699
2700,0.98792785,False,Luminal_Macrophages,Luminal_Macrophages,0.46666667,0.44430792,0.33333334,0.34878567,0.033333335,0.042025294,0.16666667,0.16488105
1105,0.98792374,False,Fibroblasts,Fibroblasts,0.06896552,0.071068615,0.0,0.02204945,0.55172414,0.53676313,0.37931034,0.37011877
1158,0.98791903,False,Dendritic cells,Dendritic cells,0.20689656,0.20518121,0.0,0.024161896,0.3448276,0.33916157,0.44827586,0.43149537
3160,0.987909,False,Fibroblasts,Fibroblasts,0.27586207,0.29846555,0.2413793,0.2429578,0.44827586,0.4262518,0.03448276,0.032324906
2585,0.98790675,False,Dendritic cells,Dendritic cells,0.27586207,0.27773404,0.0,0.022314524,0.2413793,0.23960952,0.4827586,0.4603419
473,0.98790485,False,Type 2 alveolar,Type 2 alveolar,0.06666667,0.06754592,0.46666667,0.44247642,0.2,0.21168557,0.26666668,0.27829215
1069,0.98790365,False,Dendritic cells,Dendritic cells,0.2,0.22035317,0.16666667,0.1607526,0.2,0.20383953,0.43333334,0.41505474
1758,0.98790157,False,Fibroblasts,Fibroblasts,0.22580644,0.24905422,0.16129032,0.15441565,0.41935483,0.40203267,0.19354838,0.19449748
4258,0.9878991,False,Dendritic cells,Dendritic cells,0.29032257,0.31443748,0.22580644,0.21594955,0.09677419,0.09686099,0.38709676,0.37275195
1106,0.98789734,False,Fibroblasts,Fibroblasts,0.22580644,0.24604377,0.19354838,0.18460096,0.3548387,0.33958083,0.22580644,0.2297744
4975,0.9878954,False,Fibroblasts,Fibroblasts,0.3,0.29423505,0.2,0.1943304,0.33333334,0.3205587,0.16666667,0.19087584
919,0.98788863,False,Fibroblasts,Fibroblasts,0.33333334,0.34720752,0.2,0.2103485,0.4,0.3906348,0.06666667,0.051809195
3559,0.9878868,False,Luminal_Macrophages,Luminal_Macrophages,0.56666666,0.5437917,0.033333335,0.034018062,0.16666667,0.16531524,0.23333333,0.25687498
4052,0.9878808,False,Dendritic cells,Dendritic cells,0.06666667,0.07284903,0.2,0.21247883,0.26666668,0.27224377,0.46666667,0.44242826
413,0.9878796,False,Dendritic cells,Dendritic cells,0.26666668,0.28914964,0.06666667,0.06320025,0.23333333,0.23509127,0.43333334,0.4125589
3464,0.987878,False,Luminal_Macrophages,Luminal_Macrophages,0.36666667,0.35406384,0.13333334,0.12169218,0.26666668,0.27462325,0.23333333,0.24962074
4501,0.9878765,False,Type 2 alveolar,Type 2 alveolar,0.26666668,0.28347176,0.53333336,0.51077235,0.033333335,0.040775314,0.16666667,0.16498059
2482,0.9878721,False,Fibroblasts,Fibroblasts,0.31034482,0.31869704,0.20689656,0.21982898,0.44827586,0.42402008,0.03448276,0.03745387
999,0.9878696,False,Dendritic cells,Dendritic cells,0.0,0.024260713,0.44827586,0.43611813,0.06896552,0.06850979,0.4827586,0.4711113
324,0.98786676,False,Fibroblasts,Fibroblasts,0.23333333,0.24659728,0.26666668,0.27766922,0.43333334,0.40969497,0.06666667,0.06603845
2791,0.98786384,False,Dendritic cells,Dendritic cells,0.33333334,0.3539933,0.16666667,0.15606314,0.033333335,0.036945682,0.46666667,0.4529979
2167,0.9878625,False,Luminal_Macrophages,Luminal_Macrophages,0.4,0.38535592,0.33333334,0.3305923,0.13333334,0.12644348,0.13333334,0.15760823
12,0.98785996,False,Type 2 alveolar,Type 2 alveolar,0.2580645,0.2779662,0.4516129,0.43278065,0.12903225,0.123584434,0.16129032,0.16566874
3630,0.98785746,False,Fibroblasts,Fibroblasts,0.16666667,0.18010801,0.3,0.29196268,0.36666667,0.3504189,0.16666667,0.17751043
456,0.9878558,False,Luminal_Macrophages,Luminal_Macrophages,0.5,0.49158937,0.0,0.024288451,0.36666667,0.3519803,0.13333334,0.13214187
2872,0.9878529,False,Fibroblasts,Fibroblasts,0.23333333,0.2345783,0.1,0.10777969,0.53333336,0.5090391,0.13333334,0.14860293
382,0.98785233,False,Luminal_Macrophages,Luminal_Macrophages,0.4827586,0.46505132,0.20689656,0.20406882,0.31034482,0.3065845,0.0,0.024295291
1809,0.98784804,False,Dendritic cells,Dendritic cells,0.16666667,0.1853273,0.13333334,0.113334306,0.33333334,0.33897665,0.36666667,0.36236173
2133,0.98784775,False,Type 2 alveolar,Type 2 alveolar,0.32258064,0.34241396,0.58064514,0.56497926,0.032258064,0.036729217,0.06451613,0.05587755
563,0.98784727,False,Luminal_Macrophages,Luminal_Macrophages,0.5483871,0.5347499,0.2580645,0.28236994,0.12903225,0.124408275,0.06451613,0.058471892
2616,0.98784226,False,Type 2 alveolar,Type 2 alveolar,0.22580644,0.25012195,0.38709676,0.36963,0.12903225,0.12795979,0.2580645,0.2522883
727,0.9878415,False,Fibroblasts,Fibroblasts,0.033333335,0.0447425,0.33333334,0.32375982,0.4,0.38525653,0.23333333,0.24624111
2797,0.98784125,False,Dendritic cells,Dendritic cells,0.3,0.2871089,0.0,0.024317529,0.23333333,0.22582176,0.46666667,0.46275184
572,0.98783815,False,Luminal_Macrophages,Dendritic cells,0.36666667,0.34680393,0.16666667,0.1695567,0.13333334,0.1288724,0.33333334,0.35476702
1076,0.9878353,False,Dendritic cells,Dendritic cells,0.19354838,0.21625593,0.06451613,0.056555405,0.32258064,0.3242025,0.41935483,0.40298614
4621,0.9878313,False,Luminal_Macrophages,Luminal_Macrophages,0.4,0.38834006,0.26666668,0.25963795,0.0,0.024337474,0.33333334,0.32768458
4637,0.9878283,False,Type 2 alveolar,Type 2 alveolar,0.06666667,0.07060128,0.46666667,0.44232333,0.33333334,0.3495875,0.13333334,0.13748789
4560,0.98782647,False,Dendritic cells,Dendritic cells,0.29032257,0.2858384,0.06451613,0.04465325,0.032258064,0.032798346,0.61290324,0.63671
2979,0.9878134,False,Luminal_Macrophages,Luminal_Macrophages,0.43333334,0.44445226,0.2,0.21248674,0.3,0.30076748,0.06666667,0.042293567
2905,0.9878106,False,Dendritic cells,Dendritic cells,0.3,0.29147467,0.26666668,0.2624807,0.0,0.024378717,0.43333334,0.42166585
720,0.98781025,False,Type 2 alveolar,Luminal_Macrophages,0.4,0.4089796,0.43333334,0.4089538,0.13333334,0.13845098,0.033333335,0.043615572
2594,0.9878079,False,Luminal_Macrophages,Luminal_Macrophages,0.43333334,0.4266708,0.4,0.3910766,0.16666667,0.15786852,0.0,0.024384094
4407,0.98780733,False,Type 2 alveolar,Type 2 alveolar,0.26666668,0.28240174,0.4,0.38001806,0.3,0.29559663,0.033333335,0.04198366
1739,0.9878065,False,Type 2 alveolar,Type 2 alveolar,0.2,0.20936678,0.4,0.376646,0.13333334,0.13230036,0.26666668,0.28168687
4581,0.9878049,False,Dendritic cells,Dendritic cells,0.2,0.22162567,0.033333335,0.036097966,0.33333334,0.3322281,0.43333334,0.41004834
3936,0.98779297,False,Luminal_Macrophages,Luminal_Macrophages,0.4,0.39088035,0.26666668,0.26605463,0.0,0.024414074,0.33333334,0.31865093
1114,0.98778945,False,Fibroblasts,Fibroblasts,0.41935483,0.42246953,0.12903225,0.11728105,0.4516129,0.438943,0.0,0.021306463
3157,0.9877794,False,Fibroblasts,Fibroblasts,0.03448276,0.05130405,0.37931034,0.36639336,0.55172414,0.5401998,0.03448276,0.04210277
3624,0.9877777,False,Luminal_Macrophages,Luminal_Macrophages,0.4,0.38691598,0.2,0.19315,0.13333334,0.12882273,0.26666668,0.29111132
388,0.98777646,False,Type 2 alveolar,Type 2 alveolar,0.2,0.22444713,0.6333333,0.6131724,0.1,0.099916235,0.06666667,0.062464196
4037,0.9877724,False,Luminal_Macrophages,Luminal_Macrophages,0.41379312,0.40622422,0.31034482,0.30431148,0.27586207,0.2650091,0.0,0.0244552
1443,0.9877627,False,Luminal_Macrophages,Dendritic cells,0.46666667,0.44532466,0.06666667,0.06353407,0.0,0.024473468,0.46666667,0.46666783
2352,0.9877568,False,Dendritic cells,Dendritic cells,0.26666668,0.29115307,0.16666667,0.1601386,0.2,0.19711907,0.36666667,0.35158932
3695,0.9877567,False,Type 2 alveolar,Type 2 alveolar,0.16129032,0.17248283,0.41935483,0.3948683,0.19354838,0.20033488,0.22580644,0.23231402
2177,0.98774326,False,Luminal_Macrophages,Luminal_Macrophages,0.4,0.41967365,0.16666667,0.15662962,0.033333335,0.03817309,0.4,0.3855236
576,0.9877417,False,Type 2 alveolar,Type 2 alveolar,0.16129032,0.176426,0.58064514,0.55612856,0.032258064,0.0381793,0.22580644,0.22926612
2268,0.98773354,False,Luminal_Macrophages,Luminal_Macrophages,0.6333333,0.65511185,0.06666667,0.05520703,0.13333334,0.120260075,0.16666667,0.16942105
1070,0.9877299,False,Fibroblasts,Fibroblasts,0.1,0.11076215,0.1,0.09619181,0.53333336,0.5126014,0.26666668,0.28044468
1620,0.9877258,False,Luminal_Macrophages,Luminal_Macrophages,0.36666667,0.35090655,0.16666667,0.15787834,0.16666667,0.16977084,0.3,0.32144427
665,0.98772556,False,Fibroblasts,Fibroblasts,0.2,0.21533144,0.2,0.2029633,0.4,0.37545112,0.2,0.20625417
2524,0.98772395,False,Luminal_Macrophages,Luminal_Macrophages,0.4,0.38823897,0.33333334,0.32054222,0.26666668,0.26692984,0.0,0.024288973
239,0.9877159,False,Fibroblasts,Fibroblasts,0.20689656,0.20791078,0.06896552,0.068669215,0.51724136,0.4929695,0.20689656,0.23045057
217,0.9877061,False,Fibroblasts,Fibroblasts,0.3,0.31852317,0.033333335,0.03939795,0.53333336,0.513279,0.13333334,0.12879986
1409,0.98770297,False,Type 2 alveolar,Type 2 alveolar,0.41935483,0.41745555,0.4516129,0.43817002,0.12903225,0.11978042,0.0,0.024594057
1340,0.9876945,False,Type 2 alveolar,Type 2 alveolar,0.06666667,0.069812365,0.46666667,0.44205564,0.3,0.31652397,0.16666667,0.17160805
836,0.98769015,False,Dendritic cells,Dendritic cells,0.26666668,0.28920448,0.16666667,0.16874848,0.1,0.09654075,0.46666667,0.44550624
2044,0.98767614,False,Dendritic cells,Dendritic cells,0.16666667,0.16775137,0.0,0.023563063,0.36666667,0.35976022,0.46666667,0.44892535
3659,0.9876698,False,Type 2 alveolar,Type 2 alveolar,0.3,0.30310965,0.4,0.37533966,0.23333333,0.2407822,0.06666667,0.08076852
1749,0.98766917,False,Fibroblasts,Fibroblasts,0.033333335,0.035630792,0.06666667,0.0585591,0.8333333,0.8556976,0.06666667,0.05011255
513,0.9876684,False,Fibroblasts,Fibroblasts,0.23333333,0.2542849,0.06666667,0.06692901,0.43333334,0.40867013,0.26666668,0.27011603
4715,0.9876659,False,Luminal_Macrophages,Luminal_Macrophages,0.44827586,0.43276042,0.0,0.024668181,0.2413793,0.23624821,0.31034482,0.30632317
1687,0.98766303,False,Fibroblasts,Fibroblasts,0.26666668,0.2872899,0.13333334,0.13738406,0.5,0.4816891,0.1,0.09363687
4695,0.98766285,False,Type 2 alveolar,Type 2 alveolar,0.09677419,0.10554315,0.41935483,0.39468053,0.29032257,0.3032231,0.19354838,0.19655317
2918,0.98766243,False,Luminal_Macrophages,Luminal_Macrophages,0.4827586,0.45808342,0.1724138,0.17870125,0.20689656,0.21073651,0.13793103,0.15247875
4544,0.98765606,False,Fibroblasts,Fibroblasts,0.19354838,0.20415528,0.16129032,0.1753713,0.516129,0.50466925,0.12903225,0.11580414
2061,0.9876554,False,Luminal_Macrophages,Luminal_Macrophages,0.43333334,0.42917445,0.1,0.080354296,0.06666667,0.06578199,0.4,0.4246892
1047,0.987653,False,Fibroblasts,Fibroblasts,0.3,0.31838128,0.1,0.084455475,0.56666666,0.55751723,0.033333335,0.039646007
1019,0.98764926,False,Fibroblasts,Fibroblasts,0.06666667,0.059394777,0.26666668,0.27782112,0.4,0.38257042,0.26666668,0.28021362
1981,0.9876483,False,Dendritic cells,Dendritic cells,0.32258064,0.2981469,0.032258064,0.031988412,0.0,0.020140806,0.6451613,0.64972395
3365,0.9876361,False,Dendritic cells,Dendritic cells,0.03448276,0.05272189,0.44827586,0.43636096,0.03448276,0.040971506,0.4827586,0.46994567
4098,0.98762983,False,Dendritic cells,Dendritic cells,0.1,0.121574216,0.16666667,0.16404611,0.3,0.30316615,0.43333334,0.41121352
1811,0.98762566,False,Luminal_Macrophages,Luminal_Macrophages,0.46666667,0.44548267,0.26666668,0.2814769,0.1,0.09643528,0.16666667,0.17660509
4592,0.98762554,False,Type 2 alveolar,Type 2 alveolar,0.32258064,0.33288044,0.4516129,0.42686397,0.19354838,0.19635023,0.032258064,0.043905336
1361,0.98761994,False,Fibroblasts,Fibroblasts,0.36666667,0.36173886,0.0,0.020968186,0.4,0.38016766,0.23333333,0.2371253
3947,0.9876146,False,Luminal_Macrophages,Luminal_Macrophages,0.43333334,0.4264788,0.0,0.021397898,0.2,0.20337291,0.36666667,0.34875038
2431,0.98761153,False,Fibroblasts,Fibroblasts,0.26666668,0.27421907,0.1,0.09841099,0.6333333,0.6101454,0.0,0.017224591
638,0.98760885,False,Dendritic cells,Dendritic cells,0.19354838,0.21642494,0.032258064,0.034163777,0.3548387,0.3476238,0.41935483,0.40178752
2014,0.987586,False,Luminal_Macrophages,Luminal_Macrophages,0.6333333,0.6219304,0.0,0.024827976,0.26666668,0.2582121,0.1,0.09502955
3605,0.987583,False,Type 2 alveolar,Type 2 alveolar,0.22580644,0.23741959,0.41935483,0.39459896,0.09677419,0.09669609,0.2580645,0.27128538
1294,0.9875827,False,Dendritic cells,Dendritic cells,0.19354838,0.19900975,0.06451613,0.050808635,0.09677419,0.08564704,0.6451613,0.6645345
337,0.98758125,False,Dendritic cells,Dendritic cells,0.26666668,0.29150409,0.13333334,0.12395254,0.23333333,0.23312853,0.36666667,0.3514148
1695,0.98757,False,Fibroblasts,Fibroblasts,0.33333334,0.34981814,0.13333334,0.14170863,0.43333334,0.4208564,0.1,0.087616876
976,0.9875693,False,Fibroblasts,Fibroblasts,0.033333335,0.046293586,0.23333333,0.23593357,0.46666667,0.44180518,0.26666668,0.27596772
4361,0.98756784,False,Fibroblasts,Fibroblasts,0.13333334,0.13446355,0.4,0.39164042,0.46666667,0.45016196,0.0,0.02373411
3274,0.9875637,False,Dendritic cells,Dendritic cells,0.29032257,0.30287012,0.29032257,0.28753632,0.032258064,0.044583026,0.38709676,0.3650105
4083,0.98756045,False,Type 2 alveolar,Type 2 alveolar,0.2,0.21931429,0.36666667,0.34411916,0.2,0.19766845,0.23333333,0.23889811
1313,0.98755956,False,Fibroblasts,Fibroblasts,0.1,0.09340267,0.2,0.21610531,0.5,0.48171654,0.2,0.20877557
3069,0.9875595,False,Fibroblasts,Fibroblasts,0.06666667,0.066890754,0.2,0.201411,0.73333335,0.70845234,0.0,0.023245884
2189,0.98755604,False,Fibroblasts,Fibroblasts,0.26666668,0.280641,0.23333333,0.24424696,0.43333334,0.41731313,0.06666667,0.057798896
1753,0.9875556,False,Type 2 alveolar,Type 2 alveolar,0.12903225,0.12878074,0.41935483,0.3947176,0.2580645,0.27011442,0.19354838,0.20638719
400,0.9875514,False,Luminal_Macrophages,Luminal_Macrophages,0.44827586,0.4491105,0.1724138,0.16150923,0.0,0.024062581,0.37931034,0.36531767
4180,0.98754615,False,Fibroblasts,Fibroblasts,0.16666667,0.18178655,0.06666667,0.060431268,0.46666667,0.44799435,0.3,0.3097878
1436,0.9875423,False,Type 2 alveolar,Type 2 alveolar,0.2580645,0.26931313,0.41935483,0.39443934,0.032258064,0.04227961,0.29032257,0.2939679
928,0.9875371,False,Luminal_Macrophages,Dendritic cells,0.3548387,0.34096622,0.22580644,0.2471109,0.06451613,0.06813753,0.3548387,0.34378532
4092,0.98753643,False,Dendritic cells,Dendritic cells,0.2,0.22147281,0.2,0.20345424,0.26666668,0.25788537,0.33333334,0.31718755
814,0.9875267,False,Dendritic cells,Dendritic cells,0.13333334,0.15679899,0.3,0.30148092,0.13333334,0.1278556,0.43333334,0.41386443
491,0.9875205,False,Luminal_Macrophages,Luminal_Macrophages,0.5,0.49469814,0.0,0.024958983,0.4,0.38930425,0.1,0.091038555
4880,0.9875188,False,Fibroblasts,Fibroblasts,0.23333333,0.24438171,0.16666667,0.16136903,0.46666667,0.44700184,0.13333334,0.14724746
4828,0.98751837,False,Fibroblasts,Fibroblasts,0.26666668,0.2846316,0.06666667,0.05878284,0.5,0.4829206,0.16666667,0.17366499
3975,0.9875163,False,Dendritic cells,Dendritic cells,0.13333334,0.14562668,0.13333334,0.121709034,0.26666668,0.27934074,0.46666667,0.45332354
199,0.9875152,False,Fibroblasts,Fibroblasts,0.13333334,0.15830298,0.36666667,0.3607269,0.46666667,0.4497743,0.033333335,0.03119588
3392,0.9875002,False,Luminal_Macrophages,Luminal_Macrophages,0.5,0.48454642,0.43333334,0.42962468,0.06666667,0.060829345,0.0,0.024999607
335,0.9874975,False,Luminal_Macrophages,Luminal_Macrophages,0.5,0.47499508,0.16666667,0.1693827,0.23333333,0.242526,0.1,0.11309625
2054,0.9874864,False,Luminal_Macrophages,Luminal_Macrophages,0.36666667,0.35299182,0.033333335,0.049651206,0.26666668,0.27537593,0.33333334,0.321981
742,0.9874835,False,Fibroblasts,Fibroblasts,0.22580644,0.23132862,0.032258064,0.04016622,0.41935483,0.3943219,0.32258064,0.33418334
4395,0.9874808,False,Fibroblasts,Fibroblasts,0.16129032,0.16095455,0.22580644,0.2396119,0.3548387,0.33013612,0.2580645,0.26929745
3021,0.98747855,False,Fibroblasts,Fibroblasts,0.26666668,0.2737911,0.1,0.09079195,0.4,0.3841652,0.23333333,0.25125182
961,0.98747814,False,Dendritic cells,Dendritic cells,0.3448276,0.3698713,0.13793103,0.1196373,0.10344828,0.10027712,0.41379312,0.41021428
2221,0.98747563,False,Type 2 alveolar,Type 2 alveolar,0.2413793,0.26133186,0.37931034,0.35859638,0.27586207,0.28095824,0.10344828,0.09911346
1266,0.98747313,False,Type 2 alveolar,Type 2 alveolar,0.09677419,0.0948738,0.48387095,0.46071765,0.19354838,0.19970575,0.22580644,0.24470274
3322,0.9874725,False,Type 2 alveolar,Type 2 alveolar,0.1724138,0.1904618,0.41379312,0.39488834,0.27586207,0.28286907,0.13793103,0.13178077
830,0.987467,False,Type 2 alveolar,Type 2 alveolar,0.26666668,0.2917327,0.46666667,0.45239308,0.06666667,0.0647215,0.2,0.19115272
4470,0.98746675,False,Luminal_Macrophages,Luminal_Macrophages,0.3,0.2884613,0.23333333,0.22511083,0.26666668,0.26136136,0.2,0.22506653
1533,0.98746127,False,Fibroblasts,Fibroblasts,0.0,0.025077548,0.3,0.29588005,0.43333334,0.41573155,0.26666668,0.26331094
1727,0.98745984,False,Dendritic cells,Dendritic cells,0.0,0.025080381,0.43333334,0.42537948,0.1,0.09604199,0.46666667,0.45349818
538,0.98745877,False,Luminal_Macrophages,Luminal_Macrophages,0.38709676,0.37786394,0.0,0.022422716,0.2580645,0.26072425,0.3548387,0.3389891
3379,0.9874506,False,Type 2 alveolar,Type 2 alveolar,0.13793103,0.16209322,0.3448276,0.32330123,0.2413793,0.24231587,0.27586207,0.2722897
3841,0.9874506,False,Type 2 alveolar,Type 2 alveolar,0.2413793,0.2557019,0.41379312,0.38869432,0.20689656,0.2103678,0.13793103,0.14523597
4734,0.9874382,False,Luminal_Macrophages,Luminal_Macrophages,0.43333334,0.42989233,0.33333334,0.3169692,0.0,0.02512363,0.23333333,0.22801492
1083,0.98743606,False,Fibroblasts,Fibroblasts,0.20689656,0.22364269,0.20689656,0.2152783,0.51724136,0.4983228,0.06896552,0.06275617
1490,0.987436,False,Luminal_Macrophages,Luminal_Macrophages,0.55172414,0.5402211,0.1724138,0.16843474,0.27586207,0.26621616,0.0,0.025127992
867,0.9874267,False,Luminal_Macrophages,Luminal_Macrophages,0.46666667,0.48414528,0.43333334,0.4203172,0.033333335,0.041001327,0.06666667,0.054536197
3610,0.9874244,False,Dendritic cells,Dendritic cells,0.3,0.29932937,0.0,0.025151191,0.33333334,0.32510513,0.36666667,0.35041434
278,0.98742133,False,Fibroblasts,Fibroblasts,0.13333334,0.15849067,0.1,0.09276005,0.4,0.3862211,0.36666667,0.36252818
3479,0.9874151,False,Fibroblasts,Fibroblasts,0.4,0.4008749,0.13333334,0.13786589,0.46666667,0.44149676,0.0,0.019762373
855,0.9873996,False,Type 2 alveolar,Type 2 alveolar,0.26666668,0.26617074,0.4,0.38646773,0.0,0.025200898,0.33333334,0.3221607
3132,0.9873985,False,Fibroblasts,Fibroblasts,0.22580644,0.24224046,0.032258064,0.041027095,0.41935483,0.40121257,0.32258064,0.31551984
266,0.98739415,False,Dendritic cells,Dendritic cells,0.2,0.21689293,0.2,0.2061183,0.2,0.20220049,0.4,0.37478828
219,0.9873918,False,Luminal_Macrophages,Luminal_Macrophages,0.36666667,0.3463463,0.23333333,0.24915649,0.2,0.19510403,0.2,0.20939319
505,0.98736984,False,Luminal_Macrophages,Luminal_Macrophages,0.4516129,0.46542737,0.032258064,0.04370398,0.4516129,0.44339845,0.06451613,0.047470223
3267,0.98736,False,Type 2 alveolar,Dendritic cells,0.06666667,0.065075226,0.46666667,0.45239884,0.0,0.025280058,0.46666667,0.45724592
785,0.9873542,False,Type 2 alveolar,Type 2 alveolar,0.2,0.22529146,0.6333333,0.61639404,0.13333334,0.12832618,0.033333335,0.029988214
1892,0.9873513,False,Luminal_Macrophages,Luminal_Macrophages,0.48387095,0.4585735,0.2580645,0.28046444,0.19354838,0.19598183,0.06451613,0.06498017
4533,0.98735094,False,Fibroblasts,Fibroblasts,0.20689656,0.2321947,0.1724138,0.15491174,0.31034482,0.3083281,0.31034482,0.30456546
4236,0.98734677,False,Fibroblasts,Dendritic cells,0.10344828,0.103281125,0.0,0.025306417,0.44827586,0.430894,0.44827586,0.4405185
993,0.98734516,False,Type 2 alveolar,Type 2 alveolar,0.13333334,0.14402583,0.5,0.47819054,0.06666667,0.06316643,0.3,0.3146172
3775,0.9873335,False,Luminal_Macrophages,Luminal_Macrophages,0.4516129,0.44055355,0.3548387,0.34334993,0.0,0.025333125,0.19354838,0.19076341
848,0.9873308,False,Fibroblasts,Fibroblasts,0.1724138,0.17435715,0.0,0.023394987,0.79310346,0.7724044,0.03448276,0.02984342
1812,0.98732954,False,Fibroblasts,Fibroblasts,0.31034482,0.32313,0.1724138,0.18212995,0.4827586,0.4574177,0.03448276,0.03732236
3536,0.98732805,False,Type 2 alveolar,Fibroblasts,0.033333335,0.050121155,0.46666667,0.44812083,0.46666667,0.45986858,0.033333335,0.04188939
1954,0.98732793,False,Type 2 alveolar,Type 2 alveolar,0.19354838,0.20917723,0.38709676,0.36814582,0.2580645,0.2677798,0.16129032,0.15489717
1700,0.987324,False,Luminal_Macrophages,Luminal_Macrophages,0.46666667,0.44271192,0.26666668,0.28428984,0.16666667,0.17439547,0.1,0.09860276
4543,0.9873146,False,Type 2 alveolar,Type 2 alveolar,0.33333334,0.33243176,0.4,0.3758437,0.0,0.025370786,0.26666668,0.26635376
1810,0.98731214,False,Fibroblasts,Fibroblasts,0.46666667,0.46612623,0.033333335,0.040112678,0.5,0.4751647,0.0,0.018596372
1519,0.98730725,False,Luminal_Macrophages,Luminal_Macrophages,0.4,0.39974573,0.0,0.022245137,0.4,0.37486878,0.2,0.20314038
3253,0.98730713,False,Luminal_Macrophages,Luminal_Macrophages,0.33333334,0.31682652,0.23333333,0.24341209,0.16666667,0.15778774,0.26666668,0.28197363
4215,0.987304,False,Fibroblasts,Fibroblasts,0.1724138,0.19780579,0.20689656,0.20521916,0.31034482,0.30167934,0.31034482,0.2952957
3847,0.98730177,False,Dendritic cells,Dendritic cells,0.16666667,0.19206314,0.3,0.29892644,0.16666667,0.16353102,0.36666667,0.34547937
530,0.98730105,False,Luminal_Macrophages,Luminal_Macrophages,0.36666667,0.3726185,0.33333334,0.31743953,0.3,0.2904959,0.0,0.019446101
3049,0.98729676,False,Fibroblasts,Fibroblasts,0.3,0.3170345,0.1,0.102873616,0.43333334,0.40792686,0.16666667,0.17216504
1947,0.9872965,False,Dendritic cells,Dendritic cells,0.06666667,0.068863444,0.16666667,0.15438075,0.13333334,0.12021231,0.6333333,0.6565435
2956,0.987294,False,Fibroblasts,Fibroblasts,0.26666668,0.26463386,0.06666667,0.06802033,0.43333334,0.40995422,0.23333333,0.2573916
1898,0.98729193,False,Fibroblasts,Fibroblasts,0.2,0.21411604,0.2,0.20826583,0.56666666,0.54125047,0.033333335,0.036367662
3388,0.9872918,False,Luminal_Macrophages,Luminal_Macrophages,0.37931034,0.3604266,0.20689656,0.23231295,0.3448276,0.34155244,0.06896552,0.06570807
1606,0.98728955,False,Luminal_Macrophages,Luminal_Macrophages,0.36666667,0.35370314,0.1,0.08754261,0.26666668,0.27195758,0.26666668,0.28679666
1245,0.98728937,False,Luminal_Macrophages,Luminal_Macrophages,0.37931034,0.35388914,0.27586207,0.27862865,0.03448276,0.041561563,0.31034482,0.32592064
1428,0.9872893,False,Type 2 alveolar,Type 2 alveolar,0.23333333,0.25222346,0.46666667,0.44176936,0.26666668,0.2661426,0.033333335,0.039864607
3551,0.9872796,False,Luminal_Macrophages,Luminal_Macrophages,0.43333334,0.42786703,0.0,0.02528267,0.43333334,0.41335884,0.13333334,0.1334914
3030,0.98727804,False,Fibroblasts,Fibroblasts,0.31034482,0.30175218,0.03448276,0.045603488,0.41379312,0.3969418,0.2413793,0.25570256
1093,0.98727185,False,Fibroblasts,Fibroblasts,0.36666667,0.37057114,0.06666667,0.07073517,0.56666666,0.54121035,0.0,0.017483408
3980,0.9872713,False,Type 2 alveolar,Type 2 alveolar,0.033333335,0.043923646,0.4,0.37454265,0.33333334,0.337721,0.23333333,0.24381272
862,0.98726714,False,Dendritic cells,Dendritic cells,0.1,0.1199145,0.2,0.1935325,0.26666668,0.27221784,0.43333334,0.41433516
3067,0.9872616,False,Fibroblasts,Fibroblasts,0.26666668,0.26749375,0.033333335,0.04429664,0.43333334,0.4078565,0.26666668,0.28035307
2112,0.98725903,False,Luminal_Macrophages,Luminal_Macrophages,0.5,0.5170363,0.033333335,0.04177892,0.4,0.38820016,0.06666667,0.05298452
261,0.98725504,False,Fibroblasts,Fibroblasts,0.033333335,0.047876507,0.23333333,0.23684533,0.46666667,0.44117674,0.26666668,0.27410138
2598,0.98725307,False,Dendritic cells,Dendritic cells,0.3,0.30498207,0.13333334,0.11507124,0.0,0.020511763,0.56666666,0.5594349
1944,0.9872482,False,Dendritic cells,Dendritic cells,0.36666667,0.35178813,0.23333333,0.22270827,0.0,0.022833904,0.4,0.40266967
3533,0.9872438,False,Fibroblasts,Fibroblasts,0.2,0.2105161,0.13333334,0.12900054,0.46666667,0.44548702,0.2,0.21499631
2744,0.987241,False,Fibroblasts,Fibroblasts,0.20689656,0.22190937,0.13793103,0.14843614,0.55172414,0.5358238,0.10344828,0.09383067
2860,0.9872404,False,Fibroblasts,Fibroblasts,0.26666668,0.29125682,0.2,0.20092906,0.43333334,0.41637704,0.1,0.09143707
2806,0.98723984,False,Fibroblasts,Fibroblasts,0.22580644,0.24737774,0.16129032,0.16523936,0.516129,0.49429038,0.09677419,0.09309253
4141,0.98723745,False,Fibroblasts,Fibroblasts,0.26666668,0.2808573,0.033333335,0.040150702,0.5,0.47447485,0.2,0.20451711
3971,0.987234,False,Type 2 alveolar,Dendritic cells,0.0,0.025027327,0.4516129,0.42930892,0.09677419,0.09727884,0.4516129,0.44838494
4689,0.9872207,False,Luminal_Macrophages,Luminal_Macrophages,0.6333333,0.65097326,0.1,0.08851636,0.06666667,0.052591734,0.2,0.20791863
3411,0.9872194,False,Type 2 alveolar,Type 2 alveolar,0.16129032,0.18285346,0.4516129,0.42914733,0.19354838,0.19045278,0.19354838,0.19754648
1166,0.9872188,False,Type 2 alveolar,Type 2 alveolar,0.06666667,0.069339946,0.46666667,0.4427171,0.13333334,0.13172048,0.33333334,0.35622248
2759,0.9872159,False,Fibroblasts,Fibroblasts,0.0,0.025568271,0.3,0.29252404,0.53333336,0.5206241,0.16666667,0.1612836
4553,0.98721284,False,Dendritic cells,Dendritic cells,0.2,0.22557431,0.23333333,0.22765674,0.13333334,0.124107264,0.43333334,0.42266166
941,0.9872104,False,Type 2 alveolar,Type 2 alveolar,0.16666667,0.1875869,0.46666667,0.44126043,0.13333334,0.13316031,0.23333333,0.23799233
966,0.98720604,False,Fibroblasts,Fibroblasts,0.0,0.02558794,0.1,0.093891025,0.5,0.4874707,0.4,0.39305046
4518,0.98719156,False,Fibroblasts,Fibroblasts,0.4,0.40701076,0.1,0.08666157,0.5,0.48772162,0.0,0.018606089
4134,0.98718876,False,Dendritic cells,Dendritic cells,0.2,0.22306947,0.1,0.08106263,0.16666667,0.15998153,0.53333336,0.53588635
3528,0.9871791,False,Type 2 alveolar,Type 2 alveolar,0.2,0.22476952,0.4,0.3819373,0.13333334,0.1257542,0.26666668,0.26753896
4791,0.9871755,False,Type 2 alveolar,Dendritic cells,0.26666668,0.26212132,0.3,0.28845325,0.16666667,0.1571098,0.26666668,0.29231557
3976,0.98717225,False,Type 2 alveolar,Type 2 alveolar,0.2,0.2216472,0.43333334,0.40832785,0.13333334,0.13268334,0.23333333,0.23734158
166,0.9871701,False,Fibroblasts,Fibroblasts,0.13333334,0.14836715,0.23333333,0.23464334,0.4,0.37434024,0.23333333,0.24264929
3705,0.9871695,False,Fibroblasts,Fibroblasts,0.06451613,0.07987566,0.32258064,0.3149149,0.38709676,0.36910143,0.22580644,0.23610796
3072,0.9871649,False,Luminal_Macrophages,Luminal_Macrophages,0.43333334,0.41920692,0.0,0.024736889,0.26666668,0.2675999,0.3,0.28845626
2164,0.98716444,False,Dendritic cells,Dendritic cells,0.26666668,0.24133731,0.26666668,0.28334486,0.13333334,0.14232633,0.33333334,0.33299154
2418,0.9871555,False,Fibroblasts,Fibroblasts,0.43333334,0.43120515,0.0,0.025689034,0.5,0.48297843,0.06666667,0.06012734
1843,0.9871551,False,Dendritic cells,Dendritic cells,0.26666668,0.28266487,0.06666667,0.049945008,0.06666667,0.057698444,0.6,0.60969174
3480,0.9871543,False,Luminal_Macrophages,Luminal_Macrophages,0.4827586,0.4729597,0.10344828,0.087555826,0.31034482,0.32563663,0.10344828,0.113847874
3686,0.98715293,False,Type 2 alveolar,Type 2 alveolar,0.16666667,0.1820135,0.43333334,0.42022377,0.3,0.31034732,0.1,0.08741538
1481,0.9871438,False,Fibroblasts,Fibroblasts,0.16666667,0.18059456,0.1,0.09179624,0.5,0.48249134,0.23333333,0.24511786
1946,0.98714334,False,Fibroblasts,Fibroblasts,0.1724138,0.18507355,0.1724138,0.17818351,0.4827586,0.45704532,0.1724138,0.17969769
1825,0.9871393,False,Fibroblasts,Fibroblasts,0.19354838,0.20414086,0.19354838,0.20171602,0.41935483,0.39363343,0.19354838,0.20050974
899,0.9871392,False,Fibroblasts,Fibroblasts,0.12903225,0.14175192,0.09677419,0.08619359,0.4516129,0.4364719,0.32258064,0.33558255
566,0.9871391,False,Fibroblasts,Fibroblasts,0.26666668,0.2923885,0.06666667,0.064786725,0.33333334,0.32651988,0.33333334,0.3163049
4532,0.98713815,False,Dendritic cells,Dendritic cells,0.23333333,0.25109237,0.1,0.08464792,0.3,0.30796462,0.36666667,0.35629508
3337,0.98713565,False,Dendritic cells,Dendritic cells,0.13333334,0.11108752,0.3,0.31184027,0.13333334,0.12985042,0.43333334,0.44722185
2735,0.98713094,False,Luminal_Macrophages,Luminal_Macrophages,0.6,0.5768085,0.1,0.11288171,0.23333333,0.2461897,0.06666667,0.06412005
1112,0.9871205,False,Dendritic cells,Dendritic cells,0.3,0.28987235,0.3,0.2936899,0.0,0.025758907,0.4,0.39067882
4171,0.9871106,False,Dendritic cells,Dendritic cells,0.23333333,0.23391174,0.36666667,0.3455966,0.0,0.025200384,0.4,0.39529124
1958,0.98710924,False,Fibroblasts,Fibroblasts,0.1,0.097141966,0.33333334,0.32825696,0.56666666,0.5488196,0.0,0.0257815
145,0.987104,False,Fibroblasts,Fibroblasts,0.23333333,0.25260407,0.033333335,0.03985464,0.36666667,0.35619715,0.36666667,0.35134417
1131,0.9871031,False,Luminal_Macrophages,Luminal_Macrophages,0.4516129,0.4258191,0.16129032,0.17314187,0.32258064,0.33246177,0.06451613,0.068577245
3591,0.9871021,False,Type 2 alveolar,Type 2 alveolar,0.2,0.22033182,0.5,0.48191634,0.2,0.20546395,0.1,0.09228783
3367,0.9871003,False,Dendritic cells,Dendritic cells,0.31034482,0.31312463,0.13793103,0.12423388,0.0,0.023019526,0.55172414,0.53962195
4495,0.98709774,False,Luminal_Macrophages,Luminal_Macrophages,0.4,0.38881198,0.0,0.024641281,0.36666667,0.35205022,0.23333333,0.23449653
1010,0.9870944,False,Type 2 alveolar,Type 2 alveolar,0.3,0.31943122,0.56666666,0.5485784,0.033333335,0.03971333,0.1,0.092277125
3609,0.9870928,False,Fibroblasts,Fibroblasts,0.19354838,0.20227148,0.032258064,0.037756577,0.516129,0.49031466,0.2580645,0.26965734
52,0.9870815,False,Dendritic cells,Dendritic cells,0.0,0.024622286,0.36666667,0.35908255,0.23333333,0.23454808,0.4,0.38174716
1716,0.98707926,False,Dendritic cells,Dendritic cells,0.26666668,0.27700377,0.06666667,0.048956268,0.06666667,0.058535606,0.6,0.6155044
2006,0.987078,False,Fibroblasts,Fibroblasts,0.23333333,0.25154522,0.2,0.20763208,0.46666667,0.4467103,0.1,0.094112396
2742,0.98707294,False,Fibroblasts,Fibroblasts,0.2580645,0.25906527,0.2580645,0.28291783,0.41935483,0.40360218,0.06451613,0.054414745
4205,0.9870718,False,Type 2 alveolar,Fibroblasts,0.0,0.025856348,0.44827586,0.4313678,0.44827586,0.44528186,0.10344828,0.09749401
1874,0.98707134,False,Dendritic cells,Dendritic cells,0.36666667,0.36343503,0.2,0.18922612,0.0,0.025857372,0.43333334,0.4214815
4063,0.9870657,False,Fibroblasts,Fibroblasts,0.2,0.20842056,0.16666667,0.16936073,0.43333334,0.40746468,0.2,0.21475407
3355,0.9870491,False,Dendritic cells,Dendritic cells,0.33333334,0.32701886,0.2,0.2184847,0.06666667,0.074083745,0.4,0.3804127
2264,0.98704815,False,Type 2 alveolar,Type 2 alveolar,0.033333335,0.041890968,0.46666667,0.44076294,0.1,0.10058136,0.4,0.41676477
4784,0.98704326,False,Type 2 alveolar,Type 2 alveolar,0.16666667,0.17226094,0.4,0.37408647,0.23333333,0.2373544,0.2,0.21629813
603,0.987032,False,Dendritic cells,Dendritic cells,0.13333334,0.15123275,0.1,0.07748821,0.3,0.30803663,0.46666667,0.46324244
3182,0.98703074,False,Type 2 alveolar,Type 2 alveolar,0.16666667,0.18464677,0.46666667,0.4407282,0.06666667,0.069465555,0.3,0.30515948
679,0.9870283,False,Type 2 alveolar,Type 2 alveolar,0.19354838,0.21746886,0.5483871,0.52847654,0.16129032,0.1633133,0.09677419,0.090741344
663,0.9870273,False,Luminal_Macrophages,Luminal_Macrophages,0.33333334,0.32091913,0.23333333,0.22574425,0.2,0.19405785,0.23333333,0.2592788
4685,0.98702645,False,Luminal_Macrophages,Luminal_Macrophages,0.44827586,0.42926502,0.1724138,0.1727965,0.37931034,0.3723741,0.0,0.025564395
917,0.9870202,False,Luminal_Macrophages,Luminal_Macrophages,0.48387095,0.4579114,0.12903225,0.13572131,0.19354838,0.19853406,0.19354838,0.20783328
4844,0.9870143,False,Dendritic cells,Dendritic cells,0.13793103,0.14722507,0.13793103,0.11819973,0.13793103,0.13169087,0.5862069,0.60288435
2528,0.98701024,False,Luminal_Macrophages,Luminal_Macrophages,0.4516129,0.4256334,0.2580645,0.25971183,0.032258064,0.041767575,0.2580645,0.2728873
4515,0.98699564,False,Luminal_Macrophages,Luminal_Macrophages,0.51724136,0.51687765,0.0,0.026008785,0.41379312,0.39241508,0.06896552,0.064698495
3385,0.98697937,False,Type 2 alveolar,Type 2 alveolar,0.33333334,0.35937455,0.5,0.49429795,0.06666667,0.0632612,0.1,0.08306619
1960,0.98696506,False,Fibroblasts,Fibroblasts,0.13793103,0.13507277,0.10344828,0.101256646,0.55172414,0.53070414,0.20689656,0.23296641
3416,0.9869612,False,Luminal_Macrophages,Luminal_Macrophages,0.4,0.38999686,0.1,0.0839255,0.23333333,0.23958817,0.26666668,0.28648946
4802,0.9869528,False,Fibroblasts,Fibroblasts,0.3,0.32609442,0.13333334,0.13088432,0.53333336,0.5127764,0.033333335,0.030244892
3526,0.9869514,False,Dendritic cells,Dendritic cells,0.1,0.10330199,0.36666667,0.35927826,0.0,0.02279518,0.53333336,0.51462454
1693,0.98694974,False,Dendritic cells,Dendritic cells,0.32258064,0.34243238,0.22580644,0.22185086,0.032258064,0.03850683,0.41935483,0.3972099
3714,0.9869447,False,Luminal_Macrophages,Luminal_Macrophages,0.46666667,0.44675034,0.06666667,0.064103596,0.16666667,0.16303544,0.3,0.32611063
3736,0.98694336,False,Dendritic cells,Dendritic cells,0.20689656,0.21781196,0.03448276,0.041605346,0.27586207,0.28393742,0.4827586,0.4566453
4290,0.9869428,False,Type 2 alveolar,Type 2 alveolar,0.0,0.026114304,0.53333336,0.5122655,0.06666667,0.06447572,0.4,0.39714447
1615,0.9869427,False,Luminal_Macrophages,Luminal_Macrophages,0.43333334,0.4121267,0.26666668,0.29103372,0.23333333,0.23508093,0.06666667,0.061758675
1110,0.986941,False,Luminal_Macrophages,Luminal_Macrophages,0.37931034,0.35669768,0.2413793,0.25944665,0.2413793,0.23787397,0.13793103,0.14598165
2692,0.9869367,False,Dendritic cells,Dendritic cells,0.3,0.2911134,0.3,0.2971775,0.0,0.026126506,0.4,0.3855825
1280,0.98693305,False,Luminal_Macrophages,Luminal_Macrophages,0.62068963,0.5994721,0.10344828,0.11331892,0.13793103,0.13301462,0.13793103,0.15419433
2622,0.98693156,False,Fibroblasts,Fibroblasts,0.033333335,0.039979726,0.3,0.30491593,0.5,0.47386315,0.16666667,0.18124115
1767,0.9869155,False,Dendritic cells,Dendritic cells,0.13333334,0.14216436,0.13333334,0.110551775,0.16666667,0.16327928,0.56666666,0.5840045
554,0.9869138,False,Dendritic cells,Dendritic cells,0.2,0.21949594,0.1,0.09600926,0.26666668,0.27334312,0.43333334,0.41115162
410,0.9869112,False,Fibroblasts,Fibroblasts,0.16129032,0.17389262,0.2580645,0.27163988,0.48387095,0.46526578,0.09677419,0.08920173
3729,0.98690945,False,Fibroblasts,Fibroblasts,0.23333333,0.22098407,0.23333333,0.2315393,0.3,0.2879622,0.23333333,0.25951445
1018,0.9869082,False,Fibroblasts,Fibroblasts,0.23333333,0.2316725,0.26666668,0.28086144,0.43333334,0.40881062,0.06666667,0.078655496
4835,0.9869039,False,Luminal_Macrophages,Luminal_Macrophages,0.43333334,0.41678134,0.26666668,0.2832667,0.13333334,0.12369315,0.16666667,0.17625886
632,0.9868985,False,Fibroblasts,Fibroblasts,0.033333335,0.05209719,0.13333334,0.13299584,0.76666665,0.7741058,0.06666667,0.04080114
2591,0.98689574,False,Fibroblasts,Fibroblasts,0.13333334,0.1527278,0.4,0.38057125,0.43333334,0.42655355,0.033333335,0.040147383
428,0.9868936,False,Type 2 alveolar,Type 2 alveolar,0.20689656,0.21737331,0.37931034,0.35309756,0.13793103,0.14175846,0.27586207,0.2877707
914,0.9868876,False,Fibroblasts,Fibroblasts,0.1724138,0.18300888,0.10344828,0.09565951,0.7241379,0.7057018,0.0,0.015629815
2534,0.98688436,False,Dendritic cells,Dendritic cells,0.33333334,0.35726535,0.033333335,0.03563258,0.16666667,0.16520911,0.46666667,0.44189292
56,0.98688394,False,Dendritic cells,Dendritic cells,0.06666667,0.061130896,0.1,0.07930362,0.3,0.30986294,0.53333336,0.5497025
4851,0.9868803,False,Type 2 alveolar,Type 2 alveolar,0.33333334,0.339253,0.43333334,0.4070939,0.2,0.20617273,0.033333335,0.04748034
2908,0.98687863,False,Fibroblasts,Fibroblasts,0.23333333,0.25142586,0.033333335,0.041483562,0.36666667,0.3538447,0.36666667,0.35324588
1493,0.9868751,False,Fibroblasts,Fibroblasts,0.13793103,0.13433528,0.06896552,0.062135655,0.55172414,0.5359,0.2413793,0.26762903
3590,0.9868741,False,Luminal_Macrophages,Luminal_Macrophages,0.516129,0.4898772,0.16129032,0.17085946,0.19354838,0.1975398,0.12903225,0.14172347
2358,0.9868655,False,Type 2 alveolar,Type 2 alveolar,0.36666667,0.36539412,0.4,0.37500364,0.23333333,0.23382543,0.0,0.025776835
1635,0.986865,False,Fibroblasts,Fibroblasts,0.13793103,0.14814442,0.2413793,0.25743592,0.55172414,0.5360782,0.06896552,0.058341466
110,0.9868609,False,Luminal_Macrophages,Luminal_Macrophages,0.4827586,0.47810018,0.44827586,0.42665604,0.0,0.023599135,0.06896552,0.07164457
2725,0.9868589,False,Luminal_Macrophages,Luminal_Macrophages,0.4827586,0.47531918,0.0,0.024873992,0.44827586,0.42943314,0.06896552,0.070373684
773,0.9868554,False,Type 2 alveolar,Type 2 alveolar,0.23333333,0.24867935,0.4,0.38557732,0.26666668,0.27760988,0.1,0.08813337
1449,0.9868527,False,Fibroblasts,Fibroblasts,0.2,0.20331544,0.26666668,0.2896458,0.46666667,0.44059175,0.06666667,0.06644697
4611,0.9868517,False,Dendritic cells,Dendritic cells,0.0,0.024327392,0.2413793,0.22732691,0.10344828,0.0912041,0.6551724,0.65714157
2517,0.9868497,False,Dendritic cells,Dendritic cells,0.2,0.2222219,0.23333333,0.23741205,0.13333334,0.12546428,0.43333334,0.41490182
4811,0.9868488,False,Luminal_Macrophages,Luminal_Macrophages,0.73333335,0.70703083,0.033333335,0.036104597,0.0,0.019016119,0.23333333,0.23784843
3257,0.98683876,False,Type 2 alveolar,Type 2 alveolar,0.22580644,0.24489874,0.58064514,0.5543227,0.06451613,0.07069123,0.12903225,0.1300873
2712,0.9868371,False,Luminal_Macrophages,Luminal_Macrophages,0.6333333,0.6503771,0.1,0.08889607,0.06666667,0.05144479,0.2,0.20928203
3899,0.98683584,False,Type 2 alveolar,Type 2 alveolar,0.09677419,0.09244263,0.41935483,0.39735806,0.2580645,0.2684335,0.22580644,0.2417658
1895,0.9868354,False,Luminal_Macrophages,Luminal_Macrophages,0.55172414,0.5427467,0.0,0.025274139,0.03448276,0.035537727,0.41379312,0.39644137
4465,0.98683393,False,Type 2 alveolar,Type 2 alveolar,0.36666667,0.3632084,0.43333334,0.4128429,0.2,0.19761653,0.0,0.026332159
610,0.98681444,False,Type 2 alveolar,Type 2 alveolar,0.0,0.026371177,0.43333334,0.41975412,0.16666667,0.16386539,0.4,0.3900094
4009,0.98680913,False,Fibroblasts,Fibroblasts,0.32258064,0.32488614,0.16129032,0.1642472,0.516129,0.4897473,0.0,0.021119373
2495,0.9868078,False,Luminal_Macrophages,Luminal_Macrophages,0.5,0.4791603,0.23333333,0.23461404,0.06666667,0.061122064,0.2,0.22510366
2796,0.9868073,False,Dendritic cells,Dendritic cells,0.2,0.22058694,0.033333335,0.039131775,0.26666668,0.2641961,0.5,0.47608522
4147,0.9868036,False,Fibroblasts,Fibroblasts,0.4,0.393511,0.16666667,0.17064251,0.43333334,0.4134295,0.0,0.022416996
3812,0.98679495,False,Luminal_Macrophages,Luminal_Macrophages,0.4827586,0.49896,0.10344828,0.0872868,0.06896552,0.058716923,0.3448276,0.35503632
3579,0.9867886,False,Fibroblasts,Fibroblasts,0.23333333,0.25290418,0.033333335,0.040185276,0.43333334,0.41118202,0.3,0.2957285
98,0.9867882,False,Luminal_Macrophages,Luminal_Macrophages,0.41379312,0.395173,0.27586207,0.2680586,0.03448276,0.040677164,0.27586207,0.29609123
2246,0.9867866,False,Dendritic cells,Dendritic cells,0.19354838,0.21997519,0.2580645,0.25572282,0.19354838,0.19116805,0.3548387,0.33313394
1857,0.98677295,False,Type 2 alveolar,Type 2 alveolar,0.3,0.2932386,0.36666667,0.35276946,0.0,0.02645405,0.33333334,0.32753792
371,0.98677236,False,Luminal_Macrophages,Luminal_Macrophages,0.7,0.7252905,0.16666667,0.15413348,0.033333335,0.034498055,0.1,0.08607792
2822,0.9867698,False,Luminal_Macrophages,Luminal_Macrophages,0.43333334,0.41478258,0.06666667,0.058756966,0.26666668,0.27621514,0.23333333,0.25024524
1399,0.9867691,False,Luminal_Macrophages,Luminal_Macrophages,0.36666667,0.35658446,0.3,0.28703484,0.0,0.026461834,0.33333334,0.32991883
3033,0.9867664,False,Fibroblasts,Fibroblasts,0.033333335,0.058003105,0.3,0.30179736,0.6,0.5850876,0.06666667,0.055111907
2698,0.9867644,False,Type 2 alveolar,Type 2 alveolar,0.23333333,0.24169856,0.4,0.37946498,0.1,0.09406372,0.26666668,0.28477275
1735,0.98676264,False,Fibroblasts,Fibroblasts,0.3,0.31613272,0.23333333,0.24367535,0.36666667,0.35667956,0.1,0.08351233
4324,0.98676115,False,Dendritic cells,Dendritic cells,0.27586207,0.24938442,0.13793103,0.14774601,0.2413793,0.253144,0.3448276,0.3497256
3321,0.9867611,False,Dendritic cells,Dendritic cells,0.2,0.21740387,0.1,0.092868656,0.23333333,0.24240728,0.46666667,0.44732022
2031,0.98675585,False,Dendritic cells,Dendritic cells,0.3548387,0.37501553,0.09677419,0.08254708,0.12903225,0.13534369,0.41935483,0.4070937
2931,0.9867532,False,Type 2 alveolar,Type 2 alveolar,0.16666667,0.17314973,0.46666667,0.44495213,0.13333334,0.1285543,0.23333333,0.25334382
3720,0.9867496,False,Fibroblasts,Fibroblasts,0.33333334,0.33249834,0.26666668,0.27027002,0.4,0.3743342,0.0,0.022897433
4285,0.98674834,False,Fibroblasts,Fibroblasts,0.22580644,0.23827629,0.22580644,0.23983997,0.38709676,0.36568874,0.16129032,0.15619498
1427,0.9867453,False,Dendritic cells,Dendritic cells,0.2,0.21739766,0.1,0.07349062,0.2,0.20275442,0.5,0.5063573
2417,0.9867382,False,Type 2 alveolar,Type 2 alveolar,0.033333335,0.042752672,0.53333336,0.5068097,0.033333335,0.044403743,0.4,0.40603384
2582,0.98673594,False,Type 2 alveolar,Type 2 alveolar,0.12903225,0.12087221,0.48387095,0.47152314,0.12903225,0.12301199,0.2580645,0.28459266
1295,0.9867346,False,Luminal_Macrophages,Luminal_Macrophages,0.36666667,0.3441145,0.0,0.023518445,0.3,0.29602137,0.33333334,0.33634567
1101,0.9867301,False,Type 2 alveolar,Type 2 alveolar,0.26666668,0.29221308,0.53333336,0.527529,0.1,0.10099333,0.1,0.07926459
4089,0.986725,False,Fibroblasts,Fibroblasts,0.2580645,0.28422514,0.09677419,0.08466321,0.516129,0.50169003,0.12903225,0.12942168
4452,0.9867244,False,Luminal_Macrophages,Luminal_Macrophages,0.41935483,0.39280358,0.0,0.02133244,0.19354838,0.19539529,0.38709676,0.39046872
3615,0.9867163,False,Dendritic cells,Dendritic cells,0.033333335,0.048178345,0.43333334,0.42297935,0.033333335,0.0450558,0.5,0.48378655
3607,0.9867161,False,Fibroblasts,Fibroblasts,0.0,0.020986544,0.3448276,0.3442713,0.4827586,0.45674708,0.1724138,0.17799509
4222,0.98671085,False,Type 2 alveolar,Type 2 alveolar,0.20689656,0.22608447,0.4827586,0.45618027,0.1724138,0.17701763,0.13793103,0.14071754
2801,0.98670995,False,Type 2 alveolar,Type 2 alveolar,0.16666667,0.18585227,0.5,0.47341987,0.3,0.302383,0.033333335,0.038344868
1289,0.9867096,False,Fibroblasts,Fibroblasts,0.13333334,0.13910505,0.2,0.19465673,0.4,0.3787624,0.26666668,0.28747582
3319,0.9867019,False,Type 2 alveolar,Dendritic cells,0.0,0.026596136,0.36666667,0.3513563,0.26666668,0.26481822,0.36666667,0.35722938
3520,0.9867018,False,Type 2 alveolar,Type 2 alveolar,0.31034482,0.33694124,0.44827586,0.42929104,0.13793103,0.1357863,0.10344828,0.097981386
3510,0.9866941,False,Dendritic cells,Dendritic cells,0.16129032,0.18149114,0.32258064,0.3289917,0.06451613,0.05945625,0.4516129,0.43006095
488,0.9866895,False,Fibroblasts,Fibroblasts,0.033333335,0.048220977,0.2,0.20585395,0.53333336,0.5067123,0.23333333,0.23921278
1479,0.9866813,False,Dendritic cells,Dendritic cells,0.033333335,0.05050443,0.3,0.3094664,0.2,0.19371907,0.46666667,0.4463101
1446,0.9866761,False,Fibroblasts,Fibroblasts,0.0,0.02664782,0.13333334,0.12926786,0.6666667,0.6475858,0.2,0.19649853
587,0.9866742,False,Fibroblasts,Fibroblasts,0.26666668,0.28222057,0.033333335,0.038444772,0.43333334,0.40668166,0.26666668,0.27265298
2786,0.9866672,False,Dendritic cells,Dendritic cells,0.36666667,0.36791095,0.23333333,0.21252507,0.0,0.025421327,0.4,0.39414263
4157,0.9866628,False,Dendritic cells,Dendritic cells,0.0,0.026674338,0.33333334,0.3278343,0.2,0.19566622,0.46666667,0.44982514
4071,0.98665637,False,Fibroblasts,Fibroblasts,0.26666668,0.27697498,0.23333333,0.24971235,0.4,0.38376787,0.1,0.0895448
185,0.9866563,False,Fibroblasts,Fibroblasts,0.13333334,0.1512152,0.23333333,0.22579484,0.36666667,0.34751776,0.26666668,0.27547225
3432,0.986647,False,Luminal_Macrophages,Luminal_Macrophages,0.41379312,0.39912298,0.03448276,0.041617986,0.37931034,0.36727452,0.1724138,0.19198449
4701,0.9866394,False,Dendritic cells,Dendritic cells,0.13333334,0.15597834,0.23333333,0.2374096,0.1,0.09606897,0.53333336,0.5105431
664,0.9866341,False,Type 2 alveolar,Type 2 alveolar,0.23333333,0.26006517,0.53333336,0.5183001,0.1,0.09697305,0.13333334,0.124661654
2022,0.9866313,False,Luminal_Macrophages,Luminal_Macrophages,0.36666667,0.3531234,0.26666668,0.27799731,0.33333334,0.3201391,0.033333335,0.04874017
3446,0.98663116,False,Luminal_Macrophages,Type 2 alveolar,0.36666667,0.3517524,0.36666667,0.35484326,0.0,0.026242713,0.26666668,0.26716158
974,0.98662525,False,Type 2 alveolar,Type 2 alveolar,0.3,0.3015631,0.4,0.3798708,0.3,0.2933797,0.0,0.02518639
934,0.9866197,False,Luminal_Macrophages,Luminal_Macrophages,0.5,0.48489803,0.2,0.18927804,0.06666667,0.06573004,0.23333333,0.26009396
3962,0.9866163,False,Dendritic cells,Dendritic cells,0.3,0.293012,0.26666668,0.26408532,0.0,0.02676741,0.43333334,0.4161353
3823,0.98661566,False,Luminal_Macrophages,Luminal_Macrophages,0.4,0.3748557,0.3,0.3240075,0.13333334,0.1360945,0.16666667,0.16504233
2911,0.98661447,False,Luminal_Macrophages,Luminal_Macrophages,0.4,0.3842734,0.2,0.19109717,0.2,0.19785833,0.2,0.22677106
765,0.98661435,False,Fibroblasts,Fibroblasts,0.06666667,0.06432684,0.13333334,0.14335631,0.5,0.4755685,0.3,0.31674835
3300,0.98661244,False,Luminal_Macrophages,Luminal_Macrophages,0.43333334,0.41445634,0.26666668,0.25876847,0.0,0.025628082,0.3,0.30114707
4590,0.9866114,False,Dendritic cells,Dendritic cells,0.2,0.21148913,0.33333334,0.33943743,0.033333335,0.042517338,0.43333334,0.40655616
4606,0.9865986,False,Luminal_Macrophages,Luminal_Macrophages,0.4,0.38421702,0.23333333,0.25890765,0.3,0.30122852,0.06666667,0.05564683
2507,0.9865899,False,Type 2 alveolar,Type 2 alveolar,0.3448276,0.32349047,0.37931034,0.37382722,0.0,0.024589406,0.27586207,0.2780929
3681,0.9865847,False,Luminal_Macrophages,Luminal_Macrophages,0.51724136,0.5379052,0.06896552,0.06731719,0.31034482,0.3165115,0.10344828,0.07826605
3513,0.9865753,False,Dendritic cells,Dendritic cells,0.0,0.026849382,0.2,0.19125727,0.3,0.29316851,0.5,0.4887249
3716,0.9865649,False,Fibroblasts,Fibroblasts,0.26666668,0.2832649,0.1,0.094316565,0.4,0.3788132,0.23333333,0.24360526
1254,0.98655635,False,Type 2 alveolar,Type 2 alveolar,0.2,0.21844509,0.46666667,0.4427436,0.23333333,0.24177556,0.1,0.09703568
1686,0.9865538,False,Luminal_Macrophages,Luminal_Macrophages,0.43333334,0.41927266,0.1,0.087168194,0.26666668,0.27522948,0.2,0.21832968
3349,0.9865456,False,Fibroblasts,Fibroblasts,0.26666668,0.25918385,0.0,0.026908748,0.4,0.38435835,0.33333334,0.32954907
583,0.9865428,False,Fibroblasts,Fibroblasts,0.0,0.026914405,0.10344828,0.10025823,0.51724136,0.502676,0.37931034,0.37015137
1044,0.9865383,False,Luminal_Macrophages,Luminal_Macrophages,0.3548387,0.35867986,0.3548387,0.33269253,0.29032257,0.2855453,0.0,0.02308234
4211,0.986532,False,Type 2 alveolar,Type 2 alveolar,0.3,0.3252083,0.36666667,0.3544651,0.2,0.20172772,0.13333334,0.118598826
3711,0.9865288,False,Type 2 alveolar,Type 2 alveolar,0.36666667,0.36752588,0.4,0.3749409,0.23333333,0.23145007,0.0,0.026083136
234,0.98652697,False,Dendritic cells,Dendritic cells,0.0,0.02694604,0.16666667,0.1570583,0.26666668,0.25661767,0.56666666,0.55937797
2308,0.9865254,False,Type 2 alveolar,Type 2 alveolar,0.26666668,0.29361576,0.46666667,0.44870153,0.13333334,0.13329223,0.13333334,0.12439042
3251,0.9865252,False,Fibroblasts,Fibroblasts,0.13793103,0.1449338,0.1724138,0.17526539,0.44827586,0.42132616,0.2413793,0.25847465
4856,0.9865207,False,Fibroblasts,Dendritic cells,0.1724138,0.17414454,0.0,0.025227759,0.41379312,0.3893433,0.41379312,0.4112844
4329,0.98652,False,Type 2 alveolar,Type 2 alveolar,0.0,0.024346527,0.43333334,0.40936065,0.23333333,0.23594682,0.33333334,0.33034596
46,0.9865157,False,Fibroblasts,Fibroblasts,0.26666668,0.28751695,0.13333334,0.12614991,0.43333334,0.41354817,0.16666667,0.17278498
4286,0.98651373,False,Dendritic cells,Dendritic cells,0.33333334,0.3354718,0.16666667,0.16893734,0.0,0.022563368,0.5,0.47302744
3651,0.9865124,False,Dendritic cells,Dendritic cells,0.0,0.021742292,0.2,0.17358549,0.033333335,0.03277272,0.76666665,0.7718995
741,0.98650944,False,Dendritic cells,Dendritic cells,0.23333333,0.25955102,0.23333333,0.22967665,0.13333334,0.13409673,0.4,0.37667555
1494,0.9865034,False,Type 2 alveolar,Type 2 alveolar,0.0,0.024459478,0.76666665,0.75255525,0.06666667,0.0692004,0.16666667,0.15378489
1525,0.9865032,False,Type 2 alveolar,Type 2 alveolar,0.23333333,0.24778546,0.43333334,0.40633968,0.2,0.20737076,0.13333334,0.13850407
1910,0.9865003,False,Dendritic cells,Dendritic cells,0.033333335,0.048673403,0.26666668,0.27832595,0.33333334,0.32582176,0.36666667,0.34717888
2405,0.98649544,False,Fibroblasts,Fibroblasts,0.2,0.22019152,0.26666668,0.27348435,0.36666667,0.34077513,0.16666667,0.16554904
3307,0.9864937,False,Luminal_Macrophages,Luminal_Macrophages,0.61290324,0.6108746,0.09677419,0.08419367,0.29032257,0.27791914,0.0,0.027012613
2983,0.98647994,False,Luminal_Macrophages,Luminal_Macrophages,0.7,0.7071207,0.0,0.019919444,0.13333334,0.112643994,0.16666667,0.16031586
546,0.98646873,False,Dendritic cells,Dendritic cells,0.1,0.1038273,0.16666667,0.15659511,0.1,0.08300903,0.6333333,0.6565685
2607,0.9864639,False,Luminal_Macrophages,Dendritic cells,0.4,0.38331336,0.2,0.20336424,0.0,0.023707947,0.4,0.38961446
2730,0.98646295,False,Fibroblasts,Fibroblasts,0.0,0.026269572,0.06666667,0.06747124,0.5,0.4845987,0.43333334,0.4216605
4007,0.98646,False,Luminal_Macrophages,Luminal_Macrophages,0.33333334,0.32496285,0.13333334,0.124360435,0.3,0.29026335,0.23333333,0.2604133
1638,0.9864505,False,Fibroblasts,Fibroblasts,0.0,0.026095465,0.2413793,0.24238288,0.44827586,0.427845,0.31034482,0.30367666
3542,0.98644936,False,Luminal_Macrophages,Luminal_Macrophages,0.516129,0.5401113,0.29032257,0.29344156,0.06451613,0.05416459,0.12903225,0.11228258
3671,0.9864488,False,Fibroblasts,Fibroblasts,0.23333333,0.24644442,0.033333335,0.04732463,0.36666667,0.35564256,0.36666667,0.35058844
95,0.9864457,False,Fibroblasts,Fibroblasts,0.22580644,0.25291497,0.12903225,0.12698537,0.58064514,0.57028794,0.06451613,0.049811706
2250,0.98644245,False,Type 2 alveolar,Type 2 alveolar,0.06666667,0.067288615,0.5,0.47288492,0.13333334,0.13857995,0.3,0.32124656
4535,0.9864315,False,Type 2 alveolar,Type 2 alveolar,0.13333334,0.14833194,0.4,0.3792585,0.16666667,0.16027111,0.3,0.31213847
1247,0.9864304,False,Dendritic cells,Dendritic cells,0.0,0.027139146,0.31034482,0.3038032,0.31034482,0.30277637,0.37931034,0.36628127
786,0.9864267,False,Fibroblasts,Fibroblasts,0.20689656,0.21592532,0.1724138,0.16334873,0.41379312,0.39571163,0.20689656,0.22501428
2244,0.9864189,False,Dendritic cells,Dendritic cells,0.22580644,0.24306722,0.16129032,0.17119172,0.22580644,0.22339708,0.38709676,0.36234397
4105,0.98641014,False,Fibroblasts,Fibroblasts,0.29032257,0.2903085,0.06451613,0.056892198,0.41935483,0.3998131,0.22580644,0.25298622
3000,0.98640937,False,Type 2 alveolar,Type 2 alveolar,0.2413793,0.25748107,0.4827586,0.45557737,0.03448276,0.04189855,0.2413793,0.245043
3739,0.98640627,False,Type 2 alveolar,Type 2 alveolar,0.16666667,0.18579952,0.4,0.37430474,0.2,0.19850779,0.23333333,0.24138789
1844,0.98639375,False,Fibroblasts,Fibroblasts,0.23333333,0.24944155,0.033333335,0.03663603,0.43333334,0.40612084,0.3,0.30780163
32,0.9863909,False,Fibroblasts,Fibroblasts,0.0,0.026587691,0.3,0.30063054,0.36666667,0.35253143,0.33333334,0.3202503
1128,0.9863854,False,Type 2 alveolar,Type 2 alveolar,0.23333333,0.2605625,0.4,0.3834862,0.13333334,0.12791887,0.23333333,0.22803243
4397,0.98638517,False,Type 2 alveolar,Type 2 alveolar,0.31034482,0.33702746,0.4827586,0.47375488,0.13793103,0.13847804,0.06896552,0.050739616
1903,0.9863823,False,Fibroblasts,Fibroblasts,0.20689656,0.22240315,0.27586207,0.28759083,0.3448276,0.33097753,0.1724138,0.15902853
3808,0.98637307,False,Fibroblasts,Fibroblasts,0.2,0.2066167,0.2,0.19894078,0.6,0.5738054,0.0,0.020637138
3773,0.9863729,False,Fibroblasts,Fibroblasts,0.23333333,0.24122716,0.23333333,0.24706516,0.4,0.37274572,0.13333334,0.13896193
3778,0.98637015,False,Luminal_Macrophages,Luminal_Macrophages,0.36666667,0.35881823,0.0,0.022397062,0.36666667,0.34725535,0.26666668,0.27152938
4144,0.986367,False,Type 2 alveolar,Type 2 alveolar,0.13793103,0.15214702,0.44827586,0.42100987,0.2413793,0.2507093,0.1724138,0.1761338
903,0.98636496,False,Fibroblasts,Fibroblasts,0.27586207,0.28859344,0.20689656,0.22143525,0.44827586,0.42567366,0.06896552,0.06429767
1633,0.9863555,False,Dendritic cells,Dendritic cells,0.16129032,0.18857932,0.2580645,0.24727868,0.19354838,0.19090493,0.38709676,0.37323704
3475,0.98633814,False,Luminal_Macrophages,Luminal_Macrophages,0.4827586,0.4554349,0.3448276,0.3472225,0.03448276,0.039433308,0.13793103,0.15790929
1510,0.98633474,False,Dendritic cells,Dendritic cells,0.3,0.32058647,0.1,0.08719645,0.23333333,0.24007735,0.36666667,0.35213968
4584,0.9863338,False,Type 2 alveolar,Type 2 alveolar,0.2,0.20870522,0.46666667,0.44421324,0.16666667,0.16178769,0.16666667,0.18529387
1351,0.98633164,False,Dendritic cells,Dendritic cells,0.4,0.403493,0.0,0.023843741,0.13333334,0.12980907,0.46666667,0.4428543
3088,0.9863246,False,Dendritic cells,Dendritic cells,0.3,0.32402447,0.16666667,0.15806846,0.033333335,0.036659725,0.5,0.4812474
444,0.9863034,False,Luminal_Macrophages,Luminal_Macrophages,0.46666667,0.45678648,0.1,0.08248699,0.3,0.3109868,0.13333334,0.14973971
2168,0.9862986,False,Luminal_Macrophages,Luminal_Macrophages,0.6333333,0.6200234,0.1,0.085907124,0.0,0.020875877,0.26666668,0.27319363
521,0.98629534,False,Luminal_Macrophages,Luminal_Macrophages,0.46666667,0.4423734,0.2,0.21971102,0.3,0.29688403,0.033333335,0.041031595
1710,0.9862907,False,Dendritic cells,Dendritic cells,0.3,0.29229087,0.0,0.027418578,0.33333334,0.32824475,0.36666667,0.35204574
3835,0.9862901,False,Type 2 alveolar,Type 2 alveolar,0.2413793,0.2628023,0.4827586,0.45608652,0.20689656,0.2128934,0.06896552,0.06821784
2737,0.9862775,False,Fibroblasts,Fibroblasts,0.3,0.30399647,0.0,0.023448449,0.4,0.3793376,0.3,0.2932175
3302,0.9862706,False,Fibroblasts,Fibroblasts,0.26666668,0.27269045,0.23333333,0.2547684,0.4,0.37765917,0.1,0.09488202
4782,0.9862681,False,Type 2 alveolar,Type 2 alveolar,0.2,0.20225619,0.46666667,0.44274342,0.0,0.025207592,0.33333334,0.32979283
4566,0.9862647,False,Dendritic cells,Dendritic cells,0.2,0.21550189,0.13333334,0.11273611,0.13333334,0.12645997,0.53333336,0.5453021
1048,0.98625666,False,Luminal_Macrophages,Luminal_Macrophages,0.43333334,0.45403376,0.43333334,0.4303213,0.033333335,0.040119536,0.1,0.07552531
1705,0.9862398,False,Type 2 alveolar,Dendritic cells,0.26666668,0.25756624,0.36666667,0.3531665,0.0,0.027520403,0.36666667,0.36174688
4713,0.986226,False,Luminal_Macrophages,Luminal_Macrophages,0.36666667,0.34532106,0.0,0.027547952,0.33333334,0.3295043,0.3,0.29762667
1598,0.9862142,False,Luminal_Macrophages,Luminal_Macrophages,0.53333336,0.50576174,0.33333334,0.33368978,0.0,0.024402067,0.13333334,0.13614635
3875,0.9862112,False,Luminal_Macrophages,Luminal_Macrophages,0.46666667,0.4390891,0.3,0.3134598,0.2,0.21001273,0.033333335,0.037438393
3373,0.98621017,False,Luminal_Macrophages,Luminal_Macrophages,0.36666667,0.33908698,0.26666668,0.28267628,0.26666668,0.27794322,0.1,0.10029357
247,0.98620886,False,Luminal_Macrophages,Luminal_Macrophages,0.53333336,0.5362672,0.0,0.024648407,0.36666667,0.35353616,0.1,0.08554821
1585,0.9862085,False,Luminal_Macrophages,Luminal_Macrophages,0.43333334,0.40628836,0.2,0.19946195,0.23333333,0.23724808,0.13333334,0.15700161
3620,0.98619807,False,Fibroblasts,Fibroblasts,0.0,0.027603867,0.1,0.09693452,0.56666666,0.5519997,0.33333334,0.32346198
635,0.98619735,False,Dendritic cells,Dendritic cells,0.31034482,0.31414,0.31034482,0.29787815,0.0,0.023810178,0.37931034,0.3641717
696,0.9861944,False,Dendritic cells,Dendritic cells,0.33333334,0.33692986,0.3,0.28718552,0.0,0.024014728,0.36666667,0.35186988
2289,0.9861926,False,Fibroblasts,Fibroblasts,0.2,0.21600313,0.1,0.09065794,0.4,0.38172728,0.3,0.31161165
1223,0.9861923,False,Luminal_Macrophages,Luminal_Macrophages,0.4,0.3723846,0.13333334,0.14668989,0.26666668,0.26957864,0.2,0.21134688
3014,0.98618066,False,Type 2 alveolar,Type 2 alveolar,0.16129032,0.18892905,0.38709676,0.37848336,0.3548387,0.35336375,0.09677419,0.07922394
1542,0.9861676,False,Type 2 alveolar,Type 2 alveolar,0.31034482,0.3239262,0.44827586,0.42061105,0.20689656,0.2087473,0.03448276,0.046715446
3075,0.9861599,False,Fibroblasts,Fibroblasts,0.16666667,0.1830009,0.3,0.31134588,0.43333334,0.41858378,0.1,0.08706946
2084,0.9861578,False,Fibroblasts,Fibroblasts,0.16666667,0.18682975,0.16666667,0.17418799,0.6,0.5838459,0.06666667,0.05513632
2985,0.9861555,False,Type 2 alveolar,Dendritic cells,0.13333334,0.15982606,0.3,0.28256804,0.26666668,0.26786286,0.3,0.28974304
3902,0.9861518,False,Fibroblasts,Fibroblasts,0.13333334,0.160836,0.26666668,0.2668604,0.43333334,0.40796503,0.16666667,0.16433859
3162,0.9861517,False,Fibroblasts,Luminal_Macrophages,0.3,0.32769665,0.1,0.09043485,0.33333334,0.3244078,0.26666668,0.25746074
2485,0.9861485,False,Fibroblasts,Fibroblasts,0.0,0.027703071,0.06666667,0.061260924,0.6,0.585848,0.33333334,0.3251881
901,0.986142,False,Fibroblasts,Fibroblasts,0.16129032,0.17322966,0.06451613,0.066739656,0.67741936,0.69097257,0.09677419,0.06905817
1317,0.9861255,False,Fibroblasts,Fibroblasts,0.26666668,0.2658437,0.1,0.10574542,0.6333333,0.6064074,0.0,0.02200349
2299,0.9861209,False,Dendritic cells,Dendritic cells,0.16666667,0.15892528,0.1,0.09045796,0.16666667,0.15619181,0.56666666,0.59442496
2073,0.98611724,False,Fibroblasts,Fibroblasts,0.0,0.025479877,0.03448276,0.036768366,0.6551724,0.6323934,0.31034482,0.30535835
2835,0.9861165,False,Luminal_Macrophages,Luminal_Macrophages,0.43333334,0.40879765,0.23333333,0.24555796,0.13333334,0.1301021,0.2,0.21554226
3818,0.98611,False,Dendritic cells,Type 2 alveolar,0.16666667,0.17927338,0.36666667,0.38184002,0.06666667,0.059770692,0.4,0.37911594
607,0.98610723,False,Fibroblasts,Fibroblasts,0.3,0.30917504,0.23333333,0.24706376,0.43333334,0.40554777,0.033333335,0.038213473
1619,0.9861052,False,Fibroblasts,Fibroblasts,0.33333334,0.32713422,0.0,0.02141513,0.36666667,0.34507614,0.3,0.30637446
2662,0.9861042,False,Type 2 alveolar,Type 2 alveolar,0.13333334,0.117390946,0.36666667,0.35481745,0.26666668,0.2772995,0.23333333,0.2504922
2046,0.986102,False,Type 2 alveolar,Type 2 alveolar,0.26666668,0.25535873,0.36666667,0.3694657,0.0,0.024996933,0.36666667,0.35017857
4859,0.986088,False,Fibroblasts,Fibroblasts,0.26666668,0.2944907,0.1,0.08767044,0.6,0.5889177,0.033333335,0.02892116
847,0.98608744,False,Fibroblasts,Fibroblasts,0.41379312,0.42084783,0.06896552,0.07010675,0.51724136,0.48941624,0.0,0.019629113
2672,0.9860856,False,Dendritic cells,Dendritic cells,0.22580644,0.2501225,0.16129032,0.16480307,0.16129032,0.15682168,0.4516129,0.42825276
2454,0.98608536,False,Dendritic cells,Dendritic cells,0.033333335,0.038879815,0.23333333,0.20550403,0.0,0.0219925,0.73333335,0.7336237
4997,0.98608536,False,Fibroblasts,Fibroblasts,0.16666667,0.19078228,0.033333335,0.037046973,0.46666667,0.44550827,0.33333334,0.32666248
3580,0.9860814,False,Type 2 alveolar,Type 2 alveolar,0.13333334,0.14562246,0.46666667,0.44297755,0.16666667,0.16251865,0.23333333,0.24888138
4841,0.98607683,False,Type 2 alveolar,Type 2 alveolar,0.26666668,0.2727396,0.43333334,0.41093466,0.1,0.09455238,0.2,0.22177343
3194,0.9860742,False,Fibroblasts,Fibroblasts,0.2580645,0.27239937,0.09677419,0.086935736,0.38709676,0.36908367,0.2580645,0.27158126
865,0.98607194,False,Fibroblasts,Fibroblasts,0.1,0.103382364,0.43333334,0.41588017,0.46666667,0.45626366,0.0,0.024473794
2722,0.98606795,False,Luminal_Macrophages,Luminal_Macrophages,0.6,0.6240187,0.16666667,0.1705121,0.16666667,0.1536877,0.06666667,0.051781513
1871,0.9860677,False,Luminal_Macrophages,Luminal_Macrophages,0.4516129,0.43179208,0.0,0.027586034,0.19354838,0.19382691,0.3548387,0.3467949
3989,0.9860639,False,Dendritic cells,Dendritic cells,0.0,0.027872153,0.3,0.29945886,0.33333334,0.32346585,0.36666667,0.34920317
3329,0.9860626,False,Fibroblasts,Fibroblasts,0.3,0.30244493,0.0,0.02542983,0.4,0.37227455,0.3,0.29985067
4823,0.98606205,False,Fibroblasts,Fibroblasts,0.13793103,0.1501713,0.10344828,0.101101495,0.4827586,0.45722952,0.27586207,0.29149765
4185,0.9860617,False,Type 2 alveolar,Type 2 alveolar,0.16666667,0.17711046,0.43333334,0.4097232,0.13333334,0.12906684,0.26666668,0.28409952
328,0.9860595,False,Type 2 alveolar,Type 2 alveolar,0.033333335,0.04337429,0.53333336,0.50545233,0.033333335,0.045795392,0.4,0.405378
651,0.9860566,False,Type 2 alveolar,Fibroblasts,0.0,0.027886702,0.41379312,0.40205684,0.41379312,0.4049956,0.1724138,0.16506088
2359,0.9860541,False,Dendritic cells,Dendritic cells,0.13333334,0.12959573,0.4,0.38977534,0.0,0.027891792,0.46666667,0.45273715
2208,0.9860522,False,Luminal_Macrophages,Luminal_Macrophages,0.43333334,0.41503388,0.16666667,0.18282938,0.26666668,0.27839956,0.13333334,0.12373726
1383,0.98605055,False,Luminal_Macrophages,Luminal_Macrophages,0.48387095,0.45698994,0.29032257,0.2972494,0.06451613,0.06349826,0.16129032,0.18226238
474,0.98603576,False,Fibroblasts,Fibroblasts,0.22580644,0.24546419,0.12903225,0.11878074,0.38709676,0.3694198,0.2580645,0.2663353
1694,0.9860319,False,Dendritic cells,Dendritic cells,0.16129032,0.1824839,0.22580644,0.2297629,0.19354838,0.19633463,0.41935483,0.3914186
2726,0.9860293,False,Luminal_Macrophages,Luminal_Macrophages,0.4,0.3778812,0.1,0.09417748,0.26666668,0.2693943,0.23333333,0.25854704
3293,0.98602927,False,Dendritic cells,Dendritic cells,0.16666667,0.1850044,0.33333334,0.3266813,0.033333335,0.042937107,0.46666667,0.44537723
913,0.9860208,False,Type 2 alveolar,Type 2 alveolar,0.2,0.22518207,0.36666667,0.3459807,0.1,0.10277634,0.33333334,0.32606086
1781,0.9860204,False,Type 2 alveolar,Type 2 alveolar,0.1,0.086381145,0.46666667,0.45232627,0.33333334,0.34825674,0.1,0.11303587
4889,0.98601013,False,Type 2 alveolar,Type 2 alveolar,0.12903225,0.15701196,0.3548387,0.34288344,0.16129032,0.15970638,0.3548387,0.34039822
447,0.9860065,False,Dendritic cells,Dendritic cells,0.2413793,0.26936635,0.13793103,0.1321095,0.1724138,0.16779101,0.44827586,0.43073314
4036,0.9860031,False,Luminal_Macrophages,Luminal_Macrophages,0.4,0.37401056,0.16666667,0.16466233,0.26666668,0.2767959,0.16666667,0.18453126
2258,0.9859886,False,Luminal_Macrophages,Luminal_Macrophages,0.43333334,0.40577817,0.3,0.31009564,0.1,0.099532366,0.16666667,0.18459383
4641,0.98598784,False,Type 2 alveolar,Type 2 alveolar,0.16666667,0.18427266,0.4,0.3719757,0.23333333,0.24128328,0.2,0.20246838
4151,0.9859773,False,Luminal_Macrophages,Luminal_Macrophages,0.4,0.37613088,0.26666668,0.29295853,0.26666668,0.26842025,0.06666667,0.062490355
4921,0.9859771,False,Fibroblasts,Fibroblasts,0.2,0.20622203,0.26666668,0.25351962,0.33333334,0.31843466,0.2,0.22182368
295,0.9859758,False,Fibroblasts,Fibroblasts,0.16129032,0.17810103,0.16129032,0.1531026,0.41935483,0.39949417,0.2580645,0.2693022
1108,0.9859755,False,Fibroblasts,Fibroblasts,0.0,0.028049042,0.1,0.08888894,0.46666667,0.45527136,0.43333334,0.42779073
3148,0.985975,False,Type 2 alveolar,Type 2 alveolar,0.23333333,0.25469765,0.43333334,0.40889362,0.2,0.20668569,0.13333334,0.12972307
1759,0.9859745,False,Luminal_Macrophages,Luminal_Macrophages,0.41935483,0.39947775,0.12903225,0.12085831,0.16129032,0.16397503,0.29032257,0.3156889
4837,0.9859725,False,Dendritic cells,Dendritic cells,0.16666667,0.19472156,0.06666667,0.057063248,0.36666667,0.3596483,0.4,0.38856685
70,0.98597187,False,Type 2 alveolar,Type 2 alveolar,0.16666667,0.17891832,0.33333334,0.30998123,0.23333333,0.22862916,0.26666668,0.2824713
1872,0.98596793,False,Type 2 alveolar,Type 2 alveolar,0.033333335,0.049667265,0.6,0.58175033,0.26666668,0.27839684,0.1,0.09018557
161,0.98596585,False,Type 2 alveolar,Type 2 alveolar,0.2,0.20876263,0.7,0.6776704,0.0,0.019305637,0.1,0.094261244
3179,0.9859538,False,Type 2 alveolar,Type 2 alveolar,0.0,0.025835093,0.5,0.48139814,0.13333334,0.12384279,0.36666667,0.36892402
3085,0.9859454,False,Type 2 alveolar,Type 2 alveolar,0.3,0.32708296,0.46666667,0.4436505,0.16666667,0.16769296,0.06666667,0.061573595
2383,0.9859411,False,Luminal_Macrophages,Luminal_Macrophages,0.37931034,0.36044726,0.31034482,0.32022017,0.10344828,0.09419366,0.20689656,0.22513896
4589,0.98594016,False,Type 2 alveolar,Type 2 alveolar,0.36666667,0.37206563,0.5,0.47997886,0.13333334,0.12523486,0.0,0.022720719
4643,0.9859319,False,Type 2 alveolar,Type 2 alveolar,0.16666667,0.19304928,0.56666666,0.5467104,0.06666667,0.06842034,0.2,0.19182001
4595,0.98592746,False,Dendritic cells,Dendritic cells,0.27586207,0.27763748,0.0,0.026369657,0.3448276,0.33791903,0.37931034,0.35807386
4985,0.98592514,False,Dendritic cells,Dendritic cells,0.0,0.028149752,0.33333334,0.31439853,0.1,0.09097001,0.56666666,0.56648177
1949,0.9859224,False,Dendritic cells,Dendritic cells,0.43333334,0.44127533,0.0,0.020213211,0.1,0.08924229,0.46666667,0.4492692
3177,0.9859201,False,Type 2 alveolar,Type 2 alveolar,0.20689656,0.20593941,0.41379312,0.39822158,0.0,0.028159825,0.37931034,0.36767912
4069,0.98591673,False,Fibroblasts,Fibroblasts,0.31034482,0.3157246,0.0,0.02278675,0.3448276,0.3338514,0.3448276,0.32763728
775,0.98591644,False,Dendritic cells,Dendritic cells,0.16666667,0.1948338,0.33333334,0.32234955,0.13333334,0.13152789,0.36666667,0.35128874
2690,0.98588246,False,Fibroblasts,Fibroblasts,0.0,0.025094565,0.3,0.29248118,0.46666667,0.44595045,0.23333333,0.23647384
2606,0.98588216,False,Luminal_Macrophages,Luminal_Macrophages,0.51724136,0.50295746,0.44827586,0.43432412,0.03448276,0.039154857,0.0,0.023563545
1972,0.98588103,False,Luminal_Macrophages,Luminal_Macrophages,0.6333333,0.6118996,0.23333333,0.23943771,0.13333334,0.1265291,0.0,0.022133563
1078,0.9858718,False,Fibroblasts,Fibroblasts,0.0,0.028256353,0.23333333,0.22814079,0.5,0.47885638,0.26666668,0.2647464
1049,0.9858718,False,Fibroblasts,Fibroblasts,0.0,0.025537498,0.31034482,0.31306368,0.3448276,0.3331299,0.3448276,0.32826883
1522,0.985871,False,Dendritic cells,Dendritic cells,0.0,0.028257895,0.33333334,0.3267489,0.3,0.29745662,0.36666667,0.34753656
3285,0.98586386,False,Type 2 alveolar,Type 2 alveolar,0.23333333,0.25333062,0.46666667,0.4385916,0.23333333,0.24160841,0.06666667,0.06646948
2351,0.9858638,False,Dendritic cells,Dendritic cells,0.06666667,0.06380901,0.1,0.07652555,0.2,0.19805971,0.6333333,0.6616057
4924,0.98585284,False,Type 2 alveolar,Type 2 alveolar,0.13333334,0.14145295,0.5,0.47170568,0.06666667,0.06830895,0.3,0.31853247
253,0.98584914,False,Fibroblasts,Fibroblasts,0.3,0.29578078,0.1,0.10525787,0.6,0.57591754,0.0,0.023043832
3832,0.98584807,False,Type 2 alveolar,Type 2 alveolar,0.0,0.027421528,0.33333334,0.33421564,0.33333334,0.3205297,0.33333334,0.3178331
4517,0.98584205,False,Type 2 alveolar,Type 2 alveolar,0.19354838,0.20465055,0.38709676,0.36471096,0.16129032,0.1553602,0.2580645,0.2752783
4886,0.9858321,False,Luminal_Macrophages,Luminal_Macrophages,0.41379312,0.413372,0.41379312,0.39611813,0.0,0.028335856,0.1724138,0.16217403
1192,0.9858298,False,Fibroblasts,Fibroblasts,0.23333333,0.21100761,0.26666668,0.27103385,0.33333334,0.32731855,0.16666667,0.19064
1932,0.9858295,False,Type 2 alveolar,Type 2 alveolar,0.36666667,0.3909657,0.46666667,0.4567645,0.06666667,0.07070861,0.1,0.08156113
3860,0.98582536,False,Fibroblasts,Fibroblasts,0.23333333,0.25131688,0.13333334,0.12962179,0.4,0.37536234,0.23333333,0.24369906
1096,0.98581856,False,Dendritic cells,Dendritic cells,0.16666667,0.19502957,0.23333333,0.22385949,0.2,0.195268,0.4,0.38584292
2452,0.9858162,False,Type 2 alveolar,Type 2 alveolar,0.32258064,0.3277158,0.41935483,0.39242944,0.22580644,0.22436419,0.032258064,0.055490617
4634,0.9858096,False,Dendritic cells,Dendritic cells,0.1,0.118022546,0.16666667,0.15222554,0.3,0.3103582,0.43333334,0.41939366
1425,0.9858087,False,Type 2 alveolar,Type 2 alveolar,0.1,0.10646244,0.4,0.3716173,0.26666668,0.27771696,0.23333333,0.24420331
2450,0.9858011,False,Fibroblasts,Fibroblasts,0.0,0.028397733,0.3,0.29589918,0.4,0.38145843,0.3,0.29424462
4747,0.98579264,False,Type 2 alveolar,Type 2 alveolar,0.12903225,0.14257552,0.41935483,0.39257962,0.19354838,0.19190884,0.2580645,0.27293602
75,0.98578763,False,Luminal_Macrophages,Luminal_Macrophages,0.43333334,0.41345087,0.26666668,0.2685032,0.0,0.0265882,0.3,0.2914577
2121,0.9857869,False,Dendritic cells,Dendritic cells,0.0,0.02842614,0.33333334,0.3261816,0.3,0.29596195,0.36666667,0.34943032
286,0.9857802,False,Fibroblasts,Fibroblasts,0.16666667,0.17141001,0.26666668,0.29036298,0.46666667,0.4509666,0.1,0.08726034
4280,0.98577124,False,Fibroblasts,Fibroblasts,0.16666667,0.19054715,0.26666668,0.27124366,0.4,0.37383664,0.16666667,0.16437256
1109,0.9857616,False,Type 2 alveolar,Type 2 alveolar,0.16666667,0.18430969,0.5,0.47152314,0.13333334,0.1382786,0.2,0.20588851
725,0.9857574,False,Type 2 alveolar,Type 2 alveolar,0.2,0.2212953,0.46666667,0.44031638,0.13333334,0.1311984,0.2,0.2071899
1761,0.98575664,False,Fibroblasts,Fibroblasts,0.23333333,0.2496654,0.16666667,0.17882125,0.53333336,0.5207258,0.06666667,0.050787523
102,0.9857522,False,Type 2 alveolar,Type 2 alveolar,0.38709676,0.39501375,0.48387095,0.45897195,0.12903225,0.12543578,0.0,0.020578617
4562,0.9857499,False,Luminal_Macrophages,Luminal_Macrophages,0.6333333,0.64092076,0.0,0.020912798,0.26666668,0.25525558,0.1,0.08291085
2227,0.9857499,False,Dendritic cells,Dendritic cells,0.2413793,0.26987946,0.10344828,0.087613724,0.1724138,0.16913898,0.4827586,0.4733678
282,0.9857439,False,Luminal_Macrophages,Luminal_Macrophages,0.4,0.37898836,0.26666668,0.27170837,0.33333334,0.3258327,0.0,0.023470556
3831,0.9857431,False,Dendritic cells,Dendritic cells,0.2,0.2072311,0.1,0.07591596,0.06666667,0.06223697,0.6333333,0.654616
3825,0.98573995,False,Dendritic cells,Dendritic cells,0.36666667,0.39518678,0.1,0.07686195,0.06666667,0.06406683,0.46666667,0.46388444
1466,0.98573935,False,Fibroblasts,Fibroblasts,0.3448276,0.34249082,0.27586207,0.2817469,0.37931034,0.35312578,0.0,0.022636509
1089,0.9857382,False,Luminal_Macrophages,Dendritic cells,0.4,0.37548816,0.2,0.20157161,0.0,0.026951917,0.4,0.3959883
2788,0.9857338,False,Luminal_Macrophages,Luminal_Macrophages,0.73333335,0.7430129,0.0,0.018852795,0.1,0.08197516,0.16666667,0.15615912
2337,0.98572874,False,Type 2 alveolar,Type 2 alveolar,0.1724138,0.19125144,0.44827586,0.42644638,0.13793103,0.13121794,0.2413793,0.2510842
2060,0.9857256,False,Dendritic cells,Dendritic cells,0.16666667,0.17453277,0.0,0.020682711,0.36666667,0.35196328,0.46666667,0.45282125
163,0.9857115,False,Dendritic cells,Dendritic cells,0.033333335,0.041460212,0.16666667,0.15180077,0.16666667,0.15295564,0.6333333,0.6537834
1424,0.985684,False,Dendritic cells,Dendritic cells,0.0,0.028632052,0.06666667,0.06468299,0.4,0.38266042,0.53333336,0.52402455
3170,0.9856829,False,Fibroblasts,Fibroblasts,0.31034482,0.31850433,0.13793103,0.1283969,0.55172414,0.53262407,0.0,0.020474726
2419,0.98568165,False,Luminal_Macrophages,Luminal_Macrophages,0.36666667,0.3512908,0.16666667,0.15697314,0.2,0.19643264,0.26666668,0.2953034
2480,0.9856753,False,Type 2 alveolar,Type 2 alveolar,0.37931034,0.38033864,0.41379312,0.38700607,0.0,0.027621152,0.20689656,0.20503412
3172,0.9856607,False,Type 2 alveolar,Type 2 alveolar,0.33333334,0.34789887,0.4,0.3793798,0.2,0.21411315,0.06666667,0.058608163
1924,0.98565984,False,Type 2 alveolar,Type 2 alveolar,0.10344828,0.1150596,0.44827586,0.41959563,0.2413793,0.25319287,0.20689656,0.21215197
4368,0.98565894,False,Dendritic cells,Dendritic cells,0.1,0.09459538,0.033333335,0.021273399,0.06666667,0.05544906,0.8,0.8286822
3439,0.98565876,False,Fibroblasts,Fibroblasts,0.41379312,0.39485973,0.13793103,0.13454145,0.44827586,0.44191635,0.0,0.028682489
977,0.9856567,False,Luminal_Macrophages,Type 2 alveolar,0.37931034,0.35062367,0.3448276,0.35094562,0.20689656,0.21123001,0.06896552,0.08720068
2863,0.98565656,False,Type 2 alveolar,Type 2 alveolar,0.0,0.028686916,0.43333334,0.4142165,0.2,0.19743209,0.36666667,0.3596645
1927,0.9856431,False,Luminal_Macrophages,Luminal_Macrophages,0.46666667,0.4872239,0.1,0.08087747,0.26666668,0.2748232,0.16666667,0.1570754
2100,0.98564065,False,Fibroblasts,Fibroblasts,0.26666668,0.29111817,0.26666668,0.27093387,0.36666667,0.34988818,0.1,0.0880598
2659,0.98564,False,Dendritic cells,Dendritic cells,0.0,0.02506461,0.22580644,0.22946186,0.3548387,0.34041497,0.41935483,0.40505853
2028,0.9856399,False,Type 2 alveolar,Type 2 alveolar,0.3448276,0.3320512,0.37931034,0.36674497,0.0,0.028720116,0.27586207,0.2724837
9,0.98563415,False,Fibroblasts,Fibroblasts,0.2413793,0.26233298,0.03448276,0.042260796,0.55172414,0.52384746,0.1724138,0.17155871
4432,0.98563254,False,Luminal_Macrophages,Luminal_Macrophages,0.41379312,0.38505825,0.31034482,0.31630653,0.2413793,0.24406864,0.03448276,0.054566577
3657,0.98563004,False,Type 2 alveolar,Type 2 alveolar,0.2,0.21304111,0.43333334,0.4045934,0.2,0.21005325,0.16666667,0.17231227
995,0.9856266,False,Fibroblasts,Fibroblasts,0.23333333,0.2545305,0.033333335,0.04088305,0.6,0.5891477,0.13333334,0.11543877
450,0.9856259,False,Luminal_Macrophages,Luminal_Macrophages,0.33333334,0.3229545,0.26666668,0.25640234,0.13333334,0.12522839,0.26666668,0.29541478
3699,0.9856186,False,Dendritic cells,Dendritic cells,0.0,0.028762711,0.33333334,0.31567335,0.13333334,0.122365944,0.53333336,0.53319794
2297,0.9856004,False,Fibroblasts,Fibroblasts,0.12903225,0.113684736,0.29032257,0.30172956,0.4516129,0.43816122,0.12903225,0.14642449
3231,0.985598,False,Luminal_Macrophages,Luminal_Macrophages,0.4,0.3711961,0.0,0.027173517,0.3,0.30134535,0.3,0.30028507
1653,0.9855961,False,Dendritic cells,Dendritic cells,0.13333334,0.15876016,0.26666668,0.27004763,0.2,0.19624344,0.4,0.37494874
442,0.98558843,False,Luminal_Macrophages,Luminal_Macrophages,0.5,0.47117692,0.2,0.21920003,0.23333333,0.23570853,0.06666667,0.07391453
2440,0.9855871,False,Luminal_Macrophages,Luminal_Macrophages,0.36666667,0.3390525,0.3,0.3179046,0.1,0.09878833,0.23333333,0.24425453
3376,0.9855756,False,Fibroblasts,Fibroblasts,0.3,0.3263894,0.13333334,0.13579272,0.5,0.4878278,0.06666667,0.049990043
4206,0.98557043,False,Fibroblasts,Fibroblasts,0.36666667,0.3624469,0.2,0.20426947,0.43333334,0.40869397,0.0,0.024589691
1577,0.98556745,False,Type 2 alveolar,Type 2 alveolar,0.3,0.29082188,0.4,0.38405228,0.0,0.028865112,0.3,0.29626074
2349,0.9855672,False,Dendritic cells,Dendritic cells,0.2,0.21982679,0.33333334,0.32937723,0.033333335,0.04237215,0.43333334,0.40842387
3370,0.98556536,False,Type 2 alveolar,Type 2 alveolar,0.033333335,0.050948434,0.4,0.37113076,0.3,0.3004156,0.26666668,0.2775052
3276,0.9855601,False,Luminal_Macrophages,Luminal_Macrophages,0.6,0.6288798,0.1,0.09361532,0.2,0.19133523,0.1,0.08616965
165,0.98555106,False,Type 2 alveolar,Type 2 alveolar,0.0,0.02553664,0.53333336,0.5051634,0.16666667,0.16593881,0.3,0.30336118
972,0.98553205,False,Dendritic cells,Dendritic cells,0.27586207,0.2842157,0.0,0.02058233,0.20689656,0.20536226,0.51724136,0.4898397
4110,0.9855314,False,Type 2 alveolar,Type 2 alveolar,0.3,0.29494277,0.56666666,0.54893,0.13333334,0.12719005,0.0,0.028937185
4309,0.9855272,False,Type 2 alveolar,Type 2 alveolar,0.2,0.21862215,0.53333336,0.5105813,0.16666667,0.17699009,0.1,0.09380644
2144,0.98552173,False,Type 2 alveolar,Type 2 alveolar,0.2413793,0.2590078,0.37931034,0.367697,0.03448276,0.0458108,0.3448276,0.3274844
252,0.9855098,False,Type 2 alveolar,Type 2 alveolar,0.0,0.023733173,0.58064514,0.5543705,0.22580644,0.22310078,0.19354838,0.19879556
3999,0.9855049,False,Dendritic cells,Dendritic cells,0.16129032,0.18896656,0.22580644,0.2120339,0.22580644,0.22712038,0.38709676,0.3718792
2435,0.9854977,False,Type 2 alveolar,Type 2 alveolar,0.13333334,0.14316626,0.43333334,0.40432873,0.2,0.20640257,0.23333333,0.2461025
3846,0.985496,False,Fibroblasts,Fibroblasts,0.3448276,0.328825,0.27586207,0.28314587,0.37931034,0.3663049,0.0,0.02172419
1572,0.9854753,False,Dendritic cells,Dendritic cells,0.16666667,0.1919653,0.13333334,0.11493369,0.33333334,0.33708405,0.36666667,0.35601696
1276,0.9854559,False,Fibroblasts,Fibroblasts,0.3448276,0.37391582,0.13793103,0.117548436,0.37931034,0.37412784,0.13793103,0.13440792
4696,0.98544186,False,Type 2 alveolar,Type 2 alveolar,0.2,0.2146694,0.56666666,0.53755045,0.033333335,0.040877387,0.2,0.20690277
1279,0.985432,False,Luminal_Macrophages,Luminal_Macrophages,0.73333335,0.75385815,0.033333335,0.041944463,0.13333334,0.11847125,0.1,0.08572611
1118,0.9854187,False,Dendritic cells,Dendritic cells,0.16666667,0.18519555,0.13333334,0.13007197,0.26666668,0.27730048,0.43333334,0.40743202
1611,0.9854172,False,Type 2 alveolar,Type 2 alveolar,0.2,0.22485359,0.4,0.3829799,0.3,0.304312,0.1,0.08785449
736,0.9854102,False,Luminal_Macrophages,Dendritic cells,0.36666667,0.3505184,0.0,0.026954751,0.26666668,0.2688915,0.36666667,0.35363537
3025,0.9853969,False,Dendritic cells,Dendritic cells,0.03448276,0.04921441,0.1724138,0.1868883,0.37931034,0.37117308,0.41379312,0.39272413
1435,0.98539436,False,Luminal_Macrophages,Luminal_Macrophages,0.53333336,0.51401025,0.16666667,0.17389272,0.3,0.2901118,0.0,0.021985313
4409,0.985394,False,Type 2 alveolar,Type 2 alveolar,0.13333334,0.14310291,0.4,0.37078804,0.3,0.30561173,0.16666667,0.18049736
3201,0.9853824,False,Luminal_Macrophages,Luminal_Macrophages,0.36666667,0.34823558,0.26666668,0.28892443,0.26666668,0.2736442,0.1,0.08919577
1132,0.9853816,False,Fibroblasts,Fibroblasts,0.06666667,0.07674525,0.2,0.20568247,0.46666667,0.43742976,0.26666668,0.28014243
2220,0.9853672,False,Luminal_Macrophages,Luminal_Macrophages,0.56666666,0.5748948,0.06666667,0.060776,0.0,0.021037562,0.36666667,0.34329164
3858,0.9853637,False,Dendritic cells,Dendritic cells,0.0,0.029272497,0.31034482,0.30835766,0.27586207,0.2748888,0.41379312,0.38748097
1506,0.98536325,False,Dendritic cells,Dendritic cells,0.0,0.025663048,0.2,0.20361046,0.36666667,0.34383622,0.43333334,0.42689025
4974,0.98536116,False,Fibroblasts,Fibroblasts,0.23333333,0.25400284,0.26666668,0.27527484,0.43333334,0.41719145,0.06666667,0.053530816
1994,0.98535544,False,Type 2 alveolar,Type 2 alveolar,0.2413793,0.24822934,0.4827586,0.45346949,0.27586207,0.27768692,0.0,0.020614238
2790,0.98535097,False,Dendritic cells,Dendritic cells,0.0,0.029298076,0.06666667,0.058090173,0.4,0.38266683,0.53333336,0.52994496
2075,0.9853497,False,Dendritic cells,Dendritic cells,0.0,0.023441855,0.033333335,0.039192077,0.46666667,0.4410672,0.5,0.49629885
2877,0.9853495,False,Type 2 alveolar,Type 2 alveolar,0.1,0.10839095,0.4,0.370699,0.23333333,0.2343603,0.26666668,0.28654975
3372,0.98534083,False,Dendritic cells,Dendritic cells,0.0,0.029318327,0.26666668,0.26629806,0.33333334,0.31896755,0.4,0.38541606
351,0.98532313,False,Luminal_Macrophages,Luminal_Macrophages,0.4516129,0.4345364,0.22580644,0.23222643,0.32258064,0.31030345,0.0,0.022933695
1333,0.98532087,False,Dendritic cells,Dendritic cells,0.26666668,0.2882651,0.3,0.29766783,0.033333335,0.041093126,0.4,0.37297395
35,0.98531485,False,Luminal_Macrophages,Luminal_Macrophages,0.43333334,0.40841815,0.3,0.29885918,0.26666668,0.26335233,0.0,0.029370317
4872,0.9853138,False,Type 2 alveolar,Type 2 alveolar,0.3,0.29610768,0.36666667,0.35189804,0.0,0.029372508,0.33333334,0.3226218
4217,0.98531276,False,Type 2 alveolar,Type 2 alveolar,0.0,0.029374406,0.41379312,0.40828368,0.1724138,0.16773981,0.41379312,0.3946021
897,0.9852999,False,Luminal_Macrophages,Luminal_Macrophages,0.51724136,0.49344093,0.10344828,0.113783635,0.10344828,0.097848535,0.27586207,0.29492697
1945,0.98529744,False,Luminal_Macrophages,Luminal_Macrophages,0.41379312,0.3926798,0.37931034,0.37101856,0.20689656,0.21135287,0.0,0.02494875
372,0.985296,False,Luminal_Macrophages,Luminal_Macrophages,0.53333336,0.531492,0.033333335,0.04654333,0.43333334,0.40576667,0.0,0.016197992
3206,0.98529595,False,Type 2 alveolar,Type 2 alveolar,0.13333334,0.13967067,0.43333334,0.41064668,0.13333334,0.12661189,0.3,0.3230707
1339,0.98528343,False,Dendritic cells,Dendritic cells,0.4,0.4085382,0.06666667,0.051175598,0.0,0.020894935,0.53333336,0.5193913
793,0.9852615,False,Fibroblasts,Fibroblasts,0.23333333,0.26281038,0.33333334,0.32557088,0.36666667,0.35133418,0.06666667,0.060284585
4954,0.9852592,False,Luminal_Macrophages,Luminal_Macrophages,0.36666667,0.3519451,0.26666668,0.26857013,0.36666667,0.3519066,0.0,0.027578197
824,0.98525107,False,Type 2 alveolar,Type 2 alveolar,0.27586207,0.30506724,0.51724136,0.49265987,0.06896552,0.06925815,0.13793103,0.1330147
1921,0.9852508,False,Dendritic cells,Dendritic cells,0.16666667,0.18382959,0.3,0.3038458,0.033333335,0.041823097,0.5,0.47050154
4790,0.9852508,False,Type 2 alveolar,Type 2 alveolar,0.26666668,0.27381814,0.46666667,0.43716824,0.033333335,0.039048273,0.23333333,0.24996534
105,0.98524565,False,Type 2 alveolar,Type 2 alveolar,0.033333335,0.035373103,0.5,0.4704912,0.33333334,0.34316283,0.13333334,0.1509728
490,0.98523575,False,Type 2 alveolar,Type 2 alveolar,0.032258064,0.040882446,0.48387095,0.45434254,0.32258064,0.33258986,0.16129032,0.17218521
3423,0.98523504,False,Dendritic cells,Dendritic cells,0.0,0.029529877,0.3,0.29709566,0.16666667,0.15446517,0.53333336,0.5189093
764,0.985233,False,Fibroblasts,Fibroblasts,0.2,0.1813301,0.2,0.22854105,0.46666667,0.4558026,0.13333334,0.1343263
2150,0.98522955,False,Dendritic cells,Dendritic cells,0.16666667,0.19620754,0.3,0.28905812,0.16666667,0.16059208,0.36666667,0.35414225
3394,0.9852257,False,Fibroblasts,Fibroblasts,0.23333333,0.25158796,0.16666667,0.17796066,0.46666667,0.44462433,0.13333334,0.12582701
290,0.9852209,False,Type 2 alveolar,Type 2 alveolar,0.0,0.029558223,0.33333334,0.32670045,0.33333334,0.31984395,0.33333334,0.3238974
4064,0.9852179,False,Type 2 alveolar,Fibroblasts,0.2580645,0.28510368,0.3548387,0.33959475,0.3548387,0.3405185,0.032258064,0.034783054
360,0.9852033,False,Luminal_Macrophages,Luminal_Macrophages,0.46666667,0.49529505,0.13333334,0.11340604,0.033333335,0.034298237,0.36666667,0.35700062
3278,0.9851978,False,Dendritic cells,Dendritic cells,0.13333334,0.15022878,0.2,0.2116614,0.26666668,0.26771423,0.4,0.37039557
3802,0.98519284,False,Luminal_Macrophages,Luminal_Macrophages,0.44827586,0.45198137,0.13793103,0.1155818,0.10344828,0.09618313,0.31034482,0.33625367
3982,0.98519146,False,Fibroblasts,Fibroblasts,0.2580645,0.28059775,0.12903225,0.12405336,0.41935483,0.39471665,0.19354838,0.20063226
852,0.98518926,False,Dendritic cells,Dendritic cells,0.0,0.029621458,0.23333333,0.22544016,0.2,0.18545853,0.56666666,0.55947983
615,0.98517364,False,Type 2 alveolar,Type 2 alveolar,0.1,0.11340918,0.5,0.48199505,0.26666668,0.28291023,0.13333334,0.121685505
4875,0.98516303,False,Dendritic cells,Dendritic cells,0.0,0.029673953,0.36666667,0.35693341,0.13333334,0.12741569,0.5,0.48597696
1230,0.98515797,False,Fibroblasts,Fibroblasts,0.0,0.02968406,0.33333334,0.32124522,0.53333336,0.52401924,0.13333334,0.12505144
4296,0.98515564,False,Luminal_Macrophages,Luminal_Macrophages,0.4,0.40125462,0.4,0.37031123,0.2,0.20576367,0.0,0.02267048
3101,0.9851477,False,Dendritic cells,Dendritic cells,0.0,0.02970462,0.41379312,0.40082368,0.13793103,0.13615583,0.44827586,0.43331587
2174,0.9851476,False,Fibroblasts,Fibroblasts,0.13333334,0.15368761,0.23333333,0.24268386,0.46666667,0.44043714,0.16666667,0.16319138
3625,0.9851455,False,Dendritic cells,Dendritic cells,0.10344828,0.11312264,0.10344828,0.08769606,0.27586207,0.29589668,0.51724136,0.5032847
804,0.98514086,False,Fibroblasts,Fibroblasts,0.43333334,0.42710298,0.0,0.029718293,0.5,0.48640326,0.06666667,0.056775462
1688,0.98513323,False,Luminal_Macrophages,Type 2 alveolar,0.33333334,0.31135008,0.33333334,0.32558304,0.06666667,0.0677102,0.26666668,0.29535666
1802,0.98510987,False,Fibroblasts,Fibroblasts,0.23333333,0.24170077,0.13333334,0.12397001,0.4,0.37958306,0.23333333,0.2547462
3819,0.9851048,False,Dendritic cells,Dendritic cells,0.4,0.40765676,0.0,0.022133632,0.16666667,0.15645039,0.43333334,0.41375917
2632,0.9850969,False,Fibroblasts,Fibroblasts,0.2413793,0.26259992,0.13793103,0.14651673,0.44827586,0.42585173,0.1724138,0.1650317
1194,0.9850888,False,Dendritic cells,Dendritic cells,0.06896552,0.056889102,0.03448276,0.031534173,0.1724138,0.15761648,0.7241379,0.7539602
1853,0.98507696,False,Type 2 alveolar,Type 2 alveolar,0.16666667,0.16646323,0.56666666,0.537024,0.06666667,0.06829314,0.2,0.22821961
2657,0.9850707,False,Luminal_Macrophages,Luminal_Macrophages,0.44827586,0.42884684,0.0,0.01971911,0.3448276,0.33439806,0.20689656,0.217036
3702,0.98506826,False,Fibroblasts,Fibroblasts,0.26666668,0.28492424,0.23333333,0.24493924,0.43333334,0.41173732,0.06666667,0.058399208
3861,0.98506397,False,Type 2 alveolar,Type 2 alveolar,0.26666668,0.27266806,0.43333334,0.4073308,0.3,0.29613048,0.0,0.02387059
2416,0.98505855,False,Dendritic cells,Dendritic cells,0.10344828,0.09533136,0.27586207,0.25409603,0.0,0.020486293,0.62068963,0.6300863
2218,0.9850415,False,Fibroblasts,Fibroblasts,0.2,0.21011813,0.033333335,0.038572256,0.53333336,0.50341636,0.23333333,0.24789323
512,0.9850213,False,Type 2 alveolar,Type 2 alveolar,0.2580645,0.2776398,0.48387095,0.45391357,0.032258064,0.035030466,0.22580644,0.2334162
1459,0.9850112,False,Luminal_Macrophages,Luminal_Macrophages,0.36666667,0.36854783,0.36666667,0.33668908,0.26666668,0.27620947,0.0,0.01855357
2702,0.98500615,False,Fibroblasts,Fibroblasts,0.33333334,0.3267633,0.2,0.2162713,0.43333334,0.4099157,0.033333335,0.04704982
1388,0.98500586,False,Type 2 alveolar,Type 2 alveolar,0.26666668,0.27560836,0.4,0.37001175,0.13333334,0.13402338,0.2,0.22035652
1326,0.9849985,False,Type 2 alveolar,Type 2 alveolar,0.2,0.22323102,0.5,0.47218052,0.06666667,0.06448319,0.23333333,0.24010527
4623,0.98498863,False,Fibroblasts,Fibroblasts,0.03448276,0.041992635,0.20689656,0.219843,0.51724136,0.4872187,0.2413793,0.25094578
4365,0.98497957,False,Type 2 alveolar,Type 2 alveolar,0.2580645,0.258613,0.48387095,0.4538301,0.032258064,0.047732152,0.22580644,0.23982476
4520,0.98497283,False,Type 2 alveolar,Type 2 alveolar,0.23333333,0.25672114,0.5,0.47184116,0.16666667,0.16477123,0.1,0.10666648
1762,0.9849724,False,Type 2 alveolar,Type 2 alveolar,0.3,0.32252043,0.46666667,0.4406055,0.033333335,0.040868115,0.2,0.196006
3308,0.9849539,False,Luminal_Macrophages,Luminal_Macrophages,0.5,0.5237607,0.33333334,0.3396649,0.06666667,0.063814335,0.1,0.0727601
965,0.984952,False,Type 2 alveolar,Type 2 alveolar,0.3448276,0.34786,0.41379312,0.38488016,0.0,0.027063593,0.2413793,0.2401962
4503,0.98494834,False,Dendritic cells,Dendritic cells,0.16129032,0.17943111,0.09677419,0.07496884,0.06451613,0.056218132,0.67741936,0.68938184
3806,0.9849447,False,Dendritic cells,Dendritic cells,0.0,0.029371645,0.26666668,0.24666126,0.06666667,0.056561448,0.6666667,0.66740566
2961,0.98493695,False,Luminal_Macrophages,Luminal_Macrophages,0.44827586,0.4282782,0.41379312,0.4036646,0.0,0.024758926,0.13793103,0.14329822
1098,0.9849354,False,Type 2 alveolar,Type 2 alveolar,0.33333334,0.35180753,0.46666667,0.4365374,0.16666667,0.17308165,0.033333335,0.038573388
184,0.9849256,False,Luminal_Macrophages,Luminal_Macrophages,0.53333336,0.56255776,0.06666667,0.058048666,0.3,0.30092436,0.1,0.07846921
2368,0.9849202,False,Fibroblasts,Fibroblasts,0.26666668,0.25892046,0.0,0.024468409,0.4,0.3775867,0.33333334,0.33902448
4299,0.98490524,False,Luminal_Macrophages,Luminal_Macrophages,0.3,0.28123325,0.26666668,0.25524396,0.2,0.20289992,0.23333333,0.2606229
1908,0.9848971,False,Luminal_Macrophages,Luminal_Macrophages,0.44827586,0.41807,0.03448276,0.0437746,0.27586207,0.28474787,0.2413793,0.25340757
3576,0.9848916,False,Fibroblasts,Fibroblasts,0.10344828,0.10934092,0.3448276,0.3333097,0.55172414,0.53302526,0.0,0.024324117
84,0.9848838,False,Type 2 alveolar,Type 2 alveolar,0.13333334,0.15113385,0.4,0.3716596,0.16666667,0.16477457,0.3,0.31243193
2925,0.9848685,False,Type 2 alveolar,Type 2 alveolar,0.3,0.3202325,0.43333334,0.40307045,0.06666667,0.071974605,0.2,0.2047225
4890,0.98486495,False,Fibroblasts,Fibroblasts,0.13333334,0.14014812,0.06666667,0.060204595,0.6,0.57619196,0.2,0.2234553
3844,0.9848386,False,Luminal_Macrophages,Luminal_Macrophages,0.4,0.38622135,0.4,0.38345587,0.2,0.20346543,0.0,0.026857376
1298,0.9848357,False,Luminal_Macrophages,Luminal_Macrophages,0.41935483,0.3894185,0.29032257,0.30880082,0.16129032,0.16089804,0.12903225,0.14088264
4403,0.98482966,False,Type 2 alveolar,Type 2 alveolar,0.03448276,0.042492054,0.44827586,0.4179352,0.2413793,0.25301227,0.27586207,0.28656054
4038,0.9848199,False,Dendritic cells,Dendritic cells,0.26666668,0.28786874,0.23333333,0.22288334,0.033333335,0.0424915,0.46666667,0.44675633
2156,0.9848041,False,Fibroblasts,Fibroblasts,0.1,0.06960823,0.4,0.41169608,0.43333334,0.44718894,0.06666667,0.07150675
3638,0.9848012,False,Type 2 alveolar,Fibroblasts,0.0,0.030397598,0.4,0.38296774,0.4,0.3907224,0.2,0.19591223
4263,0.9847827,False,Type 2 alveolar,Type 2 alveolar,0.3548387,0.3783663,0.5483871,0.5300773,0.032258064,0.039165128,0.06451613,0.05239129
881,0.9847801,False,Luminal_Macrophages,Luminal_Macrophages,0.4827586,0.4626813,0.20689656,0.21824941,0.31034482,0.29998225,0.0,0.019086977
3951,0.9847575,False,Fibroblasts,Fibroblasts,0.23333333,0.25554496,0.033333335,0.03820194,0.53333336,0.50284827,0.2,0.20340486
4466,0.98475295,False,Type 2 alveolar,Type 2 alveolar,0.032258064,0.038464732,0.4516129,0.42111883,0.2580645,0.2674996,0.2580645,0.27291682
3917,0.9847516,False,Fibroblasts,Fibroblasts,0.13333334,0.14248127,0.2,0.19058223,0.4,0.37892094,0.26666668,0.28801557
2338,0.984746,False,Type 2 alveolar,Type 2 alveolar,0.0,0.028341655,0.4,0.37767205,0.33333334,0.32515326,0.26666668,0.26883304
3028,0.9847406,False,Fibroblasts,Fibroblasts,0.1724138,0.1590066,0.1724138,0.17117266,0.37931034,0.36343998,0.27586207,0.3063808
4616,0.98472756,False,Fibroblasts,Fibroblasts,0.26666668,0.27370748,0.23333333,0.25683743,0.43333334,0.40924096,0.06666667,0.060214084
1167,0.9847202,False,Type 2 alveolar,Type 2 alveolar,0.0,0.02548491,0.4,0.37725198,0.3,0.29218835,0.3,0.30507478
4579,0.98471856,False,Dendritic cells,Dendritic cells,0.0,0.03056295,0.13793103,0.116684794,0.2413793,0.23761688,0.62068963,0.6151354
3815,0.98470765,False,Dendritic cells,Dendritic cells,0.2,0.2249438,0.13333334,0.115790665,0.033333335,0.038974192,0.6333333,0.62029135
4057,0.9846904,False,Type 2 alveolar,Type 2 alveolar,0.16666667,0.18979049,0.43333334,0.40271416,0.3,0.30740687,0.1,0.10008843
262,0.98468846,False,Type 2 alveolar,Type 2 alveolar,0.0,0.026769614,0.7,0.66937697,0.13333334,0.13590811,0.16666667,0.16794537
1193,0.98467743,False,Type 2 alveolar,Type 2 alveolar,0.1,0.099412784,0.46666667,0.43660867,0.16666667,0.1729111,0.26666668,0.29106736
1347,0.9846671,False,Dendritic cells,Dendritic cells,0.0,0.030665783,0.06896552,0.06457703,0.41379312,0.3949229,0.51724136,0.5098343
2274,0.98465604,False,Fibroblasts,Fibroblasts,0.3,0.31318372,0.23333333,0.24960907,0.43333334,0.40264532,0.033333335,0.03456183
2444,0.984652,False,Fibroblasts,Fibroblasts,0.2413793,0.24740475,0.20689656,0.22006674,0.51724136,0.48654535,0.03448276,0.045983173
2053,0.98463434,False,Type 2 alveolar,Type 2 alveolar,0.0,0.03073135,0.37931034,0.36022437,0.31034482,0.30419508,0.31034482,0.3048492
2225,0.9846313,False,Fibroblasts,Fibroblasts,0.0,0.030737327,0.31034482,0.3066169,0.3448276,0.33384103,0.3448276,0.3288047
133,0.9846225,False,Type 2 alveolar,Type 2 alveolar,0.26666668,0.27155823,0.46666667,0.44016084,0.0,0.025863439,0.26666668,0.2624175
4598,0.98461246,False,Luminal_Macrophages,Luminal_Macrophages,0.5,0.47268146,0.033333335,0.0339054,0.3,0.2965434,0.16666667,0.19686967
2987,0.984612,False,Fibroblasts,Fibroblasts,0.13333334,0.14290103,0.2,0.18759224,0.4,0.3816317,0.26666668,0.287875
3915,0.984604,False,Type 2 alveolar,Type 2 alveolar,0.33333334,0.3578323,0.46666667,0.43717816,0.16666667,0.17295961,0.033333335,0.032029867
4788,0.9846008,False,Luminal_Macrophages,Luminal_Macrophages,0.43333334,0.40920117,0.0,0.021805909,0.3,0.29333368,0.26666668,0.27565917
3094,0.9845927,False,Fibroblasts,Fibroblasts,0.31034482,0.33972886,0.06896552,0.07039613,0.4827586,0.46368834,0.13793103,0.12618668
774,0.9845909,False,Fibroblasts,Fibroblasts,0.0,0.026268318,0.4,0.36958972,0.56666666,0.5662588,0.033333335,0.03788321
3227,0.98459053,False,Type 2 alveolar,Type 2 alveolar,0.26666668,0.2904167,0.43333334,0.40535024,0.2,0.20706896,0.1,0.0971641
1187,0.98458976,False,Dendritic cells,Dendritic cells,0.26666668,0.29221687,0.13333334,0.11126242,0.06666667,0.057917107,0.53333336,0.5386036
3476,0.9845853,False,Type 2 alveolar,Type 2 alveolar,0.16666667,0.17645946,0.4,0.3691706,0.23333333,0.2389131,0.2,0.21545686
2353,0.98458415,False,Type 2 alveolar,Type 2 alveolar,0.16666667,0.19159582,0.43333334,0.40508136,0.2,0.20590252,0.2,0.19742028
1918,0.9845694,False,Type 2 alveolar,Type 2 alveolar,0.37931034,0.37352556,0.41379312,0.38871658,0.20689656,0.20889497,0.0,0.028862897
3196,0.9845598,False,Dendritic cells,Dendritic cells,0.0,0.030880464,0.2,0.19607814,0.36666667,0.3569765,0.43333334,0.4160649
4575,0.9845487,False,Fibroblasts,Fibroblasts,0.31034482,0.32793805,0.20689656,0.22020595,0.37931034,0.36799958,0.10344828,0.08385638
1504,0.98454404,False,Fibroblasts,Fibroblasts,0.23333333,0.24627668,0.06666667,0.052894402,0.43333334,0.41619366,0.26666668,0.28463525
1352,0.9845307,False,Fibroblasts,Fibroblasts,0.0,0.03045191,0.3448276,0.33302832,0.41379312,0.39465377,0.2413793,0.241866
870,0.98451257,False,Luminal_Macrophages,Luminal_Macrophages,0.4,0.36902514,0.0,0.025196103,0.26666668,0.2697129,0.33333334,0.33606583
289,0.9845082,False,Type 2 alveolar,Type 2 alveolar,0.1,0.107586496,0.5,0.47855642,0.4,0.39045995,0.0,0.023397127
492,0.9845055,False,Type 2 alveolar,Type 2 alveolar,0.27586207,0.30685106,0.4827586,0.45908245,0.10344828,0.10079032,0.13793103,0.13327613
752,0.9844946,False,Luminal_Macrophages,Luminal_Macrophages,0.4,0.36898926,0.2,0.22438766,0.2,0.20200124,0.2,0.20462185
4154,0.9844927,False,Type 2 alveolar,Type 2 alveolar,0.0,0.031014549,0.33333334,0.32476756,0.33333334,0.32305655,0.33333334,0.32116136
1832,0.98447794,False,Fibroblasts,Fibroblasts,0.33333334,0.3643775,0.13333334,0.12279794,0.4,0.39223278,0.13333334,0.12059179
1805,0.98447233,False,Type 2 alveolar,Type 2 alveolar,0.06666667,0.06882068,0.46666667,0.43561128,0.2,0.21604387,0.26666668,0.27952415
4161,0.98446006,False,Type 2 alveolar,Type 2 alveolar,0.2,0.22036634,0.4,0.37115738,0.16666667,0.16442937,0.23333333,0.24404691
3549,0.98444617,False,Type 2 alveolar,Type 2 alveolar,0.13793103,0.14587986,0.44827586,0.41716826,0.31034482,0.32902068,0.10344828,0.1079312
1980,0.984435,False,Type 2 alveolar,Type 2 alveolar,0.0,0.02293996,0.4,0.37449992,0.33333334,0.3277035,0.26666668,0.2748566
1703,0.98442984,False,Dendritic cells,Dendritic cells,0.2,0.22299024,0.13333334,0.12435233,0.26666668,0.27481675,0.4,0.37784067
2618,0.9844284,False,Fibroblasts,Fibroblasts,0.16666667,0.18618248,0.16666667,0.16899887,0.43333334,0.40219012,0.23333333,0.24262853
4931,0.9844242,False,Type 2 alveolar,Type 2 alveolar,0.16666667,0.18599588,0.43333334,0.40218163,0.23333333,0.24158642,0.16666667,0.17023599
3903,0.98441714,False,Dendritic cells,Dendritic cells,0.2,0.23116574,0.3,0.29963335,0.1,0.09392864,0.4,0.37527227
2235,0.9844109,False,Dendritic cells,Dendritic cells,0.033333335,0.049106725,0.06666667,0.044328567,0.26666668,0.2578266,0.6333333,0.64873815
4200,0.98440886,False,Fibroblasts,Fibroblasts,0.33333334,0.3215572,0.23333333,0.26451564,0.36666667,0.35718608,0.06666667,0.056741048
1765,0.9844059,False,Fibroblasts,Fibroblasts,0.16129032,0.17147553,0.032258064,0.043052122,0.5483871,0.5171989,0.2580645,0.26827344
4133,0.98440397,False,Fibroblasts,Fibroblasts,0.16666667,0.17998882,0.23333333,0.25120333,0.46666667,0.4428614,0.13333334,0.12594649
4441,0.98440313,False,Luminal_Macrophages,Luminal_Macrophages,0.41379312,0.39086294,0.27586207,0.26759845,0.0,0.025660845,0.31034482,0.31587774
4100,0.98439187,False,Type 2 alveolar,Type 2 alveolar,0.16666667,0.17998835,0.5,0.46878377,0.16666667,0.16977662,0.16666667,0.18145125
4116,0.98439175,False,Type 2 alveolar,Type 2 alveolar,0.0,0.026042968,0.43333334,0.4181849,0.43333334,0.4172652,0.13333334,0.1385069
2753,0.98438543,False,Type 2 alveolar,Type 2 alveolar,0.26666668,0.2909287,0.4,0.3730794,0.3,0.2956915,0.033333335,0.040300403
4434,0.9843791,False,Fibroblasts,Fibroblasts,0.3,0.31311828,0.26666668,0.28479022,0.33333334,0.3249622,0.1,0.0771293
4234,0.9843751,False,Type 2 alveolar,Type 2 alveolar,0.033333335,0.04430667,0.5,0.4687503,0.26666668,0.2828385,0.2,0.20410456
710,0.9843626,False,Luminal_Macrophages,Luminal_Macrophages,0.43333334,0.4148818,0.033333335,0.03543079,0.36666667,0.3538434,0.16666667,0.195844
2314,0.9843506,False,Fibroblasts,Fibroblasts,0.26666668,0.27507672,0.06666667,0.05845466,0.43333334,0.4102466,0.23333333,0.25622198
21,0.98434913,False,Luminal_Macrophages,Fibroblasts,0.26666668,0.24290082,0.23333333,0.25123858,0.26666668,0.25913078,0.23333333,0.24672984
948,0.9843351,False,Fibroblasts,Fibroblasts,0.23333333,0.23824546,0.3,0.3026383,0.46666667,0.43533692,0.0,0.023779323
756,0.9843339,False,Fibroblasts,Fibroblasts,0.16666667,0.19799888,0.1,0.09709176,0.56666666,0.5474468,0.16666667,0.15746261
33,0.9842859,False,Type 2 alveolar,Type 2 alveolar,0.2,0.2196126,0.5,0.4706703,0.23333333,0.24514891,0.06666667,0.06456819
1056,0.9842838,False,Type 2 alveolar,Type 2 alveolar,0.23333333,0.24716696,0.5,0.46856764,0.23333333,0.24170232,0.033333335,0.042563055
3496,0.9842704,False,Fibroblasts,Fibroblasts,0.1,0.10831087,0.1,0.085210755,0.53333336,0.51666343,0.26666668,0.28981495
2704,0.9842622,False,Type 2 alveolar,Type 2 alveolar,0.23333333,0.25060752,0.5,0.46852446,0.23333333,0.24106544,0.033333335,0.03980264
3649,0.98425794,False,Type 2 alveolar,Type 2 alveolar,0.13793103,0.1508352,0.55172414,0.5324317,0.20689656,0.22547653,0.10344828,0.09125649
3550,0.9842526,False,Dendritic cells,Dendritic cells,0.0,0.031494826,0.26666668,0.26510304,0.3,0.29060122,0.43333334,0.41280094
4451,0.9842468,False,Fibroblasts,Fibroblasts,0.13333334,0.13854675,0.1,0.09138617,0.5,0.47710738,0.26666668,0.29295966
57,0.98424554,False,Dendritic cells,Dendritic cells,0.23333333,0.25765508,0.16666667,0.17385386,0.16666667,0.15981601,0.43333334,0.40867501
4369,0.98423964,False,Luminal_Macrophages,Luminal_Macrophages,0.56666666,0.5513509,0.06666667,0.054907553,0.36666667,0.3622209,0.0,0.03152069
2889,0.98423195,False,Fibroblasts,Fibroblasts,0.16666667,0.19820273,0.23333333,0.22393596,0.36666667,0.34459305,0.23333333,0.23326826
3061,0.98422694,False,Luminal_Macrophages,Luminal_Macrophages,0.4,0.4079519,0.26666668,0.25933895,0.0,0.023594249,0.33333334,0.30911496
1476,0.98422295,False,Luminal_Macrophages,Luminal_Macrophages,0.73333335,0.7478501,0.1,0.089348584,0.0,0.017037254,0.16666667,0.14576401
2072,0.9842198,False,Luminal_Macrophages,Luminal_Macrophages,0.41935483,0.39984065,0.3548387,0.34279254,0.22580644,0.2283188,0.0,0.029048039
3997,0.9842101,False,Fibroblasts,Fibroblasts,0.19354838,0.20135807,0.29032257,0.30266008,0.48387095,0.45229116,0.032258064,0.043690752
7,0.9842099,False,Type 2 alveolar,Type 2 alveolar,0.0,0.031580143,0.41379312,0.40320623,0.1724138,0.16451563,0.41379312,0.40069795
4664,0.9841948,False,Type 2 alveolar,Type 2 alveolar,0.23333333,0.25584772,0.46666667,0.4464518,0.23333333,0.24242929,0.06666667,0.055271152
1641,0.9841927,False,Type 2 alveolar,Type 2 alveolar,0.16666667,0.18354473,0.46666667,0.4402561,0.26666668,0.28140312,0.1,0.094796106
4568,0.9841833,False,Type 2 alveolar,Type 2 alveolar,0.26666668,0.29830006,0.36666667,0.34615138,0.23333333,0.23274054,0.13333334,0.12280794
2674,0.98416615,False,Fibroblasts,Fibroblasts,0.23333333,0.25175503,0.1,0.10783341,0.46666667,0.43499893,0.2,0.20541263
22,0.9841596,False,Type 2 alveolar,Type 2 alveolar,0.2413793,0.24782237,0.41379312,0.39406314,0.0,0.025237722,0.3448276,0.3328767
2462,0.9841338,False,Dendritic cells,Dendritic cells,0.0,0.03173248,0.1,0.08233109,0.33333334,0.32542223,0.56666666,0.5605142
4449,0.9841197,False,Type 2 alveolar,Type 2 alveolar,0.22580644,0.22860649,0.38709676,0.35943255,0.16129032,0.15719396,0.22580644,0.25476703
1159,0.98410416,False,Luminal_Macrophages,Luminal_Macrophages,0.4516129,0.42968324,0.12903225,0.1289192,0.12903225,0.1192832,0.29032257,0.32211426
3759,0.9840965,False,Dendritic cells,Dendritic cells,0.3,0.30835825,0.0,0.023448637,0.2,0.19929324,0.5,0.46889985
746,0.9840794,False,Fibroblasts,Fibroblasts,0.0,0.029220853,0.3,0.30262026,0.4,0.37560865,0.3,0.29255024
4752,0.9840758,False,Dendritic cells,Dendritic cells,0.23333333,0.25816223,0.06666667,0.05799048,0.26666668,0.27368623,0.43333334,0.41016105
366,0.98406804,False,Type 2 alveolar,Type 2 alveolar,0.26666668,0.2932728,0.5,0.4829062,0.06666667,0.07192449,0.16666667,0.15189652
602,0.9840506,False,Dendritic cells,Dendritic cells,0.06666667,0.07037767,0.16666667,0.1530949,0.13333334,0.11500626,0.6333333,0.66152114
2384,0.9840308,False,Type 2 alveolar,Type 2 alveolar,0.16666667,0.18432653,0.46666667,0.43472824,0.3,0.30940923,0.06666667,0.071536064
2291,0.984015,False,Dendritic cells,Dendritic cells,0.0,0.031969972,0.06666667,0.060092226,0.4,0.380498,0.53333336,0.5274398
2498,0.9839981,False,Dendritic cells,Dendritic cells,0.31034482,0.34234855,0.1724138,0.16925743,0.13793103,0.13015683,0.37931034,0.35823718
3565,0.98399323,False,Dendritic cells,Dendritic cells,0.13333334,0.1576585,0.33333334,0.32219017,0.033333335,0.041021746,0.5,0.4791296
3220,0.9839893,False,Luminal_Macrophages,Luminal_Macrophages,0.51724136,0.5467166,0.03448276,0.037028927,0.3448276,0.33889368,0.10344828,0.07736084
2503,0.98398906,False,Luminal_Macrophages,Luminal_Macrophages,0.46666667,0.4419915,0.26666668,0.29809812,0.06666667,0.067257054,0.2,0.19265331
3004,0.98398215,False,Fibroblasts,Fibroblasts,0.20689656,0.22483651,0.2413793,0.25547504,0.4827586,0.46070945,0.06896552,0.058979016
4895,0.9839806,False,Fibroblasts,Fibroblasts,0.1,0.07904831,0.16666667,0.1693693,0.5,0.48891282,0.23333333,0.26266953
268,0.9839763,False,Type 2 alveolar,Type 2 alveolar,0.26666668,0.26615334,0.4,0.37765685,0.33333334,0.32414246,0.0,0.03204737
1527,0.98396665,False,Luminal_Macrophages,Luminal_Macrophages,0.4827586,0.45069182,0.37931034,0.38203686,0.0,0.027177991,0.13793103,0.14009322
4028,0.98395914,False,Type 2 alveolar,Type 2 alveolar,0.033333335,0.042753346,0.46666667,0.43458498,0.26666668,0.27442226,0.23333333,0.24823943
4540,0.98394895,False,Fibroblasts,Fibroblasts,0.16129032,0.17852136,0.19354838,0.18700199,0.41935483,0.39379916,0.22580644,0.2406775
1025,0.98394656,False,Type 2 alveolar,Type 2 alveolar,0.23333333,0.25938508,0.43333334,0.41196024,0.26666668,0.27272177,0.06666667,0.055932958
4905,0.9838874,False,Fibroblasts,Fibroblasts,0.26666668,0.27513006,0.3,0.29839972,0.43333334,0.40270838,0.0,0.023761807
4874,0.98386776,False,Luminal_Macrophages,Luminal_Macrophages,0.44827586,0.43419108,0.3448276,0.32664785,0.20689656,0.2141068,0.0,0.025054235
1905,0.98385936,False,Type 2 alveolar,Type 2 alveolar,0.19354838,0.22368868,0.516129,0.4922141,0.09677419,0.09891521,0.19354838,0.18518211
303,0.9838505,False,Fibroblasts,Fibroblasts,0.32258064,0.32546374,0.19354838,0.19948778,0.48387095,0.45157188,0.0,0.023476567
3147,0.98383796,False,Dendritic cells,Dendritic cells,0.23333333,0.2532401,0.23333333,0.2415844,0.1,0.10416629,0.43333334,0.4010092
2615,0.98379636,False,Type 2 alveolar,Type 2 alveolar,0.12903225,0.14186431,0.4516129,0.41920558,0.2580645,0.27367994,0.16129032,0.16525018
4546,0.98378307,False,Type 2 alveolar,Type 2 alveolar,0.033333335,0.04728896,0.53333336,0.5091534,0.33333334,0.35181156,0.1,0.091746114
3229,0.98377424,False,Type 2 alveolar,Type 2 alveolar,0.1,0.105477065,0.53333336,0.5029905,0.36666667,0.36455798,0.0,0.02697445
691,0.9837677,False,Type 2 alveolar,Type 2 alveolar,0.0,0.032464642,0.3448276,0.33095124,0.31034482,0.3059041,0.3448276,0.3306801
2279,0.98376226,False,Dendritic cells,Dendritic cells,0.2,0.22352922,0.3,0.29567468,0.033333335,0.042279556,0.46666667,0.43851656
3407,0.98374724,False,Dendritic cells,Dendritic cells,0.16129032,0.19379587,0.2580645,0.25332505,0.22580644,0.21972156,0.3548387,0.33315754
959,0.9837433,False,Fibroblasts,Fibroblasts,0.2413793,0.2601136,0.06896552,0.05973806,0.4827586,0.45947272,0.20689656,0.22067563
2178,0.9837409,False,Type 2 alveolar,Type 2 alveolar,0.20689656,0.21043128,0.62068963,0.58817154,0.1724138,0.17333263,0.0,0.02806457
1602,0.9837395,False,Type 2 alveolar,Type 2 alveolar,0.16129032,0.18724026,0.41935483,0.3919625,0.19354838,0.18841976,0.22580644,0.23237745
4088,0.98371845,False,Dendritic cells,Dendritic cells,0.16666667,0.1792479,0.2,0.18133852,0.0,0.019981863,0.6333333,0.61943173
2815,0.9837122,False,Dendritic cells,Dendritic cells,0.12903225,0.13483626,0.12903225,0.10665875,0.06451613,0.054314055,0.67741936,0.70419097
3280,0.9836915,False,Dendritic cells,Dendritic cells,0.13793103,0.1622653,0.06896552,0.05614767,0.31034482,0.31862748,0.4827586,0.46295953
4994,0.98367316,False,Luminal_Macrophages,Luminal_Macrophages,0.93333334,0.90067965,0.033333335,0.047586486,0.0,0.015228612,0.033333335,0.0365052
1236,0.9836721,False,Luminal_Macrophages,Luminal_Macrophages,0.3448276,0.31405672,0.2413793,0.26859963,0.2413793,0.24681483,0.1724138,0.1705288
2758,0.98364043,False,Type 2 alveolar,Type 2 alveolar,0.23333333,0.24654679,0.5,0.46885306,0.26666668,0.26509452,0.0,0.019505613
3398,0.9836321,False,Fibroblasts,Fibroblasts,0.23333333,0.25979322,0.033333335,0.039609298,0.6666667,0.65189475,0.06666667,0.048702765
1605,0.9835891,False,Type 2 alveolar,Type 2 alveolar,0.26666668,0.27380407,0.46666667,0.4338449,0.26666668,0.26893285,0.0,0.023418203
2814,0.9835829,False,Type 2 alveolar,Type 2 alveolar,0.0,0.028156562,0.56666666,0.5370927,0.36666667,0.37134427,0.06666667,0.06340648
4496,0.9835441,False,Type 2 alveolar,Type 2 alveolar,0.22580644,0.25871822,0.61290324,0.6021833,0.06451613,0.061722547,0.09677419,0.07737597
1634,0.9835405,False,Dendritic cells,Dendritic cells,0.2580645,0.2826967,0.16129032,0.16957721,0.12903225,0.12626089,0.4516129,0.4214652
2576,0.9835207,False,Type 2 alveolar,Type 2 alveolar,0.33333334,0.33266833,0.43333334,0.40103975,0.0,0.028747207,0.23333333,0.23754467
969,0.9835096,False,Type 2 alveolar,Type 2 alveolar,0.0,0.026396492,0.46666667,0.44177666,0.36666667,0.35857585,0.16666667,0.17325097
1666,0.9834936,False,Type 2 alveolar,Type 2 alveolar,0.13793103,0.14593329,0.44827586,0.41526315,0.0,0.024797613,0.41379312,0.414006
907,0.983478,False,Fibroblasts,Fibroblasts,0.1,0.114913896,0.2,0.18584897,0.7,0.68110704,0.0,0.01813017
2731,0.98346764,False,Luminal_Macrophages,Luminal_Macrophages,0.33333334,0.3405739,0.33333334,0.32539362,0.0,0.025824198,0.33333334,0.3082083
593,0.9834333,False,Fibroblasts,Fibroblasts,0.26666668,0.28513777,0.26666668,0.28132904,0.4,0.37803197,0.06666667,0.05550128
3413,0.9834289,False,Fibroblasts,Fibroblasts,0.23333333,0.23427947,0.16666667,0.16215625,0.4,0.37136817,0.2,0.23219614
555,0.9834273,False,Fibroblasts,Fibroblasts,0.0,0.028234515,0.33333334,0.33824432,0.5,0.4760609,0.16666667,0.15746032
4945,0.98340416,False,Type 2 alveolar,Type 2 alveolar,0.06666667,0.055395745,0.5,0.47807932,0.23333333,0.24434544,0.2,0.22217955
531,0.9833925,False,Luminal_Macrophages,Luminal_Macrophages,0.7096774,0.74289244,0.16129032,0.15351668,0.032258064,0.032095954,0.09677419,0.071494915
2614,0.9833717,False,Type 2 alveolar,Type 2 alveolar,0.23333333,0.25176665,0.46666667,0.43340996,0.26666668,0.27367118,0.033333335,0.041152164
4860,0.9833532,False,Luminal_Macrophages,Luminal_Macrophages,0.4,0.38222963,0.36666667,0.3511434,0.23333333,0.238714,0.0,0.027912972
4252,0.9833356,False,Type 2 alveolar,Type 2 alveolar,0.3,0.3279032,0.46666667,0.43967918,0.2,0.19365872,0.033333335,0.03875887
2432,0.9833177,False,Dendritic cells,Dendritic cells,0.0,0.0327481,0.32258064,0.3180446,0.19354838,0.19416495,0.48387095,0.45504233
4281,0.9832962,False,Dendritic cells,Dendritic cells,0.32258064,0.34171742,0.06451613,0.0646164,0.19354838,0.20771897,0.41935483,0.38594723
4460,0.9832883,False,Type 2 alveolar,Type 2 alveolar,0.19354838,0.21787761,0.58064514,0.5472218,0.16129032,0.16839519,0.06451613,0.06650544
3156,0.98327446,False,Luminal_Macrophages,Luminal_Macrophages,0.41379312,0.39656043,0.10344828,0.087229826,0.27586207,0.2830007,0.20689656,0.23320898
3663,0.9832734,False,Dendritic cells,Dendritic cells,0.3,0.330577,0.06666667,0.049100988,0.033333335,0.036209602,0.6,0.5841124
1970,0.9832732,False,Fibroblasts,Fibroblasts,0.0,0.030132487,0.2413793,0.24470036,0.5862069,0.55532944,0.1724138,0.1698377
2465,0.9832595,False,Fibroblasts,Fibroblasts,0.2,0.20793632,0.33333334,0.32859236,0.46666667,0.43792668,0.0,0.025544688
4165,0.98324525,False,Fibroblasts,Fibroblasts,0.13333334,0.1332565,0.26666668,0.27815965,0.6,0.5665673,0.0,0.022016557
274,0.9832404,False,Luminal_Macrophages,Luminal_Macrophages,0.37931034,0.35255408,0.0,0.028618135,0.3448276,0.3380647,0.27586207,0.2807631
1488,0.9832402,False,Type 2 alveolar,Type 2 alveolar,0.33333334,0.34907416,0.53333336,0.50011164,0.033333335,0.051112086,0.1,0.09970214
4382,0.9832369,False,Luminal_Macrophages,Luminal_Macrophages,0.43333334,0.40820453,0.26666668,0.2888782,0.13333334,0.12493596,0.16666667,0.17798123
4476,0.983236,False,Type 2 alveolar,Type 2 alveolar,0.0,0.02486592,0.6333333,0.59980536,0.16666667,0.1717362,0.2,0.20359255
4462,0.9832358,False,Fibroblasts,Fibroblasts,0.3,0.29683,0.16666667,0.18132026,0.53333336,0.5029749,0.0,0.018874759
2520,0.983223,False,Dendritic cells,Dendritic cells,0.032258064,0.036847286,0.19354838,0.16059013,0.032258064,0.031662352,0.7419355,0.7709002
4787,0.9832224,False,Fibroblasts,Fibroblasts,0.26666668,0.29775074,0.16666667,0.16913775,0.46666667,0.45600098,0.1,0.077110484
4284,0.98320407,False,Type 2 alveolar,Type 2 alveolar,0.10344828,0.10844646,0.51724136,0.4915189,0.0,0.028593663,0.37931034,0.37144092
2049,0.9831898,False,Type 2 alveolar,Type 2 alveolar,0.16666667,0.18258917,0.4,0.37264484,0.16666667,0.16040148,0.26666668,0.28436446
1088,0.98318833,False,Fibroblasts,Fibroblasts,0.0,0.031797286,0.3,0.3018261,0.46666667,0.43541375,0.23333333,0.23096287
866,0.98318684,False,Luminal_Macrophages,Luminal_Macrophages,0.46666667,0.454738,0.0,0.016359461,0.4,0.37830228,0.13333334,0.15060022
832,0.98316383,False,Dendritic cells,Dendritic cells,0.2,0.23200287,0.23333333,0.23500276,0.13333334,0.12684487,0.43333334,0.4061495
4999,0.9831633,False,Fibroblasts,Fibroblasts,0.033333335,0.040693764,0.0,0.026313012,0.56666666,0.5531207,0.4,0.37987256
933,0.9831629,False,Fibroblasts,Fibroblasts,0.26666668,0.2958198,0.16666667,0.17118774,0.5,0.47841018,0.06666667,0.05458223
1769,0.98312944,False,Fibroblasts,Fibroblasts,0.13333334,0.14689517,0.33333334,0.32344112,0.53333336,0.5094844,0.0,0.020179288
4424,0.98312354,False,Type 2 alveolar,Type 2 alveolar,0.31034482,0.31496218,0.37931034,0.35289556,0.31034482,0.30300668,0.0,0.029135603
3933,0.9831234,False,Dendritic cells,Dendritic cells,0.13333334,0.1670865,0.3,0.29515418,0.16666667,0.16500631,0.4,0.37275302
2971,0.98312324,False,Luminal_Macrophages,Luminal_Macrophages,0.8,0.8157634,0.13333334,0.11484602,0.0,0.017990168,0.06666667,0.051400427
1782,0.9831082,False,Dendritic cells,Dendritic cells,0.03448276,0.037316896,0.03448276,0.02768165,0.20689656,0.17991412,0.7241379,0.7550873
2169,0.98310715,False,Fibroblasts,Fibroblasts,0.2,0.19850957,0.26666668,0.27765614,0.53333336,0.5010381,0.0,0.022796193
2057,0.98310167,False,Dendritic cells,Dendritic cells,0.2,0.2213981,0.23333333,0.24125023,0.06666667,0.07114829,0.5,0.46620336
4087,0.9831002,False,Dendritic cells,Dendritic cells,0.13793103,0.13415557,0.13793103,0.11602381,0.10344828,0.09533136,0.62068963,0.65448934
2667,0.98308647,False,Luminal_Macrophages,Luminal_Macrophages,0.5,0.4661729,0.3,0.30986336,0.033333335,0.03526248,0.16666667,0.18870132
91,0.9830835,False,Dendritic cells,Dendritic cells,0.09677419,0.09399731,0.16129032,0.15132345,0.12903225,0.107943006,0.61290324,0.6467362
4894,0.98307204,False,Dendritic cells,Dendritic cells,0.23333333,0.24180174,0.0,0.025387535,0.36666667,0.35185087,0.4,0.38095987
3079,0.98306745,False,Fibroblasts,Fibroblasts,0.31034482,0.3189704,0.2413793,0.26661882,0.37931034,0.36337638,0.06896552,0.05103443
1501,0.9830493,False,Type 2 alveolar,Type 2 alveolar,0.033333335,0.040048063,0.46666667,0.43276525,0.23333333,0.24808925,0.26666668,0.27909744
935,0.9830438,False,Luminal_Macrophages,Luminal_Macrophages,0.6666667,0.7005791,0.1,0.08788058,0.1,0.0863557,0.13333334,0.12518463
3346,0.98303163,False,Fibroblasts,Fibroblasts,0.23333333,0.25841218,0.1,0.09058272,0.4,0.3754806,0.26666668,0.2755245
4845,0.98299754,False,Type 2 alveolar,Type 2 alveolar,0.0,0.025406918,0.6333333,0.6031079,0.13333334,0.12955377,0.23333333,0.24193138
2181,0.982972,False,Type 2 alveolar,Type 2 alveolar,0.22580644,0.2531154,0.5483871,0.5196273,0.032258064,0.039004993,0.19354838,0.1882523
397,0.982956,False,Fibroblasts,Fibroblasts,0.0,0.031814504,0.33333334,0.31968907,0.4,0.3795563,0.26666668,0.26894012
2043,0.9829267,False,Type 2 alveolar,Type 2 alveolar,0.2,0.21979627,0.46666667,0.43252,0.033333335,0.0454429,0.3,0.30224073
1143,0.9829164,False,Fibroblasts,Fibroblasts,0.06666667,0.07285385,0.0,0.02798003,0.53333336,0.50838834,0.4,0.39077783
992,0.9829137,False,Type 2 alveolar,Type 2 alveolar,0.23333333,0.26326922,0.5,0.47469312,0.06666667,0.070903406,0.2,0.19113421
2678,0.9828878,False,Type 2 alveolar,Type 2 alveolar,0.0,0.028554512,0.41379312,0.3914368,0.3448276,0.33295944,0.2413793,0.2470492
2658,0.9828824,False,Luminal_Macrophages,Luminal_Macrophages,0.41379312,0.3795579,0.27586207,0.29193798,0.27586207,0.28109956,0.03448276,0.0474046
196,0.98285407,False,Dendritic cells,Dendritic cells,0.26666668,0.27465206,0.0,0.026306534,0.3,0.29543355,0.43333334,0.40360793
2978,0.9828337,False,Luminal_Macrophages,Luminal_Macrophages,0.46666667,0.47767177,0.0,0.023327565,0.43333334,0.41491586,0.1,0.084084824
2082,0.98282814,False,Type 2 alveolar,Type 2 alveolar,0.37931034,0.3868264,0.4827586,0.45939985,0.0,0.026827762,0.13793103,0.12694606
3224,0.982823,False,Fibroblasts,Fibroblasts,0.31034482,0.31986898,0.31034482,0.29922143,0.37931034,0.35607976,0.0,0.024829827
1265,0.98281854,False,Fibroblasts,Fibroblasts,0.0,0.023207715,0.33333334,0.3266048,0.46666667,0.43903232,0.2,0.21115515
3264,0.98281616,False,Type 2 alveolar,Type 2 alveolar,0.3,0.3343677,0.5,0.4756521,0.13333334,0.12904711,0.06666667,0.060933072
307,0.9828143,False,Type 2 alveolar,Type 2 alveolar,0.16666667,0.19005625,0.4,0.37052265,0.13333334,0.12843926,0.3,0.3109818
1393,0.9828124,False,Type 2 alveolar,Type 2 alveolar,0.20689656,0.22085923,0.62068963,0.58920854,0.1724138,0.16951966,0.0,0.020412555
565,0.9827773,False,Luminal_Macrophages,Luminal_Macrophages,0.48387095,0.4494256,0.032258064,0.03782055,0.29032257,0.29748526,0.19354838,0.21526866
186,0.98276544,False,Fibroblasts,Fibroblasts,0.20689656,0.21441837,0.37931034,0.36314237,0.41379312,0.3954919,0.0,0.026947334
1766,0.9827112,False,Type 2 alveolar,Type 2 alveolar,0.06451613,0.072153434,0.48387095,0.4492934,0.16129032,0.16885734,0.29032257,0.30969587
3557,0.98267716,False,Type 2 alveolar,Type 2 alveolar,0.1,0.111789785,0.5,0.46535432,0.2,0.21097568,0.2,0.21188024
2525,0.98265845,False,Type 2 alveolar,Type 2 alveolar,0.1,0.11039499,0.4,0.3653169,0.3,0.3086958,0.2,0.21559235
2321,0.9826575,False,Type 2 alveolar,Type 2 alveolar,0.2,0.22100683,0.46666667,0.43198162,0.033333335,0.04273044,0.3,0.30428112
3767,0.9826511,False,Fibroblasts,Fibroblasts,0.26666668,0.2861318,0.1,0.088380374,0.43333334,0.4102552,0.2,0.21523266
978,0.98262614,False,Fibroblasts,Fibroblasts,0.23333333,0.25646663,0.06666667,0.06019371,0.5,0.4717252,0.2,0.21161449
2999,0.9826216,False,Type 2 alveolar,Type 2 alveolar,0.0,0.023095816,0.62068963,0.59006625,0.2413793,0.25304028,0.13793103,0.13379759
1478,0.98261964,False,Type 2 alveolar,Type 2 alveolar,0.0,0.028198656,0.5862069,0.5551578,0.27586207,0.28242418,0.13793103,0.13421945
1344,0.982616,False,Dendritic cells,Dendritic cells,0.2,0.20937327,0.3,0.2884299,0.0,0.02539473,0.5,0.4768022
1913,0.9826116,False,Fibroblasts,Fibroblasts,0.26666668,0.27733964,0.0,0.024103783,0.46666667,0.43559778,0.26666668,0.2629587
4399,0.98260605,False,Type 2 alveolar,Type 2 alveolar,0.06896552,0.06727781,0.4827586,0.4496585,0.20689656,0.21951386,0.2413793,0.26354986
1882,0.98258317,False,Type 2 alveolar,Type 2 alveolar,0.13793103,0.14532965,0.55172414,0.5168905,0.03448276,0.042915832,0.27586207,0.294864
4862,0.98258317,False,Type 2 alveolar,Type 2 alveolar,0.0,0.02762442,0.43333334,0.40546745,0.36666667,0.35969892,0.2,0.20720923
265,0.98256636,False,Dendritic cells,Dendritic cells,0.1724138,0.20728108,0.1724138,0.16123635,0.1724138,0.16419774,0.4827586,0.4672848
1391,0.9825351,False,Type 2 alveolar,Type 2 alveolar,0.16666667,0.17633931,0.76666665,0.7355913,0.06666667,0.06281229,0.0,0.025257196
4489,0.98252684,False,Fibroblasts,Fibroblasts,0.19354838,0.19883119,0.032258064,0.038080458,0.48387095,0.44892457,0.29032257,0.31416374
4113,0.98252344,False,Luminal_Macrophages,Luminal_Macrophages,0.36666667,0.34480304,0.33333334,0.3202438,0.0,0.02952518,0.3,0.3054279
401,0.9825108,False,Luminal_Macrophages,Luminal_Macrophages,0.73333335,0.7683117,0.06666667,0.06298917,0.06666667,0.05435118,0.13333334,0.11434796
4046,0.9825009,False,Type 2 alveolar,Type 2 alveolar,0.16129032,0.18232417,0.516129,0.4892678,0.22580644,0.23977073,0.09677419,0.08863731
3637,0.98249894,False,Type 2 alveolar,Type 2 alveolar,0.13333334,0.13127127,0.6333333,0.60039324,0.23333333,0.2429731,0.0,0.025362374
1820,0.98246425,False,Dendritic cells,Dendritic cells,0.26666668,0.2768178,0.23333333,0.22587395,0.0,0.024920385,0.5,0.47238782
1509,0.9824618,False,Type 2 alveolar,Type 2 alveolar,0.0,0.03056235,0.5,0.47259438,0.43333334,0.42566252,0.06666667,0.07118073
3059,0.9824495,False,Luminal_Macrophages,Luminal_Macrophages,0.6,0.6351011,0.1,0.08736482,0.16666667,0.16005053,0.13333334,0.1174836
3310,0.9824367,False,Type 2 alveolar,Type 2 alveolar,0.33333334,0.33928704,0.5,0.46502453,0.0,0.029172834,0.16666667,0.16651557
1628,0.98243284,False,Luminal_Macrophages,Fibroblasts,0.26666668,0.24392816,0.26666668,0.26014167,0.26666668,0.26079595,0.2,0.23513426
1434,0.98242676,False,Luminal_Macrophages,Luminal_Macrophages,0.37931034,0.34416384,0.27586207,0.2779215,0.03448276,0.05105289,0.31034482,0.32686174
4250,0.9823924,False,Luminal_Macrophages,Luminal_Macrophages,0.79310346,0.80883664,0.0,0.019482104,0.10344828,0.08440217,0.10344828,0.08727912
1007,0.9823902,False,Luminal_Macrophages,Type 2 alveolar,0.33333334,0.3080865,0.33333334,0.33537143,0.0,0.03318138,0.33333334,0.32336065
2921,0.98236895,False,Luminal_Macrophages,Type 2 alveolar,0.33333334,0.31790522,0.33333334,0.32627457,0.33333334,0.32055813,0.0,0.03526209
689,0.9823668,False,Type 2 alveolar,Type 2 alveolar,0.33333334,0.34319782,0.5,0.46473366,0.16666667,0.16778105,0.0,0.02428749
831,0.98236555,False,Type 2 alveolar,Type 2 alveolar,0.13333334,0.16117182,0.46666667,0.4313978,0.3,0.30685502,0.1,0.10057536
2009,0.9823458,False,Type 2 alveolar,Type 2 alveolar,0.0,0.028465673,0.44827586,0.41916636,0.31034482,0.30414605,0.2413793,0.24822196
263,0.9823418,False,Luminal_Macrophages,Luminal_Macrophages,0.6666667,0.64595497,0.0,0.018867886,0.16666667,0.15206201,0.16666667,0.18311511
1830,0.98234123,False,Luminal_Macrophages,Luminal_Macrophages,0.43333334,0.41164085,0.26666668,0.25304165,0.0,0.028554305,0.3,0.3067633
4571,0.98232955,False,Fibroblasts,Fibroblasts,0.36666667,0.3574821,0.0,0.026887054,0.46666667,0.4405103,0.16666667,0.17512053
606,0.9823257,False,Dendritic cells,Dendritic cells,0.09677419,0.089936756,0.06451613,0.04612477,0.16129032,0.15117052,0.67741936,0.712768
3851,0.9823138,False,Luminal_Macrophages,Luminal_Macrophages,0.4,0.38212463,0.36666667,0.3491696,0.033333335,0.045696814,0.2,0.22300892
3181,0.9822799,False,Type 2 alveolar,Type 2 alveolar,0.0,0.031135725,0.6,0.5645599,0.33333334,0.3367775,0.06666667,0.06752694
2864,0.9822775,False,Luminal_Macrophages,Luminal_Macrophages,0.53333336,0.5088427,0.2,0.19561364,0.06666667,0.060098723,0.2,0.23544496
2086,0.9822612,False,Fibroblasts,Fibroblasts,0.27586207,0.2848199,0.3448276,0.33298078,0.37931034,0.35567948,0.0,0.026519839
543,0.98224574,False,Luminal_Macrophages,Luminal_Macrophages,0.46666667,0.44222227,0.2,0.18893585,0.0,0.025057873,0.33333334,0.34378394
4849,0.9822414,False,Dendritic cells,Dendritic cells,0.0,0.0270911,0.46666667,0.4447771,0.033333335,0.041759454,0.5,0.48637235
620,0.9822161,False,Type 2 alveolar,Type 2 alveolar,0.2580645,0.26801336,0.48387095,0.4483032,0.032258064,0.04377059,0.22580644,0.23991287
383,0.9821855,False,Fibroblasts,Fibroblasts,0.3,0.2976218,0.033333335,0.04412056,0.6666667,0.6334159,0.0,0.024841804
3339,0.98217607,False,Fibroblasts,Fibroblasts,0.23333333,0.2619784,0.23333333,0.24033616,0.46666667,0.4457811,0.06666667,0.051904373
2097,0.9821675,False,Fibroblasts,Fibroblasts,0.2,0.2198544,0.26666668,0.28247735,0.46666667,0.4394957,0.06666667,0.058172535
3751,0.9821366,False,Type 2 alveolar,Type 2 alveolar,0.13333334,0.14454746,0.56666666,0.5309398,0.26666668,0.28353587,0.033333335,0.040976845
694,0.982114,False,Fibroblasts,Fibroblasts,0.2413793,0.25382906,0.0,0.023322202,0.6896552,0.66688347,0.06896552,0.055965297
3443,0.982102,False,Luminal_Macrophages,Luminal_Macrophages,0.5,0.47091687,0.0,0.030558413,0.4,0.3932871,0.1,0.10523759
103,0.9820919,False,Luminal_Macrophages,Luminal_Macrophages,0.37931034,0.36231005,0.31034482,0.29152897,0.0,0.023975383,0.31034482,0.3221856
1684,0.98208934,False,Fibroblasts,Fibroblasts,0.44827586,0.4350626,0.03448276,0.05082362,0.51724136,0.49463332,0.0,0.019480465
2488,0.9820395,False,Luminal_Macrophages,Luminal_Macrophages,0.43333334,0.4067401,0.13333334,0.12400555,0.26666668,0.28498894,0.16666667,0.18426542
407,0.9820047,False,Dendritic cells,Dendritic cells,0.16666667,0.15360315,0.033333335,0.028140055,0.13333334,0.115599595,0.6666667,0.7026572
2529,0.9819286,False,Dendritic cells,Dendritic cells,0.033333335,0.045833852,0.1,0.07452614,0.23333333,0.22266436,0.6333333,0.6569756
730,0.98190784,False,Luminal_Macrophages,Type 2 alveolar,0.4827586,0.46221662,0.4827586,0.46711636,0.03448276,0.042804137,0.0,0.02786292
151,0.98188686,False,Type 2 alveolar,Type 2 alveolar,0.13333334,0.16030003,0.43333334,0.40149894,0.23333333,0.24259292,0.2,0.19560812
822,0.9818817,False,Luminal_Macrophages,Luminal_Macrophages,0.46666667,0.45076197,0.16666667,0.14633471,0.16666667,0.1672236,0.2,0.2356797
1182,0.98186946,False,Fibroblasts,Fibroblasts,0.0,0.029988037,0.4,0.37916923,0.43333334,0.41790304,0.16666667,0.17293973
1495,0.9818623,False,Luminal_Macrophages,Luminal_Macrophages,0.6,0.5805234,0.16666667,0.1498679,0.0,0.021555586,0.23333333,0.24805312
3956,0.9818508,False,Type 2 alveolar,Type 2 alveolar,0.13333334,0.14116885,0.46666667,0.44356054,0.0,0.028462924,0.4,0.38680774
2381,0.98183054,False,Type 2 alveolar,Type 2 alveolar,0.06451613,0.06842564,0.4516129,0.415274,0.22580644,0.23895834,0.2580645,0.277342
449,0.9818152,False,Dendritic cells,Dendritic cells,0.29032257,0.30662572,0.0,0.020066416,0.32258064,0.31418738,0.38709676,0.35912055
1747,0.9817783,False,Type 2 alveolar,Type 2 alveolar,0.13333334,0.14712623,0.6,0.5635566,0.26666668,0.26962098,0.0,0.019696197
3527,0.98173803,False,Dendritic cells,Dendritic cells,0.032258064,0.042962763,0.4516129,0.42505163,0.0,0.025819229,0.516129,0.5061664
3313,0.981726,False,Luminal_Macrophages,Luminal_Macrophages,0.6451613,0.6817093,0.09677419,0.076189406,0.12903225,0.119360745,0.12903225,0.12274054
326,0.9817079,False,Dendritic cells,Dendritic cells,0.23333333,0.24729924,0.23333333,0.22031973,0.0,0.022618392,0.53333336,0.5097627
420,0.98167294,False,Luminal_Macrophages,Luminal_Macrophages,0.4827586,0.466195,0.20689656,0.24289137,0.2413793,0.24203861,0.06896552,0.048875045
3922,0.98163563,False,Fibroblasts,Fibroblasts,0.0,0.029678507,0.033333335,0.040383548,0.6333333,0.60620564,0.33333334,0.32373232
4850,0.9816353,False,Fibroblasts,Fibroblasts,0.0,0.029635428,0.3,0.28773928,0.5,0.4755313,0.2,0.20709397
1692,0.98163253,False,Fibroblasts,Fibroblasts,0.0,0.02734636,0.3448276,0.33030155,0.41379312,0.3915842,0.2413793,0.25076795
373,0.98162305,False,Type 2 alveolar,Type 2 alveolar,0.0,0.029180607,0.4,0.37348622,0.33333334,0.3230932,0.26666668,0.27423993
3745,0.9816136,False,Dendritic cells,Dendritic cells,0.23333333,0.24726759,0.3,0.28678966,0.0,0.0228386,0.46666667,0.44310418
2339,0.9815882,False,Dendritic cells,Dendritic cells,0.13793103,0.122678235,0.13793103,0.11636023,0.0,0.018989757,0.7241379,0.74197173
4413,0.98158306,False,Fibroblasts,Fibroblasts,0.13793103,0.15202346,0.31034482,0.30939206,0.55172414,0.51584303,0.0,0.022741519
3223,0.98158264,False,Luminal_Macrophages,Luminal_Macrophages,0.4,0.3631653,0.2,0.20921656,0.06666667,0.07942711,0.33333334,0.34819096
3404,0.98155797,False,Type 2 alveolar,Type 2 alveolar,0.0,0.026402071,0.56666666,0.5297826,0.13333334,0.13859709,0.3,0.30521825
1302,0.9815285,False,Type 2 alveolar,Type 2 alveolar,0.033333335,0.04457442,0.53333336,0.51246196,0.0,0.025701802,0.43333334,0.4172618
2047,0.9813761,False,Luminal_Macrophages,Dendritic cells,0.36666667,0.32941893,0.2,0.21738341,0.1,0.10060768,0.33333334,0.35259005
937,0.9813675,False,Luminal_Macrophages,Luminal_Macrophages,0.7,0.7372649,0.13333334,0.121099174,0.1,0.08529043,0.06666667,0.056345463
1147,0.98134345,False,Type 2 alveolar,Type 2 alveolar,0.2,0.23339757,0.5,0.4626869,0.16666667,0.16791092,0.13333334,0.1360046
4035,0.98133343,False,Fibroblasts,Fibroblasts,0.16666667,0.1817221,0.36666667,0.34856227,0.46666667,0.447438,0.0,0.022277657
4913,0.9812996,False,Type 2 alveolar,Type 2 alveolar,0.27586207,0.2927844,0.6551724,0.62718505,0.0,0.020478465,0.06896552,0.05955208
617,0.98123705,False,Fibroblasts,Fibroblasts,0.3,0.33451366,0.06666667,0.06967888,0.56666666,0.5484194,0.06666667,0.04738802
1238,0.98120743,False,Luminal_Macrophages,Luminal_Macrophages,0.5,0.511513,0.0,0.021965045,0.033333335,0.03744041,0.46666667,0.42908153
2327,0.9811816,False,Type 2 alveolar,Type 2 alveolar,0.06666667,0.08813996,0.53333336,0.49569654,0.06666667,0.07244733,0.33333334,0.3437162
339,0.98117644,False,Luminal_Macrophages,Dendritic cells,0.3,0.26659346,0.2,0.19697264,0.26666668,0.2654535,0.23333333,0.2709804
3518,0.98117334,False,Luminal_Macrophages,Luminal_Macrophages,0.46666667,0.42901328,0.3,0.3002885,0.0,0.02716195,0.23333333,0.24353625
788,0.98115987,False,Fibroblasts,Fibroblasts,0.2,0.19663249,0.16666667,0.15938696,0.4,0.37296695,0.23333333,0.2710136
4282,0.9811476,False,Type 2 alveolar,Type 2 alveolar,0.16666667,0.18364817,0.53333336,0.49562848,0.033333335,0.04389237,0.26666668,0.276831
312,0.9811095,False,Fibroblasts,Fibroblasts,0.33333334,0.3081786,0.033333335,0.04681408,0.4,0.38737375,0.23333333,0.25763357
3126,0.98109907,False,Type 2 alveolar,Type 2 alveolar,0.27586207,0.29265606,0.5862069,0.5540944,0.13793103,0.13224165,0.0,0.021007858
73,0.98108447,False,Fibroblasts,Fibroblasts,0.0,0.026574885,0.26666668,0.25508857,0.56666666,0.54041374,0.16666667,0.17792286
4746,0.98108274,False,Luminal_Macrophages,Luminal_Macrophages,0.4827586,0.44492415,0.0,0.023056159,0.1724138,0.17381741,0.3448276,0.3582023
4182,0.9810494,False,Type 2 alveolar,Type 2 alveolar,0.1,0.11353601,0.46666667,0.44084552,0.0,0.024365138,0.43333334,0.42125335
443,0.98104465,False,Fibroblasts,Fibroblasts,0.26666668,0.2830546,0.3,0.29246438,0.43333334,0.40295827,0.0,0.021522753
4248,0.98103285,False,Dendritic cells,Dendritic cells,0.2,0.23106338,0.26666668,0.2652068,0.033333335,0.04020429,0.5,0.46352547
1134,0.98102,False,Luminal_Macrophages,Luminal_Macrophages,0.44827586,0.42419273,0.10344828,0.08957137,0.13793103,0.14051278,0.31034482,0.34572312
1674,0.9810181,False,Type 2 alveolar,Type 2 alveolar,0.36666667,0.35312405,0.43333334,0.4089122,0.2,0.20984957,0.0,0.028114213
3626,0.9810082,False,Fibroblasts,Fibroblasts,0.26666668,0.3005003,0.033333335,0.037483435,0.56666666,0.54683256,0.13333334,0.11518373
3210,0.98100144,False,Type 2 alveolar,Type 2 alveolar,0.10344828,0.10780614,0.5862069,0.5482097,0.31034482,0.31795368,0.0,0.026030425
72,0.98098576,False,Type 2 alveolar,Type 2 alveolar,0.0,0.038028415,0.4,0.3733359,0.26666668,0.26256412,0.33333334,0.32607156
3546,0.9809679,False,Fibroblasts,Fibroblasts,0.36666667,0.3570006,0.0,0.023438117,0.46666667,0.43826854,0.16666667,0.18129273
3737,0.9809063,False,Fibroblasts,Fibroblasts,0.2,0.21500689,0.23333333,0.23749256,0.56666666,0.5284792,0.0,0.019021323
1403,0.98090094,False,Type 2 alveolar,Type 2 alveolar,0.13333334,0.15468153,0.43333334,0.3951352,0.23333333,0.24548635,0.2,0.2046969
1624,0.980893,False,Luminal_Macrophages,Type 2 alveolar,0.36666667,0.34500787,0.36666667,0.3501115,0.0,0.027326833,0.26666668,0.27755377
2209,0.9808849,False,Dendritic cells,Dendritic cells,0.2,0.20225002,0.13333334,0.10352836,0.06666667,0.058241457,0.6,0.6359801
4484,0.9808784,False,Luminal_Macrophages,Luminal_Macrophages,0.48387095,0.44562778,0.0,0.028852075,0.16129032,0.16335945,0.3548387,0.3621607
1217,0.98085445,False,Fibroblasts,Fibroblasts,0.16666667,0.18232335,0.0,0.022634437,0.53333336,0.5014006,0.3,0.2936416
3905,0.9808072,False,Fibroblasts,Fibroblasts,0.06666667,0.08303099,0.4,0.36567104,0.53333336,0.5292766,0.0,0.02202133
451,0.9808035,False,Fibroblasts,Fibroblasts,0.3,0.30751005,0.33333334,0.31740794,0.36666667,0.34419903,0.0,0.03088296
4078,0.9807743,False,Type 2 alveolar,Type 2 alveolar,0.13333334,0.114788786,0.5,0.4800931,0.33333334,0.3491814,0.033333335,0.055936676
4364,0.9807376,False,Fibroblasts,Fibroblasts,0.0,0.031945687,0.20689656,0.21347561,0.44827586,0.42509216,0.3448276,0.32948658
2756,0.98071647,False,Type 2 alveolar,Type 2 alveolar,0.36666667,0.3791396,0.53333336,0.5079919,0.0,0.026094116,0.1,0.08677437
4998,0.9806967,False,Dendritic cells,Dendritic cells,0.0,0.028758125,0.1724138,0.18226233,0.37931034,0.36487895,0.44827586,0.42410067
212,0.9806407,False,Type 2 alveolar,Type 2 alveolar,0.0,0.023032362,0.6,0.56128144,0.13333334,0.13480794,0.26666668,0.28087828
2320,0.9804631,False,Type 2 alveolar,Type 2 alveolar,0.0,0.030912442,0.46666667,0.43106478,0.3,0.29652807,0.23333333,0.24149467
2970,0.9804349,False,Luminal_Macrophages,Luminal_Macrophages,0.4516129,0.4124827,0.32258064,0.328608,0.19354838,0.19496664,0.032258064,0.06394263
4097,0.98041797,False,Type 2 alveolar,Type 2 alveolar,0.3,0.31130117,0.4,0.36726257,0.3,0.2935733,0.0,0.027862923
452,0.98040056,False,Luminal_Macrophages,Luminal_Macrophages,0.46666667,0.44267917,0.2,0.1943824,0.1,0.090406194,0.23333333,0.27253228
4196,0.9803665,False,Luminal_Macrophages,Luminal_Macrophages,0.6333333,0.5940664,0.13333334,0.1441883,0.033333335,0.036880687,0.2,0.22486459
2317,0.9803505,False,Fibroblasts,Fibroblasts,0.16666667,0.16766605,0.3,0.30611992,0.53333336,0.49403432,0.0,0.032179676
1889,0.9803404,False,Type 2 alveolar,Type 2 alveolar,0.16666667,0.17901637,0.6333333,0.59401417,0.0,0.023452463,0.2,0.20351703
3696,0.9803044,False,Type 2 alveolar,Type 2 alveolar,0.06666667,0.062278714,0.5,0.46499678,0.16666667,0.17799774,0.26666668,0.2947268
915,0.9802793,False,Luminal_Macrophages,Luminal_Macrophages,0.43333334,0.39636025,0.0,0.025802122,0.23333333,0.23086503,0.33333334,0.3469726
3568,0.98024106,False,Type 2 alveolar,Type 2 alveolar,0.0,0.02661702,0.5,0.46048215,0.2,0.20564613,0.3,0.30725473
1593,0.98023224,False,Fibroblasts,Fibroblasts,0.0,0.03235902,0.033333335,0.04050985,0.5,0.47619742,0.46666667,0.4509337
1023,0.98020303,False,Type 2 alveolar,Type 2 alveolar,0.0,0.03218097,0.56666666,0.5378234,0.033333335,0.040746298,0.4,0.38924932
1989,0.9801794,False,Dendritic cells,Dendritic cells,0.03448276,0.040343035,0.10344828,0.077960566,0.10344828,0.089294836,0.7586207,0.7924015
4461,0.98017883,False,Luminal_Macrophages,Luminal_Macrophages,0.4,0.38492,0.0,0.02298653,0.4,0.37543762,0.2,0.21665585
1198,0.98008996,False,Type 2 alveolar,Type 2 alveolar,0.0,0.02842839,0.46666667,0.43033758,0.3,0.296509,0.23333333,0.244725
1365,0.98005474,False,Type 2 alveolar,Type 2 alveolar,0.26666668,0.3065572,0.5,0.489461,0.1,0.0930166,0.13333334,0.1109651
1886,0.9800231,False,Type 2 alveolar,Type 2 alveolar,0.0,0.029489633,0.46666667,0.4267128,0.26666668,0.26886067,0.26666668,0.27493685
4067,0.98000985,False,Fibroblasts,Fibroblasts,0.20689656,0.22458228,0.2413793,0.26367387,0.44827586,0.4260141,0.10344828,0.08572974
4953,0.9799872,False,Fibroblasts,Fibroblasts,0.0,0.028394517,0.1724138,0.18404485,0.44827586,0.43232247,0.37931034,0.35523814
784,0.97996557,False,Luminal_Macrophages,Type 2 alveolar,0.36666667,0.32659775,0.33333334,0.3550754,0.033333335,0.04151738,0.26666668,0.2768095
3427,0.979911,False,Dendritic cells,Dendritic cells,0.2413793,0.25952822,0.2413793,0.2194253,0.0,0.022029031,0.51724136,0.4990174
4814,0.97990435,False,Type 2 alveolar,Type 2 alveolar,0.36666667,0.34448454,0.4,0.38393113,0.13333334,0.13139309,0.1,0.14019126
2307,0.9798597,False,Luminal_Macrophages,Luminal_Macrophages,0.6896552,0.6682289,0.0,0.022631994,0.0,0.017648555,0.31034482,0.2914905
3817,0.9797891,False,Type 2 alveolar,Type 2 alveolar,0.1724138,0.20464596,0.41379312,0.3921118,0.03448276,0.042672433,0.37931034,0.36056975
4464,0.9797286,False,Dendritic cells,Dendritic cells,0.31034482,0.29075858,0.0,0.019668398,0.0,0.020874407,0.6896552,0.66869855
1630,0.97972435,False,Luminal_Macrophages,Luminal_Macrophages,0.5483871,0.5314979,0.12903225,0.11268639,0.06451613,0.057199962,0.2580645,0.29861578
1271,0.979644,False,Fibroblasts,Fibroblasts,0.0,0.03218165,0.31034482,0.29780248,0.4827586,0.454589,0.20689656,0.21542688
518,0.9795326,False,Fibroblasts,Fibroblasts,0.27586207,0.2902939,0.3448276,0.32978648,0.37931034,0.3534167,0.0,0.026502905
723,0.97950315,False,Luminal_Macrophages,Luminal_Macrophages,0.46666667,0.42567298,0.0,0.02509335,0.26666668,0.26982066,0.26666668,0.27941296
45,0.9794578,False,Dendritic cells,Dendritic cells,0.033333335,0.035514556,0.06666667,0.046301637,0.13333334,0.11261393,0.76666665,0.8055699
2761,0.9794272,False,Type 2 alveolar,Type 2 alveolar,0.2,0.22349519,0.53333336,0.49218777,0.23333333,0.23987426,0.033333335,0.04444284
2665,0.9793918,False,Type 2 alveolar,Type 2 alveolar,0.20689656,0.22294265,0.4827586,0.4438641,0.0,0.025170261,0.31034482,0.308023
2237,0.9793731,False,Luminal_Macrophages,Luminal_Macrophages,0.4827586,0.45204616,0.20689656,0.22522557,0.31034482,0.29980347,0.0,0.0229249
4472,0.9793441,False,Type 2 alveolar,Type 2 alveolar,0.0,0.031034907,0.46666667,0.42828152,0.4,0.39707345,0.13333334,0.14361013
4380,0.97926134,False,Luminal_Macrophages,Luminal_Macrophages,0.5,0.4613847,0.0,0.026869727,0.3,0.297138,0.2,0.21460757
1209,0.97925603,False,Fibroblasts,Fibroblasts,0.23333333,0.26710185,0.3,0.2944711,0.43333334,0.39737436,0.033333335,0.04105269
2793,0.9791516,False,Fibroblasts,Fibroblasts,0.2413793,0.25746915,0.0,0.025606927,0.44827586,0.41463226,0.31034482,0.30229166
494,0.9791382,False,Type 2 alveolar,Type 2 alveolar,0.23333333,0.26605928,0.6,0.5669373,0.033333335,0.042331025,0.13333334,0.124672346
953,0.9791283,False,Luminal_Macrophages,Luminal_Macrophages,0.5862069,0.5522041,0.2413793,0.25746426,0.1724138,0.16467328,0.0,0.025658458
4124,0.9790864,False,Type 2 alveolar,Type 2 alveolar,0.26666668,0.28103104,0.46666667,0.4248394,0.26666668,0.2705187,0.0,0.023610873
3445,0.9790856,False,Type 2 alveolar,Type 2 alveolar,0.20689656,0.22278391,0.44827586,0.41612723,0.0,0.025941396,0.3448276,0.3351474
3807,0.97904944,False,Luminal_Macrophages,Luminal_Macrophages,0.5,0.4580989,0.2,0.22089608,0.26666668,0.2736457,0.033333335,0.047359318
639,0.9789271,False,Luminal_Macrophages,Luminal_Macrophages,0.6896552,0.6905424,0.31034482,0.26819894,0.0,0.019192593,0.0,0.02206604
1737,0.97889745,False,Fibroblasts,Fibroblasts,0.20689656,0.2254069,0.37931034,0.3606208,0.41379312,0.39027762,0.0,0.023694715
1316,0.9788973,False,Luminal_Macrophages,Luminal_Macrophages,0.46666667,0.43562612,0.33333334,0.32216847,0.2,0.21064004,0.0,0.031565342
1229,0.97882146,False,Type 2 alveolar,Type 2 alveolar,0.3,0.3199238,0.46666667,0.42720097,0.23333333,0.23044197,0.0,0.022433246
1678,0.97879785,False,Luminal_Macrophages,Luminal_Macrophages,0.43333334,0.40986553,0.1,0.0810635,0.16666667,0.16818276,0.3,0.3408882
294,0.97878164,False,Fibroblasts,Fibroblasts,0.0,0.02997499,0.36666667,0.34375966,0.4,0.38047028,0.23333333,0.2457951
132,0.97861505,False,Luminal_Macrophages,Luminal_Macrophages,0.76666665,0.8094366,0.13333334,0.11074413,0.06666667,0.05059348,0.033333335,0.029225798
1062,0.9785857,False,Dendritic cells,Dendritic cells,0.06896552,0.07033115,0.13793103,0.10814673,0.10344828,0.090404056,0.6896552,0.731118
4673,0.9785585,False,Type 2 alveolar,Type 2 alveolar,0.26666668,0.28156754,0.46666667,0.43369073,0.0,0.027982129,0.26666668,0.25675955
2845,0.9784866,False,Dendritic cells,Dendritic cells,0.2580645,0.2911349,0.09677419,0.10673058,0.22580644,0.22036953,0.41935483,0.381765
2398,0.97847736,False,Type 2 alveolar,Type 2 alveolar,0.23333333,0.24246696,0.5,0.4569547,0.26666668,0.27120268,0.0,0.0293756
534,0.9784521,False,Type 2 alveolar,Type 2 alveolar,0.2,0.21085879,0.6,0.55690414,0.0,0.024068087,0.2,0.20816901
2369,0.97808766,False,Dendritic cells,Dendritic cells,0.032258064,0.036933206,0.09677419,0.071455516,0.19354838,0.17504242,0.67741936,0.7165689
1728,0.97806066,False,Dendritic cells,Dendritic cells,0.22580644,0.18530233,0.032258064,0.031741586,0.06451613,0.061658036,0.67741936,0.72129804
2357,0.9777813,False,Type 2 alveolar,Type 2 alveolar,0.0,0.02823325,0.5,0.4702415,0.46666667,0.45198768,0.033333335,0.049537476
2483,0.9777586,False,Type 2 alveolar,Type 2 alveolar,0.26666668,0.2868598,0.6333333,0.60512054,0.0,0.024289753,0.1,0.08372993
3914,0.97751516,False,Type 2 alveolar,Type 2 alveolar,0.23333333,0.25708267,0.6666667,0.6303901,0.1,0.09130686,0.0,0.021220362
1156,0.97750854,False,Luminal_Macrophages,Luminal_Macrophages,0.7,0.74498296,0.06666667,0.056661285,0.13333334,0.11733647,0.1,0.08101936
482,0.97746307,False,Type 2 alveolar,Type 2 alveolar,0.03448276,0.054035515,0.79310346,0.74802965,0.0,0.024346083,0.1724138,0.17358881
4169,0.9773414,False,Fibroblasts,Fibroblasts,0.23333333,0.25182733,0.36666667,0.34945866,0.4,0.37189084,0.0,0.026823169
924,0.9773253,False,Dendritic cells,Dendritic cells,0.1,0.10210463,0.13333334,0.10325926,0.1,0.08472475,0.6666667,0.70991135
931,0.97731733,False,Type 2 alveolar,Type 2 alveolar,0.3,0.3220924,0.56666666,0.5238983,0.13333334,0.1307363,0.0,0.023272976
1074,0.9773036,False,Luminal_Macrophages,Luminal_Macrophages,0.4516129,0.40622017,0.22580644,0.24250975,0.032258064,0.0453408,0.29032257,0.30592927
4225,0.9770282,False,Luminal_Macrophages,Luminal_Macrophages,0.62068963,0.6163837,0.0,0.019904235,0.37931034,0.33767265,0.0,0.026039412
960,0.9769828,False,Luminal_Macrophages,Luminal_Macrophages,0.32258064,0.28639126,0.2580645,0.25024033,0.2580645,0.2560436,0.16129032,0.20732477
1146,0.97698015,False,Fibroblasts,Fibroblasts,0.4,0.4216744,0.0,0.024365272,0.46666667,0.43977824,0.13333334,0.11418214
4238,0.97671103,False,Type 2 alveolar,Type 2 alveolar,0.2413793,0.2642808,0.62068963,0.5840865,0.0,0.023676513,0.13793103,0.12795623
1745,0.97660047,False,Type 2 alveolar,Type 2 alveolar,0.033333335,0.046785127,0.6,0.55320096,0.033333335,0.042505406,0.33333334,0.35750848
728,0.97659177,False,Luminal_Macrophages,Luminal_Macrophages,0.46666667,0.41985026,0.16666667,0.18656027,0.26666668,0.275361,0.1,0.118228525
2255,0.976456,False,Luminal_Macrophages,Luminal_Macrophages,0.51724136,0.48420638,0.0,0.024612771,0.0,0.022475207,0.4827586,0.4687056
1701,0.97633624,False,Luminal_Macrophages,Luminal_Macrophages,0.43333334,0.39086616,0.3,0.2951396,0.0,0.025354778,0.26666668,0.28863946
1370,0.9761534,False,Luminal_Macrophages,Luminal_Macrophages,0.5,0.48161218,0.0,0.024750318,0.5,0.47069454,0.0,0.022942951
4334,0.97611606,False,Type 2 alveolar,Type 2 alveolar,0.16666667,0.18114458,0.8,0.7522321,0.0,0.02119969,0.033333335,0.045423657
1472,0.9760869,False,Fibroblasts,Fibroblasts,0.0,0.031430025,0.46666667,0.43221843,0.5,0.48662212,0.033333335,0.04972944
2205,0.97606856,False,Luminal_Macrophages,Fibroblasts,0.4,0.375242,0.0,0.024617158,0.4,0.37689507,0.2,0.22324578
2851,0.97590005,False,Type 2 alveolar,Type 2 alveolar,0.37931034,0.40091643,0.51724136,0.48367614,0.0,0.026593799,0.10344828,0.0888136
4330,0.9757321,False,Luminal_Macrophages,Luminal_Macrophages,0.6,0.56816715,0.0,0.026401697,0.0,0.022134157,0.4,0.383297
3623,0.97566706,False,Luminal_Macrophages,Luminal_Macrophages,0.6,0.64866585,0.2,0.18360536,0.13333334,0.12419766,0.06666667,0.043531053
430,0.9756333,False,Fibroblasts,Fibroblasts,0.2,0.22148536,0.0,0.027247926,0.43333334,0.4018009,0.36666667,0.3494658
3845,0.9755708,False,Dendritic cells,Dendritic cells,0.09677419,0.08466454,0.16129032,0.14038597,0.09677419,0.08092984,0.6451613,0.6940197
2030,0.9749925,False,Fibroblasts,Dendritic cells,0.0,0.025603993,0.0,0.024411041,0.5,0.46560377,0.5,0.4843813
3505,0.97491115,False,Luminal_Macrophages,Luminal_Macrophages,0.76666665,0.8168444,0.06666667,0.058946546,0.1,0.07467014,0.06666667,0.049538918
1967,0.974594,False,Luminal_Macrophages,Luminal_Macrophages,0.62068963,0.6020885,0.0,0.029676765,0.37931034,0.3470995,0.0,0.021135233
739,0.97455084,False,Type 2 alveolar,Type 2 alveolar,0.1724138,0.19146417,0.62068963,0.5697914,0.20689656,0.213207,0.0,0.025537455
3850,0.9742971,False,Type 2 alveolar,Type 2 alveolar,0.0,0.032142594,0.56666666,0.5152609,0.26666668,0.27746892,0.16666667,0.17512758
3467,0.9738002,False,Dendritic cells,Dendritic cells,0.06666667,0.062461186,0.16666667,0.13682461,0.1,0.08164788,0.6666667,0.7190664
3968,0.97154915,False,Type 2 alveolar,Type 2 alveolar,0.23333333,0.26416734,0.7,0.6545005,0.0,0.02606767,0.06666667,0.055264488
173,0.97017455,False,Fibroblasts,Fibroblasts,0.0,0.030506002,0.4827586,0.45260337,0.51724136,0.48774567,0.0,0.02914494
1423,0.96928525,False,Luminal_Macrophages,Luminal_Macrophages,0.79310346,0.8516967,0.03448276,0.037318945,0.06896552,0.04674999,0.10344828,0.06423435
2276,0.96710485,False,Dendritic cells,Dendritic cells,0.06896552,0.058894776,0.13793103,0.109249346,0.13793103,0.110893145,0.6551724,0.72096276
